atac_logfc	H3K27ac	H3K27me3	H3K36me3	H3K4me1	H3K4me3	H3K9me3
chr1:1011496:1013796	0.142831496218071	-0.0186025485355009	-0.104323695201882	-0.0390439796002008	-0.00499909477320773	0.0187699659140228	0.0219812200350487
chr1:107055436:107057736	-0.00183357369636225	-0.284862739768018	0.0303438918078779	0.00868438434673646	0.0297723241950602	0.262465444107958	-0.0293358826819333
chr1:11662199:11664499	0.147732660402889	0.0784449788897539	-0.0485004512488262	-0.112580729866942	0.114804185370073	0.0373633018664856	-0.103114893010996
chr1:11666695:11668995	-0.022670327342176	-0.00181135035207088	-0.0437151332611172	0.132022707967506	0.224190233657673	-0.150605293630289	0.167025263898686
chr1:12017465:12019765	-0.0793314636787751	0.0815058251105811	0.100238316904489	0.0673607794495469	-0.326342363818874	0.235827743374412	-0.0818059984983441
chr1:12017497:12019797	0.0471288555193368	0.15083609895023	0.156851037957519	-0.0316331514011718	-0.257035399224599	0.264063371115127	-0.0587396586152109
chr1:12027095:12029395	0.0382990767376592	-0.119757889539979	-0.0268239615855968	0.18164031868447	0.33303094383979	0.0282274430393955	-0.00759604104019795
chr1:1231668:1233968	0.131321152422533	0.123454219580067	0.14069976574916	0.144099043843397	0.199584240452472	0.295305132242286	0.343889758047704
chr1:1231701:1234001	0.199193751702182	0.187774847564261	0.173574249304748	0.133684316366805	0.102875055634868	0.081698447335362	0.305461040912604
chr1:1231731:1234031	0.20202451356009	0.16786227856539	0.24927503312628	0.179130499533191	-0.0432933535632453	0.0841169534390658	0.0862704944170151
chr1:1231767:1234067	0.184690743366203	0.136199338201755	0.198782928139322	0.184121848608967	0.0828277794693816	0.140305485819919	0.191527994687595
chr1:1339890:1342190	-0.0701015027107113	-0.0114126681690679	0.295219769037585	0.0770775567055194	-0.0475613044682496	-0.243254297259804	0.0166219111104735
chr1:1340065:1342365	-0.0564070959064158	0.0850471950880354	0.0685516555470284	0.0170515958425384	-0.0773158180531624	-0.0891095592645944	-0.0390891641287566
chr1:1374859:1377159	-0.0681900701500308	0.153888705457947	-0.182744026893008	0.136881416357194	-0.0671194908304096	0.258315811348152	0.107591052607223
chr1:1374869:1377169	0.0269457548000256	0.153964082056653	-0.0640082715115147	0.211350748315933	-0.0289084011719708	0.337591970431926	0.0918706815618548
chr1:1374873:1377173	-0.0202731644111757	0.111830870567322	-0.134489130023389	0.189212188143837	-0.0367858751838807	0.343608612564236	0.115528473051169
chr1:149897567:149899867	0.0177156722549557	0.0829124239002264	0.0636948002206536	0.0997708247060015	0.0901945797112701	-0.0705850191201082	0.202885120795525
chr1:149897605:149899905	0.0927063389865039	0.065676100786671	0.116178549666451	0.0562409915840109	0.146912765977232	-0.032110264823912	0.238745397605184
chr1:149917541:149919841	0.782040131946351	0.637911746606471	0.2402371620398	0.0692765132770338	0.113794588116872	0.406601010450615	0.0664986737622874
chr1:149917544:149919844	0.984174812294794	0.553265681263652	0.149084874787974	0.0434907136635107	0.105992161568289	0.466208194997275	0.0239842589347635
chr1:151045750:151048050	-0.0909068435277961	-0.169986561426265	0.0213987258717414	0.0322130520806026	0.00680223200320478	0.0865154217288295	-0.0937790993798261
chr1:1515620:1517920	-0.0617495115453015	0.0429640462184043	0.00108558596113076	0.126071402938923	0.140280795618348	-0.146287742829704	0.0286541122397714
chr1:151782888:151785188	-0.0605090661994554	0.0314208922276383	0.00509378819830846	0.00615624218742551	0.00043275538938624	-0.112478649749041	0.0395867541752094
chr1:151790130:151792430	0.152168485927564	0.178562969696392	-0.044053599387188	-0.03436408069961	-0.0177639787569027	0.291518649783357	-0.034589814895648
chr1:151790133:151792433	0.0103940538444398	0.211169986967713	-0.05230473835365	-0.0452223552534847	-0.010766966979106	0.195482449223373	-0.0761638811408991
chr1:151790179:151792479	0.038684426200907	0.18862507540868	-0.0961794015953869	0.0270888122420757	-0.0353134597640098	0.292522225799815	-0.049834617688402
chr1:151790180:151792480	0.0267632262220611	0.198856139224235	-0.0428766438245919	0.0170507992735883	-0.067371445627603	0.304697754167107	-0.105200536966899
chr1:151790183:151792483	-0.035755912289343	0.207264795970775	-0.104655866779407	0.0301123402749121	-0.0317595488889178	0.266190489109679	-0.0875148430408408
chr1:151790188:151792488	0.0255534523525061	0.115421920382098	-0.101856662304894	0.0247588911121461	0.00966482897352653	0.315578158685241	-0.0194410770036875
chr1:151790200:151792500	-0.00288137500650264	0.0644480146239252	0.00393081225088138	0.0284924852825979	-0.0513546364996098	0.311611151890778	-0.116387514861543
chr1:151790205:151792505	-0.0137598635210872	0.105648979975088	-0.101693339428983	0.0453885459579082	-0.0299934843494828	0.357274381641695	-0.0805791211607555
chr1:151790222:151792522	-0.0666428349866464	0.044556997719206	-0.0978787101244206	0.00820809431129712	0.0216720230389711	0.32907974053915	-0.0245116948131947
chr1:153773312:153775612	0.308983347751599	0.0694976166234852	-0.0536984479948634	-0.160396617755474	0.0915913210264257	0.384065477833218	-0.0923468354488671
chr1:153773318:153775618	-0.0127122917667236	0.12123359241181	-0.00403620957674564	-0.144175684702	0.0479010362116528	0.432246658776587	-0.045544449739717
chr1:153773406:153775706	0.328777265905488	0.0707041464458991	0.0348312496172244	0.0263687385892758	0.0450282192637021	0.296652286896246	-0.0492543216430024
chr1:153774595:153776895	-0.0321237549304724	0.339215959701732	-0.0667921245157374	0.0803444783568609	0.00291451123237206	0.477198406082429	0.227271450207301
chr1:153774599:153776899	0.0661530201366009	0.309704338100857	-0.0652910264586618	0.1124265083776	0.0429496848358501	0.449133221555576	0.2175652655328
chr1:153776639:153778939	0.0127111743022504	0.117827951856887	-0.103924863331859	0.0999357275588303	0.00828643295244651	0.674571510680703	0.0648816737259902
chr1:153777050:153779350	-0.242198140741019	0.303538892474271	0.175577772210281	-0.0776437143207673	-0.116572133856255	0.790650506024225	0.0106945078944652
chr1:153777200:153779500	-0.0796322435370801	0.197427468476576	0.0296246808578794	-0.0888117075301101	-0.0271423040112805	0.795309109649948	-0.10233046742497
chr1:155125875:155128175	0.278513718998987	0.0530686957441103	-0.0235510991649413	-0.038608207314679	0.0676754040807666	0.121352103547665	-0.0687821598154947
chr1:155125887:155128187	0.290781117433517	0.194240519012396	0.00256682526550209	0.0647853765139872	-0.0285425034826846	0.172321420196962	0.00403356309127515
chr1:155129203:155131503	-0.0859850399608985	0.261054747458605	-0.242414984228465	-0.0103887372817276	-0.00275556235363412	0.372474403278047	-0.0503692037791018
chr1:155254608:155256908	0.00488479649899669	0.141388556447217	0.00378465899351772	0.0676610103036094	0.0841103983260889	0.0411091324786938	0.233612755125739
chr1:155254660:155256960	0.0593457938679422	0.191342184087402	0.0955446009255699	0.158295150395266	0.0948627322905876	0.0773048948111882	0.24269897364071
chr1:155254664:155256964	0.0264165798498349	0.244751182548622	0.0418733969614512	0.235260129322493	0.0410401813502388	0.0766279525386267	0.252139157189697
chr1:155254668:155256968	0.0158303307876332	0.191920402917285	0.0119125472147895	0.128203237517973	0.0495915226265832	0.108808213145368	0.275652009215002
chr1:155255183:155257483	0.0525383435997955	0.111058875335557	0.0586021506102343	0.0638948470371346	-0.0212437013480698	0.0165932127383846	0.10044604478813
chr1:15943626:15945926	-0.0385601274462623	0.0439500691363399	-0.0114056778512802	0.00581066743250483	0.00473998893805809	0.00389210841444717	0.0839862700245729
chr1:15944093:15946393	-0.0937176529704233	0.107313350878456	-0.0744774138312631	-0.0257166979900799	0.370905560379232	-0.21919082898531	0.0346386444114844
chr1:15944103:15946403	-0.10431916091825	0.111841610456643	-0.0606133194724971	-0.00906447777950798	0.306798496327837	-0.228380380817841	0.042074206524953
chr1:15944128:15946428	-0.117383648345241	0.0334255267067912	-0.00160929819191663	0.000987148497932379	0.27882923784391	-0.196014231628222	0.0574227998900559
chr1:15945784:15948084	-0.0362641403445105	0.0894777554835636	0.0226151906323941	0.109745110118566	-0.0493998442096773	-0.0969648895671742	-0.00987646528064741
chr1:160281844:160284144	0.26620136417238	0.136477848949321	-0.0484023353747816	-0.0271831246796094	0.0470643760308763	0.677832393841873	-0.0587521631955576
chr1:160282219:160284519	0.244697116672069	0.0574160753242211	0.0654122252016802	-0.0210139815841887	-0.0336053472619887	0.388899063234317	0.0116769620352559
chr1:160283923:160286223	0.0243487473616031	0.150663350986181	0.047630202530989	0.0434896605183299	0.018554919114904	0.593289866472761	0.0605764815155517
chr1:160283931:160286231	0.0318088430867469	0.111415139946302	0.092071836975823	0.017259268240586	-0.020572861399775	0.598369149853178	0.0750518063532199
chr1:161704971:161707271	0.0566276651766776	0.118762782804284	0.0740302753440648	-0.0956386699234587	-0.0686038849769192	-0.146421939917821	0.0353165240233252
chr1:161705208:161707508	0.027642181573232	0.0600964993014659	0.134834566055946	-0.018966210064955	-0.0761901845169589	-0.113954227412531	0.163205437781322
chr1:161705238:161707538	-0.0742295546132939	0.0703897998421071	0.14176030688128	-1.76318568387113e-05	0.013687115344516	-0.0787733686924825	0.185836678636751
chr1:161705243:161707543	-0.0444075939959529	0.046263107980252	0.146130962303623	-0.00878560892115751	0.0276023990333644	-0.0643367704806265	0.194093184752842
chr1:161705264:161707564	-0.00217642460199802	0.133996953652958	0.145947950194958	0.0202884838381838	-0.00195002819465772	-0.0978869355202451	0.149728780522539
chr1:161705294:161707594	0.0084925254971338	0.0468967250951985	0.0279360886878046	0.0230507847867986	-0.0462693633855148	-0.166633234831448	0.0259848078460257
chr1:1621801:1624101	-0.0976086197235899	0.0352279028420022	0.0343985688074022	0.000764648727098375	0.137184693844793	-0.0386317866422505	0.0830795603579613
chr1:1622743:1625043	-0.097544695345559	-0.0886769339965193	0.0643376971922849	0.0279246250210084	-0.0807404550985696	0.0423312096202391	0.0473646161747438
chr1:1623086:1625386	-0.0615439581514247	-0.0466546088328214	-0.0753786450867125	0.125607390876146	-0.0240277976584451	-0.00580505675628205	0.0428684512278441
chr1:1625459:1627759	-0.0644491580761985	0.100160201301651	-0.0201040293584375	0.201012125661729	-0.0887834261444026	-0.0435099570303415	0.0941431051635327
chr1:1625521:1627821	-0.132185371368913	0.158233845674858	-0.0228316862269022	0.122649538468473	0.0436563765059597	-0.084624531657299	0.11091236269726
chr1:162788701:162791001	-0.0161905849520363	-0.0264536525041807	0.0701013212172619	0.134502196548143	0.142428262379925	0.210769790347288	-0.0468174950472099
chr1:162788720:162791020	0.0238602753724414	-0.0364970821956739	-0.0121900582126397	0.218467869271205	0.00497312528312333	0.178272082033082	-0.0468213753893353
chr1:162788722:162791022	-0.0478021045840484	-0.0456727147376739	0.00919165435031038	0.184911875399118	0.0864712719526248	0.103899529910498	-0.0708001531089385
chr1:162788732:162791032	0.050661857896451	-0.0808827446451781	-0.0223563046659057	0.239539324777969	0.0149901742701052	0.134268230875479	0.063465994796846
chr1:162788745:162791045	0.0105792872530197	-0.0568626007291272	-0.0838162704462121	0.175644538729092	0.0512629931480917	0.220046811598667	-0.109110712186533
chr1:162788788:162791088	0.105598133389633	-0.169256179201606	-0.0186311217400626	0.0318362354593757	0.0758329707234527	0.169917014564784	-0.020483990818902
chr1:162788800:162791100	0.0399547481944066	-0.171540022386789	-0.00298468312846871	0.0491925757613603	0.0341834156833019	0.178753227303707	-0.0339471106714125
chr1:165698563:165700863	0.0991230024744363	-0.0817436944225213	0.186187548420192	-0.0109151501177305	0.0341436460900981	0.273784671286204	0.248055155720075
chr1:16989703:16992003	-0.0464002862873927	0.045346678988948	-0.016277892836946	0.0449940181771476	0.0652566715874662	-0.0710869366441688	-0.0396215370819399
chr1:16995983:16998283	-0.0964520078703087	-0.0198788259129228	0.0279402510999283	0.0159490107888567	0.119583064305368	-0.0425302306832749	-0.0441807652847109
chr1:16999991:17002291	0.0110322660398869	0.0657662266846569	0.0850870735915672	0.0336133560591833	-0.019190192669321	-0.0176703966613442	0.0345973343698853
chr1:17000012:17002312	0.0079219714153338	0.0743126613795914	0.121217947245897	0.00361033087625094	-0.0585689403231922	-0.0218829851679193	0.0379156785782514
chr1:17005095:17007395	0.171352592523712	0.0520761428378538	0.00877990692095008	0.0518274181653736	-0.0223208864915124	-0.0943090088639348	0.0107932646143701
chr1:17005414:17007714	0.041180719855091	-0.0340869647323498	0.0410623790202885	0.103488860600973	0.100568048684953	-0.0127155419579812	-0.0182286286358354
chr1:17005465:17007765	0.149132007719806	0.0480905274299325	0.045838344685238	0.102600796134392	-0.0129456501134228	-0.120011326343645	0.011148779739676
chr1:17053707:17056007	-0.0852731283077759	0.0975836344370085	0.351267753443668	0.0135575757072788	0.150942705300899	0.247812081599809	0.0760875785903862
chr1:17053731:17056031	-0.0375678649057986	0.0870736615664335	0.360748251522511	-0.000181507533744356	0.136071143154498	0.304612446490613	0.0510124645131997
chr1:173822652:173824952	-0.0232852894011218	-0.0373449217090219	-0.0926816812497433	0.115988175959938	0.0788442788769073	0.33674330331114	-0.0420091037464621
chr1:173822660:173824960	-0.135093495277272	-0.0603975908303814	-0.0169766133999223	0.0328957912854323	0.0237747395856698	0.327583313265676	-0.0288385170920578
chr1:173822662:173824962	-0.113473187998209	-0.0696035087784919	-0.0324777430460106	0.0672202638532797	0.0798489979437292	0.308535618916391	-0.000637251622430595
chr1:173822672:173824972	-0.161687579960933	-0.0363949699047413	0.131778615361719	0.154867643208213	0.0998248729669402	0.257015944759438	-0.0484539630789417
chr1:173822683:173824983	-0.0829541811398482	-0.01268285338404	0.0775725740371725	0.0614152907246455	-0.0707685998549658	0.209865332399567	0.00878840466731369
chr1:173822707:173825007	-0.129800167401482	0.0132464298767197	0.131076792800481	0.155827444191841	-0.0319304867706054	0.213809298172058	-0.0115101683131567
chr1:173822711:173825011	-0.0612315113387689	-0.0077668845025413	-0.0049704246384014	0.120131606576838	-0.042193823162693	0.280176434351596	0.0271827293717138
chr1:173822842:173825142	-0.0378996930389112	-0.01459714381686	0.15375423818566	0.0469854373123227	-0.0817610674087804	0.289191330360284	0.0337658610888933
chr1:173822846:173825146	-0.0175436123357572	0.0165450276264499	0.0753143214869416	0.0572835821804966	-0.0929450662591783	0.222704934696723	0.0690694403810703
chr1:174997944:175000244	0.130728617115117	0.27369170667111	0.10944474898136	-0.00843542018645426	-0.082638508019753	0.544104929073343	0.165305771207829
chr1:174997946:175000246	0.116171855191495	0.217930223799741	0.112609483659399	0.100784901902147	-0.0908351159319429	0.576569773217271	0.221402244240507
chr1:174997954:175000254	-0.00539967372002656	0.184383034488777	0.0167142217701419	0.0668068356552179	-0.124477674469615	0.553597937302948	0.160816534299803
chr1:175004582:175006882	-0.140730043483779	0.433828170493136	0.074066045797313	0.0515657388456291	0.065159027145045	0.0120715084303074	0.0196521254282957
chr1:1754566:1756866	-0.0152834625531048	0.326513903144199	0.0785577993936824	0.06328169403006	0.0803183160505155	0.0389000027440854	0.0850266503583848
chr1:1754596:1756896	0.0870969036551967	0.318093761556572	0.113924919145301	0.252645912973711	0.261035339130376	0.0769105496138317	0.114872976334974
chr1:1756968:1759268	0.175753984932231	0.0819875032322501	-0.0287233900198468	0.0663337706544603	0.0721249107593154	-0.0793264664173754	-0.0260680069570826
chr1:18902228:18904528	-0.0929394449685238	0.303583782629576	0.0992680873988057	0.0973764924079276	0.209422836771416	0.422409445675005	0.0362596116996529
chr1:18902253:18904553	-0.0717816925480772	0.271837299486961	0.0529684173723707	0.116878784758973	0.239203839641969	0.34473189294997	0.042494933451229
chr1:18902255:18904555	-0.00594104884954306	0.222746745421293	0.164950126614134	0.143171742881648	0.189060766473956	0.395176298277791	0.037348741783403
chr1:18902424:18904724	0.0801227410213576	-0.0891823194130229	-0.070354849786355	0.133361823499113	0.0142422371097244	0.433718237616474	0.18670127286864
chr1:19310325:19312625	-0.0578518316654661	-0.0264282687959347	0.168640758764308	0.157411473267294	0.075803849560278	0.174000508357114	-0.05322565898666
chr1:19310329:19312629	0.0196097380317568	0.0185961855574921	0.181699284861226	0.0409429500230709	0.135980939923349	0.281661631487604	-0.103747111035742
chr1:19310340:19312640	0.0618441180588074	0.0268987845140963	0.178676335423405	0.0772980046209916	0.115624889900717	0.242909657431144	-0.0854531039030914
chr1:212856274:212858574	-0.0562087470163836	-0.0868143338238687	0.190098225506008	-0.0308648143161017	0.289857832016311	0.305265237651291	-0.126416885408336
chr1:212856915:212859215	0.137853592706787	0.0703115110688551	0.197179555116474	0.0272357329111636	0.199459637177993	0.310775236925142	-0.0659890395071078
chr1:212857591:212859891	0.0126022935838373	0.016472766309851	0.100120661329549	0.064344294690807	-0.013137680157804	0.0910575748114575	-0.10349331184271
chr1:212857783:212860083	0.213340293428803	0.174660653948001	-0.0240827750419136	-0.0486885033394154	-0.0541062331697565	-0.00540632035108837	-0.0638551125079366
chr1:212857825:212860125	0.156385924233146	0.168210860542253	0.113929845528762	0.0220352420176109	-0.160791539318691	0.321582712563713	0.00694644248039718
chr1:212857826:212860126	0.145091221325486	0.133742965384494	0.0944270541755065	-0.0255086182589509	-0.128541009975471	0.379701497377406	0.0225928918818922
chr1:212881408:212883708	0.149505916483957	0.213917030540567	0.030621601047196	0.13685235882242	-0.0510343960796057	-0.00528965129053646	-0.00183291659052331
chr1:21833277:21835577	0.248311150510012	0.157776833286732	-0.00859683980645284	-0.0184314903507914	-0.0510630051987791	-0.159457080231001	-0.0249533309303471
chr1:21836617:21838917	0.0395420099182381	0.0565552540498289	0.00565930278987938	0.0942954886696964	-0.0205497741235265	-0.179597237246601	0.225225862621631
chr1:21847658:21849958	0.18876193596089	-0.0267554784736363	0.000306866147985981	-0.0394844533488248	0.0974717034066402	-0.0928837477662797	0.00716602144872151
chr1:21872077:21874377	0.0440500982794944	0.194842261117741	-0.00254522952711683	0.0182016748306055	-0.0897674580417918	-0.0641065485613127	-0.0753411336100099
chr1:21878774:21881074	0.0730757179122648	0.276326923933799	0.0164071678354785	0.115606371818274	0.0315497122465403	-0.0194713692150371	0.0585639637036888
chr1:22651188:22653488	0.31020426062192	0.1699976233572	-0.100791612654938	0.227241687707208	-0.0323676601052268	-0.223393836494216	-0.0912159216848292
chr1:22651235:22653535	0.228029516546374	0.146882403340124	-0.126887006497303	-0.0311346577044134	0.0574499119007543	-0.147160994949203	-0.125772991813547
chr1:228108704:228111004	-0.0678009146286383	0.198394938632284	0.0134297283294343	0.0139348555804719	0.0122230696602548	0.212946186670425	-0.0283577418481824
chr1:228108716:228111016	-0.0597172351426895	0.218579777460449	0.0277294182605903	0.0189752087227829	0.000633839006273373	0.280728705032412	0.0833342539598512
chr1:228108725:228111025	-0.0767580347680888	0.243586400165789	-0.0337885645044928	0.0109445664953704	0.00313510066088471	0.275154861950763	0.124088495849106
chr1:228108731:228111031	-0.0836517559935751	0.280878156869933	-0.0372462771333262	0.0317632962227092	0.0142589684716289	0.291706346661703	0.114786719927577
chr1:228108736:228111036	-0.0723912952478877	0.30931129076928	-0.0198277394819096	0.0986918120666332	-0.0156470238965312	0.25813928007086	0.112103142877311
chr1:228108954:228111254	0.257421011585467	0.136787529154762	-0.0911566105331298	0.168185663084467	-0.0865949013811525	0.102982308808261	0.0470036270172502
chr1:228108978:228111278	0.260945628396684	0.237397099338272	0.0418379891676519	0.164561771199665	-0.181659809967897	0.284747219275422	0.0616358891387125
chr1:228108980:228111280	0.343992431904296	0.254000285063155	-0.00273153012708462	0.0825726102926299	-0.148391711769451	0.260893694622814	0.131852493332575
chr1:228108983:228111283	0.335165673546646	0.230882624410723	0.0450666614232473	0.0499852135644516	-0.20179927368318	0.21112318048179	0.0930569486856741
chr1:228108990:228111290	0.164763011975601	0.188861878854989	0.068922287755881	0.058285292696211	-0.0655098206811909	0.293513158196561	-0.0265227620639805
chr1:228108995:228111295	0.186861150939766	0.200933402799471	0.0877115008592789	0.0562049729126301	-0.113177042762247	0.295481433774769	0.0528379897328924
chr1:228108996:228111296	0.217050397537196	0.135789177563888	0.109050007264699	0.118023113934246	-0.0414246651339034	0.205709152578373	0.00812811772079267
chr1:228108999:228111299	0.183315759460344	0.164634831566634	0.0558879289826494	0.0617727336060262	0.0480040495143181	0.287888958346047	0.0173354434161274
chr1:228109000:228111300	0.182312764715507	0.136470934098956	0.0466420390840438	0.0614109769807884	0.0936905535490749	0.292991935647799	0.0228380097768853
chr1:228109002:228111302	0.126598400932789	0.142511159540333	0.168764838860943	0.0960200419758104	0.00638649589755011	0.232664373190346	-0.00479656767512152
chr1:228109006:228111306	0.194408928525215	0.0268667305128947	0.0861417309148069	0.0284727298614991	0.0231475882084509	0.285533561855989	-0.0214274270057756
chr1:228109012:228111312	0.21733660875693	0.049905039110276	0.119251978644954	0.0312790000929589	-0.143214566798607	0.172756256902442	0.0171844763212137
chr1:228138264:228140564	0.0681862089718765	0.119242586770655	0.181114717321931	0.158083127631157	0.0512251232604182	0.642834744365817	0.169553435881477
chr1:228138265:228140565	0.0523257858423679	0.0988614822996181	0.196499051517876	0.190482868909653	0.0528306182715056	0.62581327343707	0.200085163375296
chr1:228138278:228140578	0.0816591675121329	0.201181863317538	0.077540132909082	0.17659202710676	0.047844734348809	0.678907727615735	0.13488893487872
chr1:228138281:228140581	0.0327532269488372	0.172147862017355	0.0258709336221787	0.192416487461223	0.0633473190041015	0.595421047912077	0.221258146428471
chr1:228138288:228140588	0.0581666131349406	0.147435311595865	0.0862335698918806	0.191813653149868	0.100336695869141	0.663507111975054	0.110434828360257
chr1:228138289:228140589	0.0807255185565578	0.174548728802678	0.118851880464492	0.181259571412242	0.0432295967510207	0.654134083810589	0.111832722694746
chr1:228138297:228140597	0.0366872606177393	0.179123220386484	0.0593285779436581	0.214691832290633	0.0819900401131742	0.594702611292205	0.212900127482204
chr1:228138301:228140601	0.0753248510436241	0.135285710594316	0.108006878239083	0.19597098676984	0.0144256282033979	0.697288935999174	0.1898106354685
chr1:228138306:228140606	0.0503834577697465	0.200258488764064	0.0764966461805068	0.207153954362379	0.0722194560215444	0.513558680588287	0.11392449825849
chr1:228138316:228140616	0.0292020461856931	0.210493660666041	0.128874380224861	0.238624349772249	0.049557239555665	0.394314720784247	0.162976317385772
chr1:228138317:228140617	0.109715177712211	0.164375281585499	0.15241641222988	0.250696462977267	0.0551144433116731	0.373760279491037	0.173764928810344
chr1:228138331:228140631	0.0751796653385755	0.0792119086549867	0.130956103768615	0.227771447267686	0.109753792866874	0.343658021652303	0.156171532204383
chr1:228139122:228141422	-0.109267000839893	0.0749609439828278	0.0856842646740159	0.0376037318504703	0.0911468796116806	0.278561941469953	-0.0021400088331756
chr1:228139131:228141431	-0.0745228364914699	0.114646733320748	0.0160376679804892	0.0212253287203296	0.176300203914152	0.300235860235358	0.0654546433612715
chr1:228139195:228141495	-0.0956429578443275	0.0783070988675633	0.104448836034447	0.0653895149234519	0.132608840088706	0.282536954841652	0.122695331640567
chr1:228143509:228145809	0.114936138171541	0.192058657935224	0.196832343863382	0.166231961972235	0.194350701661465	0.01986119576236	0.282092222969811
chr1:228143514:228145814	0.137136085022324	0.169641575703238	0.17913790810903	0.198306799965744	0.173773686914584	0.0621956450290837	0.24289435076899
chr1:228143560:228145860	0.0764296836567634	0.164704221013306	0.0541231638576094	0.115371703883559	0.196662833327226	-0.0121390460017636	0.258238356978454
chr1:228144825:228147125	0.178403084205767	0.200168474323492	0.178079797198997	0.0991712957751291	0.178991691393995	0.0483549061967422	0.161219740767911
chr1:228144839:228147139	0.166678257781337	0.199926413992722	0.124423289212316	0.10519049370878	0.224626896915066	0.131509279982914	0.217851848911431
chr1:231420810:231423110	0.0801634655072991	-0.12674544959957	-0.0141627965794809	0.0193127360811445	0.118900390750336	0.382782160419057	0.0123543471185533
chr1:231420892:231423192	0.0126895078457964	-0.0661435952760723	-0.0144854992138951	0.200693421031914	0.0068022465023068	0.288252065784253	-0.0688058571617573
chr1:231420926:231423226	-0.031159677175029	-0.0654204592941008	-0.0676863928819087	-0.0316881214806432	0.0536374276663373	0.25303271919244	0.0452934968305202
chr1:231420962:231423262	-0.0474967891203351	-0.0403715736088472	-0.0831724294047624	0.0171492549322847	0.183065093048706	0.259551192754689	0.13554241414749
chr1:23369536:23371836	-0.0163436502540854	0.0770621627432444	-0.0323485887370928	-0.12266451885081	0.0422672828973862	0.605715358396665	-0.0190657666859797
chr1:23789144:23791444	0.13962200006555	-0.0400665852571966	0.131248467891824	0.012829889247596	0.0671169320104321	0.0107939643478242	0.00272116612393033
chr1:23789186:23791486	0.182532833989568	0.041263489665066	0.160695736741863	0.0423533370986199	0.0208380552736032	0.0272691882503813	0.0612544216269063
chr1:23789202:23791502	0.120653321727776	0.0239919022689557	0.138840111281219	-0.0349484664576844	-0.100427743977033	0.0807487919082368	0.0656807807666804
chr1:23789220:23791520	0.146140617018883	-0.0142091748594314	0.147345722539401	-0.00341446577251685	-0.107734511862448	0.0861200325846968	0.0526522527208695
chr1:23798813:23801113	-0.179025382516803	-0.175790892634936	0.199250385057094	-0.0969474942117102	-0.033511565089782	0.234995961796583	-0.0365290669969206
chr1:23799136:23801436	-0.01206496724885	0.0255133601352775	0.0129899204272667	-0.0442299995053418	0.284102712989549	0.100436047751046	-0.0871235316471798
chr1:23799233:23801533	0.0649880092187964	0.0893877580444634	0.103004572885797	-0.0164281965263056	0.148680348799046	0.011209696220474	0.0560289637756583
chr1:23799270:23801570	0.0735655550451702	0.0433471919302473	0.0300804075971901	-0.0853541947321323	0.0994886954932871	0.161671113294724	0.00685413012538537
chr1:23800102:23802402	0.0400728072397715	0.280149761580807	0.103879782283734	-0.258147017718305	-0.0195960900449497	0.1540218859905	-0.00037675880398918
chr1:23800452:23802752	0.0657247715876448	0.246504686021933	0.098717436692428	-0.115299346738598	-0.00549708479112892	0.0964261346875122	-0.0847263664345304
chr1:23800453:23802753	0.146082114489201	0.105175950323395	0.195621141994268	-0.0294567306743445	-0.0162225491178558	-0.0109695302749984	-0.0356722988763464
chr1:23800454:23802754	0.112391699600093	0.106500924737463	0.154343115895348	0.0112063381485974	0.00397348984423099	0.0424776584957508	-0.0546860342650223
chr1:23800461:23802761	0.0561871607618986	0.256352064993365	0.0791736108889967	-0.0966884721948056	-0.00530452616992573	0.0967461845181792	-0.0916391410847157
chr1:23800470:23802770	0.0681942301555995	0.209865966118695	0.0792932479169615	-0.0575514643660941	-0.00962173331183149	0.0603755192496402	-0.0415820735198642
chr1:23800473:23802773	0.0904886407989884	0.166966476733087	0.0624611897456126	-0.0156297838403775	0.0320933293583655	0.0504529128716679	-0.0612966386754697
chr1:23800481:23802781	0.0258830208836037	0.280794695648187	-0.0585916389965975	-0.234360177121733	-0.0696996311857365	0.0206085232332068	-0.0750402688369875
chr1:2513785:2516085	-0.0286574018783799	0.0204235447436397	0.0893466357100597	0.0154582236393633	-0.0348126235528334	-0.0843625830800167	-0.109460873304263
chr1:2515637:2517937	-0.121279339107487	0.102451412370118	-0.066412759000381	0.0250903693364844	0.0459785884910019	-0.183680082123394	-0.0245107223218067
chr1:2518995:2521295	0.0807577504322371	-0.0282804155455697	-0.0663645154758609	0.0606394334693401	-0.052011824791595	-0.0765116769085162	-0.0388122517557132
chr1:26167907:26170207	0.209744848159925	-0.285120533817449	0.0992336185666753	0.116560945681272	-0.0314328202052125	0.146060453326158	0.129409016708422
chr1:26167941:26170241	0.304146220895226	-0.251912326357278	0.0138249902822	0.119300518018157	-0.0592730108716931	0.0324729682377351	0.124608569623009
chr1:26297726:26300026	0.0765454193163101	0.0390489065412601	0.0242921351750416	-0.00937252845667537	0.0614018127094055	-0.0934990883399692	0.00111097299749155
chr1:27623762:27626062	0.334221244392389	0.199471298475836	-0.11283514011175	0.00156972712739732	0.228409172147812	-0.0351755807418798	0.0610879923423599
chr1:27625940:27628240	0.53157572943001	0.109475528294015	-0.0271514940924984	0.0441782229233575	-0.0408597912916275	-0.167056128775085	-0.0255838878102775
chr1:27671878:27674178	0.152271619339969	0.101605658908981	0.0901713370763448	-0.0326580860343638	-0.0332788561930948	-0.080504772476046	-0.0373993009883153
chr1:27671892:27674192	0.281140131903613	0.107079192622378	0.0829333446048419	0.00943597933505311	-0.0118721131568951	-0.0433489733502418	-0.0403081009234754
chr1:27671898:27674198	0.280433252017939	0.0832536284741174	0.0898974312917134	0.0115716583852746	7.3671817588718e-05	-0.0431404903429773	-0.02247721772355
chr1:27870542:27872842	0.172871053312989	0.21853593029059	-0.071747901801487	0.0750140633852671	0.0691159187625871	0.233209871924906	0.0783680739685361
chr1:27870543:27872843	0.169793646608331	0.197419749906041	-0.0749549943679701	0.0500952800618792	0.0739702769890729	0.319743976179259	0.0735396142298959
chr1:27870548:27872848	0.218158081661422	0.221139422953586	-0.0177595109614344	0.0484809990632379	0.0475665862808351	0.396015789149519	0.0296990192195263
chr1:27870555:27872855	0.166481145728736	0.209351486327872	-0.0531904282475704	0.101763923540618	0.0836163758394355	0.317071835568597	0.0886079289920671
chr1:27870557:27872857	0.182661656940259	0.202295030146952	-0.00920510590944412	0.0487979139413336	0.0582089661189612	0.397535463015349	0.0464485569538402
chr1:27870571:27872871	0.201124233701673	0.242094448611031	-0.106125047391203	0.106700978714409	0.108949666815131	0.404404310033196	0.0202945596199756
chr1:28234123:28236423	0.00513036286089394	-0.11092024431893	0.175492812825888	0.180892206837768	0.129523060535014	0.215195016918368	0.210628234127802
chr1:28234141:28236441	0.0118964129492932	0.00584074957375458	0.162617184177243	0.163052902102803	-0.00393799494351017	0.173324802245201	0.139195268651984
chr1:28234153:28236453	6.40106039677957e-05	-0.0350671099696293	0.189637978362428	0.149267607294272	-0.0288960702397074	0.170829383142932	0.0766626111591377
chr1:29202870:29205170	0.236236033716219	-0.0324403172704104	0.128233326981752	0.165556057525622	-0.140184770723336	-0.0113404797128707	0.0369224955645358
chr1:29202901:29205201	0.293215174598255	0.00751516123602203	0.109885957738267	0.0627767624311684	-0.0397362891167523	-0.0160202120521506	0.116943977914724
chr1:29215729:29218029	0.134262443736451	-0.0413568257545231	0.0226919053276502	-0.0293985058354121	0.115034620248997	-0.00526235708497578	0.0308842805163534
chr1:29230591:29232891	0.00837514174108763	0.338835425779465	0.125583264426567	0.0586480827188937	0.31142127684965	0.480991596418299	0.157204087402147
chr1:29230594:29232894	0.122097017816323	0.415193550217024	0.116883842465858	0.184835313172321	0.317885914185928	0.420971908100957	0.223653600730412
chr1:29230597:29232897	0.1017603600963	0.364703115302556	0.0826363504621598	0.158834691361752	0.375103831428688	0.462554280673268	0.225591903396903
chr1:29230601:29232901	0.104601710004358	0.42536231462073	0.112043060568881	0.0077275941655966	0.410659023809495	0.410761183871924	0.251059916824521
chr1:29230606:29232906	0.107084724247747	0.346956463640966	0.139468565648324	0.0310454160646439	0.293256540595364	0.46646593548121	0.10185050806203
chr1:29230615:29232915	0.0279813349706017	0.418214367673433	0.0590018405246764	0.0980523388317806	0.318199399701469	0.427908585496066	0.146032675992266
chr1:29230624:29232924	0.183918685893309	0.325899172735246	0.0505921238061018	0.195763901391846	0.367503941319398	0.499494895473817	0.202591079489056
chr1:29230634:29232934	0.197219560065149	0.338169634404222	0.116892384481784	0.104845338761244	0.300702741328544	0.487988262070989	0.227747094895827
chr1:29230642:29232942	0.104626949160303	0.216890031438264	0.0193702311202772	0.0654321983470212	0.330883755472231	0.367962750243809	0.160501633032463
chr1:30822216:30824516	0.145304954708645	0.328125302633877	0.0858624427880289	-0.0168514932146051	-0.135606107431842	-0.114180634845885	-0.0201462338135262
chr1:30822227:30824527	0.18402663629716	0.358840070224913	0.0517480301351156	0.00597923896202496	-0.129517549015759	-0.149807663958536	0.0417192258887554
chr1:30822265:30824565	0.2392826266306	0.286330330837724	0.0506592715817728	-0.110751703682325	-0.049377352703716	-0.145855568633981	-0.0177323398243383
chr1:30822271:30824571	0.147238451155846	0.262965700325288	0.0376114713494509	-0.0347965167775162	-0.132513239700629	-0.119603702508981	-0.00215430196954383
chr1:31372773:31375073	1.01914723072564	0.426350297624236	0.441749846123042	0.18884320183344	0.271048378948229	-0.045487135574317	0.264778446419589
chr1:31372776:31375076	0.990315592550886	0.4956025299693	0.3368200992267	0.166591158440855	0.304859393232266	-0.0119272367445457	0.25718665527802
chr1:31581512:31583812	0.10979459691616	0.0297392220155681	-0.0118307208344322	0.0413300752357894	0.000321071736418296	-0.140044654716246	0.132193871509976
chr1:31755964:31758264	0.26882630953348	0.197674669872059	0.0549273969702945	-0.0500327706596067	0.129920128195226	-0.0170942442445269	0.0384041670689984
chr1:31756501:31758801	0.249685710674482	0.186244885122273	0.0321189051979827	0.144959165079594	0.100220745945241	0.0721682779473209	0.0503737389963358
chr1:31756515:31758815	0.335881584571904	0.14353687072204	-0.0171488253623258	0.0905604292161985	0.0492733591152722	-0.00367109290256228	0.0517484599735864
chr1:36397587:36399887	0.0972384034376759	-0.156534644777808	0.169189027926859	0.258135831896226	0.147504031317347	0.459841891668906	0.458882206561264
chr1:43972943:43975243	0.13379279978766	0.275240469101451	0.218531762151852	0.137119618048776	0.159987860419355	0.526292158137903	0.0552139549584125
chr1:43972947:43975247	0.229587009049838	0.412019891489815	0.16115778078409	0.156405181276145	0.16067289261932	0.462344568466439	0.120098301625502
chr1:43972950:43975250	0.138423782241712	0.311992366598004	0.216008051683781	0.140452547918151	0.156385045005383	0.546896017057213	0.0948420325003423
chr1:43972957:43975257	0.143961309426575	0.220482796418018	0.280748040656903	0.201045658827511	0.163505006816706	0.55877295025769	0.170646467856932
chr1:43972959:43975259	0.090158441206228	0.224016386329411	0.147607190991772	0.162680351115349	0.166147389491581	0.599998185549897	0.153216514557125
chr1:43972970:43975270	0.102250124227829	0.315791184995442	0.204847573168018	0.150813876520448	0.147715996693653	0.581684729840768	0.109017294144696
chr1:43972971:43975271	0.118620405952262	0.353631185624978	0.208469774052722	0.169736856535899	0.144219385503286	0.546682522487796	0.117568270192347
chr1:43972978:43975278	0.00795932865909122	0.291408827287345	0.179999223488506	0.12508265939592	0.157280879332421	0.502917738889475	0.0736413406971153
chr1:43973836:43976136	0.120297273071551	-0.0162227544529167	0.138731538246782	0.127844982379899	0.0297205059811772	0.443249730543662	-0.0876531403551072
chr1:43974054:43976354	0.0157285875339837	0.155923351102036	-0.0236464172652128	-0.0721455413424088	-0.0975402213762253	0.214573164647637	0.0049478574811462
chr1:44674102:44676402	0.0186420917286067	0.214801936336007	0.127374923506859	-0.011363654830219	0.116310583727953	-0.154266434626681	0.0862893129520581
chr1:44674142:44676442	0.0464458094963494	0.485453684040834	0.238490711404744	0.0373470821293321	0.141284352556429	-0.0745367363491881	0.0704925203796948
chr1:44674143:44676443	0.0284522828681181	0.469545817726261	0.220075244565235	0.0594423782018005	0.137605809495792	-0.0851182878911299	0.0469425880188189
chr1:44674159:44676459	0.10602828824285	0.341002861571101	0.239744648866184	0.0342263928960078	0.103205579729238	-0.0702947409792437	0.0818568834596156
chr1:44674162:44676462	0.0562863637437357	0.440927710308964	0.228254237058524	0.093276930823299	0.0505035822764697	-0.047571804163509	0.0377061245685411
chr1:44674166:44676466	0.049455704673952	0.347723848182268	0.258404595650724	0.0274842916481658	0.0595974423785841	-0.0659996059707624	0.0799211160938978
chr1:44674177:44676477	0.102025909113371	0.500052626834486	0.182994277893166	0.0677045391820856	0.07429320254399	-0.105798310321716	0.0407994134649102
chr1:44674181:44676481	-0.0694090557406952	0.369200127558128	0.220905772191445	0.0926760399831445	0.0605089634929605	-0.110568338659981	0.0180580149235241
chr1:54623225:54625525	0.222994877041569	0.282732298696163	-0.152126526999667	-0.0607216992766258	0.0549620469525396	-0.0943436122451152	-0.0694408950297365
chr1:54623256:54625556	0.163424023349273	0.379102460914096	-0.0841827924189755	-0.0278141703378397	0.0940511623362725	-0.0947085919005062	0.0318443484230564
chr1:6623170:6625470	0.00250338678656642	0.0907472135056286	0.0444582571994337	-0.0567876628411792	0.124573772202509	0.46020341819909	0.0979817825221144
chr1:6623180:6625480	0.00412284994817393	0.107264098076055	0.0785108196658574	0.0333442121505977	0.0890338087941073	0.393031874345024	0.273196882638229
chr1:6623191:6625491	-0.016333000919818	0.144839458920925	0.0736639550393797	0.00176053123625749	0.047511046064395	0.445484696024183	0.165759621385719
chr1:6623197:6625497	0.0270565390104557	0.156297718597508	0.0571907089427509	-0.0793403811507183	0.112991955067449	0.490400005874095	0.176697957222868
chr1:6623224:6625524	-0.0120636145868226	0.24578091264172	0.077419611186515	0.00375561430279576	0.0532799038264441	0.427664984491676	-0.110616650416951
chr1:6623229:6625529	0.0185337641619201	0.255029526807283	0.0722256985868407	0.0246032398362837	-0.132668478102476	0.247305733741964	-0.0677440955043229
chr1:75722690:75724990	0.159284356899716	0.0341682264714592	0.0751376823381131	0.187479540524679	-0.236973928396375	0.43523386282935	0.138833771422706
chr1:75722705:75725005	0.203635156796091	0.0571503201719978	0.0359594862095733	0.119095811362531	-0.124291209802432	0.359715835936303	0.181317195831871
chr1:75722708:75725008	0.158605007474529	0.0607207437351308	0.0309317200767431	0.0986693350915607	-0.140505761290145	0.350673826368926	0.144099449446507
chr1:75722754:75725054	0.0530794325534255	0.0873115088612774	0.169474874102031	0.224954899280309	-0.127555052842871	0.327839268095147	0.0328351753548436
chr1:75722760:75725060	0.000957023688457808	0.0892816902345443	0.196748033478982	0.234218342886089	-0.118653061938919	0.326650809647116	0.0840757797798685
chr1:75722766:75725066	0.118982045369959	0.105984004805804	0.169961800077504	0.136145453223085	-0.0705192384615407	0.36987963905595	0.022846325724103
chr1:75722779:75725079	-0.0230147715747304	0.144768812714173	0.19473232746908	0.113943570707067	-0.102643044999635	0.460037265746444	-0.00113712986746929
chr1:89566470:89568770	-0.0384235147610741	0.0262103472430766	-0.0821201766716153	0.0680944548048198	0.231966519484901	0.0278214850197166	0.0431334305259992
chr1:93177918:93180218	-0.0325490677457379	0.0352073367454311	-0.0230456990711045	0.106147855187055	-0.124326469638292	0.597049629427399	-0.0323810044092353
chr1:93177929:93180229	-0.158945097547169	0.0995815000830361	0.0295144523215956	0.0875080986390994	-0.118002825598548	0.487540429443868	-0.0110376574219723
chr1:93180061:93182361	0.00690693474234615	-0.0493072081830266	0.287953583996876	-0.0123447195551603	-0.133780801353374	0.646256582866278	0.0178276522531074
chr1:93180113:93182413	0.032760301967611	0.0164038545080252	0.23859842115823	0.05454957439999	-0.0644038697906815	0.714300962438201	-0.135374945589575
chr1:93180216:93182516	-0.00646927532341833	0.0725974151685066	0.128647484863616	0.108149864454407	-0.138534368290544	0.656243916936518	-0.0071268869353903
chr1:9503171:9505471	0.0773487321697491	0.0820987216827385	-0.03561410599109	-0.048483302430941	-0.0239043639270059	-0.0848161359151674	-0.0014250992582459
chr1:99644112:99646412	-0.0201341378017754	0.067430917598813	-0.0235096192508998	0.0127998946756846	-0.169352108764702	0.452522853879365	-0.175681779085039
chr1:99644192:99646492	-0.0107403627933407	-0.0566506335585079	-0.0897288454769856	-0.0524166661409915	-0.00559003714792869	0.286766994453	-0.159613498568085
chr1:99644341:99646641	0.0422292521679756	0.0304716400017441	0.180999017494699	-0.0331161800653256	-0.21499658628595	0.536837304696253	-0.0416761229707892
chr10:100986970:100989270	0.22997542571358	0.243886810042558	0.222657335902199	0.11210211558839	0.427873757955401	0.20230684439433	0.133781923825391
chr10:100986986:100989286	0.225737359595192	0.292746080960717	0.226615562157945	0.142886958749712	0.467310636639433	0.208910197749742	0.0976113671819282
chr10:100987133:100989433	0.110242698850158	0.244867039342978	0.28613640292404	0.0903519612319844	0.503828058539782	0.281963791547898	0.0824999962013076
chr10:100987183:100989483	0.0687307467078107	0.34627922149788	0.275027361570418	0.122646436192519	0.5681050519867	0.237650133551059	0.285352952575056
chr10:100987194:100989494	0.100917939129983	0.321607352795221	0.28324179441671	0.227298115203602	0.653239590414731	0.285418373226434	0.243180284010188
chr10:100987197:100989497	0.162535067725963	0.352789834528987	0.342057639004643	0.0849800236282155	0.626735526958351	0.245754401011122	0.233801624501996
chr10:101843268:101845568	0.221695150354464	0.403954772369718	-0.347870709769713	0.0939384068117739	0.0607112627181019	0.484895841577678	-0.015390024837203
chr10:1048583:1050883	-0.0287031127625746	-0.0348552875740322	0.0317397554116597	0.0313046063159593	0.0430521101635555	0.207865140900634	0.0357014885914962
chr10:1048635:1050935	0.0203847270932882	-0.0116066035430509	0.0816302544683424	0.063317217136568	0.0292908638500271	0.130325518274953	0.0239429246517831
chr10:1048803:1051103	0.05284347499574	0.0083239711279132	0.0685055019831594	-0.059607867765953	0.282961341701483	0.209263547152495	-0.017418790715348
chr10:1048870:1051170	-0.00693833428177926	0.147423201162626	0.0791034127339443	-0.00952948687088209	0.202166494815482	0.309509416945143	0.0177029037117703
chr10:112374197:112376497	0.133440211052828	0.245461376922217	0.223355436210798	0.254620884661953	0.0285095290705864	-0.018036127301571	0.161473730848517
chr10:112374198:112376498	0.116818886375995	0.179842915285961	0.175625291051799	0.307367333529384	0.0781839731500891	0.0280105425361998	0.106771192983546
chr10:113677668:113679968	0.180145905703672	0.117549530775889	0.129764645319839	0.0166005229313739	0.144105301592025	0.0315560251191677	0.117973003841474
chr10:113677876:113680176	-0.0161255846400771	-0.0100028247386406	-0.0612330208898025	0.0311697143460829	-0.00031802981887697	0.0579587522637516	-0.071009626615718
chr10:113677939:113680239	0.0850070287806829	0.00921858136782694	-0.0486336923610309	0.0983888527053668	-0.0132896287135334	0.0611168515757095	0.0692397030154023
chr10:113718997:113721297	0.0565454718707687	0.109433866956687	0.115298318671746	0.0445834552217732	0.174278917948526	0.00907099165952703	-0.078644153126674
chr10:124702043:124704343	0.103074668405929	0.0104884413617546	0.139404628029993	-0.0328977727737069	0.0224683870944877	-0.179919499766063	-0.00374139234685579
chr10:124702183:124704483	0.140135967017856	0.137189753210535	0.197884793497221	-0.053334689943088	-0.202796611482474	-0.145794199424953	0.131556377875043
chr10:129465189:129467489	0.101001400356788	0.0703079016447901	0.0221533511049321	0.0268972334092899	0.0992732292123964	0.334741958486697	0.0658308746038764
chr10:129465228:129467528	-0.121596909477012	0.0189850188273205	-0.050302134109374	0.0493158549411586	0.086789993296212	0.24764282793623	-0.0746422845254313
chr10:129465240:129467540	-0.0764956854511748	0.0441584924018219	-0.0309712773211226	0.000557064865787561	0.031582472120202	0.340561364816005	0.0508972442536009
chr10:129465261:129467561	-0.0319647457412108	0.0312435570735336	-0.0540458111687257	0.0479867790439772	-0.00272838678070269	0.245457392533912	0.0110800470935329
chr10:132190759:132193059	0.169581790972678	-0.00412990981091594	-0.0485156214946295	0.055169311764226	0.0649230146810607	-0.00977289935195982	-0.00152129767061236
chr10:13299752:13302052	0.180241266461702	0.167721072805642	0.184786708302333	0.0989114282703942	0.165726403522621	0.093299292326541	0.153305044029051
chr10:13299764:13302064	0.161911137019461	0.181082537940922	0.135318549988703	0.0962210492325578	0.12313474528615	0.00348615292404771	0.184264712389781
chr10:29481355:29483655	0.255663282628848	0.0782072718097241	-0.0312826538056445	0.0566834398261864	0.0635117777398636	0.0265752250343996	-0.0268911715518265
chr10:29522227:29524527	0.409147955949301	0.0665586004352147	0.113626666460188	0.105868957271503	0.0547294348065454	-0.0520485387394206	0.0991258788620553
chr10:29522268:29524568	0.204892151284978	-0.0200490493433299	0.194266835549879	0.059848929401819	0.0352409680950658	-0.00879818206469075	0.0520160277151256
chr10:6142933:6145233	-0.0557288367461239	-0.159668977634438	-0.0681965614472454	0.000645579761182226	0.037155795583592	0.0747206797928412	0.0435867786868192
chr10:6200865:6203165	0.133127491401465	0.197086965098011	0.0169653978471849	0.168005001051364	0.0577798217841528	0.386527887174418	0.0205858109402871
chr10:6200876:6203176	0.0829832085979431	0.220099695227797	0.01539992787815	0.153187198794074	0.0693179093445753	0.388892981088115	0.0354135428291329
chr10:6200899:6203199	0.0638042910184759	0.110705440814997	-0.0150079503082085	0.117557202580805	0.0546998486181456	0.342318257344977	0.0337482944855317
chr10:6222165:6224465	0.742917169763782	0.180984110056385	0.132605231882586	-0.132856605122114	-0.0580379501549229	-0.193723865209702	0.147455469353774
chr10:69449464:69451764	0.0133612560814882	0.0506829278612958	0.00761714354763111	0.0908054940254602	-0.0619279170538408	0.406463548377117	0.0347999036897883
chr10:69449476:69451776	-0.0997259124549699	-0.0756497732647965	-0.0502094999075327	0.117816846078942	-0.00916926411146509	0.466554418005215	0.0663378381517707
chr10:69481867:69484167	-0.0647280753663824	0.38832808406409	-0.05753002044775	-0.00874569106343687	0.125822049356596	-0.0114219363223367	-0.133737466822477
chr10:70233129:70235429	0.0793103418246829	0.248887570572039	0.102802553640508	0.180755442418951	0.259097168014601	0.590849009989725	0.113974983598098
chr10:70233134:70235434	0.0950452672819153	0.243165161139291	0.0144221001257681	0.098088577735084	0.338854533298337	0.511696262532315	0.112276090921628
chr10:73780046:73782346	0.0671076579014006	0.0988234683856038	0.259012623141749	0.0259416617539508	-0.122624187386079	0.261368821195112	-0.0695900501954506
chr10:73780047:73782347	0.0070101041445668	0.124283778230299	0.213073188783328	0.0392669965714484	-0.076391635953424	0.143889952133426	-0.0472774822136292
chr10:84210876:84213176	-0.0517724711641097	0.164034404470955	0.22564749978761	0.0692263204523263	0.0498549917375307	-0.0650954790432167	0.136565515215281
chr10:86966431:86968731	0.113720803977174	0.213293688632473	0.245156715873375	0.0877400678825583	0.0838822457679942	0.718017656336679	0.164442255554452
chr10:86966481:86968781	0.0429088667015486	0.23721993297219	0.0932834925399484	0.147696475216615	0.210188797801302	0.721352529853148	0.295377203606223
chr10:86966489:86968789	0.0264363478743753	0.259559043221085	0.122327234510152	0.190647185530241	0.209144658851168	0.799414575912446	0.327666914234268
chr10:89611608:89613908	0.248220843163322	0.0964900738786495	-0.0106782845302628	-0.00881088186140515	0.0410550956119832	-0.248936302625983	-0.0714166914803452
chr10:89643574:89645874	-0.0413762536002225	0.0177091660847782	0.0785042623946835	0.0673846460730204	0.0977848698691468	0.345633003231112	0.0664302827085834
chr10:89643587:89645887	-0.035633066650232	-2.12394586511859e-05	0.126311631508105	0.0199987760947828	-0.0432304001516097	0.293266221354693	-0.0579565533172714
chr10:89643656:89645956	-0.0607564654796125	0.0692514778935454	0.0630867011270605	0.0687278139260709	-0.0556701853324392	0.260755644657162	0.0112519322374236
chr10:97686941:97689241	-0.00812595795217925	-0.355713794594641	-0.0699907772206023	-0.0338575071149125	0.12653922950995	0.398316670200811	0.10445611980245
chr11:111809390:111811690	-0.0718264134700455	0.0165133822105381	0.002279814002834	0.0535482232517585	-0.00433426564657119	-0.0895838832431769	0.114643433205916
chr11:111809409:111811709	-0.012801084931838	0.086694801078411	0.030858412050622	0.0212813834835466	0.0728170643435384	-0.0334263787767422	0.201265969443591
chr11:111838005:111840305	0.572747371041246	0.319894793730526	0.032030805026673	-0.113776360811246	-0.233682857552077	-0.0734584096907292	0.072748039473679
chr11:111845091:111847391	0.691550533025932	0.336253378917285	-0.0682039878505933	-0.282158155631736	0.113702056664473	-0.13604840683084	0.150944603893897
chr11:119082865:119085165	0.0715431271443912	0.138611638641939	0.171229060778858	-0.0122280699571829	0.077800187634432	0.286844694842878	0.0205303826350149
chr11:119082880:119085180	0.0886684644326503	0.142800640845337	0.208954238872795	0.0614476837650654	0.0179310884391483	0.287350738948426	0.0119167605935861
chr11:119082882:119085182	0.0673528770178499	0.152045131096023	0.165794998916829	-0.00341465383862786	0.094879691298383	0.305499039648972	0.0502863915656347
chr11:119082884:119085184	0.0928252316481199	0.115346155894846	0.135234327095506	-0.0115170547125438	0.0653853040698266	0.31941510365877	0.0980323607941617
chr11:119082887:119085187	0.0186729491813765	0.10084668619777	0.192603256317657	0.0599363252517517	0.0155084046809912	0.324502099447417	0.133521269924301
chr11:119082897:119085197	0.0703770623279259	0.0276561611719064	0.148783312620973	-0.0120056445841844	0.0195589952208221	0.471960503702306	0.106953853297179
chr11:119082899:119085199	-0.0417498933610629	0.0664509446466546	0.122326579095419	-0.0742660629498171	0.107831840158538	0.548451627156276	0.0988664983260033
chr11:119082906:119085206	0.0963807125850016	0.0511725778757265	0.110735641040496	0.00209435248867326	-0.0140052190424037	0.646939185021331	0.0502469879490622
chr11:119082908:119085208	0.00654836036860144	0.0440313914095683	0.103669221581167	0.0251695791432905	0.0245071201080868	0.67522088692014	0.0371926687616182
chr11:119082910:119085210	0.00230795614146324	0.0272207513057143	0.113668201965359	-0.0646284723047238	0.0629265749565806	0.694596965874899	0.0448521031455707
chr11:119082913:119085213	0.0311074054149679	-0.0250159015368531	0.0647617591857828	0.0258140685679451	-0.0183728558583914	0.764190553110735	0.0365596233570842
chr11:119082914:119085214	0.0194524874506167	0.0704921240439678	0.102770294664496	0.00563843876620902	0.00285733399836041	0.618879646255754	0.0796484656216698
chr11:119082929:119085229	0.0558059306207856	0.0770108352764695	0.122467016839425	0.0678390590756041	-0.0100606890392214	0.887039121722012	-0.00932803687975107
chr11:119082998:119085298	0.0657192539369398	-0.0277533435003418	0.0935125045000414	-0.00380765119774467	0.107712900088967	0.531987050415848	0.140727700094086
chr11:119083030:119085330	0.101255339231725	-0.0407009526358022	0.0717359007492741	0.0368185272131361	0.157020645069891	0.320513750220156	-0.00443658443462993
chr11:119085982:119088282	0.113784120663345	0.241815112770882	0.0850823219591237	-0.0408133795917595	0.0965448755975749	-0.0531164507285041	0.290942764144389
chr11:119085983:119088283	0.109603662549336	0.299869288985638	0.139552413576214	-0.0202919967545373	0.0703349104084973	-0.0409524815532931	0.238638122100657
chr11:119085986:119088286	0.131567897953427	0.255985768236632	0.0789795373538667	-0.0175766024117525	0.0554986460304326	-0.0607091317398445	0.244999743906429
chr11:119085994:119088294	0.11727332706074	0.190277571953806	0.000449306710084039	-0.0724973934922248	0.0722103446235662	-0.0786221277112694	0.256523490004116
chr11:119310818:119313118	0.111317045150169	0.0733364221781532	-0.109222435184365	-0.0468850672105019	0.186778958929606	-0.022338036687298	-0.0111981060294387
chr11:119316829:119319129	0.382226110056319	0.388801785772087	0.185785803673344	0.347155468221286	0.527609995883194	1.1145491075201	0.312699454541913
chr11:119316830:119319130	0.384300185308437	0.485697848880282	0.258202785275545	0.28514112127793	0.581614656217003	1.12005143985785	0.281346481016274
chr11:121290680:121292980	-0.194540101494246	0.00432198870880875	0.0839917329236604	-0.0187926330206483	-0.091006096210379	0.170021937109251	0.0629788921230785
chr11:121290758:121293058	-0.230811850160764	0.0396970749933104	-0.0622010149585265	0.0839586177725639	0.0672215112160882	0.104370038319924	0.106412406831314
chr11:121290770:121293070	-0.0622265706266073	0.0224647106734953	-0.0636922905327823	0.165014583238396	0.201589603184855	0.166809970190307	0.0869397933854542
chr11:121302384:121304684	0.222667929534912	0.125817223193979	0.0453165019185991	0.164329554527696	-0.0330636938750989	-0.0673048839605442	0.197471461989
chr11:126353659:126355959	-0.0413447298087992	-0.00423693146994482	0.0300410888154348	-0.0680400049718074	-0.110869663341687	0.171983709443748	-0.0246056669036532
chr11:126353683:126355983	0.0378632758326462	0.0245555633338908	0.115044585111712	-0.0886961574027891	0.0962940581504379	0.234713953714659	0.0386949489790968
chr11:126404186:126406486	0.0273088392296356	0.113006814364468	0.222825666183894	-0.0165011159958284	0.115947445358307	-0.0494904639514774	0.0384416217984523
chr11:126404194:126406494	0.00659150550867178	0.0831785803315744	0.18796202775801	0.0490128452003876	0.0735378297252993	-0.0994464516075717	0.0157619134779967
chr11:126404459:126406759	0.0535517988839044	0.044243253090779	0.0197953778261943	0.0227619954257608	-0.0666903610197766	-0.0134034956774401	-0.00301835070755998
chr11:126404502:126406802	0.038772848650924	0.000249402036137634	0.121917795719153	0.0255747639091348	-0.0368494859004367	-0.0269271538206661	0.0345501976289671
chr11:126404781:126407081	-0.0145144552572371	-0.0301913054911081	0.0765167525781915	0.0888347210839748	-0.00669359478581596	-0.0783091639872785	0.150356267603698
chr11:134251494:134253794	0.0232902943191762	0.0791357461242381	-0.017228863701273	0.126670504127951	0.0872789487055445	0.441038621515834	-0.114511951079819
chr11:134251547:134253847	0.0332816406041527	-0.0838400555698915	-0.0245269706918325	0.0669325714168813	0.0209727102558947	0.805035564366186	-0.0925195693115627
chr11:134251557:134253857	-0.0176319944280162	0.026076939466755	0.0123991895134682	0.0859491617078675	0.0410407127393769	0.812633607435232	-0.154946748967231
chr11:134251558:134253858	0.0211916142919649	-0.0375673853322593	-0.0459655937112402	0.106396928970496	0.0612429627798956	0.774574135934417	-0.0224090260738654
chr11:134251560:134253860	-0.00882240783685125	-0.12938509656139	-0.0164940615801617	0.0716129616585561	0.071051740359156	0.841541627599283	-0.107732854897729
chr11:134251563:134253863	0.0234229009823172	0.0952358471142364	0.0371670564970942	0.0511088954277599	0.00667729666104738	0.77631389047045	-0.141674089658049
chr11:134251567:134253867	-0.0212537278213069	0.00748672591078564	0.0620717863202016	0.0544032148457472	0.0861191135752195	0.836113461468723	-0.14284838425933
chr11:134251568:134253868	0.0256182765567054	0.11067192734816	-0.00178108952164319	0.0153788416682372	0.113060245452565	0.76476715878106	-0.150653202961542
chr11:134251576:134253876	0.0337458503010709	0.111789628929862	-0.0520006254050621	0.1147276035579	0.0925162942583425	0.742396438191418	-0.0849094733590612
chr11:134251616:134253916	0.0533350277708109	0.213381991293188	-0.0395160882670571	0.136137806790341	0.126626949892622	0.357839662452718	-0.0112817850550891
chr11:134254582:134256882	0.144098627376942	0.439329981886457	-0.0571188696627429	0.11572327615392	0.00292690792406698	-0.01588007938346	0.0966688083112745
chr11:134254609:134256909	-0.00213218030977407	0.427192509404255	-0.163377156226161	0.0815602509094933	0.0155223078871926	-0.0461658259504733	0.0811872073115839
chr11:14642259:14644559	0.0540798428944575	0.386954750973932	0.0887073795314581	-0.0307246944442002	-0.0264153679911474	0.238024038969601	-0.0118923079401315
chr11:16789557:16791857	-0.141464009214757	0.118059053307617	0.126451583080818	0.16499762825976	0.0137513914518328	-0.280359219249597	0.0582567213648177
chr11:16817115:16819415	-0.0235032967623431	0.176277157631831	-0.0693026374519655	0.136984388817223	0.00756340287771872	-0.0891698712755832	0.00665771137577336
chr11:16826054:16828354	-0.00178863828017535	-0.129654894368708	0.0351390152735544	0.2113343565371	-0.0442767059814425	-0.0986808836192452	0.00236248269998707
chr11:1763596:1765896	0.30802756691278	0.301556190209416	0.198083638607352	0.100516136347941	0.331896121348101	0.660330119471831	0.344276311043034
chr11:1763601:1765901	0.288127541643564	0.370750503964478	0.270350254216509	0.1357460605182	0.287918346581644	0.643086432463336	0.432820838112536
chr11:1763606:1765906	0.313054015861759	0.274779034782927	0.144281173976581	0.189634249783943	0.31347321356818	0.638646839822308	0.370017313599037
chr11:1763627:1765927	0.318388848235833	0.227706774260461	0.102619328014399	0.147213876204379	0.286942538800976	0.739880562952767	0.367496311222277
chr11:1763641:1765941	0.466010004155433	0.317497199293017	0.235824406121749	0.178488019115681	0.192926388176236	0.691681924959987	0.392474951610671
chr11:1763648:1765948	0.40392324852545	0.263944969825382	0.127500252358851	0.272869771440163	0.239150425170794	0.609490319918915	0.201282109918677
chr11:1945277:1947577	0.176028019639348	0.0524105970720264	-0.0600093601999097	0.00298212561110677	0.0183083588317505	0.01901847578622	0.120045382657854
chr11:1945331:1947631	0.0786300435918663	0.15350152598494	-0.0787083301903497	0.0282624081677242	0.012879115535722	0.0463715173302496	0.0890430784186726
chr11:1945340:1947640	0.0776691163920397	0.155850220779476	-0.0781064253476495	0.0289885523904796	0.0144277518794572	0.0462344786246695	0.0895621528774435
chr11:1945343:1947643	0.106722697366591	0.158604016076511	-0.0612646075957012	0.0677138000396371	0.0307296540556783	0.0845869920270844	0.0900332789908509
chr11:2398749:2401049	-0.0591564753043229	0.177027175275258	0.0333152910710013	-0.00631706927247768	0.100758567754268	0.422903657643173	0.149175228772061
chr11:2398755:2401055	-0.0788356930790485	0.218326695981468	0.0343868741020054	0.0117808482277683	0.0591188736820734	0.420252907892702	0.195642883414182
chr11:2398762:2401062	-0.00553038443431641	0.230923622986983	0.0371688121005879	-0.056568237231696	0.103981970249623	0.414867998728334	0.245508883794776
chr11:2400099:2402399	0.0311493707553844	0.228813793332965	-0.0136333545595557	0.00992579440660722	0.259457748056986	0.233721345349943	-0.00154074453419464
chr11:2400135:2402435	-0.06359023106069	0.177321151747697	0.122376075789318	-0.0363641812364176	0.0564805654698796	0.261672338996568	-0.0712180696366649
chr11:27053216:27055516	0.68071485734304	0.411258840563448	0.123361809587026	0.196674230223499	0.00409460205890563	0.312149845815491	-0.0798916667349716
chr11:27053385:27055685	0.280754181620774	0.173127822514643	-0.0247321904298169	0.122176000527363	0.160866425024268	0.66271334972715	-0.0234201044861303
chr11:27053425:27055725	0.456730976744182	0.204232780623031	-0.187815162251944	0.193493453522179	0.242127321783751	0.974666574548743	-0.0276432111319288
chr11:34451845:34454145	0.086809380907084	0.120136538543747	0.0340709393305895	-0.0299411855077076	0.239198420935877	-0.0576582473879579	0.0738567354280559
chr11:34914617:34916917	-0.0113375439310067	-0.0934593750709818	0.0375379069945067	-0.0190417025024016	0.264300010281168	0.369838142101976	0.193914122460572
chr11:34914631:34916931	0.0100459502022489	-0.108705194494671	0.0174785993451716	0.056307352683332	0.255535618582412	0.388607314215947	0.156952047092513
chr11:34914640:34916940	-0.0359291369794455	-0.0625646461762102	0.0503328539258621	0.0325060050691491	0.229274909571624	0.338131480460603	0.140636614252004
chr11:34982632:34984932	0.167737576667882	0.0214643934567192	0.0325384170663313	0.0664375998518411	-0.00828601937488915	-0.135307279012865	0.0948841628943022
chr11:35137169:35139469	-0.0448301085116454	-0.428478879807659	0.111018572119503	0.0724344211405299	0.126829498222059	0.245374425199697	0.236458474663021
chr11:35137170:35139470	-0.0687670675947544	-0.383494563734441	0.176813130613611	0.0587105233066309	0.123992987477858	0.248218030029799	0.169872369249336
chr11:35137181:35139481	-0.0740785278119035	-0.340884794721663	0.0564776967775243	0.0528682932265343	0.155130341798735	0.16551111828057	0.19464008563597
chr11:35137187:35139487	-0.0726041590327562	-0.347422415865283	0.0717715392778331	0.0514062383924003	0.161865752346281	0.209934786411075	0.187160431741821
chr11:35137261:35139561	-0.0218641379694707	-0.367369264439953	0.0301706733291474	0.0516535138673583	0.0451369514530191	0.130772110863753	0.155357700776302
chr11:35137285:35139585	0.0114519365951816	-0.250377597862094	0.114888056749248	0.0588689037187389	0.109620946926568	0.213217520088056	0.130400430196905
chr11:35137292:35139592	0.0914042789646768	-0.355123502403068	0.0769380726935004	0.112904862476992	0.0881994109891132	0.272345210172471	0.167091737235526
chr11:35137303:35139603	0.0276792220935236	-0.313653837521893	0.0948314207840172	0.0616303145204237	0.0709561318340499	0.20967263570155	0.262105356000773
chr11:35137305:35139605	-0.0551939388999902	-0.294212550871006	0.134348610262737	0.0837063394406476	0.124410462125359	0.208437598166351	0.299152449061542
chr11:45917525:45919825	0.0440141170434394	0.0841006181119829	0.089188752082582	0.0819842742678139	0.0442199352342994	0.487800942884566	-0.117472929829031
chr11:45917528:45919828	0.0494963242292657	0.0100894486069587	0.0667261234785241	0.122671250788477	0.0999437965843771	0.455173284183154	-0.0610653839994372
chr11:45917529:45919829	0.0471116359298811	0.0188738602288693	0.122093001697303	0.0819378815004675	0.0699331013667605	0.475450227705571	-0.11522525111234
chr11:45917567:45919867	-0.0382844307479305	0.0351806541476504	0.188204313971308	0.116042688246739	0.102978794269597	0.371076350259707	-0.0286840007446298
chr11:45917577:45919877	-0.0145225345369526	0.0539812888596524	0.121290184125249	0.117191303286125	0.0887637959784179	0.43845770288079	0.0683702684290428
chr11:45917721:45920021	-0.177940577089493	0.0806629146167489	0.401191124455238	0.0194816481646851	0.0171683990177446	0.258749730821856	-0.107283206487298
chr11:45917778:45920078	-0.075492283463816	0.0535189510553924	0.374749816007839	0.0861512762694426	0.089277447636986	0.241019422662359	0.0837351991991552
chr11:45917780:45920080	0.00753395636070067	0.0243244160511519	0.475062138031835	0.0893435804803886	0.0417234829579014	0.300070783065389	0.0326425502803384
chr11:46373023:46375323	0.157669645562349	0.00742549956301201	-0.0181045268635075	0.0548372918560901	0.010945057741381	-0.144534084111762	-0.00111980475040738
chr11:46493593:46495893	0.175777097962933	0.0694108839499158	-0.00924886191598003	0.112218438173579	0.214560764773512	-0.0600121951228087	-0.0364256063108992
chr11:46593648:46595948	-0.166461063726541	0.276981550927746	0.245268154659347	-0.0329610056322224	0.106482830288826	0.668061610016046	0.0886284740615444
chr11:46593698:46595998	-0.161908373627451	0.236710073529329	0.171682060859507	0.0163544904929059	0.102397910587763	0.602295205060255	0.0840281040918916
chr11:46593721:46596021	-0.223209993267185	0.28184627928933	0.191906383623893	0.0314586786362549	0.141195672558723	0.367769061729769	0.0490420613417854
chr11:46593745:46596045	-0.145164075847893	0.310022816063978	0.17111534809426	0.180609017927852	0.11942264065029	0.298310674166868	-0.0435519191178732
chr11:46593825:46596125	-0.0488393972415753	0.512668241957987	0.245146195544097	0.146681930188362	0.0443385079268019	0.604560345235662	-0.258885591264479
chr11:47255707:47258007	-0.0288252195459622	0.287673866320492	-0.0353714862545155	-0.103655823661862	0.176798810288523	0.0933501478537818	0.00764859327554052
chr11:47255709:47258009	-0.0549911023080688	0.399491770791428	0.0260956426509903	-0.129474868444928	0.117925454981025	0.103394668368893	0.0329658965831955
chr11:47255916:47258216	0.267950153403644	0.148339246249795	-0.0843273489828615	0.0394197151884267	0.227084354347895	0.537736069165037	0.210808566791857
chr11:47255962:47258262	0.207004457653032	0.13961831381568	-0.121152339109208	0.00320388807761663	0.135035520552144	0.641587902672264	0.124632802874092
chr11:47255969:47258269	0.129894342604299	0.247023849997975	0.0199328896867074	-0.0346857731249825	0.12134091751704	0.533865312120522	0.0982467086216924
chr11:47255970:47258270	0.173151930215933	0.1516576611252	-0.0919412016072654	-0.0292730466661136	0.120172087672937	0.68591180248664	0.0828458278688844
chr11:47255978:47258278	0.175732598818998	0.188650030585834	-0.0810513001768896	-0.0337350997734265	0.119132200994031	0.660034149329282	0.0843542103453101
chr11:47255995:47258295	0.0657473776968967	0.139414343988637	-0.0163546426568874	0.023533073156619	0.0277392158180967	0.647364629708473	0.143886323455606
chr11:47255997:47258297	0.180678087984381	0.134669209356437	-0.0273543108933057	-0.0800286333802119	0.0405229636577158	0.559200488707535	0.146819203747555
chr11:47256000:47258300	0.180678087984381	0.134669209356437	-0.0273543108933057	-0.0800286333802119	0.0405229636577158	0.559200488707535	0.146819203747555
chr11:47265944:47268244	0.736894537378335	0.122031330848051	-0.0474013512328737	0.0718353943440723	0.207209750431001	0.0287449056902611	-0.00263828702860097
chr11:47266140:47268440	0.311187694478561	0.143608138530864	-0.0869504102296527	0.0266551406760965	0.0589133260256917	0.0299513788449849	-0.0756373435124981
chr11:47283270:47285570	0.310188672657026	0.0816682082408784	-0.00169935523869191	-0.00982654537869449	0.242300380456751	-0.0472340176958953	0.117656121465961
chr11:47313305:47315605	-0.0422093525728403	0.0441397299364664	0.0416425124118405	-0.107337831489012	0.0235685994327689	-0.181347730935487	0.186494203344113
chr11:47321670:47323970	0.201452643480887	0.158508176087483	0.0308360365163593	0.0511855054439675	0.262044210387804	-0.0715443200032696	0.00539375914038893
chr11:47322303:47324603	0.290885485754138	0.470402661055323	0.108153093331173	-0.18246902533718	0.135216064452711	-0.243435868105068	-0.0613740259316973
chr11:57739490:57741790	0.0185898301579255	0.216823284764323	0.03513121320632	0.0776290401899098	0.0175410119586587	0.362003062082729	0.0110506116775456
chr11:57739512:57741812	-0.0591750396423311	0.118987160309085	0.0875568581726149	0.141358302048566	0.0695048489762943	0.328223767717477	0.122798474273954
chr11:57739571:57741871	-0.0352630733780375	0.122514870511571	0.0866026603302201	0.0147808615165205	0.00927539218776681	0.320069778861513	0.114981945370831
chr11:57739681:57741981	-0.0557960374003013	0.0556183161999956	0.14504739091989	0.100864970216657	0.0526545728357177	0.3336679321875	0.0403024431265977
chr11:57739698:57741998	-0.0491496872495633	0.0857208238791777	0.137084534914206	0.0390583057490628	-0.00752138800140127	0.438680664079422	0.198208575628342
chr11:59810473:59812773	0.0883436989911082	0.167670300747099	0.161565519052526	0.144532753482803	0.263440171284049	0.3961247270275	0.321531399089538
chr11:59810478:59812778	0.00540038250494694	0.216922564512752	0.123217954343769	0.182205063986003	0.257100154955672	0.29911154961511	0.261797124080244
chr11:61331209:61333509	0.0817683564319877	-0.0516731194488135	-0.0179958728752597	0.0155017151762652	0.20917553492994	0.242515052053765	0.112399160555931
chr11:61331219:61333519	0.0446120976837438	-0.0725313360540396	0.0309061033153611	-0.0298338972460862	0.202538379021079	0.213392609016703	0.135833126823652
chr11:61331220:61333520	0.168793254464348	-0.0271979802904864	0.0466677810059632	-0.0501311079569981	0.103132234577182	0.17394668860593	0.142939941063171
chr11:61331221:61333521	0.112954569698784	-0.0529748978613333	0.0601399100640798	-0.0302434910899705	0.0864840695688678	0.216631061632296	0.120354704733886
chr11:61331230:61333530	0.0498061134827309	-0.0551603029686901	0.0467038692127892	-0.0351469924690087	0.209795852816231	0.17990726088925	0.0815964275343095
chr11:61331239:61333539	0.0482432138944696	-0.0364019533227766	0.0514793388074843	-0.00739264821587129	0.113904014563423	0.177158862840925	0.100920378168332
chr11:61331243:61333543	0.0787100617672736	-0.00831539903187378	0.00961529651863633	-0.0152062660949151	0.104223753004474	0.220567810548911	0.124454589358159
chr11:61331271:61333571	0.079189985307792	-0.0465740162406405	0.0564377220866852	-0.0340125228315433	0.188597178059932	0.164940445153916	0.153707939625304
chr11:61331279:61333579	0.072137320095715	-0.144938711272113	0.0565007718187259	-0.0393542333292205	0.0755362822325355	0.192504473594944	0.138554076454603
chr11:61341615:61343915	-0.0752461565281733	0.0675951989971974	0.0592168137893804	0.0162313608780981	-0.0707549770049425	-0.139121296063182	-0.0411885352506065
chr11:62621684:62623984	0.221099032435108	0.371647195616246	0.0236546417087305	0.0338972500034743	0.110177801654801	0.147590713109747	0.1682382031061
chr11:62621686:62623986	0.123776684364445	0.409405729152802	0.0676229683525639	0.00989981851530698	0.125533149752098	0.205922735431543	0.228932123474825
chr11:62621846:62624146	0.298511599567605	0.46674113547184	-0.0123932878898905	-0.00248875952597933	0.00844929938905321	0.429050651926539	0.122165009607202
chr11:62621854:62624154	0.20469232232324	0.379852371410143	-0.011064991639635	0.0443075597155007	0.0993789936361984	0.289384620418029	0.116535221125569
chr11:62671240:62673540	0.150708744697811	0.146056730581618	0.163941544016078	0.103975085985762	0.0223206022394298	0.405317065476578	0.0401385385891549
chr11:62671314:62673614	-0.0616190108923056	0.236641209620789	0.125331812302748	0.205572250905033	0.0541588036571892	0.555474442466219	0.144156420505029
chr11:62671333:62673633	0.265479046440475	0.221880541656361	0.215424735149252	0.160570635752004	0.100235733078344	0.417489763161875	0.198173866066274
chr11:62671465:62673765	0.411446819630659	0.151699377902126	0.244854323674324	0.342673155370646	0.245303901550268	0.523921609313486	0.200022164695507
chr11:62671469:62673769	0.422824193259594	0.194847233838879	0.25760136733203	0.446820025865055	0.213184339696931	0.4847348815688	0.203379922163851
chr11:62671474:62673774	0.426064672343543	0.159381074668709	0.172668048207783	0.316899052272736	0.23006488648755	0.461655709060902	0.131720550074697
chr11:62677683:62679983	-0.0503223034428047	0.232093954035921	0.202111118279546	0.00702793577129264	-0.123008914852165	0.246257595901643	0.063954668430319
chr11:62678755:62681055	0.223489019448171	0.406556496993638	0.399089106272148	0.293486685228016	0.425165185475682	0.841081859612921	0.20544161083919
chr11:62678758:62681058	0.16756074340409	0.386811703002723	0.500616367330324	0.359749929522104	0.339697197174753	0.872854472052058	0.182888094832189
chr11:62678765:62681065	0.174190208193556	0.418250836184754	0.417715478692276	0.287697019343487	0.366256274295223	0.892393995525794	0.25909324898773
chr11:62678767:62681067	0.109983794829965	0.415406235424181	0.366979433228189	0.337123059655155	0.489397600810299	0.899884304192266	0.173787206329823
chr11:62678773:62681073	0.280457209611262	0.431571624601525	0.459318862276918	0.322206482966743	0.418712679640945	0.881048045710718	0.231640584810275
chr11:62678777:62681077	0.221996289583509	0.437747417943294	0.427164384835882	0.343267376259624	0.462327113478756	0.885061439372607	0.190199060120519
chr11:62678780:62681080	0.146587660520387	0.398325928616659	0.460081964917741	0.334314397408514	0.424116325595115	0.886625843108083	0.25043956748062
chr11:62678781:62681081	0.264343659695154	0.383165937216596	0.406710735994477	0.35596409669554	0.32104252504287	0.909537486504018	0.273827637710189
chr11:62678790:62681090	0.366125896622357	0.388189909286809	0.430869196848958	0.356914393230408	0.305736398308356	0.904274030524876	0.256628730351087
chr11:62678795:62681095	0.243374216501495	0.415189513657329	0.446286358914002	0.321174876024265	0.471690110223782	0.790803262430295	0.219454222523744
chr11:63613858:63616158	0.176243894752893	0.050005099401374	0.318519642295251	-0.0856742244908524	0.0347520732010659	0.258332644862413	0.271444177789948
chr11:64224267:64226567	0.146772793527992	0.0211072941579556	0.0929808210647385	0.122185006248683	0.0488445794393477	0.215553944973111	0.0342843536652315
chr11:64224273:64226573	0.178328297052341	0.027127109863652	0.094819741261314	0.180245871551565	0.0977967365828853	0.216347322196263	0.0035401216530707
chr11:64224274:64226574	0.177856049022146	0.025886242482497	0.094325209400372	0.179134544761694	0.0975049942242502	0.216970996228407	0.00210280479342058
chr11:64224289:64226589	0.166583371314561	0.0301237652030573	0.104324146925206	0.134294816148564	0.0718649868644314	0.157757906466611	0.0235090049208901
chr11:64224299:64226599	0.202627522584041	0.0556488759237884	0.106033515983386	0.171622588568587	0.0128744456528744	0.147025747839664	-0.0218615249552087
chr11:64225570:64227870	0.18167084358663	0.123577417441072	0.139510681760594	0.0184317740666833	0.12582758866658	-0.00174179480705924	0.0703625272503988
chr11:64225841:64228141	0.123658832728135	0.069751798426429	-0.0202132634852196	0.0127570029487714	0.0585127518467597	-0.0160445039357313	-0.0461331545309557
chr11:64225848:64228148	0.0714313271177528	0.0242971337854151	0.0103282224647986	0.065822366954763	0.129615414439825	-0.0869061429240909	0.00554042181001481
chr11:64225850:64228150	0.137392762882571	0.0590639735533723	0.0355922421252591	0.0318004090234948	0.101068857483393	-0.05301233374443	-0.036795188214178
chr11:64225858:64228158	0.143088057961169	0.0676467054165907	0.00996720411179486	0.0288535648231293	0.0443416362615343	-0.0827823996310957	-0.0277086434452635
chr11:64225864:64228164	0.115734524795265	0.00191917909295305	0.0385606768937601	0.0859170485201269	0.113766610105506	-0.063145537812516	-0.0055398846111806
chr11:64225929:64228229	0.105271398392132	-0.0391871689049361	0.016611175008814	0.0735648760517145	0.0806735116940247	-0.087167020393336	0.0325775632459932
chr11:64225933:64228233	0.116022246049549	0.0312694614407364	0.0177400022418526	0.0186118699546563	0.01754128804407	-0.0829560484210436	0.0322985338958225
chr11:64225934:64228234	0.107714535400016	-0.0366845339406813	0.0267334821365584	0.0518057093250937	0.0570642358151669	-0.107415773277483	0.07552321145975
chr11:64225954:64228254	0.108698002609938	0.0495557026001367	-0.0184929763470654	0.0795140859223318	0.026282278634214	-0.0857583013008998	0.0356010673907861
chr11:64284069:64286369	0.0113180978630775	0.137358779911876	0.103108381405087	0.0519623740999883	0.228669616282679	0.207382493007317	-0.0591918867280354
chr11:64284339:64286639	0.0680624395337018	0.0251360794094672	0.107632720912756	-0.0943508157556798	0.0753280557354273	0.211628975624222	0.0173047695000148
chr11:64284353:64286653	-0.111804738164618	0.0192041958906636	0.126509328621185	-0.0649834329798912	0.0124417186291394	0.253378383149475	0.145042582321718
chr11:64284369:64286669	-0.0743798454124738	0.00691719451058383	0.0209657550275132	-0.0902447690412988	0.052799497629853	0.193900527205912	0.0785782693038087
chr11:64284404:64286704	-0.122765493114881	-0.0521275207998725	0.0685735805256187	0.050062787609349	0.023260571874328	0.226244171314303	0.065052002447775
chr11:64316120:64318420	-0.101778430628535	0.0681579714548184	0.0817844099819802	0.103802750987578	0.0965322572402865	0.349849850750562	0.0321149177745917
chr11:64316181:64318481	-0.0501197847139454	0.161703435996563	0.0487857402618738	0.0056078160927863	0.0471762816368435	0.30526402614387	0.066440068319695
chr11:65094114:65096414	0.0461227096511283	0.160549411957401	0.212799364393689	-0.110601303643298	0.0992797862190205	0.0520307746340192	0.0556056187054316
chr11:65094213:65096513	0.189473473967515	0.0963244282587187	0.129873066004237	-0.0288945311547654	0.129970310440564	0.0788604307012621	0.177979828094313
chr11:65094226:65096526	0.0444634310402645	0.165359884233695	0.189080312566707	0.0284921442627325	-0.072535617910703	0.0445684939129606	0.089495292014583
chr11:65094243:65096543	0.0365245113796235	0.179566919178716	0.174546858190389	-0.0103766873795533	0.0563440316819288	0.0220400700874368	0.0677440161714705
chr11:65094250:65096550	0.0660448249978722	0.145617078098581	0.294192060076311	0.0269709500045843	0.0574927653724802	0.09125847028057	0.0194535870747286
chr11:65107054:65109354	0.0171394704637181	0.0245586025668044	0.12298175853023	0.0968919131582461	0.0418557719951025	-0.032588059914708	-0.053974906011728
chr11:65107290:65109590	0.065850829908892	0.108547007608676	0.0544939115423642	0.00361134855885888	0.0219184614009384	-0.0400253705462893	0.00183300781060907
chr11:65107317:65109617	0.0755781181039236	0.0547308763483288	0.165943868138122	0.0375774086600537	0.0343281477590071	-0.0911699805476676	-0.0733695900661112
chr11:65107343:65109643	0.0958091754265156	0.102209253585323	0.176271050522801	0.0768012501805198	0.153540583705803	-0.0253582126265844	0.0346540640141747
chr11:65108481:65110781	-0.0406080656617766	0.0631398481990325	0.0822594998239897	0.0157855327291048	0.0101333256071662	-0.0353936164225671	0.0275091491823799
chr11:65109844:65112144	0.0485233644628811	0.280752697197283	-0.0321662091783988	0.0974082888290384	0.0381001845852684	0.618017626254697	0.0142328352846368
chr11:65109866:65112166	0.103313021582407	0.40091967966288	0.0123407547163355	0.107922674458479	0.0683075219092802	0.673441730648671	0.0126332090413742
chr11:65109871:65112171	0.0871237626529441	0.356892782687077	0.025745629513439	0.0270170590640016	0.0621730662437761	0.444194116028738	-0.0378683983580843
chr11:65109874:65112174	0.0237915294316706	0.438176641475627	-0.0318409229612241	0.0647346839600406	0.0547759609705607	0.438878168495743	0.048952727153904
chr11:65109877:65112177	0.0670521082292432	0.381860842523169	0.0221537358131683	0.0291564855125021	0.0551329309337873	0.479948278269981	-0.03853666279906
chr11:65109878:65112178	0.0884500594637488	0.468019673646346	0.020399926222072	-0.00953419473364949	0.0736402998435705	0.408227613733614	0.0065170055249883
chr11:65109883:65112183	0.0516073146201719	0.413848681062017	0.0165902986105009	-0.0447674673705639	0.0634565781488795	0.556242374869592	-0.00252664135875858
chr11:65109885:65112185	0.112282230394895	0.425886483047213	0.020002319584892	0.0240801398114123	-0.00492571523796873	0.504213023370385	0.00702064512285021
chr11:65109888:65112188	0.0791691593666497	0.422981167762193	-0.0141379441952242	0.0232482849592433	0.0324654949830344	0.436460617530446	0.0264386737175457
chr11:65109889:65112189	0.100025275888835	0.4475433046839	0.0430136666396631	0.0212314940560615	0.0272363404450659	0.368991576271396	0.0318891099583045
chr11:65109890:65112190	0.0408133933344122	0.51313385674835	0.0258037738970842	-0.0179788278185527	0.0482748932175182	0.493492553847487	-0.015387959101273
chr11:65109901:65112201	0.0803263122544845	0.4903830018545	0.0177451715518842	0.130047482027536	-0.0550338965527027	0.332131357639461	-0.0207278289077851
chr11:65109997:65112297	0.0758870721259557	0.593287528409931	0.161854122388044	-0.00992000004707145	0.057558115907827	0.712286152939749	0.122987225637684
chr11:65110643:65112943	0.0787144241054161	0.175898952598761	0.0918575723210794	-0.0248092656661718	0.172387035533364	0.733435816698734	0.0186122913571956
chr11:65110704:65113004	0.164460371093332	0.184307233917821	0.147558082223171	-0.0952484921923184	0.178048857470988	0.677022582779459	0.0565362270864933
chr11:65110738:65113038	0.11111019937262	0.238651313360795	0.106353293035235	-0.0900529139420953	0.122507947665715	0.68448401887147	-0.00892920517203896
chr11:65111508:65113808	-0.0079930996985932	0.323211981656555	-0.0840011414193399	0.0692778352587351	0.1644380746883	0.426084396818249	0.125370611823303
chr11:65111549:65113849	-0.00586374582780889	0.320225108129844	0.0895736959284858	0.173337761617211	0.042542573703494	0.455298229027279	0.136099361618852
chr11:65121615:65123915	-0.0507629797303402	0.188159590721961	-0.0355320999961619	-0.122106487139629	0.0480991790077792	0.193891835553256	-0.0716575729164986
chr11:65121757:65124057	0.080792492749571	0.206425715650046	0.0758112211096112	0.117145003164758	0.0699516650036879	0.227419122665555	-0.079301218448532
chr11:65121813:65124113	0.0709575612910524	0.17337014991176	0.0608942666186285	0.176468482558769	-0.0469004967248619	0.23576459352935	-0.117295728092555
chr11:65121817:65124117	0.0866512217175937	0.15804999518491	0.120996577734512	0.164296579176843	-0.0575792946127339	0.193738569614149	-0.0970856987484634
chr11:65121834:65124134	0.132640665012309	0.2050940983885	0.13218960590567	0.21587868839041	0.110831179221536	0.206809820982531	0.0134359595532603
chr11:65121853:65124153	0.168799962638516	0.217939109679846	0.0502387823684012	0.184171785587247	0.053981153652974	0.184882267972957	0.0430068059164753
chr11:65121877:65124177	0.00911791405686944	0.116684741712021	0.092466074059963	0.142504981952162	-0.0727342710597731	0.187700422099698	0.0198620592206048
chr11:65384620:65386920	0.0444720718340724	0.103136463800844	0.0874993846673053	0.0617701876688537	0.292739137470087	0.392644451309055	0.222532066610518
chr11:65384625:65386925	0.0917103358570692	0.13573996540867	0.0934296236776379	0.0909481067784672	0.223948412643196	0.479759399669155	0.299029706864382
chr11:65384636:65386936	0.0984782275986612	0.126952315275133	0.080906827152007	0.0593464533351689	0.278697096962313	0.477758470260785	0.286311221106922
chr11:65384656:65386956	0.112736511375991	0.162910725538668	0.0654991860735887	0.038526466141696	0.26315720866293	0.426947017103213	0.311032218348349
chr11:65384659:65386959	0.128145249396192	0.121073070369863	0.0656999112969065	0.0909534336542419	0.206292894371743	0.491552022610825	0.254812040010986
chr11:65392261:65394561	0.0395885141968124	0.273440634327423	0.140344836107192	0.0553678270647899	0.0598062988074508	-0.1147277628786	0.0230652256052775
chr11:65568459:65570759	0.127855906087084	-0.0238814617527817	0.178008605023405	0.16851330819988	0.167351483153616	0.5998545345544	-0.142254809033841
chr11:65568476:65570776	0.0560629727886818	0.0374905223268668	0.0506253021446322	0.0343052621364167	0.172274582498454	0.487598278023954	-0.199142386160956
chr11:65568484:65570784	0.107948281515859	-0.00612161244078083	0.0223780262990044	0.0518101140520763	0.141206476683573	0.519532376578848	-0.180636665198031
chr11:65568486:65570786	0.0516336905723312	0.0452178153775694	0.0493106304160836	0.116280232164057	0.119746472292128	0.542448598742232	-0.160828753364859
chr11:65568602:65570902	0.146963442368744	-0.0169606594618473	-0.0411961894417921	0.0981463150438075	0.180782418589859	0.228918903799494	-0.116698006997296
chr11:65568681:65570981	0.186513222345268	0.130686610834641	0.0716280584392396	-0.00248545860853625	0.269108557141594	0.233773510699283	-0.0476623026421375
chr11:65568816:65571116	0.0261746422697809	0.175345575691636	-0.0111686272837058	0.0497122385637472	0.363708168392987	0.195580956075014	0.032435033636486
chr11:65608148:65610448	-0.122290082416936	-0.196323801381199	0.0897154171629221	0.025438915831784	0.159996386145963	-0.0921813583502132	-0.0321056548467537
chr11:65613921:65616221	0.00384472875163583	0.0864484171027165	0.158519733020606	0.109482710567032	0.139130683150741	0.0573928350882444	-0.170967476961298
chr11:65613936:65616236	-0.0135975609937673	0.110261529173808	0.12495360232938	0.0707126522040631	0.177639450020005	0.115035276417918	-0.204129868097705
chr11:65613948:65616248	0.0568646228065918	-0.0236288417084135	0.0874688323363889	0.0846254880747936	0.148400449702134	0.0968970792524366	-0.214883323925891
chr11:65613949:65616249	0.0277579415067424	0.0150196542281857	0.114958995588514	0.0669915278292996	0.172794022790991	-0.0227848230216706	-0.187105199979636
chr11:65888672:65890972	-0.132088180087835	-0.0741949833132053	-0.0986198431695447	0.178911749886918	-0.0380324562678184	0.0332854734443849	0.0708340702408636
chr11:65917334:65919634	0.207506097715294	0.234993735556813	-0.0692581984398097	0.0444937284272082	0.167984104584217	0.191235853585126	0.132020108467814
chr11:65917425:65919725	0.052050116666092	0.210615196130263	0.042830334737824	0.048769379282833	0.307405903468383	0.354800852666295	0.0993840052517726
chr11:65917436:65919736	0.100324696160908	0.225314695950301	-0.0400162694177974	-0.00507882256830009	0.311095912466875	0.378004490199186	0.125435380466294
chr11:65917501:65919801	0.0573651369810363	0.13144831562896	-8.67706110463162e-05	0.15351062541223	0.304548814548306	0.150235302037889	0.169872066057669
chr11:65917723:65920023	-0.0237990967583472	-0.148436729873698	0.0122898994123275	-0.0829834574331794	0.257173196698442	0.285392859776547	0.12733181369435
chr11:66255619:66257919	0.0366227110287887	0.139800832196312	-0.0958149853976026	0.0216173111475999	0.321176981125416	0.169943775970095	0.0766109973703545
chr11:66255702:66258002	-0.0295478918997634	0.0321251778516105	-0.101518790872967	0.00718259683100104	0.0219819677140884	0.102185733729459	0.103895507431855
chr11:66255718:66258018	-0.0234737068475888	-0.014053138287786	-0.0611109145358445	-0.0034234549799595	0.154149345134182	0.128484466616782	0.166759518034607
chr11:66285323:66287623	-0.00956593887977208	0.174471078383662	0.043033199522359	-0.0500540115627049	-0.0531954647969015	-0.0633356676514967	0.0724483898951024
chr11:66285346:66287646	0.0583462537847013	0.0954557965780329	0.096372181301	-0.077495088096738	0.0305091037165117	-0.105649018880892	0.0442431946901814
chr11:66288707:66291007	0.0498837730758006	0.11079984714474	0.1567999447031	0.256988489347582	0.460884018957775	0.339220673349278	0.278915508694888
chr11:66288737:66291037	0.138504336567299	0.00109842682568828	0.135612311808829	0.260953040118091	0.421846473004731	0.380484129245671	0.270095682837967
chr11:66288828:66291128	0.175876336071871	0.194687929520216	0.147792545457205	0.23867780391161	0.45646765874695	0.460819571850233	0.162147789818972
chr11:66288835:66291135	0.165493604263879	0.279694214763797	0.0987674880497516	0.286929279449466	0.472254317917519	0.368400457897109	0.128199314457717
chr11:66288837:66291137	0.139804965721444	0.265838795165644	0.128355356446886	0.287179255908869	0.466151923807977	0.394051504610484	0.163579399618008
chr11:66288843:66291143	0.19105451204144	0.155443135301042	0.115858821526744	0.362569140768957	0.521715115054682	0.337822193060073	0.125412906313296
chr11:66288845:66291145	0.288137879206531	0.271602897068966	0.133294438503379	0.346241990129173	0.472075649312138	0.406395600080175	0.109485678673819
chr11:67353190:67355490	-0.104971259688112	-0.00155263502673295	-0.0658569470634646	0.131808206448244	0.233085331820672	0.300559082487199	-0.00152005467494464
chr11:67353214:67355514	-0.0395990342431667	0.107585210813749	0.0383062209444922	0.113297525150107	0.175970526727307	0.333966879402932	0.0458421685881925
chr11:67353218:67355518	-0.00793780120901721	-0.0417152843756479	0.0368707625563232	0.129148201559726	0.217387157069163	0.35062370400605	0.113548176338803
chr11:67353225:67355525	-0.0356529730755561	0.141400026952759	0.0446136389796388	0.0650225342824803	0.14176588513712	0.249046694099356	0.039032557889948
chr11:67353234:67355534	0.0407425805735517	0.0491917528597308	0.0620020641516446	0.183896879449514	0.100939439511416	0.38240689274005	0.0113951182296075
chr11:67353246:67355546	-0.0111534891792635	0.125933559212777	0.0722126203636172	0.179937230352133	0.077535937593826	0.432386069421149	0.104573059531554
chr11:67353261:67355561	-0.0119770213422126	0.0537609943684414	0.0985831451463948	0.14276176763266	0.118099259059264	0.480719750978847	-0.0187808952790718
chr11:67353279:67355579	0.0877854035371415	0.0577170949094328	0.176923584194506	0.0664876921000657	0.0446959648257099	0.685774877036743	0.00875923093721065
chr11:67353295:67355595	0.118827807088208	0.063140380471941	0.0712196476390818	0.0814169967879452	0.280221806139247	0.33728752526733	-0.0855353085290595
chr11:67443156:67445456	0.0546764968789473	0.112040560075779	0.153059269564203	0.0219623909042296	-0.0494831993104954	0.285463845294408	0.0376647592735876
chr11:67443172:67445472	0.155171002811203	0.139100564148064	0.179518754117572	0.0479545901621223	-0.0246905017282929	0.226329639284056	0.175276561505922
chr11:67443176:67445476	0.155196965508922	0.132281192618466	0.179671529662168	0.024661807643029	0.0173672853152629	0.224764936059782	0.175157088602247
chr11:67443184:67445484	0.162516702844189	0.171061875344625	0.202014637318614	0.0497145147824156	-0.000566441181288979	0.315775895755847	0.0601516942900924
chr11:67443187:67445487	0.107538185432094	0.155368966942828	0.0936813219297466	-0.0065913888171246	0.0156785218416635	0.253492755455594	0.22385042908813
chr11:67443212:67445512	0.088346927842549	0.0618480900552203	0.145708855849139	0.00764116395653091	-0.0428779368205802	0.20357128752081	0.169072418307449
chr11:67465033:67467333	-0.0391051107196257	-0.00493642721781229	0.067176813625486	0.0445655111303533	-0.0259849939716498	-0.0711871367700888	0.0141002876179847
chr11:67467234:67469534	0.0544345278300734	-0.0650493884750052	0.00681794472467143	0.0626470068685542	0.0684854660325933	0.254358914097282	-0.026830617988906
chr11:67467290:67469590	-0.0379612559607423	-0.00718201575796965	-0.0247553084633994	0.018050568205022	0.0823031586529105	0.209496892132871	-0.0433739862166042
chr11:67468868:67471168	-3.0531077241237e-05	0.121398176501219	0.0824455455753668	0.0166283343787689	0.129918586036627	0.153298338547693	0.0115499561345188
chr11:67468933:67471233	0.0121898152836326	0.126829419945644	0.150125969927131	0.00777549214808191	0.0381857864602496	0.208666063648658	-0.135049518557884
chr11:67468936:67471236	-0.00372539942748138	0.14181459630761	0.146708931898296	0.0392304411477728	0.0877892235640084	0.152172776802926	-0.0984276247217674
chr11:67468939:67471239	-0.0044243456891435	0.111178416570428	0.168387812334775	0.0294594743976693	0.0983965398834326	0.13915334482089	-0.0996521738872607
chr11:67468943:67471243	0.0414073161363146	0.156579904578612	0.195577283780341	-0.0316181311053651	0.0961684834562431	0.18626014955489	-0.0949861565798144
chr11:67468950:67471250	0.018618979677629	0.135040916389023	0.182818443946201	-0.0288532428736199	0.00823326845166118	0.18572178426671	-0.116493627348973
chr11:67468951:67471251	0.0320196180437635	0.131179183358109	0.206008290160703	-0.0283684181033779	0.0571905359157858	0.204746795874886	-0.0216811347033573
chr11:67468968:67471268	0.0333221129523157	0.124652030354453	0.0696230063275045	-0.00578489576210777	0.200525381270101	0.155238705339453	-0.0584777411371065
chr11:67468972:67471272	0.0132046596815954	0.0882904021536032	0.0844092448005701	-0.066395318481514	0.0808110661066483	0.160978703671107	-0.0726928779376914
chr11:67499713:67502013	0.0532538133955296	0.10363801973707	-0.0704891845421932	0.196482823480542	-0.0287421975999389	-0.0302784496059277	0.0715330036681467
chr11:67502328:67504628	-0.206341089315395	0.115031745551558	-0.106590868372752	0.207135684116277	0.00267066724293623	-0.117065954077982	-0.0283483740058881
chr11:67581821:67584121	-0.046026556827755	0.0549237923351894	0.135369782624622	0.102370165239931	0.0323119762543392	0.301913894248113	0.344269802168565
chr11:67581826:67584126	-0.0314607836566109	0.106184391009974	0.107002617592351	0.0740367272220359	0.0110389470924085	0.286090190046957	0.330667796236998
chr11:67604899:67607199	0.110222593022391	0.431212771230027	0.228215462003496	0.100345774928619	-0.00737869888984666	0.596034894317237	0.257419849789984
chr11:67604926:67607226	0.0731484692040552	0.552927515556227	0.23010440815624	0.184278356078197	0.044047420102415	0.57095984699342	0.344855960960213
chr11:67604932:67607232	0.114886292665619	0.497858663017631	0.228468041594622	0.161740992693529	0.0550488781340286	0.555115212873402	0.33773956521847
chr11:67604935:67607235	0.123983256585828	0.495713844309548	0.208163558634771	0.160964381757585	0.0560326155831323	0.556899664987508	0.337041428682446
chr11:67604939:67607239	0.181354400034049	0.495426331217817	0.206788309229422	0.241389815687752	0.0397763412051944	0.534770881216699	0.235435043876552
chr11:67604943:67607243	0.153931619745795	0.494556170859918	0.179469650232738	0.150145288691304	0.052441090807828	0.572182957971133	0.26061233439391
chr11:67604953:67607253	0.175863185663832	0.57419575201796	0.175068692712746	0.246458777407014	0.0474865591767847	0.569060315290064	0.234092265924872
chr11:67604957:67607257	0.241163375464393	0.528353243037455	0.242093018656976	0.100574407011526	-0.0163580769551236	0.639268598871708	0.221224451589524
chr11:67604960:67607260	0.236318294802623	0.560229525546813	0.189043923568852	0.254513411522562	0.0225589846238573	0.572400041745162	0.245412263770047
chr11:67609147:67611447	0.0485192709090151	0.0988538581941273	0.0363180217352844	0.118835922549559	0.0477696234126341	-0.0305408158394197	0.108954121516345
chr11:68028652:68030952	0.16965658200833	0.24695074388331	0.454798563759973	0.317551629950627	0.309470334336825	0.855424125794637	0.0855917699050552
chr11:68028664:68030964	0.0539883896475587	0.252995051064644	0.522978044826211	0.257746798799096	0.286181591587294	0.847867180068853	0.0945061064126261
chr11:68028680:68030980	0.151671139699926	0.262177330656659	0.453716594949378	0.22644399157546	0.328216377651309	0.878072303183295	0.133605456325012
chr11:68028683:68030983	0.209344325592186	0.251297249670897	0.43634515264057	0.24270751828547	0.328806599488769	0.772538665598399	0.0957018639957889
chr11:68028687:68030987	0.239712111881156	0.24516308482933	0.374336332343169	0.233377332012152	0.325908336842222	0.740848243669971	0.12098105927161
chr11:68041322:68043622	0.199868920362689	-0.128640468974907	-0.00957594191587928	-0.0450624894174602	0.000445572440275205	-0.155602119885714	0.0147583155601061
chr11:68041367:68043667	0.356329093500046	-0.116301647340046	0.0453571661577919	-0.0144835215843038	0.0915559557286012	-0.153983756803783	0.0658480652965078
chr11:68042234:68044534	0.0333554501533241	0.0017249745699854	0.157786744959029	0.0364665322409061	-0.00277882437004936	0.0724320235084572	-0.0472271736046161
chr11:68042288:68044588	0.00463546712071931	-0.0560035609822153	0.136207788450227	0.0101986731302287	-0.0337213644786653	0.11084718884401	-0.161804412188105
chr11:680745:683045	-0.00542583861222286	0.015177516569286	0.0125230002496275	0.114860228286781	-0.167587708432168	-0.0897065283170539	-0.00486298839461711
chr11:69639164:69641464	0.0422031593441744	-0.0409262403074761	0.0684908485032235	0.0325789981015802	0.159192426251428	-0.0418970579075512	0.0192736903734842
chr11:69639205:69641505	0.0135890841079902	-0.0259073471216111	0.15565502794954	0.00961761913357648	0.112093547480349	0.0165202938630266	-0.0040391499663405
chr11:69639230:69641530	0.0431812649474388	-0.0852461652949586	0.121196937123133	0.00468505901395144	0.124730573233494	-0.0384845671678527	0.0432672770407295
chr11:71448044:71450344	0.081656155314969	0.38393233202503	-0.084822118226517	0.17302271034629	0.164498715815253	0.272307090854029	0.114778759285767
chr11:71448056:71450356	0.0994903267851663	0.478121236837577	-0.0916335166293054	0.168403024574536	0.107424674079953	0.222436948450579	0.147539628554267
chr11:71448065:71450365	0.0416374575638393	0.482426674777201	-0.0754933734246207	0.0940031842686885	0.0504553174817528	0.237672333157619	0.0935264488517716
chr11:71448087:71450387	0.0788610928366105	0.437996204489871	-0.111521688018305	0.0992459902047465	0.0341778277198813	0.294320470581433	0.188263315173618
chr11:71448093:71450393	0.149082449135524	0.295889649488269	-0.0692678736791301	0.0810112795210679	0.0220956065797764	0.235687051435773	0.0864771234626874
chr11:72688237:72690537	0.121586424351091	-0.335089353554786	0.0521518595870729	-0.020261039861792	-0.0647497980821259	-0.0382858305069966	0.0374109084910276
chr11:72694740:72697040	-0.164387739872753	-0.00352886014970453	-0.0528805034579655	0.144499144344008	-0.0272998928336868	0.012617664086983	-0.0678604436084344
chr11:72694776:72697076	-0.0016535242905242	0.111782011105892	0.0581943509967544	0.150516611300471	-0.0476297305705068	0.0241521629164878	0.014924178104681
chr11:72694785:72697085	-0.12093534871779	0.0544663005364995	0.0277109400131995	0.158646892399141	-0.141798211517168	0.0413232028685205	0.00858484912773218
chr11:72721788:72724088	0.0612309811480629	0.247099643896747	0.0518178359112395	-0.0443005846089712	0.021419675983845	0.303602234344906	-0.0574717103566123
chr11:73976706:73979006	0.374542749923736	0.308942902194125	0.0190280702542201	0.262437759698746	0.229562849181497	-0.12020293122364	0.235183906012723
chr11:73976764:73979064	0.38761140483114	0.312534597655253	0.00448972708241821	0.395486545314082	0.154561498747763	-0.0652313318328836	0.250054665141241
chr11:745414:747714	0.0472342255659981	0.306369625089252	0.0764150488551929	0.145147741670193	-0.0772342208026005	0.663949592957041	0.310240137233675
chr11:745416:747716	0.0389217368660345	0.358522173292852	0.145531479569311	0.0926636602146381	-0.0534833364887008	0.677847231179335	0.252912075547351
chr11:745427:747727	0.0025256703913238	0.327179908289235	0.0943086902083438	0.151081664587313	0.00131612409945378	0.47626292132225	0.245970898947209
chr11:745453:747753	0.13425435852451	0.304497916930148	0.122208249431319	0.124610164931723	-0.0640247150639322	0.521917671500474	0.315764153297463
chr11:745463:747763	0.163134374940134	0.296055455499225	0.0917549962758696	0.0916962832920637	-0.0628717851789997	0.57052816292871	0.242094385069586
chr11:74948720:74951020	-0.223193962979039	0.200674797210455	0.0184319339584369	0.134700178982709	0.0891260989912354	0.228081681001569	-0.0275298016327453
chr11:74948775:74951075	0.0655904007582674	0.190065476637374	0.0607358655738544	0.0576752210428719	0.156885384050128	0.14740380208115	0.0283584371545239
chr11:74948780:74951080	0.051307699458482	0.193125917529811	0.0433004368465461	0.0818075869614292	0.174175604813663	0.134265145496514	-0.0186854845431118
chr11:74948791:74951091	-0.0286907770369325	0.18971258088214	0.0332864996894611	-0.0168932259196855	0.160202155744152	0.111999574908422	-0.052010354678349
chr11:74948795:74951095	0.0940434305403497	0.234027176357886	0.0417579931811607	0.111836130048352	0.198693645646014	0.116240484550399	-0.0042781537371667
chr11:74948804:74951104	0.00976420977022359	0.142857131046491	0.062946005069911	0.0924460794658465	0.0760377626012593	0.114755395141207	-0.0206368687752705
chr11:74948816:74951116	-0.207890804554966	0.233776434723977	0.0302810575147808	0.0169991634112566	0.125280391634604	0.145629982670844	-0.0925638536843062
chr11:74948831:74951131	-0.101004921905287	0.174288118285421	-0.0536969826456248	0.0823785632172758	0.133235400356581	0.232355161001265	0.0399847059652182
chr11:74948849:74951149	-0.252573161967111	0.163083375827493	0.100798848625929	0.0617633708346724	0.0184589879352325	0.126242842297827	0.0372086430559819
chr11:74948862:74951162	-0.0929302042345233	0.150206018090927	0.0541548130718965	-0.0563377704658943	0.128467651983998	0.339439735080328	-0.0293121616808026
chr11:74948880:74951180	-0.0052942705804111	0.156049673967272	0.060738170144132	0.0758357424200514	0.0920105115073176	0.347006482978755	0.0107668715263778
chr11:74948887:74951187	-0.102677999735706	0.123094228904657	0.0302247805853279	0.0814826321428014	0.125674157045148	0.288360908093586	-0.154621641361755
chr11:74948900:74951200	-0.185836980690089	0.229135536624091	0.0656666231592277	-0.0515598594894879	0.096167122616199	0.318107198609749	-0.0369222775486111
chr11:762369:764669	0.253937360850216	-0.0323507859133787	0.0985673894418901	0.0434357244216402	-0.00338703072101494	-0.188348525228325	0.0624903437475037
chr11:78805111:78807411	0.00431799743520217	-0.0958261084488386	0.0125555418782052	0.0725740245895103	-0.101968788211117	-0.0833848842945196	-0.0723834422156449
chr11:794875:797175	0.143196145467741	0.0809787024548156	0.00272332573909687	0.0321465777871755	0.218494949784305	0.434693506510421	0.180435467434753
chr11:794893:797193	0.00889520965919297	0.074559556731583	-0.0200501623603213	0.0155678292896954	0.361819481775233	0.40682853165593	0.102761305778422
chr11:795063:797363	0.00418597534624806	0.0947502797572874	0.0561434599107563	0.00272905367059468	0.255214229621362	0.559936140966227	0.156102418188552
chr11:795064:797364	-0.0188008036842903	0.12070555965226	0.0775945568654246	-0.0247033424448972	0.285895928616049	0.536671013818724	0.19799624337278
chr11:795094:797394	0.0871596423155864	0.102576037301549	0.0823581659825506	-0.0742941150107255	0.215786524002673	0.495457896082577	0.0961973413644612
chr11:795119:797419	0.0889773155088584	0.0763751260771347	0.05238103743725	-0.131063679591003	0.263179801468431	0.367267795582854	-0.0275787597419053
chr11:795885:798185	0.0269989256646385	0.0944436349913083	0.103519439298176	0.108950319558851	-0.0452149820372668	0.232563995453396	0.0656873067203461
chr11:795900:798200	0.0668609695956746	0.0909199757445842	0.0872256005103684	0.0638446419123496	0.0590959950264219	0.287784509611065	0.0398030453562347
chr11:795903:798203	0.0413268199185306	0.0736702340128893	0.0631885456996267	0.0914511074597365	0.0657950356426994	0.313817652691614	0.06802941421467
chr11:795915:798215	0.0302709253314504	0.0358665984055527	0.0496136419918432	0.0511904963045626	0.0521748180596521	0.318155947801159	0.111660749337629
chr11:795937:798237	0.0530200246488223	0.0369548204875756	0.0929343112444695	0.047079871873455	0.082408153025058	0.207667375323924	0.19641417536284
chr11:795940:798240	0.0476275281995088	0.000729389021611866	0.121233317308	0.0858739806347546	0.0208084948241578	0.188499938999435	0.282576829631811
chr11:795950:798250	0.0535123365886286	-0.00606552960692031	0.0458209750713339	0.0133510187865655	0.0526886390433641	0.225070998406592	0.261884714250928
chr11:795955:798255	0.0143040508115391	0.160433863701509	0.0570492952649325	0.0247503880700704	0.0942877798153454	0.165692940289314	0.260674302180261
chr11:795963:798263	0.084685160027867	0.0691890393795132	0.109321625027788	0.0670262133895651	0.0725121376415176	0.229590032464812	0.214390395372667
chr11:807964:810264	0.156501867263365	0.223064092378541	-0.0930986999655119	0.183665194036371	0.24774114827673	0.995267588502156	-0.00121299093440374
chr11:807966:810266	0.119784538337167	0.232181360457481	0.0352179875275844	0.165307224593387	0.196326077959814	0.953584131514018	0.0986207458254363
chr11:807983:810283	0.11240268676122	0.173596274706901	0.0861154704941452	0.0540131857181501	0.178439820773185	0.784390807920157	0.135056213010117
chr11:808002:810302	-0.0255666407636475	0.196802372172371	0.0222148630439022	0.139128166263629	0.196555404166169	0.802536230148023	0.016980774182631
chr11:816913:819213	0.130265533899663	0.36737135520298	0.0207466679427683	0.0188937665018979	-0.0490506465608935	0.382198076063234	0.0381112179540639
chr11:818834:821134	0.123487240802126	0.102405617109218	0.0162428455545659	-0.16884512266211	-0.127323270674162	0.220963216101528	-0.0658509842705287
chr11:820015:822315	0.135552242202156	0.145127208470337	0.13329122383614	0.0663648100852633	-0.280782880305861	0.252863902233536	0.162613965761312
chr11:821542:823842	0.377962648023313	0.270848778557771	0.108391632035197	0.174445163323905	0.0257187295922105	0.594358508323687	0.0463612896720477
chr11:86921804:86924104	0.0825374347037378	0.0656301508358076	0.00823155513127149	-0.0541555625407214	-0.0155057692256082	-0.079402050402808	0.0254055116175905
chr12:100571682:100573982	0.138080443561146	0.111179705321794	-0.0840111730690581	-0.122811106939115	0.0686656517910604	0.317142640105166	0.160654623668871
chr12:100571683:100573983	0.167644943476447	0.0104889476867226	-0.0495598032143836	-0.0742667397479776	0.122615134547389	0.270684170539762	0.164944274704766
chr12:100592773:100595073	0.066752893765443	0.0303425382365798	0.0160309907171082	0.112512977076405	-0.0861407665969777	-0.178411122998217	0.0750856709281843
chr12:100599641:100601941	0.11513143946197	0.0704229083960199	0.131454135535588	-0.0148891926559113	0.0176445721531668	-0.176778082562674	0.0575495221245899
chr12:100621714:100624014	0.256770472583559	0.104412943606533	-0.0423441396606011	-0.00870446853559849	0.181032822694749	-0.0329536940987521	0.0222904507902914
chr12:106984986:106987286	-0.022455250939464	0.0551234012761929	0.0435098165006569	-0.0747424423740622	0.0511670698979349	0.100919846463902	-0.0311509191306608
chr12:106986790:106989090	-0.0639125643844295	0.104937564723106	0.273441679925486	-0.176224488973253	0.061294416833199	0.263738297119342	-0.0608115986303029
chr12:106986822:106989122	0.0344514352091207	0.224558020481123	0.281633923777604	-0.146516163170256	0.137813534529702	0.221305597099194	-0.00437299066388666
chr12:106986826:106989126	0.0215214538269551	0.222277554983367	0.250168817178295	-0.0821539914877046	0.145131435855176	0.201428665923017	-0.0334203303113415
chr12:106986846:106989146	-0.164306618664141	0.283565898312591	0.307828182824911	-0.0784675404915287	0.140065900638704	0.173602253560894	0.0229798894676313
chr12:106986849:106989149	-0.150113418673362	0.295975764220058	0.272482148224656	-0.0496756325129951	0.117393033008925	0.231191529983216	0.0366847452365358
chr12:106986860:106989160	-0.184111010136091	0.240074368860039	0.242052358395619	-0.104320779436283	0.1747054413193	0.210820276374048	-0.0171197159768842
chr12:109114594:109116894	0.510491150326876	0.0431741722674129	0.0857299967295437	-0.209475659345015	0.0758792311043773	0.084011757472831	0.159086181791267
chr12:109137978:109140278	0.472815538713128	0.188457971249115	0.0614528650884526	0.175175781474479	-0.0740394942394054	0.353742939254463	0.211831755190958
chr12:109189477:109191777	0.797560019094302	0.20371623466731	0.0783320877236662	0.0614637590735392	0.177338780730001	-0.380429371542323	-0.0260847749780143
chr12:109230668:109232968	0.822240972308086	0.353427577748338	-0.231926440016918	-0.0482575742633387	0.244540382389092	-0.215517980754475	0.0158414152359704
chr12:109233306:109235606	0.59268524751048	0.480141924157822	0.010786928426889	-0.0607938225884765	0.0682484282942499	-0.141170205989717	0.0606175373281726
chr12:109243713:109246013	0.690364257924456	0.306405402603721	-0.123869828151444	0.068451858285872	0.243355334914155	-0.30610120546458	0.0105849137745372
chr12:109573180:109575480	0.272889517062973	0.513170460491855	0.292012525116942	0.185561914911512	0.193842578682723	0.490226006957866	0.231182197767276
chr12:109573183:109575483	0.300892998710058	0.597246086684211	0.310231043007766	0.276387102293825	0.170177533294129	0.587875729001468	0.177335000197824
chr12:109573197:109575497	0.329525339874852	0.508002360897327	0.384796398704039	0.122558861538927	0.180775854627772	0.731242752818568	0.433344689228321
chr12:109573203:109575503	0.244747588556299	0.515743512420205	0.323174589921719	0.229953301355102	0.223411648238795	0.669286628936812	0.327797591995206
chr12:109573204:109575504	0.227245730296174	0.468693266764714	0.390894339628634	0.279748139042233	0.197891486341671	0.733942420254427	0.290196363973902
chr12:109573207:109575507	0.205703296470974	0.45231582344543	0.339218255769433	0.196256134916864	0.11470241797388	0.706734690514287	0.319062109031553
chr12:109573214:109575514	0.198482171568567	0.408272182830357	0.330534530478422	0.198678817749093	-0.00541844012058409	0.703053167438452	0.422521586785923
chr12:112904782:112907082	0.247639812715822	0.716668983031666	0.215765636267779	0.0175513556806165	-0.0997938250396671	0.245394503933529	0.122096313257789
chr12:112904961:112907261	0.299320073040407	0.451473993148686	0.182432928089535	-0.122771614661341	0.0485805748369159	0.390347368742996	0.114691632836053
chr12:112904965:112907265	0.193099130908412	0.503045207581655	0.114864037777357	-0.0831509300650703	0.0860306077468674	0.463616386807393	0.0126927885098849
chr12:112904972:112907272	0.229848178362392	0.48989903149105	0.105182828394158	-0.130121078688773	0.105461069731797	0.514549873083525	0.10725662249743
chr12:112905037:112907337	0.0817470027679988	0.338602106730946	0.0740671008003614	-0.1026522419784	0.0589990350554405	0.726104720429364	0.0295603157789054
chr12:112905051:112907351	0.232171028930159	0.312363937706606	0.0592899801903614	-0.0589611556984717	0.0544533072727724	0.676876101212714	0.0533463588778927
chr12:112917388:112919688	-0.0560279378946587	0.0273176388473814	-0.0639427011953232	0.0455631894700961	0.251728335306524	-0.235171135179608	0.0716366315048946
chr12:112917485:112919785	0.0442617469848414	0.0133044696519615	0.0812491691926299	0.109517236182346	0.329134725267006	-0.191073427005126	-0.00692701628839623
chr12:113055689:113057989	-0.123384899047873	0.152093712332145	-0.290626075390686	-0.0136129825234646	0.01301221190647	0.417871092672918	0.0836678619781864
chr12:113091489:113093789	0.0952219617754799	-0.00571293793248819	-0.0482802641858116	0.00986719315977094	0.0572574955922335	-0.0310477415346548	0.122382376692485
chr12:113163793:113166093	0.0120436783676826	-0.00449690645239761	0.0644580910960093	0.183059863411788	0.078206963672732	-0.134140033209844	-0.0869128549637383
chr12:113165378:113167678	0.0119915939905517	0.126843956907106	0.00254116340720874	0.0402944436272748	0.0436184478322403	-0.168804110200452	0.0835392802759614
chr12:113177063:113179363	0.0179035209768729	-0.0436838675214255	0.115250271076853	0.0152462688694434	0.109783715230237	-0.0731581452371477	-0.0934856270174379
chr12:113185140:113187440	0.0948547007223621	-0.0108066762793822	0.226640010462754	-0.0465952649398265	0.171895250779164	0.239654835467836	0.0620001165301794
chr12:113185179:113187479	0.100681890993577	0.0802351882279177	0.238707306271102	0.0643866518163423	0.100162417200835	0.216002056457073	0.1056316644223
chr12:120436112:120438412	0.147989037883977	0.243045324055771	0.0637230048296736	-0.0191690202125508	0.111682804478175	0.255874001935373	0.100773476537327
chr12:120723825:120726125	0.259771699792082	0.452589986725896	0.255208749473718	0.390816088868967	0.320233108147655	0.694721044538369	0.36595906903372
chr12:121038856:121041156	0.399880959259709	0.22529303038825	-0.186045674644687	0.0989204382029947	0.053390022918391	0.124306176817336	0.0609732764317529
chr12:122859715:122862015	-0.0426856597101963	-0.0102086690380019	-0.00554974155624837	0.0936831094610392	0.000901698324904448	0.0538939925210567	0.0895063480268748
chr12:124327285:124329585	-0.0330497823538385	0.0590797687275042	0.0200306911991353	0.0831072502434627	0.0198203089512241	-0.290316380464507	0.0671719647544737
chr12:124334346:124336646	0.288519124854893	-0.12973358083928	0.0417212884956576	0.0822822058364278	-0.0468680184860439	-0.0425417051572649	0.0453714029736837
chr12:124356550:124358850	0.252919191412214	-0.0881310108804325	0.0909158797889041	0.00908511711391255	-0.116383507363044	0.0453157514306092	0.0181604094337586
chr12:124483469:124485769	0.263459650949759	-0.0339173444839967	0.161829502260965	0.105006472966801	0.063105824221193	-0.108965544266967	-0.0178065136429032
chr12:124483474:124485774	0.358002306627769	0.0217457958753154	0.253716767693361	0.173808405094239	0.00337659561632674	-0.135748900914516	-0.0464910900759115
chr12:124863483:124865783	0.0810108708992757	-0.0910803716119093	0.114684997298556	0.0971348431096156	0.0168043146385728	0.361912620155666	0.172976418876544
chr12:124863546:124865846	0.023506851138691	-0.0408255794082192	-0.0671483079682229	0.0209915447632566	0.068867539210031	0.425733963422136	0.132935162514919
chr12:124863563:124865863	0.0454413295103621	-0.0786165597050766	0.0598415768857386	-0.0384511861314474	0.0545229524834127	0.240846562565358	0.07820262825559
chr12:124863564:124865864	0.0201724571763693	-0.0783302232730445	0.035340937791957	0.0539280300908025	0.0789209312031398	0.234688824435346	0.0801715424169337
chr12:124863596:124865896	0.196250976123454	-0.0867987447060617	0.0442467826314977	-0.021766466736819	0.0847989029847027	0.231462625554268	0.118242427596843
chr12:124863617:124865917	0.229086123637885	-0.0875114314237909	-0.0532463606214888	-0.0716417708266433	0.0312163594348312	0.110104564053448	0.101624522989706
chr12:124980398:124982698	0.00238829435653157	0.0197069271682679	-0.0607063786948257	0.0828038575500889	-0.0417586061853132	0.0340041666817903	0.0014831542321982
chr12:29221664:29223964	0.562897796811577	0.29223321053695	0.347629388451061	-7.71530499862198e-06	0.0397077649372166	0.741020155347119	-0.0989638679053026
chr12:29221744:29224044	0.761072522558293	0.354192637116611	0.291899670721313	0.0500621479336987	0.218084653539761	0.714859650909493	0.0779534972378691
chr12:32749807:32752107	0.21816187671674	0.0730530285840404	-0.00903862128637543	-0.0138740218382194	0.042677517054494	-0.105043414078111	0.158197984956661
chr12:32755597:32757897	-0.103094502549395	0.0112798217440917	-0.16840754538907	0.0654753746210819	-0.0601722238232716	0.239393348190941	0.0327706077096964
chr12:32792575:32794875	-0.0145457569895598	0.0696240033200146	0.0269146943695997	-0.063071018742574	0.024611234622098	-0.14233842830511	0.0709841670093934
chr12:32821514:32823814	0.231736797899977	0.0874722226397803	0.0758037880700422	-0.0965426057589986	0.0518140676477135	-0.27522151205317	0.0546139639725014
chr12:32823839:32826139	0.0766743593858259	0.583523239598403	0.0402681222244511	-0.0192193879702847	-0.0263780612781178	-0.401762024296859	-0.135128346380063
chr12:32896301:32898601	0.075570873059525	-0.0694940089736151	-0.160387871752117	0.0376593107384235	0.00881454068124398	0.381983791842367	-0.241114702021826
chr12:32896456:32898756	0.173149529484814	0.0362696038445079	-0.0412199145962028	0.033423228130414	-0.172045163116478	0.481163192290052	0.0207686473083756
chr12:32896540:32898840	0.0284420706313122	0.134366530483627	0.0290739719289392	0.0431719673140899	-0.0859802431845496	0.376921081532127	-0.00815685515232827
chr12:45174413:45176713	-0.0669972835289856	0.123637169634422	0.0246314030864273	0.000855675107854033	0.0429255275373462	-0.066526775493546	-0.0824879574768602
chr12:47079565:47081865	-0.0771284047640689	0.210424625071814	0.0348272385808292	0.0474870482471073	0.128634196977593	0.223517666683252	-0.0632831911170987
chr12:47079651:47081951	-0.0193317325054611	0.210674346786759	-0.0425512945139191	0.153976302944149	0.222412043413225	0.163587242796298	0.0289948225372489
chr12:50101981:50104281	-0.0462206887846245	0.32816655097652	-0.0154595842358803	0.0387367890840898	-0.0993327020099179	0.694096524572638	-0.024098831667381
chr12:50102007:50104307	0.0277023778533049	0.28891568123876	0.114081018570562	0.0500848630726592	0.0696689057252311	0.651253084023403	-0.0632886432745232
chr12:52236687:52238987	0.00182076163313832	-0.284096386092621	0.151619876829996	0.104467407426468	0.204972847581615	0.0730529261405747	0.119811301442607
chr12:52236704:52239004	0.0530866997276885	-0.340692869066774	0.212807519895175	0.116099308671813	0.220178129138703	0.0590651366672685	0.15525618307834
chr12:52236718:52239018	0.000125758921121223	-0.370264923245203	0.289021799725835	0.121813235800287	0.221380375412444	0.0541990778921842	0.138925353109713
chr12:52239527:52241827	0.106549973979544	0.222224431077428	0.212116281939381	0.107228224068192	-0.0916541703181765	-0.0922767922589382	0.034298725562779
chr12:52239544:52241844	0.0555619008346821	0.103036923445133	0.0664841129561494	0.115896836400665	0.00183603313056037	-0.0740535252754905	0.126456585626524
chr12:53170353:53172653	0.116320533890521	0.470132272500952	-0.010090845614741	0.0964575649615052	-0.0146099707216846	-0.0591362972024657	0.0604672936259831
chr12:53170412:53172712	-0.00781111003589176	0.324362170678751	-0.0568292396870429	0.121970437456161	-0.0314277122794421	-0.158493062830726	0.0493098629326392
chr12:53173470:53175770	0.160844287609366	0.37555711465705	0.0615053935974766	-0.120067541514163	0.209343748448466	0.0865205464026697	0.0622083858877899
chr12:53173475:53175775	0.183141641776433	0.330108823881863	0.0528423053727136	-0.177180177932324	0.19746554682913	0.0348313567382895	0.0675355450726084
chr12:53173490:53175790	0.108967427136222	0.341310150138959	-0.00811192295822609	-0.160854229719867	0.136572311532515	0.0539958371039505	0.010743198807092
chr12:54384160:54386460	0.0389090658952569	0.151767234131114	0.35453992248302	-0.0605613953362452	0.243010770231369	0.392324085785592	0.0660967347934428
chr12:54384169:54386469	0.0162947155014423	0.190130338591924	0.384363203073293	0.0876674721154994	0.223995547507943	0.421909936888225	0.0446849856041333
chr12:54384373:54386673	0.0383972274792946	0.331341707550516	0.30366580772309	0.0148590276170478	0.125156966704849	0.415934253545515	0.0750395463037866
chr12:54384409:54386709	0.095790205045305	0.30506948917743	0.338181572819932	0.0363754545496776	0.199045743359629	0.376618772264508	0.160599197293289
chr12:54384423:54386723	0.0661279197121178	0.348510174292708	0.34918698229625	0.0113187137412654	0.180106306295252	0.417666104692726	0.0844791860551086
chr12:54384964:54387264	-0.0275960166982697	0.088119833665912	0.115294455872675	0.0557389245747248	0.147835270171286	0.170048122018472	-0.0900839547263661
chr12:54559443:54561743	0.103188690911536	0.386641301851686	0.00273902022023961	0.17284347702078	0.240769553543867	0.587668471520683	0.284609855089145
chr12:54559456:54561756	0.174541401710874	0.133973430398043	0.0194566194566372	0.0785939553113251	0.294301289248379	0.915306905504173	0.161879987059879
chr12:54588215:54590515	0.856534169489923	0.504828768794035	0.187408820080853	0.0860428590650488	0.0692469866456617	0.778286428333343	-0.046221577771201
chr12:54588216:54590516	0.856534169489923	0.504828768794035	0.187408820080853	0.0860428590650488	0.0692469866456617	0.778286428333343	-0.046221577771201
chr12:55697862:55700162	0.0671632540186845	0.323086469976208	0.0173068041477863	0.0754285796398906	0.227945753977728	-0.0384115029443369	0.19259228022583
chr12:55707401:55709701	0.191821257662405	0.430790243788982	0.183659436449872	0.254002802150207	-0.0762791144921898	0.527475609271768	0.108115103432423
chr12:55707411:55709711	0.168368602926991	0.579293671883499	0.154519694998838	0.159045934949243	0.0484738381502833	0.550323067757502	0.158712416259317
chr12:55707413:55709713	0.207639932451124	0.42692698314847	0.164636674051693	0.217498700209067	0.00278250653205165	0.660984674352977	0.164365501786408
chr12:55707584:55709884	0.146192267659921	0.436280498743091	0.226505645333736	0.0373773850183686	0.0705746063811459	0.543639727566741	0.0578661247436114
chr12:55707598:55709898	0.133003908613009	0.398787418870135	0.170613622637483	-0.0358608772195489	0.232009223002471	0.615062277937618	0.0695780526857794
chr12:55711785:55714085	-0.0154697223826333	0.0885552184632581	0.0652498000195685	-0.0412257187235234	-0.290107327884137	0.457476163413269	-0.0432078263282151
chr12:55718366:55720666	-0.190020079141338	0.120080023842753	-0.164726820044785	-0.0173245036452102	0.109042942931196	0.308879442155046	0.0815463151922381
chr12:55718392:55720692	-0.0479871851175667	0.186491168132596	-0.109565395644753	-0.0829820133044143	0.0148686420522717	0.752666171383566	0.0643317300949385
chr12:55718397:55720697	-0.0692314833944899	0.180359135523429	-0.10964189881835	-0.0988828666656195	0.0362711575202334	0.88470292245369	0.170808286566277
chr12:55718410:55720710	0.00461620273720616	0.188897705251956	-0.115525374154798	-0.222747880454518	-0.0383955533534643	0.874247367818461	0.147045199154422
chr12:55718412:55720712	-0.134228459708306	0.203503788175313	-0.103970337002372	-0.144983705517819	-0.00872859202011323	0.545895274955632	0.12525828907543
chr12:55718488:55720788	-0.106677116333113	0.131504412029514	-0.0727630824862378	-0.0113780679461242	-0.104076595530339	0.464850289928024	0.116511234923248
chr12:56128332:56130632	0.256586269663229	0.243854165987758	-0.0563228606774781	0.0194411308211289	0.184178406078277	0.201360507257282	-0.0282366268156206
chr12:56128854:56131154	0.128756668389235	0.125919361810839	0.0673177813731011	0.13618651649843	0.136276955742586	0.209359858913	0.163378831229865
chr12:56135341:56137641	0.0724566629319579	0.0179906535313822	-0.0385858016241606	0.0493241936436711	0.0415871869721606	-0.0353743684850685	0.00863457793995695
chr12:56136025:56138325	0.0760787997326523	0.0799910081241839	0.169600389200252	-0.00246591910507408	-0.0529443150126982	-0.0361380232671989	0.0581203228332718
chr12:56136515:56138815	0.155578583521557	0.130890572318076	0.0667775042869354	0.183278026670253	0.279067672358366	0.0454321570654717	0.0642277126707064
chr12:56141482:56143782	0.251335150966565	0.275039219490461	-0.160624900623746	0.0534565717757093	0.323253724607507	-0.216165964047543	0.0815374425757463
chr12:6308809:6311109	0.240902616364436	0.178527555176199	-0.23170636617865	-0.0382970072945689	-0.152413609145957	0.322730730154099	0.045336935445322
chr12:6316742:6319042	0.0688947607618842	0.648199475767812	0.0814588227891545	0.165647601166281	-0.00194662567976012	0.00828924283710292	0.0875463612332859
chr12:6316762:6319062	-0.0131633983159781	0.643261648730891	0.19830841864385	0.0240626733802918	-0.0971985773266763	0.00339381604219867	0.0300331547550924
chr12:6752769:6755069	0.394601113994425	0.282210482901428	0.224513027520714	0.320751395210343	0.437298105267727	0.618580575358072	0.163637928279483
chr12:72271482:72273782	-0.0274053046063078	0.46080755465797	-0.200703735325182	0.00690117889176677	-0.0555268676639106	0.288872349265005	0.237718273719272
chr12:89349014:89351314	-0.0665613532568576	-0.034626053463902	0.105066477634821	0.0143696532761173	-0.0909629582380596	0.177795871017944	-0.0422045498993164
chr13:100088548:100090848	-0.139700114417818	-0.0236502500995602	-0.0286901854118238	-0.0044442527713157	0.0939741600803643	0.189003027143508	0.0381706821835658
chr13:100088650:100090950	-0.0153021601036441	0.0824701372368116	-0.081909497001765	0.0287403330446824	-0.0261199918524302	0.276489078119477	-0.0131491161781942
chr13:110163190:110165490	0.381149385898456	0.400356991441302	-0.065246748006299	0.13824806283651	0.0166916025082405	0.0827489161151708	-0.121018735666101
chr13:110212286:110214586	0.0398447733589179	0.281182720558038	0.0511956997770486	-0.00883341727080431	0.0993497205254634	-0.150918732398309	-0.0221969126287373
chr13:110242394:110244694	0.0917894223046061	0.200135740804151	-0.0145239664432165	0.270177343896982	0.167683280585166	-0.120731663042855	0.153926201558172
chr13:110242397:110244697	0.0862513416559045	0.186502741857472	0.0398892624474593	0.174869535015101	0.160822319908232	-0.0951624644161803	0.234925406727069
chr13:110242398:110244698	0.0606719507169608	0.204418914994519	0.054738855844895	0.153987204391437	0.221969604351872	-0.0750825828031691	0.189246852357136
chr13:110305257:110307557	0.103748299122095	0.303274979241184	0.187487911658216	0.315679556355275	0.0839111110535232	0.875750907941602	0.164183861347278
chr13:110305266:110307566	0.0731510429631621	0.304853970321635	0.27503898582832	0.185795376208994	0.0430975221583083	1.12908857335839	0.113446796056381
chr13:110305283:110307583	0.048927958073778	0.265630241463662	0.261512679146721	0.204959065611587	0.0586768979908547	1.20046923028299	0.135711088792952
chr13:110306857:110309157	0.0439097430506494	0.0957547960132152	0.153479518487627	0.0920489588583108	-0.097335986040683	0.432704409946547	0.0491107615239849
chr13:110434285:110436585	0.43013531667159	0.127754571791685	0.00610304914458206	-0.0442048914912223	-0.0173504036657602	-0.0890279824003572	-0.0502498557379825
chr13:110475947:110478247	0.491042096291244	0.337895496083887	0.29061271768348	0.069709733825864	0.329721777773929	-0.0381190709173197	0.119939676306952
chr13:110501696:110503996	0.279777305363053	0.296803755308088	0.125964166733603	0.201202549699522	0.484863718618228	-0.00475731345708975	0.117084805338689
chr13:110501750:110504050	0.267511782989619	0.294832363461885	0.128351292474635	0.192414894005474	0.648529451492797	0.0897236369963378	0.252558091466183
chr13:110644381:110646681	0.152391529895821	0.199563596711834	0.184636743516126	0.0386112752083658	0.0732032087256893	0.0347176046763148	0.0245271559178919
chr13:110645773:110648073	0.120749426372959	0.07468175238091	-0.0188570625308493	0.107337984571835	0.0301441873856312	-0.141900327093573	0.0830278371656384
chr13:110645978:110648278	0.227182113401779	0.211286029446519	0.0419692739403263	0.24550911096913	0.110110013846195	-0.139172882373268	0.0730016888613051
chr13:110646076:110648376	0.250923788479897	0.114785533305477	0.0472617643616533	0.21836959450848	-0.00727443131969405	-0.171716249026235	0.0308064474020111
chr13:110646815:110649115	0.119124309288486	0.0605294544467045	0.0239957354287856	0.057597673686637	0.00314868823099586	-0.133051487500096	0.0029234410253371
chr13:110663218:110665518	0.120256253046001	0.108687763120093	0.0407183418273663	0.056728182742663	0.0672573579574084	-0.241344772411529	0.101606782688741
chr13:110663230:110665530	0.102684464360937	0.211091250599562	0.136468486305503	0.0450991474539892	0.119719341379663	-0.225965749223541	0.032823388928547
chr13:110663328:110665628	0.122788546539738	0.232647066221645	0.203847541155206	0.0189356803791136	0.120571259991091	-0.304255673421584	0.147674987270802
chr13:110667158:110669458	-0.016794040510584	0.0428386506875333	0.153178195410053	-0.0467048314631014	0.0316458245848591	-0.174927799969188	-0.024458367372051
chr13:110682839:110685139	0.246465849941313	0.106804166741381	-0.0673594624597233	0.0732570360218425	-0.0400481349933225	-0.091418790517901	-0.0349655745705896
chr13:40350013:40352313	0.247450871792506	0.146886452725987	0.0778886922269808	-0.165889920759651	-0.0682566402318013	-0.106624523983421	0.000277414800573798
chr13:40350058:40352358	0.248018481525028	0.242316491358013	0.0898821181327819	-0.122585524635773	-0.0755492790101901	-0.104963687281428	-0.0525565252311247
chr13:40350111:40352411	0.333136417498526	0.124637675632011	0.0854363678045849	-0.121767445012927	0.0462325263884498	-0.0823827922307681	-0.0342192945155018
chr13:40350184:40352484	0.304039500692986	0.0199172340520081	0.133750926364037	-0.109094049512895	-0.0201890931304273	-0.109432427791583	-0.0275812903789216
chr13:48000940:48003240	0.296165598511714	0.352559797307795	0.0832614382182616	0.0833602848127753	0.2567058990475	0.380271461105109	-0.0703417043760093
chr13:48000966:48003266	0.233037088309024	0.185764664698338	0.0608604458284327	0.0908404161875216	0.195261933949277	0.354857320400629	0.0937368028527911
chr13:48000973:48003273	0.328825874222241	0.268871415331518	0.105282693775745	0.0990274360025268	0.228918166194538	0.363279554832136	0.0935465033325349
chr13:48000978:48003278	0.316634868699005	0.206292402083246	0.0557553515285137	0.0542614630384724	0.235317952846774	0.399694337054738	0.101896908944806
chr13:48000979:48003279	0.338498187080251	0.154610067500272	0.0778764991793495	0.0993562546708823	0.194160343169527	0.385619816057748	0.108565549127105
chr13:48000991:48003291	0.324188485416843	0.326630416371424	0.108152639953877	0.0526016241122599	0.193427964912498	0.360631375940825	0.027000145005828
chr13:48000993:48003293	0.294295117809519	0.257866117153653	0.0599237783098223	0.0846555198410338	0.206465777109075	0.386157034222916	0.0829999889899018
chr13:48001005:48003305	0.2656132726831	0.303346572820181	0.0756377425604823	0.0354116202397516	0.16148279366028	0.316917770468675	0.0303494241090937
chr14:103520428:103522728	-0.0283052108023507	0.136676391028415	0.1003387575698	-0.0518360453307395	-0.149963865767062	0.289045765496231	-0.0593962003025877
chr14:103521022:103523322	0.125548047748399	0.264905542345749	-0.00996821990246975	0.0957000297347379	0.0404903496547177	0.52913975377619	-0.107395002169445
chr14:103521042:103523342	0.0991098069591175	0.267688046547535	0.0345222978731451	0.0967816705011899	0.0838526554955297	0.583139700922145	-0.122532135376027
chr14:103521143:103523443	0.135588450193335	0.0503344228663026	0.151288832634257	0.0705194308389721	0.0687062848988419	0.734184087711557	0.00646326332381734
chr14:103522002:103524302	0.0983181294831962	0.113478647311863	0.138194544273141	0.0994920772434747	-0.0914058927692789	0.659121802296352	0.0858294841639001
chr14:103522502:103524802	-0.0408452313291739	0.206063143558282	0.101738487482684	0.118089881377435	-0.0690364307255414	0.396385470873031	-0.17420957737089
chr14:103522521:103524821	-0.0731853376557106	0.132095233150739	0.00955674776019758	0.0792820721832056	0.00265518246117267	0.41845109310524	-0.181122282404385
chr14:103522530:103524830	-0.0193465606453286	0.0619760076793849	0.0607111750373911	0.0751410924734281	-0.0170621350601127	0.325840512893598	-0.144620250400322
chr14:103522533:103524833	-0.00848849266853255	0.0675453497898919	0.0589510510559782	0.0917841631567407	-0.0162439373913088	0.327385898165676	-0.14536536018293
chr14:103527195:103529495	0.0957187935577875	-0.0231167863552323	0.184712683930097	0.0894059057800723	-0.11476865146338	0.0958996923500476	-0.0733435415635266
chr14:103527225:103529525	0.00676292725920009	-0.0333275862275088	0.238597995694423	0.0377425967703708	-0.128388627372965	0.1309030480726	-0.101414825613222
chr14:104577683:104579983	0.488496704201278	0.539975981827542	-0.251336314829492	0.124816064353628	0.0677556459985297	0.450914420483396	0.021552441685464
chr14:104577763:104580063	0.589559507735818	0.415528940804504	-0.315859837546406	0.136100518627722	0.0368529313300598	0.649879696520104	0.119500290419222
chr14:104708724:104711024	0.247428337090262	0.142011991441464	0.242432369971742	0.0166196103478926	0.118723664930476	-0.0861477136782225	0.156420080797587
chr14:104751146:104753446	0.149280379550432	0.060141593322384	0.188994148882778	0.0960938194789403	0.266720194686021	0.441919874565094	0.0429949482599329
chr14:104751158:104753458	0.154832840658895	0.105334368574604	0.164608005195554	0.209034175003958	0.190034135676647	0.51980913037885	-0.0157958535658425
chr14:104751159:104753459	0.118557937618423	0.0951048877919733	0.215508972585334	0.157821160349818	0.211114034267207	0.526775965330414	-0.010228951265458
chr14:104751170:104753470	0.227348665835213	0.089516600110683	0.236978433708051	0.179881056975076	0.172749650837483	0.530324061996103	-0.0400429339640294
chr14:104751180:104753480	0.246783012000969	0.155913387130027	0.167059139384634	0.194468393171574	0.228803955112147	0.483096686732642	0.0292193631553308
chr14:104751201:104753501	0.0123181019367316	0.06870941335244	0.256966079463424	0.191022310304636	0.130120819221449	0.44313857027721	-0.0544231217675477
chr14:104863267:104865567	0.164411990393024	0.154403397023217	-0.230808624067633	-0.139771206803265	0.0304542741945016	0.134670608414919	0.123631438469201
chr14:104863279:104865579	0.148302143631561	0.236043507661858	-0.101124984534727	-0.108203929263307	-0.062942051729791	0.219048608502567	0.11015340302198
chr14:104863312:104865612	0.107895981588145	-0.0060825877022235	-0.0883464357464864	-0.0720671924590972	0.0128177741657739	0.135412825359256	0.00121289690610203
chr14:105177457:105179757	0.131627199817722	0.256451411089721	-0.189617793844315	0.240017261049636	-0.11376928663596	-0.0463201074298322	0.0487184859565735
chr14:105221520:105223820	-0.0287816665000257	0.0506562086051312	0.0622672943598261	0.105591168034495	0.0519276130102071	-0.225762410402944	-0.120210353984267
chr14:105366084:105368384	0.00370548497760092	0.105838643758596	0.055279124854846	0.162085846856758	0.17175387041018	-0.0189992654961921	0.0450581537309215
chr14:23951733:23954033	0.045128302502249	0.296516402643789	0.254322717776977	0.135435820104521	0.135401223571373	0.515064774145845	0.0983761308762984
chr14:23951769:23954069	0.117334208523232	0.298465535926624	0.30250756065091	0.0189072106993848	0.0612418753014785	0.526941916585784	0.00541853817262336
chr14:23951778:23954078	0.0961132712826292	0.305236789603743	0.307722160266013	0.0349474350984856	0.0863535620559962	0.549470116472861	0.0145204315874742
chr14:23951785:23954085	0.112838834219295	0.282099766507423	0.302898542174819	0.096252718860477	0.0973094303572883	0.565172577686134	0.00773111476221508
chr14:23951788:23954088	0.0371131726356026	0.393810694536533	0.288321991252733	-0.00179351796843632	0.0118732528014691	0.634200481545192	0.0686675795714539
chr14:24141187:24143487	-0.130229474715828	0.00434217830199746	0.0519259562440587	-0.0839433792745684	0.0773326636352552	0.195488417849908	0.0479654105933361
chr14:24141253:24143553	-0.163001208056984	0.0642938325484477	-0.0573321819924454	-0.110742576595725	-0.0383878881260417	0.107975006217743	0.0362752876139183
chr14:24141270:24143570	-0.087492744997938	0.112147948266952	0.000604916704673584	-0.0577293908997285	0.0809122032426847	0.232387615087625	-0.130900618198848
chr14:24141285:24143585	-0.0472532052397384	0.0872790223999984	0.00637479009350959	-0.0564051980679066	0.0128835748020754	0.216524488764142	-0.124262871689611
chr14:24141291:24143591	-0.0359429660638317	0.112451572580878	0.00587397727675873	-0.0250313009508453	-0.0116558280288001	0.226044252119297	-0.0891230510225655
chr14:31457076:31459376	-0.105835350330506	0.0622006077501791	0.0126853772914802	0.0465567942710516	0.208193460888478	0.419622096885467	0.122895048037666
chr14:31457107:31459407	-0.0838661225294762	0.0819592631728568	0.00964609911461231	0.174326261680582	0.184302712926182	0.407693104590724	0.136130221167072
chr14:31457141:31459441	0.0544028391577813	0.0999640460082288	0.0448937748465882	0.20589248149792	0.314627458091698	0.561425217275171	0.0811744817457753
chr14:50311847:50314147	0.0505904336413965	0.277904659978451	0.0317194502413343	0.0760130948410392	0.212965970779293	0.362388454406472	0.0059139152822391
chr14:50311854:50314154	0.0879043731270554	0.20268735742973	0.100941796695934	0.0317177590713185	0.247320799469665	0.384193545721857	0.0335578522242683
chr14:50311868:50314168	0.0792662995453748	0.198629953199193	0.0520598631359492	0.0885510715272488	0.164318278106671	0.363620891476318	0.0913575364951305
chr14:50311926:50314226	0.0444148375487475	0.270866160455069	0.0637628934382331	0.0449637875467906	0.270916233743264	0.317257010693269	0.146195433591625
chr14:50311929:50314229	0.0164319339403655	0.211547462498944	0.0131518025785326	0.0682416132846389	0.253727833981627	0.306806385588988	0.149394547211401
chr14:52552205:52554505	-0.0553609649018282	0.107991925071204	-0.0592120503193235	0.0327976662854923	-0.0126429108670451	0.198031619572109	-0.265305017057514
chr14:52552222:52554522	-0.223618265726741	0.027003845560927	-0.0858778926053518	0.106072823647515	-0.111104437241277	0.226734269699782	-0.133898975614827
chr14:64538467:64540767	-0.447974897345632	-0.055734326728862	0.115197594441183	0.040489204988359	0.149904686868448	0.0678964424416712	0.0133929360796273
chr14:64538740:64541040	0.177990672651377	-0.0541251327300321	0.0974639477454129	0.152783396398834	0.423890764731101	-0.0264570458829094	0.0792994061541154
chr14:75577455:75579755	-0.15974630685508	0.0287429731541548	0.145711898343031	-0.0764284783363905	0.167243151047842	0.504531559341721	-0.0512211346198288
chr14:75577583:75579883	-0.0164761453287301	0.0896344160398116	0.0459754129726568	-0.110885977346198	-0.0112419169623932	0.24231107865552	-0.0703368183316813
chr14:75620057:75622357	-0.0327844393401721	-0.163716707672914	0.162711968376171	0.119568578573067	0.118611490252758	0.154210843455501	0.142720556371208
chr14:75620059:75622359	0.0201641007994676	-0.103258271943735	0.172600302119886	0.187336078792346	0.0218317219762543	0.153806734738995	0.134365836227622
chr14:75620091:75622391	-0.0753867091457453	-0.181246989558801	0.181193880604193	0.0992242232024027	0.0923276732723501	0.152640203788079	0.00837852534045246
chr14:75638731:75641031	0.00422232619587844	0.0765194501136837	0.0380021514484817	0.11810579402658	-0.0192069186134865	-0.0452229170871999	-0.00662791241358114
chr14:80953524:80955824	0.160345372007815	0.315351727743781	-0.314408950597558	0.148029506055086	0.248579605706962	0.217798037076388	0.102115905682128
chr14:80953580:80955880	0.211512673799774	0.348600772789572	-0.188257126080295	0.185299469689313	0.129319006150698	0.392096818918544	0.118404413639247
chr14:80953587:80955887	0.291112850051834	0.333989195857412	-0.235209795501812	0.175965483539264	0.0465971917207059	0.433141590321843	0.0858539737026241
chr14:80953628:80955928	0.149388460086984	-0.0134922556871924	-0.0622719364197011	0.134082425929125	0.195339101192107	0.411670199378491	0.145748874543614
chr14:80953654:80955954	0.138625439995006	0.297895456291466	-0.0824129996203476	0.0497364640926376	0.0262304627409866	0.455310464989073	0.128261807701985
chr14:90617723:90620023	0.00132880325557664	0.0641287570954003	-0.0121159096309296	0.117396768577039	-0.000665116013173512	-0.0724777630285714	0.00838146177656656
chr14:90680227:90682527	0.0941887927441766	-0.0853435865416481	0.0707618473653594	-0.125158052823306	0.122756474943416	0.0356148963073361	-0.182706959594243
chr14:90816179:90818479	0.0361037523224989	0.351982867597512	-0.21739650956557	0.108506768415014	0.204676024393884	0.289943281185745	-0.0271269473166095
chr14:93114979:93117279	0.0696618034833477	-0.0161847962535542	0.258282830893958	0.0814125250744927	0.208257905619576	0.58807889325249	0.0729354604323453
chr14:93114986:93117286	0.0957689497533078	-0.101467195456141	0.167711510585995	0.0573696030667984	0.177409591351676	0.535536539858252	0.16867078386541
chr14:94610376:94612676	0.13250941805294	-0.0320961893786666	0.0345565795181435	0.093232317797074	0.107105801430109	-0.160421129474589	0.132017698179873
chr14:94610383:94612683	0.138521293155974	0.0184840683212732	0.189782662686689	0.0527756101439059	0.138288584811348	-0.088768897466011	0.242565021583766
chr14:94610389:94612689	0.218155571134993	0.00171336677153676	0.215546158326	0.0181154567900213	0.124345017374362	-0.0676302477420352	0.0683675316896822
chr14:94610390:94612690	0.247454520373527	-0.0253414738225598	0.208767789042523	0.0761612271286324	0.143805731464585	-0.135976357825107	0.025417101694438
chr14:94610404:94612704	0.199632920654054	-0.0236333113058776	0.123001117316202	0.0410095013665928	0.140159162603951	-0.16750043315026	0.0616112968736373
chr15:40737520:40739820	-0.0578450227282207	0.162666248165365	0.00220763302417927	0.0479502618332483	0.00402619075193736	-0.152380516016748	-0.0201894352628219
chr15:40754946:40757246	0.178041279637332	0.322108702608599	0.304326475272299	0.15633198173373	0.360933112031848	0.383267999619018	0.370164467218001
chr15:40754953:40757253	0.124177952931188	0.382424640658672	0.275747939864824	0.151130390626206	0.398172371356613	0.397773470363412	0.395753984732127
chr15:40754954:40757254	0.143708830927942	0.368045639356352	0.321674878378227	0.182651993291789	0.335397758989799	0.481170807193354	0.330623880522383
chr15:40762067:40764367	0.11596172463683	0.119970774037986	0.162998648690386	0.0419076994643063	0.156276019119605	0.0478715882291587	0.0533947393505152
chr15:40762103:40764403	0.0604892730866921	0.179531815824198	0.0711175702756593	0.135941928913562	0.132775156519957	0.0746665025384482	-0.00325559315316178
chr15:40762122:40764422	0.0557163040238422	0.190144244365396	0.175685668561254	0.169086595773749	0.133332167586902	0.114776163396912	0.0947671517263432
chr15:40762126:40764426	0.0585472004156972	0.197748328620049	0.219586407243489	0.140632362167648	0.192775593899266	0.0941007259605114	0.103491173272992
chr15:43592018:43594318	0.210874232867778	-0.0886059204219696	0.132801812370285	0.00773660202874375	-0.00519283153331626	-0.0025981499491056	0.0787389234495566
chr15:43592026:43594326	0.194116901967159	-0.0939153534696648	0.133255349327131	0.030234397053765	0.0158660879728271	0.00332926018391171	0.0783506321088118
chr15:43592027:43594327	0.183386920790791	-0.0932517604515768	0.111484925493786	0.0100122233657803	-0.0136848019943981	-0.00554154245646801	0.0809336293810462
chr15:57589903:57592203	0.139193508844167	0.0821159289492262	-0.126073536417311	0.156524678751147	0.160111080780671	0.0855729183920351	0.208500401185041
chr15:57589907:57592207	0.130197065071761	0.0593125178849259	-0.0550087630248811	0.173665076780336	0.15377844909329	0.106168100118848	0.170913554172449
chr15:57590013:57592313	0.083421998685064	0.158990476343214	-0.2899574558018	0.171638912577497	0.172124430508631	0.155859045541159	0.18487974145214
chr15:57590032:57592332	0.115746832489903	0.165334050311174	-0.338165797336396	0.075154703285854	0.205889747687623	0.0929064625636293	0.217622886853807
chr15:73991923:73994223	0.0731925745908059	-0.0782546170039818	0.198111109751228	0.0128343039749615	-0.185273483900353	0.301056273213958	0.135026794466242
chr15:73991930:73994230	0.137180937463444	-0.0515019914104078	0.185421043707812	-0.0690743955076093	-0.220226490985264	0.421762954923284	0.13081657493944
chr15:73991951:73994251	0.162091365130239	0.0320977389562047	0.231467441031086	0.0273929999390133	-0.196823218731765	0.292972697700961	0.117091593299715
chr15:73991956:73994256	0.151986968845425	0.0352216851577457	0.114837981702554	-0.00192616398553638	-0.230633212826123	0.374546375963837	0.0924101206134632
chr15:73991995:73994295	0.0127795499469149	-0.0372619810748136	0.217751330037254	0.0946012689627577	-0.203272370764874	0.386004102196228	0.109899833355549
chr15:73991997:73994297	0.0154304852297864	-0.0567992534166245	0.145213456288035	0.0790999906354455	-0.176699518013979	0.363517598132726	0.141915268548483
chr15:73992018:73994318	0.050520831793343	-0.0760039717302365	0.141674363359297	0.0677235164747298	-0.105297735452207	0.591684464005596	0.105562309824405
chr15:73992048:73994348	-0.0127250207712505	-0.0702780742219437	0.218704778652394	0.066754681136222	-0.0289175399958874	0.45159660878974	0.0844813347658578
chr15:74796435:74798735	0.172992568763438	0.157351523934273	-0.0117081966642292	-0.0869010590908623	0.0827535407482053	-0.384812690770566	0.03361952368945
chr15:74796651:74798951	0.387139822833625	0.0910534642820855	-0.0078176238672399	0.0182071219565863	-0.0404718687885804	-0.235216999619181	0.00865466038102678
chr15:74798474:74800774	0.0480185706629551	0.0946893978751824	0.117893060411027	-0.0448873630818627	0.0849994737185728	-0.123643593582539	0.0897323356436424
chr15:74798488:74800788	0.102296364388333	0.00131506858061018	0.0306919172695909	0.0132111206871595	0.00513999860445884	-0.12147686866237	0.154259132353937
chr15:74798851:74801151	0.111853197371665	0.18393450972313	-0.0478709547579483	-0.10670389825797	0.0553233380826331	-0.286988900139824	0.0866267200375929
chr15:74799629:74801929	0.187100871145759	-0.0320616814015378	0.0667496075441382	0.112845740133191	0.0531449999621537	-0.299168844658888	0.0210016434073093
chr15:74993541:74995841	0.172005354344346	0.656284890370847	0.0708947611520144	0.264799282153217	0.0909513860044374	0.200252344893957	0.126684423532445
chr15:74993555:74995855	0.113149388045609	0.710074821255924	0.0371139725876562	0.317098479097892	0.128773923527177	0.252720265025522	0.077040326706185
chr15:74993562:74995862	0.0816386481398519	0.725681648707338	0.0164123969266933	0.340399725542792	0.13842094596584	0.257227043501443	0.0654723773322892
chr15:74993563:74995863	0.105116840422174	0.766331346916557	0.110291147877149	0.282222290997525	0.076914753827145	0.243465778224063	0.139826718547862
chr15:74993569:74995869	0.0743930596884687	0.809784932145878	0.0157960607231014	0.34071396225084	0.12661570098657	0.236482228924551	0.063822943928638
chr15:74993572:74995872	0.0828774814944336	0.786128823557642	0.0190726244292872	0.291410675746463	0.14350993087762	0.191830951371389	0.113601727947356
chr15:74993583:74995883	0.0764631081327557	0.762071002041651	0.00375710808470335	0.22374525659634	0.0728455088682977	0.238287255644804	0.100294898422558
chr15:74993597:74995897	0.179869128041157	0.656400269600122	-0.00779656211997217	0.234683465787464	0.182668180051065	0.335851704309741	0.0644433558167802
chr15:75199881:75202181	0.0491942030805869	0.112885960975928	-0.149953128839676	-0.0193827187406158	-0.0881474556083136	0.0707326964163908	0.0124172703499159
chr15:75712548:75714848	0.236574834225661	0.199627851830993	0.0268762559108049	-0.00434160870015863	-0.23945233092775	0.337168155075667	-0.130807348169589
chr15:76292322:76294622	-0.0305119563726176	0.167656132601334	0.197374232961397	0.102776224425962	-0.0244698628971309	-0.0205959939421296	0.292534893910899
chr15:76292398:76294698	-0.00356479728680949	0.146976563947538	0.30280273022896	0.161266016773833	-0.0738073329271617	-0.0322112085271903	0.29664177105767
chr15:76311096:76313396	0.124621858970974	0.366595012400861	0.196572575840785	0.179135945539931	0.150716521321819	0.283790113120778	0.228485633607588
chr15:76311102:76313402	0.133088484437746	0.206572403362155	0.217615578510183	0.203132846091483	0.189661974310201	0.331166576016001	0.219494765415012
chr15:76311104:76313404	0.144238518616546	0.256664661552606	0.215348190292744	0.150156992579525	0.224523205546301	0.280985737398305	0.260453006162258
chr15:76311112:76313412	0.132834251546339	0.208251226235375	0.226054575275405	0.173047492910265	0.183876917564108	0.354441809039894	0.232983581249587
chr15:76311113:76313413	0.13619796895659	0.37315814571054	0.212687672619774	0.151004320004514	0.13895082994243	0.290197406190048	0.231789771682832
chr15:76311114:76313414	0.126087289095868	0.193979511662776	0.258101423353036	0.170495776835351	0.257487478121391	0.306166423140367	0.197598605945664
chr15:76311143:76313443	0.126927822874724	0.276008116163707	0.209727987902755	0.119194153982203	0.4450564061971	0.177558386587999	0.18863705030883
chr15:76311148:76313448	0.134868397311826	0.153352665128609	0.228168905554063	0.181725475229692	0.384480921379628	0.192595866558944	0.213324823770211
chr15:76311166:76313466	0.0727538427693323	0.204665881470014	0.232711055839284	0.214918014349398	0.421248358588109	0.220342516374962	0.158288955580296
chr15:76311169:76313469	0.0944779671771137	0.334991244653173	0.196462320183358	0.198457142511595	0.346859427901085	0.213135020032659	0.187075804165409
chr15:76311172:76313472	0.0927973573529287	0.211390636697857	0.235438786233402	0.212623898478634	0.423659216868323	0.231761209639807	0.156540650021226
chr15:78262543:78264843	0.0510797879798414	0.0802078895139373	-0.055503332766733	0.0321148387522526	0.0470312080531129	0.189660976951945	0.0441425721304811
chr15:78262561:78264861	-0.0165936254558726	0.128347729653013	-0.151246343366186	0.0466439498616351	-0.00266696572900621	0.191946427433214	-0.00777573862161629
chr15:78262573:78264873	7.5837542150312e-05	0.0142504583644911	-0.17352658808816	-0.0167958254031935	0.0739460588913834	0.15577210691654	-0.0207844708323892
chr15:78262608:78264908	0.0346681912100509	0.0080859404383701	-0.100470510232191	-0.0221993058373939	0.0936663609893201	0.221627227956122	0.0135010867716801
chr15:79896697:79898997	0.145446709379437	-0.0561435328354821	-0.0885793847356886	0.0254054752458903	-0.0495544641691544	0.324783502412582	0.0579004996032305
chr15:79896749:79899049	0.128220882586751	0.0179633914517257	-0.05774980827914	0.0603594144091253	0.0404179175642712	0.232758436953358	0.101697962036883
chr15:88465704:88468004	0.247509513270647	0.657831916162689	0.132038759338403	0.194821604027081	0.175267213975882	0.479640079233291	0.436423127339532
chr15:88465705:88468005	0.239434555378104	0.65748172054295	0.178437174335439	0.21812948307269	0.278686994483058	0.473525307798092	0.346764496079244
chr15:88465707:88468007	0.200763917394759	0.627363552464715	0.178476688071117	0.215471659427182	0.270688933472624	0.470665861309763	0.341516979396599
chr15:88465717:88468017	0.167847065273026	0.599873975500109	0.147034943750834	0.21538498336123	0.248359311422867	0.439950482719717	0.444475620708931
chr15:88465735:88468035	0.201944559372641	0.53063017646466	0.200493369291493	0.255498118348469	0.258026369754212	0.508399031922188	0.383739593136525
chr15:88467088:88469388	0.126850634446987	0.4817045624798	0.103351966501269	0.149246845397033	0.281426715980415	0.310623791487259	0.385419918672795
chr15:88467089:88469389	0.126850634446987	0.4817045624798	0.103351966501269	0.149246845397033	0.281426715980415	0.310623791487259	0.385419918672795
chr15:88467090:88469390	0.135634868911546	0.476625935083765	0.0995033751235682	0.222481297876829	0.262790714675897	0.276749370826741	0.32591854295642
chr15:88895213:88897513	0.0747178670642271	0.0674313680039419	0.107966867995414	0.200663100676772	0.114594713106246	0.0610876978101356	0.0975812924172562
chr15:88895231:88897531	0.128289204644127	0.0477296352193867	0.165396469842258	0.34928935909405	0.168681244697966	0.131195656452085	0.114976350258476
chr15:88895233:88897533	0.101972639237415	0.0617317867482849	0.193726159768279	0.345491453204859	0.178101547889236	0.095556272896319	0.110281565721973
chr15:88895297:88897597	0.237589041515995	0.0596453475472547	0.0788531373785867	0.246053279811279	0.159389896935872	0.058551335767509	0.0644137293272038
chr15:88895326:88897626	0.209516195860707	0.0579090629110985	0.0974662469040726	0.284569263963571	0.198693236072313	-0.0202892841951077	0.0697565299744044
chr15:89690453:89692753	0.149395112782098	0.218344658260646	0.104739782127697	0.00997641323783454	0.146995935431071	0.0136651235959198	0.209221204698893
chr15:89690454:89692754	0.0925220826292012	0.225286948509438	0.0598739795085178	0.0110636265253788	0.2022858375739	-0.0110812546703634	0.229112766110445
chr15:89690482:89692782	0.136532952470809	0.0981424110645273	0.0456264519059792	0.0481933862182878	0.156176786024102	-0.0486451720697332	0.321986642575368
chr15:89690483:89692783	0.161575814247463	0.156290685790793	0.112731712312572	0.0389782404160063	0.145480562707526	-0.0435987353021436	0.235722614979849
chr15:90102168:90104468	-0.16949297291097	-0.0108324245823859	-0.0328027851291074	0.00271216984798414	0.147429096193289	0.125307745777569	0.247788078721156
chr15:90102177:90104477	-0.10045559922056	-0.0142966853322473	-0.0380932264584477	-0.0125521929562961	0.103961038769147	0.14850010356633	0.238178457819733
chr15:90102204:90104504	-0.137956628002995	0.0118107052966426	0.0192200832369387	-0.0340941488630597	0.160671623301393	0.132631539366521	0.205286818002103
chr15:90233641:90235941	0.00613331660033059	0.0519652350004348	0.149579578611444	-0.060816272561652	-0.0417953750546592	0.404769297174771	0.16993672594976
chr15:90233660:90235960	0.01718774393432	0.0453733876481256	0.141774929862287	-0.0165898023625241	0.035728851123688	0.404324531511695	0.0390946641237715
chr15:90870877:90873177	0.0380403672227167	0.028435206778759	-0.0151785236194281	0.0416207918670462	0.0814885454565332	0.399372632092155	-0.247797814195854
chr15:90932224:90934524	-0.072071080762666	0.149670257941149	0.145854824383797	0.0542824229729712	0.094355411314144	0.0456696077160627	0.133627305168913
chr15:90932246:90934546	0.00121315483976552	0.141133776730077	0.111693752749065	0.125900745672342	0.117246703806194	0.0460116414928229	0.175809012259908
chr15:90932250:90934550	0.0537375471475031	0.148369682161222	0.128707683876585	0.111687110718533	0.0617975322468653	0.0405034935057461	0.120770063695538
chr15:90932252:90934552	0.0287126940252845	0.144546498762515	0.16881846987365	0.0328208043545375	0.012339545604474	0.0158084390178302	0.159617833999477
chr15:90932269:90934569	-0.000670741816141834	0.0776671400005475	0.0899080132294716	0.0737187638517439	-0.0175810479444414	0.00210755630559702	0.052596269019385
chr15:99733061:99735361	0.0611103630850232	0.16515464739944	0.155684983027311	-0.0259235367767855	-0.0873620147887693	-0.0305449496112338	-0.0564383447972489
chr15:99733091:99735391	0.0765330622208697	0.0437411480723109	0.111127369656162	-0.0436567981253737	-0.0354533175582858	0.00210413721389407	-0.079773504114506
chr15:99733121:99735421	0.161921613424304	0.0124515040652723	0.119440138484335	-0.0443214945745402	0.0657955888008635	0.0678762458748314	-0.130841159053259
chr15:99733137:99735437	0.0750900715189679	0.0950695388672106	0.0775938727957409	-0.00102327290307617	0.0826116527227163	0.0553898035089865	-0.0586488004339912
chr15:99733144:99735444	0.131945778931895	0.121634281609433	0.138373884242904	0.00976472762030511	0.116105604422745	-0.0102667940186638	-0.168361142382005
chr16:1349930:1352230	0.0671913152004727	0.221412058039375	-0.062526177041055	0.0182999997270322	0.108113076103195	0.373084513643278	0.108000300298471
chr16:1349943:1352243	0.0385519384080835	0.20044261822649	-0.0418336886725116	0.0696469921284471	0.0942481637880167	0.243076301338293	0.121602712767539
chr16:1349945:1352245	0.061919438727068	0.10913224617714	-0.0152100511634359	-0.0330436751379109	0.0884596792222362	0.238320602773295	0.0291019189948682
chr16:1349947:1352247	0.0312583678151547	0.186587291710445	-0.0583836816647562	-0.0304249160875518	0.103561728570535	0.205949771080894	0.00118093629760571
chr16:1349950:1352250	0.0652191462905127	0.100989941282538	-0.0436532976178185	-0.0304883351825718	0.089129547625003	0.283713146855365	-0.0959452047935452
chr16:1349953:1352253	0.0898511066784038	0.102768139276259	-0.0914862251410024	-0.0161674604278959	0.0957780861838156	0.260543051300872	-0.0537430465742386
chr16:1349982:1352282	0.0485079427404988	0.138104082313137	-0.0170553847601249	-0.0855168189590971	0.0654263945144876	0.159761463930342	-0.0247613918566551
chr16:1351173:1353473	0.390953355178092	0.171103318788418	0.054325421305016	0.00825508016683658	0.00435337088413205	0.203840547291874	-0.158136122003552
chr16:1420447:1422747	0.14071805330783	0.233903671440462	-0.00323581243313175	0.165016475121454	0.0510905941416892	0.229579296254113	0.0393542014444454
chr16:1451669:1453969	-0.0833097497791129	0.170041828628748	-0.0225713801318581	0.00180326552489635	-0.0145247335270573	0.0406255068439291	0.0396984765079614
chr16:1499706:1502006	-0.0730318356717217	0.0336018687258038	0.0427878989818421	0.121047854113156	-0.0901804742212746	-0.073982235092091	0.0127659573794731
chr16:1503440:1505740	-0.0948304817733613	0.210209321722233	-0.0183100330911001	-0.000826509651807329	0.0600170837605644	-0.32874508522261	0.0681138926968832
chr16:16223134:16225434	-0.026135730252745	0.0442922351919868	0.0424115286400503	0.0995828526490247	0.0392401007066636	0.0102915106809692	0.092666275987052
chr16:16223164:16225464	0.0371572142409975	0.0409600588543021	0.108300929440097	0.14148070092384	0.0244595576881997	0.0675100404010302	0.0930654446582458
chr16:16223167:16225467	0.0246348881374205	0.0852388754926976	0.10143303339964	0.111741347738114	0.00368478103796781	0.0803301020828517	0.0962035882329051
chr16:16223171:16225471	0.00998522553019441	0.0819437831892221	0.100638949375553	0.115460189709712	0.010966024993503	0.0791731604308431	0.10104100994919
chr16:16223194:16225494	-0.0748540368042016	0.0995701224198982	0.122527541551861	0.0965176385639888	0.0157192284355531	0.0153319357354698	0.157055240490906
chr16:16223222:16225522	-0.00803581106531592	-0.00368573735500264	0.114273008763006	0.102304383574006	0.043345180127783	0.0630756969445463	0.142854808731696
chr16:1770906:1773206	0.00665551717656625	0.17135386294395	0.0141982965496228	-0.144595951918279	0.0444903749471248	0.276207708119186	-0.110482101299128
chr16:1771023:1773323	-0.0264134265416879	0.0147843098673255	0.101014856029335	-0.0124698056578651	-0.0799865450218971	0.272845039769831	-0.0180140163261865
chr16:1771195:1773495	-0.0333572967164984	-0.0882169520808569	0.0840939759213622	-0.0513307968951102	0.0845848068556444	0.184277992536904	0.163676834240917
chr16:1771210:1773510	0.00789788366800668	-0.0679037992550907	0.154375595251229	-0.00363171736306359	0.0394240577994723	0.129320275299326	0.209260290790196
chr16:1771213:1773513	-0.00323833912062266	-0.0845204649512986	0.112310090684437	0.0394481635289279	0.0406459507336751	0.173195460503751	0.159332068895118
chr16:1771238:1773538	-0.0135870755952566	-0.109340524264382	0.0876516076345352	-0.0290514565121996	0.00494044330621489	0.127994480209913	0.198963464601406
chr16:1771243:1773543	0.0100826237440879	-0.108429937833548	0.127770774546942	-0.0769392826621517	0.00203713469561121	0.136384837792824	0.155310965145873
chr16:1771257:1773557	-0.0183648759357921	-0.0908174690518521	0.149744020919254	-0.0755447573303624	0.0641586785696916	0.120389139173064	0.180642406261197
chr16:1771261:1773561	-0.0162709661216863	-0.104375877241512	0.174897755268652	-0.120431723516933	0.0849790668559219	0.058079844757602	0.242164063326966
chr16:1771430:1773730	-0.00613545761398753	0.0972633519025536	0.0219688186749001	0.0833122375447272	0.132636753324362	0.290029993585429	-0.0553042626088183
chr16:1780931:1783231	0.139939454012346	0.0228216816392708	0.124262049269931	0.0159376218983234	0.0243302968027399	0.422614225103763	-0.078556090555499
chr16:1780955:1783255	0.107051044130398	0.155512429688212	0.0851217652041877	0.149336029384297	0.176367387265999	0.484295794240591	-0.0466853275276317
chr16:1780959:1783259	0.146899658541548	0.120232676980448	0.104487288626631	0.0559687023595596	0.183514916122829	0.436773708507717	-0.072951053307961
chr16:1780967:1783267	0.112932050658451	0.150344152026488	0.10461223607959	0.100720967399224	0.174706052683741	0.474707828846202	-0.0423420067813217
chr16:1780989:1783289	0.172412981207974	0.229464886810623	0.0948047874533156	0.0488624968279033	0.294232007918779	0.409471029007646	-0.0572106544602547
chr16:1780994:1783294	0.174775798643482	0.199073480017287	0.0564678220641813	0.0291651218244141	0.205918768473886	0.455838643818525	0.00198941723515585
chr16:1780995:1783295	0.126947220801129	0.193530536762142	0.0699912639357826	0.046432886369269	0.203586747443576	0.446543939453219	0.0204085358961405
chr16:1780998:1783298	0.158504392751271	0.198695885739713	0.0867663852439514	0.0345683140950689	0.217808614605768	0.416418610151796	0.0204647533470958
chr16:1781006:1783306	0.102282518695026	0.177693173425865	0.0806378850802658	0.0036587086474586	0.297006553862327	0.370518546099058	0.0437070846194673
chr16:1781022:1783322	0.0931483067334842	0.124159530860162	0.102954926967042	0.0537341513065593	0.27258544745626	0.432786249399767	-0.0582549077611885
chr16:1781209:1783509	-0.0215963088028764	0.194902477655152	-0.0344235271765472	-0.10348245133221	0.272405143613843	0.278850921123652	-0.0286695415717999
chr16:1781216:1783516	0.0713409759046479	0.100246581639571	-0.0469735015863056	-0.0551608515314524	0.253337773288444	0.312164081692204	-0.0423394667117378
chr16:1782205:1784505	-0.0733700376642442	0.00211530922257184	-0.171696538188033	0.112319031735606	-0.106251097421266	0.208141764371348	0.0714571584103722
chr16:1782247:1784547	-0.107856915511335	0.0632625920932537	-0.0550834258159899	0.0766214127956459	-0.140853828200732	0.347976938517993	0.0918521483876573
chr16:1782252:1784552	-0.015505608217684	0.222958736273013	-0.0343621595031725	0.0668088078001102	-0.173709063596652	0.289825710717477	-0.00837046105019243
chr16:1782257:1784557	0.0453110591340071	0.22716788007644	-0.0034213839492812	0.12064501440318	-0.242965337580979	0.250167419544492	0.049975104950156
chr16:1782267:1784567	-0.0258115292904526	0.187543931674429	-0.0990089877527559	0.110215786436078	-0.197809109744001	0.256053935501353	0.0357190774520893
chr16:1782271:1784571	0.00651824606409768	0.262209382238739	-0.118856381883987	0.110334456859187	-0.225770843490434	0.248886605510253	0.0571606432738907
chr16:1782294:1784594	-0.131673190119032	0.23444719156237	-0.0466676087278386	0.157636522493712	-0.322712674557573	0.258183123815254	0.0707454449881621
chr16:1816607:1818907	0.038146933082108	0.139916791536805	0.00293349076529262	0.116207511447646	-0.0467434729219111	-0.0787036010334541	0.107342349274256
chr16:1822604:1824904	0.216231081502132	0.354032821787651	0.104993169316072	0.128604476040361	-0.0360263116583279	-0.100058290360073	-0.0379526863920826
chr16:1824940:1827240	0.0474197721489511	0.0959354453389044	0.126938268931458	0.113361547563806	-0.106278322999669	0.372163877648971	0.039560756119595
chr16:1824966:1827266	0.109349708347986	0.153515048148968	-0.0701942499129846	0.0781742409607677	-0.0723084163607659	0.29921400626861	0.0684771918679327
chr16:1826260:1828560	-0.0446283817827603	0.0104484709311174	0.0396439156931679	-0.142610372581409	0.0576427668225192	0.198422665577918	0.116418917254926
chr16:1826478:1828778	-0.0267492914457256	0.0845266688577678	-0.0539782786460519	-0.0310118056002965	0.0284768512327863	0.25932944648522	-0.0873493641577843
chr16:1826502:1828802	-0.0275347287517176	0.0202110190907959	0.00223902499875284	-0.009396751649655	0.130464940993221	0.245465233529437	0.0497666359512935
chr16:1826507:1828807	-0.02024732081475	0.0264077453391525	0.0040360074151066	-0.00978154076118468	0.128986464990573	0.243815115141395	0.0698109878090085
chr16:1826525:1828825	-0.0166103196413014	0.105012999858418	0.081381943294724	-0.0523865125684199	0.0424433766935359	0.26822182379478	0.0161119678269798
chr16:1826532:1828832	-0.0393634402133798	0.018011105877934	0.0678545595346905	-0.0463867120851056	0.0839500047024236	0.285615166151233	0.0255973003469738
chr16:1826534:1828834	-0.0086141336412594	0.0789079936827809	0.0467401287094154	-0.0304732759400436	0.0449224850302426	0.267042047531	-0.0134639267616977
chr16:1826541:1828841	-0.0340676888774291	0.0255641185036175	0.0531492905952335	-0.0412188805848629	0.0541739823536832	0.268556709453794	0.0373367729968912
chr16:19181903:19184203	0.112487976261283	0.464149861830538	0.0139200644468514	-0.00720817529999902	-0.0100399397665246	-0.156647627256717	0.0774967455830367
chr16:1942895:1945195	-0.0614719891086055	0.00665820978570303	-0.0206361569556711	0.182770868714587	-0.10657759299451	0.21838381232412	-0.0419108257656857
chr16:1942899:1945199	-0.00757259750520516	0.141417930784229	0.0583835083096061	0.0305762693851589	-0.0920629203716291	0.182716118882177	-0.0730163187244916
chr16:1943026:1945326	-0.0155279660601516	-0.0589206827839166	-0.0190704595350462	0.0904654405614265	0.195848130653254	0.125682442330192	0.0597509628104006
chr16:1970052:1972352	-0.156630080877122	-0.00379355119341309	0.0526948292816189	0.0335852697096154	0.0164922749845842	0.207445147198309	0.059838938453702
chr16:1970070:1972370	0.0122212169331319	0.00648209619305244	0.0713749448090421	0.1789430979035	0.0365747960967088	0.295500554060124	0.0700586717774745
chr16:1970085:1972385	-0.0245674113220943	0.0619136580318371	0.091668763864124	-0.0143196286102824	0.00277482600891238	0.277322735715884	0.113089380792377
chr16:1970108:1972408	-0.00609184126567911	-0.0328577601670888	0.040180351968531	0.0088049747703994	0.0798409765635757	0.274613534771322	-0.132305717494563
chr16:1975025:1977325	-0.0246431970044109	-0.0324223082783331	0.172988283808207	0.0278809974597855	-0.0280914235088456	-0.0230370588458762	-0.0271616313530397
chr16:1999771:2002071	0.0367908389296034	-0.0256710645629565	0.128249608730731	0.138030349803155	0.0103688679899477	-0.0845915157783198	-0.0167525063348968
chr16:2001444:2003744	-0.0106145074530537	-0.0309283050037724	0.101885011199915	0.148486996649994	0.0357691957236333	-0.0988980167012963	0.117271233533884
chr16:2045966:2048266	-0.0439743104915792	0.0514611509637429	0.0293499083814384	-0.135627791744842	-0.0169801438890501	0.337452140688746	-0.0347605379244902
chr16:2045976:2048276	0.00824648894907895	0.136411524950203	0.0297443817018327	-0.0618693905973048	-0.074489200792311	0.242690990597314	-0.0314522636207181
chr16:2045977:2048277	-0.0106139561061614	0.164744520318711	-0.0123480006139943	-0.10237452525978	-0.0285064014501378	0.331629302013996	-0.0668780020431182
chr16:2045979:2048279	0.0135081087386587	0.152377303300179	-0.0158197645851363	-0.165173991070803	-0.00339833758860419	0.261874546405683	-0.0109726391293403
chr16:2045982:2048282	0.0148271310450012	0.135457526999575	-0.0036804664344141	-0.17249654637858	-0.00244328291274819	0.269978887608252	-0.00883622778931254
chr16:2045984:2048284	0.00816336618579923	0.155236595258922	0.0592592532787639	-0.149102625183017	-0.0743191916205526	0.260394259999158	-0.0309807203563048
chr16:2045985:2048285	0.00711463100661211	0.139366727117963	0.0201287503405139	-0.109835857234526	-0.0653545383222679	0.281499116632819	-0.0165276012916572
chr16:2045988:2048288	-0.0103642459748841	0.1405876729885	0.0822895764863313	-0.119373811970353	-0.01828435532663	0.227694629363721	-0.0207394621381683
chr16:2045994:2048294	0.00074115495313466	0.12771904064509	0.0351444107017267	-0.0623041941987148	-0.0478869410629752	0.217408056106661	-0.00191506344132886
chr16:2046007:2048307	-0.0798541501776721	0.103939854791769	0.119567236682885	-0.0407968658328357	-0.0365208802439297	0.292542689807884	-0.0849112304563186
chr16:2046008:2048308	-0.0756006030559604	0.132147103381685	0.0184567845640598	-0.0365438580637055	-0.0536230760759685	0.225444862068975	-0.000366446122638798
chr16:2046011:2048311	-0.0942639479386786	0.132005848845829	0.056115772414428	-0.0397011928423453	-0.0496460809068249	0.224662669525724	-0.00891165112188954
chr16:2046013:2048313	-0.130314461981899	0.0929348969865539	0.119300476593196	-0.0527003934400869	-0.0549847816505171	0.291897603702039	-0.0990531976032931
chr16:2046019:2048319	-0.0495882792511132	0.0961414358533185	0.0518114036440946	-0.0430387487813479	-0.0734597767534919	0.268946877129756	-0.0244994959893405
chr16:2046023:2048323	-0.139138219664837	0.0755352120602361	0.064819952672962	-0.046753079284229	-0.0235010426552703	0.321563247362826	-0.0430017397152504
chr16:2046032:2048332	-0.06982571002775	0.109159450997414	0.0550503079553913	-0.0507431079320448	0.00621661559972475	0.264985276018127	-0.0442560120561298
chr16:2046037:2048337	-0.0584178156976954	0.0945887075591562	0.134990394145997	-0.0479836543636563	0.0303724669974934	0.253163941556395	-0.000655522096371282
chr16:2046040:2048340	-0.0904383128005273	0.103105599039287	0.155178534014539	-0.0479713032954462	0.0105247862802554	0.266793492883027	-0.0353515919630202
chr16:2046042:2048342	-0.108151588405713	0.0607935535666172	0.155875998989279	-0.061877318531504	0.0675790877769048	0.221294133412565	-0.0467477940222531
chr16:2047443:2049743	0.035528144881413	-0.039661883127006	-0.0584862059986786	-0.0270169143926774	0.110587917376115	0.303848282384151	-0.0234805816883152
chr16:2047478:2049778	0.00118390726469653	0.0303918894530683	-0.0357058322876247	0.191070759536582	-0.0544105223964325	0.217107768589846	-0.0717649360490994
chr16:2047486:2049786	-0.0609953165801718	0.118650199771832	-0.0112730982995725	0.139326499177781	-0.075264293686272	0.182669875374964	-0.0433122854299042
chr16:2047494:2049794	-0.0724549086032494	0.187512315473751	-0.0326087982680133	0.118486956528093	-0.0589680946040994	0.219023062416384	-0.0939809062300689
chr16:2047534:2049834	0.0902199669504602	0.149905175218751	-0.0545820302073713	0.0170589254909088	0.0214289525731539	0.235473895827988	-0.0154516407700215
chr16:2047547:2049847	-0.101098475943861	0.0805243182280854	-0.0202473115654148	0.077430462493773	-0.0134409554147136	0.187575417690512	-0.0646654255303811
chr16:2047566:2049866	-0.0858950695656649	0.0842103418105414	0.0669917856507252	0.100645233099624	-0.0126144246337057	0.164433526468974	-0.108810136091836
chr16:2069659:2071959	0.0988620082730856	0.190710564501821	0.12191739277726	-0.00851905995033831	0.11866799765791	-0.218443667150216	0.19654532510289
chr16:2069784:2072084	0.22768080815719	0.138173060580873	0.163726724060445	-0.177849429847938	0.0198286811671276	-0.193160375608506	0.214141307886541
chr16:2078336:2080636	0.00709863558284084	-0.00705344196942158	0.182026370991132	0.226648078705426	0.115075722994815	-0.0304693263739475	0.0466932780746226
chr16:2079474:2081774	0.0127333994931373	-0.0183569915716369	0.0737004558225044	0.0967377577790073	0.0117461405531647	0.00936961397041653	0.0763111071184374
chr16:2090539:2092839	0.0901558370116829	0.00950597409211731	0.0606155826500128	0.155725999669714	0.0136763095578905	-0.140578543852168	0.0519714973606551
chr16:2091870:2094170	0.134922868302377	-0.2928912776381	-0.02622146135343	-0.0473590450914469	-0.123081968645613	0.111247156788935	0.050699510001025
chr16:2093573:2095873	-0.0501123279445581	0.0643934926431945	0.0511409879162214	0.115967495652526	0.0446017672180262	-0.0930019434753333	0.0422139588659571
chr16:2093584:2095884	-0.0435337991805898	0.0808274980224359	0.0834837449161323	0.143709224175324	0.0785678863078296	-0.113896077362793	0.0755204228324269
chr16:2093846:2096146	0.0128585969785052	0.0668450080233973	0.169524403602684	0.291736666404628	0.171229348558935	0.0266142844038143	0.061926730284345
chr16:2100000:2102300	0.164032571735586	0.215878955284861	0.0723468713578845	0.0201691708932023	0.0139948023817686	-0.000383840091297737	0.0166913306416347
chr16:2100107:2102407	0.232627136705228	0.16395425477752	0.0492459510630202	0.153099886040293	0.0279180706165209	0.0946235360573332	0.0889561610388601
chr16:2100153:2102453	0.173691220620789	0.136015028889009	0.0861352402980158	0.146401426326625	0.115740438130717	-0.0705716054028348	0.0598335411629469
chr16:2100465:2102765	0.0869462371249844	0.201729687234682	-0.00274903712733607	0.228681695239892	0.0235053347434523	-0.162779890761388	0.0500417611634026
chr16:2103231:2105531	0.263482052221568	-0.247036325088584	-0.0183329803972814	0.0535144273199543	0.0918746901714144	-0.186027982470428	0.0903822931691093
chr16:2103387:2105687	0.18871102603073	-0.0225566167941764	-0.0432953250681666	0.000570245453331132	0.00428758492667061	-0.0168957841672573	0.0486532524589995
chr16:2103489:2105789	0.24126394268942	0.0478689529801837	0.0131636429014518	-0.0625151900458581	0.187231942759007	0.0122800552345517	0.0856939720479231
chr16:2103493:2105793	0.255046247463627	0.0261263125012196	-0.0170176927484402	-0.00311458472266107	0.137061972300483	0.00158058285477647	0.140701301576483
chr16:2106107:2108407	0.145903631144441	-0.0328740269455274	-0.00809232547791069	0.107929467558891	0.194454331343212	-0.0555119581366053	0.106175665431133
chr16:2106108:2108408	0.118093204162078	-0.0291735774685317	-0.02345525330119	0.0939244347081014	0.0794931066383708	0.0240786245565472	0.168748206249281
chr16:2108248:2110548	-0.024145491232101	-0.0103003903428679	-0.173436992034151	0.331485915206184	-0.0651727004939092	0.027671998887821	0.0121483764204102
chr16:2112530:2114830	0.0597903706752917	-0.093386105811063	0.0895467456631248	0.108591173447627	0.0445439526422743	-0.0123132453085211	-0.0182979699481612
chr16:2112598:2114898	-0.0779940211767948	-0.0229420779092126	0.0455207429278524	0.0900190845097012	0.045306160067473	0.0167036028648824	0.0170476036304056
chr16:2112663:2114963	-0.0477102175230318	0.0541283697830938	-0.119771655417789	0.0885445994783913	0.0638582510695988	-0.0806132445903564	0.0512183770045514
chr16:2153697:2155997	-0.0417140277875365	0.0716853899611713	0.0936402696605119	0.205501736457683	0.127015163141042	0.33234549375431	0.447514037328171
chr16:2153777:2156077	-0.0297704277704185	0.0540450136423819	0.0782225309359249	0.127029782443686	0.1685608994653	0.323465770969972	0.376575967810379
chr16:2153781:2156081	0.0298215692216347	0.00609749116518295	0.0490334982973196	0.137042279795947	0.182878584247403	0.380017282747222	0.363109673540034
chr16:2153803:2156103	-0.0871944911063918	0.0569817511454429	0.118934136854447	0.038247148959662	0.14517488266177	0.29726396390208	0.369005124811854
chr16:2153828:2156128	-0.0888071404540353	0.0104576255434274	0.135220700980029	-0.000770286639312241	0.0953690627845092	0.279327577768448	0.31212129090652
chr16:2171512:2173812	0.142392416112425	0.00795436175651934	-0.0283160955978124	0.0229998942488025	0.0214693928084	-0.12650226866246	-0.0667396049931871
chr16:2203176:2205476	-0.125716787491074	0.13408159857822	0.11094917924154	0.102603139902866	0.00425901218014405	0.0930165331858935	0.04810993308435
chr16:2203203:2205503	0.0776216218994876	0.0957294881687536	0.189454327910475	0.177743126286366	0.124655581542666	0.178133598407809	-0.0195223693867228
chr16:2203224:2205524	-0.0396159230430524	0.154571031291557	0.160310076537054	0.167810205327052	0.110103675573273	0.212501959650882	0.0474174603184217
chr16:2203449:2205749	0.111766257477845	0.117199480495665	0.181743808231861	0.129121755527019	-0.0492878537102794	0.234429299986488	0.0751930897386204
chr16:2203453:2205753	0.0993127565216915	0.113369537892251	0.257200721352508	0.0914196575558161	-0.00488969092113126	0.360866806325753	0.0934691743840471
chr16:2203455:2205755	0.103488171216266	0.0719437728379949	0.28007065686767	0.150600926885447	0.00304825005520464	0.254595906982459	0.098472406269698
chr16:2203456:2205756	0.0792344282028836	0.0820677713126393	0.269811912591835	0.172919091991967	0.0308773596979902	0.328323821342474	0.0732604410390789
chr16:2203464:2205764	0.106785692837504	0.0880896516514152	0.332178643231937	0.146015039212294	0.0209671332583874	0.249613791623144	0.0950046329211558
chr16:2203470:2205770	0.102038426847014	0.138862412690904	0.359245385292102	0.0429146215279409	-0.0615037564857557	0.30213919843015	0.0631901621070971
chr16:2203476:2205776	0.126362167535556	0.135071435212554	0.310041002234324	-0.0206711316582964	-0.0284519085725099	0.305286122041368	0.0912378641749032
chr16:2203480:2205780	0.103989050807895	0.179952448392324	0.396919343712193	-0.028653777481125	-0.114977483712706	0.431604569778399	0.0846019458305946
chr16:2203483:2205783	0.129798271803237	0.153714085353683	0.360059320166002	0.0457529884860378	-0.0845949379056447	0.374927719218318	0.0289436246144156
chr16:2203486:2205786	0.168033552319154	0.161476238584864	0.373637720092785	-0.00399755675683564	-0.0391721754961374	0.26636581336484	0.042226645422321
chr16:2203489:2205789	0.123870996143206	0.156606828704062	0.351419149221214	0.0495586648325673	-0.0955679732831432	0.348236307006555	0.03156487311633
chr16:2203493:2205793	0.11995266070466	0.0968935269584915	0.369876047114916	0.0603821424150606	-0.0596536662192466	0.305348806032163	0.073246224460874
chr16:2203740:2206040	0.0140718794812575	-0.156842729213837	0.173073208696981	0.067324847425688	0.145558885144287	0.146969942034297	0.0866703171178446
chr16:2232599:2234899	0.0924318540321435	0.0295135749335643	0.132894775975995	0.0124555120089171	-0.0437439680189513	-0.147860121049314	-0.161803844988983
chr16:232520:234820	-0.0136207849432414	-0.0892713645918252	-0.0192700359671227	0.0423619263857425	-0.112962841289628	0.13159779135551	0.0917438135628882
chr16:232801:235101	0.0395449214086753	-0.164516079147634	0.0901701923476523	0.122513610401522	0.0768544894248816	0.247757794868229	-0.00419740366813806
chr16:232817:235117	0.107307513325013	-0.0430896601343434	0.0670647737702848	0.214350369477968	0.0854511208406747	0.305877912129241	0.0271736348273408
chr16:232820:235120	0.102193832659056	-0.0345504513830267	0.126694489356285	0.115974454357683	0.102231073095787	0.206228706202299	-0.0319341651786876
chr16:232826:235126	0.0678738975415567	-0.065915758556909	0.137817473736803	0.158795407082747	0.116597504411737	0.291868011764387	0.0243040946281045
chr16:232828:235128	0.125797087004889	-0.0328326730734551	0.0722286679003321	0.20146366683984	0.0847629071606114	0.276368185226924	0.0152817929877404
chr16:232829:235129	0.119461123633969	-0.0352574787211301	0.0779406844430528	0.184791189806103	0.0896402891817892	0.2797638490791	-0.00820870275221103
chr16:232833:235133	0.10443436009037	-0.0223297298125331	0.192602195167731	0.151838044794325	0.116856929576117	0.261048200306116	-0.0505013077407119
chr16:232837:235137	0.140669595789891	-0.0100887626682221	0.129621970083878	0.110393250230792	0.135006311853682	0.26742834241573	-0.0398125984033849
chr16:232843:235143	0.102893715142576	0.0329041858516824	0.131485233471951	0.11760160820705	0.135684389247695	0.28419786840203	-0.0496039832056872
chr16:232845:235145	0.0784143143730148	-0.0623546835126379	0.15386867854857	0.132975767770647	0.124054271681618	0.274979718007823	-0.0251267391735286
chr16:232846:235146	0.129696094471744	0.000599127642962403	0.114803456303678	0.0826174912015538	0.089416916604457	0.300283760386346	-0.0281754661632589
chr16:247546:249846	0.221245524523271	0.163388884367038	0.230955772093675	0.107756767349339	-0.0558410196840381	-0.348816630953236	0.215239856413069
chr16:2511951:2514251	-0.0550581139547911	-0.0451026486082722	0.146874818893219	0.167996024463924	0.251631749212585	0.465585187628206	0.101844683859631
chr16:28486063:28488363	0.0534492742224431	0.0786813144502022	0.0586367415352629	0.0250923244227592	-0.0849240008631254	-0.142170190895857	0.0488420133386158
chr16:28491439:28493739	-0.0806129998263075	-0.0461127809632726	0.215488091640558	0.0336397941462358	-0.206650204177639	0.175813742873375	0.0918504735164479
chr16:28491459:28493759	-0.0355611252511079	-0.0218149478025128	0.212166157738485	0.0756290359058072	-0.154914149139009	0.175775592027206	0.0646966658440103
chr16:28491490:28493790	-0.103826183920236	0.0235106228459682	0.174088634674451	0.0686474115020524	-0.182414201848187	0.236998247283229	0.0643850987738304
chr16:28491511:28493811	-0.170810828035594	0.0498163648159157	0.158011713797841	0.0477477707466818	-0.0961449995704085	0.223869127727643	0.0278476351451698
chr16:28491526:28493826	-0.28153101568886	0.0218486164847274	0.191691565983003	0.146266158124742	0.00784142425484169	0.263567481504301	-0.025576556866348
chr16:28491532:28493832	-0.196891239997305	-0.0362870874446443	0.198726896949868	0.140024798303557	0.0222478541699982	0.208592604869455	0.0272086123532423
chr16:28491535:28493835	-0.198259162020875	0.00678065883247045	0.133535670450323	0.0978989309215057	0.0258917845479472	0.266931055632398	-0.0326939131663511
chr16:28491556:28493856	-0.194228209441272	-0.00306573983835332	0.0938803981687682	0.0928445332019029	0.000721118283109174	0.250851541630141	-0.0407889048624386
chr16:28491591:28493891	-0.321873321127916	0.0262876970024784	0.11568484839953	0.0948468341402371	0.00930661265929972	0.100334724278525	0.0115276276270217
chr16:28491646:28493946	-0.388305961012328	0.0210625590641018	0.157691016356562	0.0774217975142402	-0.0708139022255899	0.235059775589893	-0.0187554075080134
chr16:28491683:28493983	-0.280516770997025	0.0451632175368415	0.103923123359229	0.0748536308670168	-0.0707835226404074	0.264269715923997	0.108475799986848
chr16:28491696:28493996	-0.218289221189949	0.197299419742278	0.0103686496700749	0.0668891323899338	-0.014931370638724	0.211703105970956	0.0955580194540472
chr16:28491705:28494005	-0.34175058122799	0.18342631151607	0.0254322361005521	0.115492872898524	-0.0602702254889389	0.168120502407628	0.000573600455937255
chr16:28491711:28494011	-0.282044972891969	0.177259610575501	0.077954807788562	0.0990274616345232	-0.0670970901728322	0.209407588082008	0.00316681490996748
chr16:28491723:28494023	-0.2401243278347	0.156754286351556	0.0437422239977808	0.121654843018105	-0.00391422686727295	0.134577872881993	0.0639600288077508
chr16:28491736:28494036	-0.352497654994772	0.12191347155281	0.112631088326823	0.0627870822185141	-0.0691698606196936	0.213719479166044	0.0387801094851825
chr16:28491742:28494042	-0.272840218039937	0.19666340851879	0.0877485774451526	0.1094498126103	-0.0235762026603854	0.184835576560943	-0.0123800054414548
chr16:28491744:28494044	-0.221734407738752	0.196484291163657	0.0787744205912172	0.10877878951258	-0.0244682619927173	0.187463152607414	-0.0163429792695619
chr16:28491746:28494046	-0.278308324284532	0.212978926528507	0.0820739181791935	0.141855613635482	-0.0766859357457345	0.227387486594369	0.0137296163933785
chr16:28491747:28494047	-0.200412008414833	0.237751877743367	0.034326299635703	0.0547269182270753	-0.0350821522677402	0.258044259838833	-0.00875035864486929
chr16:28491754:28494054	-0.247138764980204	0.218607367027863	0.0997121240033425	0.0839564558802717	-0.0815357641873085	0.23898371499044	0.00286247890842595
chr16:28491758:28494058	-0.315387902687662	0.179641495602061	0.108228302343695	0.122252275207963	-0.0144733054295628	0.256934941513732	-0.0224920718939568
chr16:28491761:28494061	-0.261515636508243	0.162912971624646	0.0670833719198868	0.0821127407847696	-0.00790438100086485	0.273210698259915	0.0149721225732018
chr16:28491763:28494063	-0.260172365717649	0.169167050870493	0.0662783918574952	0.0819270173847517	-0.0261223146409754	0.277902881280333	0.0231408999349936
chr16:28491765:28494065	-0.24227757216212	0.17161868698713	0.0377483982815327	0.103303814956732	0.00617631684322603	0.208050425200861	-0.00372761267667765
chr16:28491770:28494070	-0.288457599329002	0.171068589165033	0.0889637249189958	0.102289417660754	-0.0170781929351403	0.244456253492197	-0.0606510533654199
chr16:28491774:28494074	-0.313179156863141	0.165528771965065	0.0423903844536469	0.122446672261194	-0.034713683583965	0.298487531939762	-0.0401104550615324
chr16:28491782:28494082	-0.297257443526666	0.19108229089292	0.111288202164173	0.0912977896385625	-0.0470609202647619	0.297638436381639	0.0873184740594382
chr16:28491795:28494095	-0.50575670009453	0.197167227499837	0.0863117891602003	0.0659394532793607	-0.0625034519423679	0.158761716134105	-0.0166350703236256
chr16:2881212:2883512	0.0358062118846574	0.0309305885956164	0.136261672162774	0.149099432805192	0.158840799703718	0.336147454871665	0.319284929442322
chr16:2881214:2883514	0.0760235724642249	0.0116466592493939	0.133581548479634	0.118957059070419	0.14224808504965	0.315955037335554	0.27934731811752
chr16:2881227:2883527	-0.00286636380356077	0.0244819363969365	0.0894320768254413	0.0612044888957159	0.118345050438313	0.338264527751644	0.427329970201037
chr16:2881258:2883558	-0.0589810723861266	0.00413747757535955	0.10125374268339	0.0616426411767426	0.156053680204029	0.284922692055528	0.346635979853434
chr16:28844707:28847007	0.0337379435831866	-0.0758923541890005	-0.0330821344650878	-0.0287564261630472	0.0417701074279298	0.20442638914685	0.0868643656979358
chr16:28846030:28848330	0.300104000512814	0.155312136690077	0.232135376528269	0.118329907642665	0.532386793160967	0.520408005128306	0.168591154513696
chr16:3022026:3024326	-0.15509711653712	-0.272583767400494	0.142259760486688	0.204194884976837	0.0523794066144427	0.15376750081626	0.19419750009604
chr16:3022030:3024330	-0.116618909378621	-0.29944718318346	0.23578022699245	0.25655470362758	0.0401514060071181	0.18758328395911	0.215870059052139
chr16:3022034:3024334	-0.110489259783227	-0.303304778335884	0.23015889170069	0.21603174172191	0.0414493347371479	0.16601677688541	0.219205518535188
chr16:3022040:3024340	-0.0262244749655821	-0.286908250644592	0.24485653327053	0.135789439921595	0.089999192084337	0.158761873986564	0.112722987749387
chr16:3022042:3024342	-0.0674958656544545	-0.25118953909788	0.242324346628371	0.210720059937923	0.023514352792104	0.132818742324388	0.153470597405188
chr16:3022053:3024353	-0.194472985776106	-0.364946427495682	0.239906554361693	0.199445714514646	0.0935047226583859	0.172527039524253	0.207344813727845
chr16:3022059:3024359	-0.161815508762179	-0.277484183120273	0.251243530239043	0.138951422922063	0.109247679631628	0.165310827065458	0.138156448677639
chr16:3022060:3024360	-0.185119274068993	-0.362365806201082	0.245510754715049	0.189028363081949	0.0913936922205874	0.167731241382312	0.205488507559263
chr16:3022063:3024363	-0.163897820614286	-0.281922110179213	0.250339055050858	0.136926862079607	0.113294789301036	0.16376069811334	0.135449669285171
chr16:3022137:3024437	-0.175700645560617	-0.349089886223746	0.09388817294373	0.0923092685289875	0.0733229612236045	0.0837347905478936	0.090598218850928
chr16:30705257:30707557	0.174540224822462	0.0917493764758751	-0.0292360090018288	0.165046134623812	0.0375501009084633	-0.227725301737309	0.0570372237415705
chr16:30983206:30985506	-0.0678306286353095	0.044527985099981	0.12109890279661	0.0595057298036943	0.138874585787934	-0.0738828682390708	0.0373660527029808
chr16:30983214:30985514	0.0753492770361033	0.0193903633701935	0.138580190292349	0.104101579098135	0.141087409004447	-0.0854393694346757	0.086809385819044
chr16:30983215:30985515	0.0838109250013264	0.0311785177212053	0.0724844144675186	0.0764456195443628	0.153640587067221	-0.0531248454066402	0.117209424543297
chr16:31093311:31095611	0.0172978255886889	0.108396210153163	0.0392104763894229	0.072462440964857	0.0887236151308292	0.172803999410514	0.0544545262654931
chr16:3675914:3678214	0.0524845056622721	-0.0139973456066222	-0.0294353476058433	0.0714323603551314	0.0630995714865965	-0.0534589960701468	-0.0104004086253957
chr16:3677270:3679570	0.0487034017770292	0.142703991557365	0.0473731244475932	0.224891673658793	0.0649261584352688	-0.174082067745248	-0.0400873371399599
chr16:3677350:3679650	0.0535956343672944	-0.0435133703879974	0.218902013784905	-0.00231515897918331	0.151534997941515	-0.201815614868334	-0.0365401073346712
chr16:3677358:3679658	0.0502046533799937	-0.0301957386399486	0.250705509811039	-0.0407628857119063	0.146576386707935	-0.114962826496893	0.000399582852676133
chr16:369925:372225	0.0115075588373727	0.0748321886052899	0.211714866152998	0.116441216603885	0.18960484949953	0.108497750752606	0.169763980661556
chr16:369934:372234	0.0170267399488136	0.0708443342167013	0.303725623591573	0.109968834158301	0.2051400253677	0.134256392206613	0.18351396656161
chr16:370132:372432	0.0463937958234226	0.113144184218271	0.10439761812075	0.205550274841104	0.27374664879728	0.190637811155142	0.213095044130644
chr16:370202:372502	0.00165267693577756	0.111927071812458	0.144935266416811	0.245843442000805	0.172127364128166	0.390823861291772	0.236573170601751
chr16:370209:372509	0.00436422343865201	0.163477324187014	0.185215793046276	0.221119596548958	0.0645106252227479	0.306841665602027	0.194433394075467
chr16:370226:372526	0.0467175726422704	0.0359401043237164	0.20339645030921	0.260318322755339	0.137013615238664	0.271430086553524	0.150397508620286
chr16:370238:372538	0.0713325726568417	0.027475736354013	0.208905667006978	0.171440129621414	0.047848102293299	0.285209204904573	0.121836188091417
chr16:3717212:3719512	0.153916109499343	-0.0953006405841835	-0.105063427170756	0.112256956184574	0.0272723220114298	0.341780316759312	0.152181752385816
chr16:3717213:3719513	0.0895870977522889	-0.0497836713404517	-0.112980209026034	0.153300022979444	-0.028285565626618	0.359485817342263	0.204483198527973
chr16:3717216:3719516	0.109027855433162	-0.0848735173219767	-0.0476837872839233	0.169188550677905	-0.0366888087806869	0.349836032850182	0.138696817106325
chr16:3717224:3719524	0.110209017202226	-0.0454476800876961	-0.14887960865211	0.188733579043533	0.00425335077420432	0.322001605152245	0.155490472340571
chr16:3717226:3719526	0.124479038061634	-0.0456059065358524	-0.191196490200021	0.178139077691401	-0.00968362806616159	0.323538561532371	0.151139984564257
chr16:3717253:3719553	0.0690137776733907	-0.117793900759877	-0.199999930233368	0.164473147422686	-0.103023535688657	0.332731604795091	0.0974014525378114
chr16:374915:377215	-0.150996681428552	0.0916748446262968	0.131654766565531	0.171911717752634	0.172562959044618	-0.0405681603372231	0.0362603233282325
chr16:399857:402157	0.0707348127939324	-0.0406657410156357	0.0851173708058	0.132285849330041	-0.0143910334219814	0.0250278723085624	-0.181753571575284
chr16:399881:402181	0.0150305134540766	0.204924840826783	-0.0225280458393315	0.150118952954868	-0.0117693874239	0.16664020232902	-0.010494843225119
chr16:399882:402182	0.0720523252532314	0.116489236822838	-0.00190947757529447	0.172002093321462	-0.0134663115384599	0.106995292207279	-0.0134047846878197
chr16:399884:402184	0.0709091147150152	0.0958296652781626	-0.00230526211807229	0.168813578169348	-0.0285554763148835	0.147760461585946	-0.264299409015064
chr16:399892:402192	0.0671300095555151	0.0994675329804324	0.129829373784734	0.13644323740156	-0.0180754869672112	0.182118216383011	-0.220091045933819
chr16:399914:402214	0.12734919184659	-0.119877497111478	0.205024217865929	0.115353103969243	0.00671288713593267	0.154587316757411	-0.173772373578451
chr16:399916:402216	0.104291758909241	-0.0200095811205872	0.190038112517526	0.174681327561663	0.087403975192874	0.14123486488812	-0.124493912982946
chr16:399925:402225	0.0284867896983998	-0.0154521862011876	0.154131321734047	0.135440117445668	0.0851624658844407	0.147100104281883	-0.000845669194077745
chr16:399960:402260	0.0368693773254748	0.0551138460187915	0.0833247418258039	0.144066223324631	0.0111592235354298	0.134330609215144	-0.0397789150749842
chr16:400004:402304	0.0216594866636329	0.0479739178953466	-0.0114239111152929	0.0412864335952761	0.0141431448622685	0.0620139556464883	0.00656157157486515
chr16:4423859:4426159	-0.0269195374278518	0.261132259771385	0.0975266613231591	0.376308508037426	0.142198270994998	0.416085612633164	0.240228509439653
chr16:4423864:4426164	0.0547752762723107	0.299240581539644	0.149750595109061	0.343924786329502	0.172702827051764	0.414532722432495	0.21609211673444
chr16:4423867:4426167	0.0881281367760117	0.239960699553018	0.117040425148169	0.429159014570913	0.129843938140679	0.402698575303755	0.199565556690843
chr16:4423878:4426178	-0.0186437276493884	0.156363816113117	0.199273124919968	0.354047385049876	0.116232177537736	0.387202610175346	0.0700440427723257
chr16:46882834:46885134	0.0447137761213314	0.241542155756343	0.0779883065071692	-0.0573484305273664	0.0925882429013857	0.325025829610286	0.10963128484669
chr16:57117198:57119498	0.134410483101511	0.0237544751479115	-0.0136203941224415	-0.0515992175102	0.125911932233194	-0.0390269632581256	0.0298882564753264
chr16:57121305:57123605	-0.0221314528762567	0.0502975372264035	0.0180080139382571	-0.0971961987428355	-0.024555808055328	-0.100627767851994	0.0201767819161181
chr16:572706:575006	-0.0136933619987507	0.0433435854915936	-0.0280818873036306	0.0837151489284447	-0.120951216143439	-0.112170469496281	0.0409727518023305
chr16:572750:575050	0.0125467117952186	0.105347605947382	0.00604469061077144	0.121623470829979	-0.0247566737501706	-0.127336874868998	0.0494526070575023
chr16:576290:578590	-0.187731034351081	-0.105014044186196	0.0441418243547019	0.0205536099208122	0.009840818526867	-0.00157566359767261	0.0165073142943481
chr16:576404:578704	-0.21024356865277	0.0742867974330097	-0.0953794198759339	0.0495266155383559	0.032828123193666	0.0961452341472238	0.0289818777728123
chr16:57753145:57755445	0.0747726590679689	0.0218932838030819	0.178263830529101	0.0433632108564552	0.0578547226318398	0.0596968555099686	-0.0867989257555694
chr16:580876:583176	0.0561647148369618	-0.0361630266531448	0.12811814751535	0.125831667086269	0.0655504735476515	-0.0165915592832442	-0.0081969913311697
chr16:58129061:58131361	0.18145116794786	0.149425084208045	0.164668622067756	0.0643163952776555	0.152176757493643	0.256554319391659	0.112817757430789
chr16:58129068:58131368	0.26181714244747	0.165472003274425	0.154702516635945	0.116909692004458	0.165270235984733	0.248527887440704	0.0667951957615106
chr16:58129071:58131371	0.20925393624288	0.171934781369115	0.175682087669692	0.0764581097526647	0.152339027721417	0.259996377453553	0.104194519220067
chr16:58129081:58131381	0.166755442025685	0.129695765104854	0.15294137900136	0.0277122548909563	0.132825495826591	0.188895363836898	0.096461267935433
chr16:581583:583883	0.22125572714815	0.0846081096070348	0.00708175965115473	0.0786271476430111	0.0658498916869893	-0.187204527251745	-0.10818780606742
chr16:666104:668404	0.146772182750394	0.206776710946113	0.323604621331605	0.200483594349229	0.0563687854113187	0.456018545645149	-0.114156101797683
chr16:666105:668405	0.0947230084085239	0.221239403685217	0.23230518298559	0.249833240628106	0.050806516616623	0.449457510774865	-0.00674194592158744
chr16:666111:668411	0.169255646602696	0.193122071202449	0.28223699763603	0.228090199283989	-0.0388075434105258	0.323962707274488	-0.0918359717363341
chr16:666123:668423	0.145616589565203	0.227737999921365	0.28390532022532	0.165711137063265	0.0169656577535097	0.414875023487876	-0.113673217366023
chr16:666131:668431	0.057934177009994	0.190541987758998	0.269860654838702	0.0989410467277631	-0.0107327821583473	0.459530668808421	-0.0656920783234044
chr16:666134:668434	0.0908543233354189	0.19474570690205	0.278217747131872	0.197220292930261	0.0258621150496953	0.509277974067839	0.0465659495499435
chr16:666150:668450	0.067585855610425	0.206772222844314	0.205031170620911	0.245203959122568	0.00842635262876026	0.538896079861945	0.0154559906695694
chr16:666152:668452	0.0645169831046677	0.186783605785358	0.178044736445787	0.236154177375839	0.00793258876403831	0.534547200281751	0.00666863235797645
chr16:666161:668461	0.101014729289255	0.165077774147923	0.197199828993578	0.221892155094241	-0.0565169866169475	0.499413390077229	-0.00255702791931499
chr16:666177:668477	0.121503219483294	0.151202764461777	0.183062471236437	0.215882122838191	-0.0633449963981165	0.515972148964405	0.0903840779641344
chr16:666179:668479	0.0878641838724537	0.0946963780489525	0.240789828211694	0.168830629046434	-0.00757386206043999	0.49430381264733	0.147894685816474
chr16:666181:668481	0.0535428912815815	0.0945345941271711	0.257782131847771	0.243832045787414	-0.0117850096005723	0.578866532088293	0.148726245729408
chr16:666186:668486	0.131304393937283	0.101753755653706	0.230193764445619	0.190668135027847	-0.0593035154779561	0.515754148472918	0.125513414714085
chr16:666208:668508	-0.0515925875120169	0.0277327646304224	0.257022328960412	0.0985219734783851	-0.0545616210439148	0.495706697096337	0.231411516964024
chr16:666352:668652	0.0966990170893124	-0.0168936031629692	0.161327270848916	0.107390596955464	0.082699609137434	0.386468572946388	0.153083846772973
chr16:666657:668957	0.041057928930335	0.11499867006312	-0.0699820027512289	0.0695791329939055	0.0654477264834925	0.145426628758866	-0.0938307069646184
chr16:668454:670754	-0.0284533884272429	0.0544864372151489	0.137840403820375	0.125058889498905	0.0735893745229743	0.177865089455141	-0.021739318801045
chr16:66932443:66934743	0.39992355009486	0.221432209050729	-0.00436116810163616	0.0317361653054006	0.00681200142773655	0.379940097548004	0.150525166721415
chr16:66932455:66934755	0.230602674039656	0.222758709333172	-0.0942676810476342	-0.0398335283238871	-0.0718921071252002	0.377155924404261	0.147194554490434
chr16:66932470:66934770	0.317890864901106	0.242234227084118	-0.0539345579644888	-0.0120917260590653	-0.0454356353077622	0.394582024057649	0.158205967555237
chr16:66932474:66934774	0.334149493535828	0.263604539375967	-0.0363043227985194	-0.0231762234306412	-0.0317591482173749	0.370457292408913	0.182148485215183
chr16:66939986:66942286	0.196309533744956	0.0518541756193923	0.0708828520406816	-0.0575464167844534	-0.0166403325009019	-0.066899836357881	0.0619131073945582
chr16:66940571:66942871	0.257306998969244	-0.0557484896448025	0.0759887305042022	0.0732772373696785	0.0245783666270883	0.0263810380132591	-0.00927380351584364
chr16:670667:672967	0.203752896660422	0.115813630939635	0.046850260489096	0.230530637205192	0.0354290183088765	0.0138016624011846	0.0026988843752448
chr16:670748:673048	0.183427012382307	0.170785660874461	0.0710473411935147	0.136825970334534	-0.101752213965625	-0.10695951811967	0.0798321272365458
chr16:670791:673091	0.266970672200211	0.200201276183457	0.0974513975414554	0.269641421694457	0.0528930386577958	-0.0864605819051771	0.140530649654242
chr16:67891253:67893553	0.0629014435445053	0.0222306710949657	0.11456229260929	0.17505065758442	0.0447679644682118	0.280050548822892	0.0782257667251558
chr16:67891271:67893571	0.138260009048816	0.0496794932967316	0.154804541327122	0.140615012259978	0.00495212201515932	0.261058518541296	0.00155490101084218
chr16:67891300:67893600	0.0513343853779654	0.00207840194841791	0.0936373014481188	0.231341293749036	0.0783054185261358	0.234900275278454	0.00810175600252545
chr16:68308973:68311273	-0.0996008685709707	0.107603160513467	0.0154636639797245	0.0137824418162829	-0.136179543532009	0.176765095399798	-0.10942452832972
chr16:68309015:68311315	-0.0405638258924342	0.0603982624719556	0.00134863439528805	0.0440722364703192	-0.0211437421877225	0.256807615208577	-0.114589309732387
chr16:68309039:68311339	0.03782453462248	0.134204452225466	0.0658286590015009	0.0804089425870608	-0.0644236004998191	0.272484030809838	-0.0945993163148076
chr16:68309049:68311349	0.0139702222804973	0.0637848803588448	-0.0352477119483289	0.0200354453658313	-0.0606145495980934	0.231051940461627	-0.0271364779610444
chr16:68309053:68311353	0.0275586920605938	-0.026201917667657	-0.014900500557914	-0.0078559638769269	-0.0221741440542618	0.336050541773589	-0.0635715731218092
chr16:68309055:68311355	-0.0412972732842304	0.0840351763199238	-0.0198416945031979	0.0406101082818081	-0.12529499429707	0.246348817556016	-0.0465266796175276
chr16:68309062:68311362	0.00899579592562153	0.0903072388199673	-0.0164760355961727	0.0578489928779202	-0.0979539001198185	0.222412799229883	-0.0456854852399793
chr16:68309063:68311363	0.032546582583244	0.0101694198275438	-0.037500051795519	-0.00461345448994232	-0.081432973124049	0.327678161427475	-0.021828885036373
chr16:68309067:68311367	0.0628626570484754	0.0794424382582171	-0.00364016900286089	-0.00168796344425253	-0.12700326894422	0.32547968360665	-0.0316017311229618
chr16:68309069:68311369	0.00193569335988366	0.0836198800141034	-0.0037814810702369	-0.0417542446669739	-0.0652305430748166	0.355891625819891	-0.067138307270366
chr16:68322698:68324998	0.0265472003899407	-0.037137127789536	-0.101993877258454	0.0794316326563471	0.0326563045774236	-0.186371802539426	0.112570126933424
chr16:690098:692398	-0.0587195134951047	0.124949979387769	0.040255486775279	-0.0620115056069618	-0.103850610710506	0.0711347897478245	0.0238966295770304
chr16:690144:692444	-0.0270603358518783	0.0594233152900056	-0.0934251457860745	-0.0903500281075883	-0.046330731616827	0.0402075765740221	-0.00430806484101212
chr16:69132267:69134567	0.205774385613372	0.0103457349454679	0.0950394901152956	0.0559108139710491	0.14061797240154	0.164331174394007	0.0900845899162224
chr16:69132270:69134570	0.189824179832216	0.0859147971344266	0.0956441747312019	-0.00395385577501604	0.122984271288643	0.176106314829749	0.0274610014535678
chr16:69132272:69134572	0.234750316293252	-0.0570014590992828	0.0484261216713719	0.0472606842266717	0.140122781154459	0.169992655953888	0.0857938354395707
chr16:69132273:69134573	0.153677305881245	0.0195037090981456	0.0556721447047501	0.0603779919144646	0.0675403122326198	0.225348989402388	0.0171327248280446
chr16:69132278:69134578	0.215663565882956	0.0287623858204512	0.0654655034763323	0.0633145906357843	0.122607327903689	0.22312619078049	-0.0499527986264771
chr16:71356712:71359012	0.0729440731265878	0.494124358062557	0.348149581489966	0.0781423450029092	0.0840746709724543	0.421177291176434	0.00363112335451923
chr16:71356722:71359022	0.10439423935703	0.468670351242049	0.290881644544007	0.110590013283967	0.1118002501853	0.388644894135757	0.0160381421521654
chr16:733938:736238	0.0316329632864112	-0.0231728260720322	-0.081236055803274	-0.0109545105867466	0.0418249241346031	-0.152364698382907	0.00389584834069901
chr16:736070:738370	0.0939940158764072	0.116545890159208	-0.00643002557874931	-0.042886493395206	0.0372424177263947	-0.158280089213972	-0.154543446580504
chr16:737164:739464	-0.128034474939554	0.129557330416139	0.0886418158351684	0.210288331352732	-0.0111616964823421	-0.38886725129778	0.0216343153953398
chr16:75116455:75118755	0.185686862439265	0.278998090019142	0.0142786065749099	0.127195381181174	0.0382437596554412	0.183197689846991	0.0737489796854799
chr16:75116467:75118767	0.160398768390055	0.351369883654371	-0.0261569995636893	0.216689128125616	0.0517305972472311	0.374551494947024	0.0283063745013468
chr16:75116471:75118771	0.135854469024308	0.344645719661523	0.0916043481110733	0.256425043572172	0.0136792036854981	0.341155193946376	0.0835153737578227
chr16:76243:78543	-0.00438184613382018	-0.470761618012889	0.102081905649201	0.0816730624720957	0.0359998021810066	0.281207812033607	0.323553333436361
chr16:76256:78556	-0.010053121970959	-0.471251473219769	0.185495349202934	0.0694095706646677	0.075290324707668	0.243114466219063	0.277913798776874
chr16:787169:789469	0.0097494775976944	-0.0530791034900027	0.0288956371698694	-0.027693896471666	-0.150340258548037	0.0070270388538324	-0.0129293534124335
chr16:83906131:83908431	0.0823504994943645	0.165438212006921	0.135518895178356	0.154326493162036	0.110054582189746	-0.193078811317341	-0.101431592435877
chr16:83906174:83908474	0.104300759720134	0.189720756491543	0.119494243981979	0.142271488299522	-0.0610554088481736	-0.149582748416943	0.00185031509948199
chr16:85900814:85903114	0.0545064903820673	0.0693069432823866	-0.111904486897444	-0.0467410953592696	0.230704529001144	-0.0346216327602108	-0.0669452232986337
chr16:85900837:85903137	0.133191030823789	-0.0327388320277874	-0.200716007281061	0.00313071572576199	0.237748582499196	-0.0156916474844213	-0.0527543524771145
chr16:87317080:87319380	0.0948090598977544	0.115274224073896	-0.0264479168332609	0.00949613136992119	0.0467631892663234	0.215786271316399	-0.126552489698308
chr16:87317116:87319416	0.0418188201027126	0.123637643452611	0.0386433575334442	0.0386427088740854	0.0926906732022791	0.264848787670802	-0.134706360066311
chr16:87317120:87319420	0.0542975599580941	0.10886820735858	-0.0303540295326597	0.076084822696374	0.0267371820844358	0.219199419747631	-0.0883687981596335
chr16:88650688:88652988	0.563675923046734	0.109029416755187	0.0792428066408804	0.131419744453512	-0.0999101862829197	-0.0573754881515622	-0.325469143272927
chr16:88650715:88653015	0.629697088047666	0.180688658419923	0.218233625156564	0.15972871015494	-0.13468216464518	-0.0389230762742797	-0.315281101909009
chr16:88650730:88653030	0.512109711928429	0.150587014996768	0.115126467492436	0.152796257864556	-0.234611486940115	-0.0470508153355809	-0.313804526748973
chr16:88650731:88653031	0.630259735657876	0.0796241280750547	0.0916362482482353	0.1661323454371	-0.167691022020309	-0.10092991223031	-0.333819256474425
chr16:88650735:88653035	0.548382985167323	0.124506696721299	0.106299628382301	0.169285051804373	-0.181245605478341	-0.114612726197107	-0.2777097835045
chr16:88650741:88653041	0.618105198413227	0.0301564928597229	0.0775552798321884	0.185703165034799	-0.170808319474162	-0.136092837253366	-0.342210555513293
chr16:88650753:88653053	0.434681755580126	0.198101326828597	0.122205889487472	0.181126077890833	-0.234567603223803	-0.0405731530064798	-0.221040192752415
chr16:88650754:88653054	0.426540912675209	0.203045508572534	0.133421687537655	0.123052176292795	-0.172918429205016	-0.0988659282960548	-0.176951252834179
chr16:88656966:88659266	1.05982038398151	0.184282288090904	0.101939189261219	0.226203974750114	0.0142388308982046	-0.115313372402924	0.0586511102393555
chr16:88658483:88660783	0.612052399206869	0.285888709909616	-0.209016328718169	-0.0863973236454894	-0.156576269689156	0.418693174873406	-0.0529228585460393
chr16:88661297:88663597	-0.0202068937824289	-0.0176505044390065	0.0394379237581121	-0.0290301771484622	-0.0988268826132198	0.685261709939927	0.00336549353587695
chr16:88661334:88663634	0.0612505084555896	0.042207717948101	0.0500350216444916	-0.178738269416219	-0.0882511824314596	0.737431261898181	-0.043290926981769
chr16:88661336:88663636	0.0252949613050427	0.014797758721011	0.0719166028989339	-0.118541434544705	-0.0491554672195196	0.650060150673853	0.00805989975245099
chr16:88661338:88663638	0.0577724364423792	0.128407911407455	0.0707600623533247	-0.0560106235007275	-0.208723354767137	0.602507006007096	-0.0028899525666432
chr16:88661342:88663642	-0.00686593201646818	0.0420692921951257	0.0458880582792463	0.00784399125097196	-0.147508437488421	0.475026875578366	-0.0167454729882462
chr16:88661361:88663661	0.0671850512715911	-0.0134785157288619	0.0825547899060417	-0.044200545730985	-0.0641414833520814	0.534550632287734	0.0362750345985308
chr16:88661368:88663668	0.00230475996141184	0.0189270857908321	0.111537504811758	-0.0133150465279436	-0.033626494729217	0.356625143648785	-0.0397643731154403
chr16:88662729:88665029	0.079658057737388	0.323552457406736	-0.0160379432445209	0.198025329951026	-0.101630058534606	0.359270891887803	0.0197621614253468
chr16:88662746:88665046	0.115296294988096	0.221439789698213	0.0731580100287501	0.241499265195321	-0.0886603329097282	0.420681141308572	0.0931585038516977
chr16:88662765:88665065	0.10608582957972	0.309121744497605	0.051891354200246	0.294980720957311	-0.011611859135031	0.485227620901348	0.0328996986154359
chr16:88662779:88665079	0.147508129255286	0.27508372542958	0.0297799595181681	0.162636304697432	-0.0232392361074101	0.461746424814384	0.0702701533061477
chr16:88662782:88665082	0.161771306859386	0.287910275317183	-0.0269023021961146	0.154421755558109	0.0437476969002242	0.430544593571991	0.0564517613832961
chr16:88662791:88665091	0.107794569379184	0.251625312391175	0.0586554682817653	0.155417348210144	0.000773414226927402	0.43193472811878	0.0692057619786371
chr16:88662794:88665094	0.128482981673613	0.320690370760976	-0.00191343549089198	0.177481774011429	0.00560118396132464	0.425978876093382	0.0806983642713978
chr16:88662837:88665137	0.147017532258142	0.401672509670003	-0.0153362534926642	0.227243672186149	-0.0833965805365819	0.372118006240745	0.171677112856767
chr16:88662848:88665148	0.0640330642718969	0.432229619873156	-0.141535627011463	0.0960975255387944	-0.0783668160729103	0.324795095851544	0.227438750263387
chr16:88662861:88665161	0.0662185297526884	0.363683716020564	0.058474529848	0.101469353473564	-0.155275333648301	0.429966716212685	0.187875442655996
chr16:88671395:88673695	0.241584847084166	0.132159921811428	0.102356754907356	-0.0272369667856479	-0.0467429389906726	-0.160477568146453	0.0968134822498695
chr16:88715912:88718212	0.620861365901007	0.166437817442973	0.114404301010385	0.0625107737402641	0.15282561595269	0.142381870427927	0.21473706839065
chr16:88719958:88722258	0.201744429876167	-0.0243649875973102	-0.00865175659135724	0.068871981416987	0.133302622838942	-0.094258879832804	0.14066583388877
chr16:88720087:88722387	0.207142422106666	0.0562063824537914	0.107702519781964	0.103750611678114	0.0193102224290417	-0.0413025295248379	0.127114057212441
chr16:88784920:88787220	0.104056388975515	-0.141501855128331	0.142603211554746	-0.133325815939806	-0.0302577131443073	0.383593353204463	-0.0586291810973729
chr16:88811580:88813880	0.179438469332674	0.195785192506886	0.152669102535122	0.355524152102309	0.357661982668859	0.356087543814684	0.491827087639125
chr16:88811597:88813897	0.126961915922595	0.144982097438858	0.151105516474443	0.467868879061525	0.362526650974251	0.450506898640064	0.556552839484929
chr16:88811620:88813920	0.161314554709674	0.282049900495976	0.101929186910108	0.420500437947765	0.338708508217255	0.464446182568201	0.491767330217967
chr16:88811623:88813923	0.19231200527676	0.319755629726538	0.120683817848977	0.316736592832788	0.38376598317324	0.444549052031979	0.493425645309317
chr16:88811625:88813925	0.162816822314624	0.243780674360514	0.168121756089161	0.374590933151604	0.400328840664545	0.379343679483711	0.577502806124673
chr16:88811628:88813928	0.221635358934305	0.325251692168821	0.120145243843813	0.30882430137762	0.386400799442317	0.446561679819448	0.493896916325504
chr16:88811637:88813937	0.137292973153505	0.238436178250261	0.160346431642953	0.24162736201287	0.292453006687601	0.360593413327802	0.529652414566796
chr16:89091808:89094108	-0.0615111063572175	0.136219042600148	-0.140454338185601	0.152161382056062	-0.0128992828672606	0.212495960599587	-0.0327863267731986
chr16:89091854:89094154	-0.109144730670905	0.0149130822141614	-0.0185335558728493	0.0556620416675185	0.05032586038961	0.235071023700333	0.113372383861929
chr16:89091867:89094167	-0.0783318254044029	-0.0242503744411026	0.0244449114390715	0.0457765090093887	0.0293685981801219	0.275776082048688	0.120843389480447
chr16:89091882:89094182	-0.0561407675476357	0.016658487841079	-0.102679210129224	0.079860307177241	0.024146852664804	0.25556750275143	0.172247444092171
chr16:89091897:89094197	-0.0473794752929446	-0.00271550747408706	-0.0666663283335784	0.0904265313718664	-0.0104596123855312	0.198966712574668	0.174857799905392
chr16:89091903:89094203	-0.0878321338943619	-0.0827161194476441	-0.0366652101353158	0.094655808209179	-0.00964969454629364	0.177939746608161	0.165068492381738
chr16:89096710:89099010	0.0424746932678709	0.0163805295304667	0.0207681453015061	0.0251404678376146	-0.111288191617526	-0.0658485795109199	0.0106699344839734
chr16:89100612:89102912	0.183000864831401	0.132487793374853	0.0827607066113809	0.153209302622926	0.0180041323554281	-0.173007200879314	0.344229560072939
chr16:89100695:89102995	0.0839492876996206	0.10116543958711	0.00858492698891516	0.0236312032086747	-0.077622234385637	-0.226610875958419	0.0332840002185043
chr16:89946696:89948996	0.087772029344689	0.122514798003401	-0.0504073789114658	0.0217339883283658	-0.0382655631022351	0.274696786940643	0.0823654200467416
chr16:89946730:89949030	0.0298652934835646	0.0460505340728988	0.0101365698336442	0.0105391385582838	-0.0265967212420324	0.239334856277034	0.130733709088779
chr16:89946754:89949054	0.0326555738993427	0.123276730942222	0.100143622715835	0.0154570404446862	0.0183228928933197	0.0759238865788198	0.0203499707686339
chr16:89946774:89949074	0.0503622423382264	0.119050524553067	0.151891854715088	-0.00340850838788257	0.0435292568538037	0.184550663944938	0.0440243969051585
chr16:89946778:89949078	0.0305334457633875	0.0313621055399065	0.203814740507115	-0.0323983468959289	0.033859810052628	0.180656525327577	0.0497501660817688
chr16:89946790:89949090	0.050675744427529	0.0404146678015924	0.105327499321017	0.0146530984318687	0.0760112354690829	0.156808484153097	0.0772537198443146
chr16:89946794:89949094	0.0438807664269188	0.029790014810074	0.189072033617137	-0.0175434117430931	0.0444574409172751	0.238596705191986	0.046503575070778
chr16:89946802:89949102	0.0583568306177692	0.0819780602631599	0.0993003299530381	0.0248530676307821	0.0364969051492328	0.231129552248754	0.0291293104617648
chr16:89955252:89957552	0.128584134734058	-0.0748639136062786	0.0395837906420448	0.0188253967274177	0.119415058622731	-0.0129303929514867	-0.0298048984465265
chr16:970566:972866	0.0849109975638681	0.0637968716495674	0.0224774438499171	-0.0812941267895674	0.097124178782111	-0.00632861089734179	0.184720683719367
chr16:970610:972910	0.0231217099573291	0.0929902874914403	-0.0208774016821579	-0.0681911163984357	0.136943576558187	-0.0803907056984083	0.124184629816528
chr16:970660:972960	0.0255012851596181	0.0556595601290337	-0.0280679697869323	-0.142271228462216	0.015562224233155	0.0752663993336682	0.169010124251887
chr16:970663:972963	0.0522222351390506	-0.0664445959789938	-0.0475842158927037	-0.0841025470015657	0.100774477937242	0.0780868270483099	0.125492237423195
chr16:970682:972982	-0.058874859290812	-0.0261017203332525	-0.0258527628513793	-0.121110491085866	0.0689650513451007	0.0481768269414849	0.205338225851466
chr16:970699:972999	-0.0516360253748419	0.0566028848924779	-0.0220093756645544	-0.0360643761848094	0.0743410165789303	0.0800932608550113	0.171381457272375
chr17:1469919:1472219	0.139150107692219	0.213731138861105	0.00167726563526896	0.195699154380668	0.118877955739221	-0.0143005710700669	-0.0208790861589594
chr17:1472055:1474355	0.301575909705171	0.46373533195229	0.104076043770503	0.07278920444729	0.255885744251261	-0.0117074514155523	0.0549497025361476
chr17:1477841:1480141	0.138443008721119	0.279542516826378	0.170758596124059	-0.0767996969741325	0.00599874424388496	-0.113692022942793	-0.00552279585259237
chr17:1480909:1483209	0.0426486930904405	0.364158681708354	0.0433290844403887	0.0161714013928534	0.0445946204273731	-0.101050131362858	-0.0563296280729754
chr17:1480916:1483216	0.0852675227549684	0.382730914972134	0.0748880933405094	0.0676279619162538	0.0204880498838717	-0.142950021648586	-0.143647094000633
chr17:1480938:1483238	-0.0415307264145849	0.403776728322319	0.0668015965734201	0.0637725662951603	-0.00434193286783574	-0.093735301377434	-0.0225158992651833
chr17:1490937:1493237	-0.0813067287610319	0.200724502794891	-0.0250205173339925	0.0378827095530339	0.1210842096534	0.286305155342472	0.143799439661179
chr17:1491382:1493682	0.124692511305793	0.305735289597412	-0.0294414592821392	-0.151742194808311	0.202642654271061	0.394280573237318	0.19530710072332
chr17:1514930:1517230	0.0172752337381183	-0.0629237058694159	-0.0460116463748455	0.0204163465934016	0.122050158050447	0.0993272043026861	-0.0637413007865797
chr17:1728460:1730760	0.131999518265507	-0.229872883422229	0.00295802482232747	-0.0697346320745031	-0.0854367680732589	-0.0705094278722882	0.304862356584388
chr17:1728470:1730770	0.127712239841896	-0.245420186707056	0.0466799811145118	-0.0456412480737684	-0.0879610058733642	-0.0918973046364547	0.300438674963307
chr17:17496095:17498395	-0.0837357644220083	0.31598288047145	0.255912605686883	0.0360150739487654	0.0870316126208946	0.324091909006878	-0.0229946885390621
chr17:17591350:17593650	0.031164581226301	0.140195164170258	0.160497595029121	-0.142240040841891	-0.0988525355640588	0.406483588444589	0.143738706634127
chr17:17591379:17593679	-0.0132823403838645	0.111056305261175	0.138344440720491	0.132249323373327	-0.059205253932864	0.252097399496393	-0.0193224092889404
chr17:17591383:17593683	-0.00663473241215356	0.113813069565739	0.217307175928521	0.134171850200294	-0.0443955761082106	0.262082905737752	0.0322518724793239
chr17:17591400:17593700	-0.0208183933137449	0.114214883142288	0.172574347161874	0.0184364880483026	-0.00292727526865171	0.285233655856136	-0.0324065757198313
chr17:17591403:17593703	-0.0465124517965451	0.0956845541982499	0.204526678521993	0.0240938001908996	-0.0160543504021121	0.268937601505483	-0.0376382660677365
chr17:17591408:17593708	-0.0187225831838553	0.0830938967165348	0.181686977209323	0.0163350196497879	-0.013831725962245	0.265872951050396	-0.0396079487593796
chr17:1760059:1762359	0.4691573371001	0.267261218304435	0.197675497731652	0.0870884296258031	0.249705736609284	0.720036233362585	0.206151033844641
chr17:1760060:1762360	0.519049253716014	0.345176356777791	0.157980606479901	0.162552472762923	0.234364315037418	0.640117785070243	0.114484851229093
chr17:1760067:1762367	0.461949230297955	0.323289697298388	0.166675661833767	0.0350691854740762	0.31608201416632	0.640252180588224	0.164091807409883
chr17:1769718:1772018	0.630745603184302	0.199609650349962	0.123549730065739	0.0993637741189692	0.108295349799121	-0.38226501349273	-0.0486911758501715
chr17:1783563:1785863	0.00259300845162565	0.183544886091982	0.0367349464110629	0.145372378583821	0.256624235641827	0.285853598034397	0.0379634401434716
chr17:17848649:17850949	0.291714823678862	0.220004873382903	0.00429486198443824	0.0399286977220572	0.0309306701887357	-0.0745734578250101	0.101183900539648
chr17:17972097:17974397	-0.0259352880120816	0.129458129690139	0.0143238523856674	-0.0454435032357757	0.121536698124585	0.221800989720174	-0.00747813535118081
chr17:17972100:17974400	-0.0804717354851477	0.126206194274008	0.08435884949416	-0.0436315151075408	0.136778459815813	0.197651862216801	-0.0295222344287476
chr17:17972104:17974404	-0.182409172663932	0.191696617275425	-0.0344462958102525	0.043101265107704	0.129879684213631	0.182067166345357	0.00105796918608013
chr17:17972110:17974410	-0.0165723758549711	0.0616368134842052	0.0148322386475072	0.0364294443221492	0.125718051382244	0.188261921740157	0.0288733845867878
chr17:17972120:17974420	-0.085660644856681	0.12996969870264	0.0163038300721034	-0.037118686766801	0.0928965063568872	0.206596421118995	0.11152140300757
chr17:17972122:17974422	-0.105336551807957	0.0536538130452008	0.0778388213696201	0.0291423712176898	0.0770588912873922	0.248322719470714	-0.0527980647380819
chr17:18020964:18023264	-0.0595644427494385	0.0090641880001774	0.135207896200082	0.114300314371733	0.0840530722913933	-0.0578402269103478	-0.0393591939235981
chr17:18026235:18028535	0.262073258792612	0.201543604411902	0.0181078189295297	-0.0881535365594602	0.0886857656521125	-0.253134540012439	-0.0339331894907044
chr17:18038864:18041164	0.25282267663653	-0.0121281931268421	0.0995215415573034	0.0572844994433708	0.0637797740116218	0.332986751023326	0.197400456999336
chr17:18038868:18041168	0.282803499580555	0.0001794062501887	0.139984394002204	0.0729740186878925	0.0553865988646282	0.280787020907469	0.140484083243705
chr17:18038901:18041201	0.313265962231923	0.079661931543347	0.0324873808633189	0.0685508372263543	0.154355127983128	0.194302907219954	0.165887306928516
chr17:18038909:18041209	0.289955465832086	-0.00193868818888147	0.0107889223080124	0.0155987293284792	0.226053885928105	0.304568378390717	0.172182525442918
chr17:18258596:18260896	0.107520340892968	0.0232240596003354	0.0574425736293482	-0.046575631863616	-0.105097170944961	0.265429906300588	-0.112913360470188
chr17:18258603:18260903	0.189038878257981	0.00428534398998506	0.0425888701641888	-0.050545651269075	-0.105581220334037	0.186289315310617	-0.124397934095023
chr17:18258615:18260915	0.151676994134477	0.0238130134271398	0.118001901326294	-0.0768704688542687	-0.105973025784302	0.219964675144493	-0.068912114309337
chr17:18258644:18260944	0.173839033996119	0.137165387279178	0.05237118638354	-0.10197111176491	-0.0428819115879181	0.331428790732006	-0.0656527802227444
chr17:18258660:18260960	0.00681248510010332	0.187568689906909	0.052018548780297	-0.138192928834933	-0.0185895649745322	0.305573456759516	-0.0755098174633474
chr17:18258661:18260961	-0.00857919494972825	0.195813404679707	0.133819200268539	-0.0642737060735017	-0.0998630522902693	0.276628766134072	-0.135866216224291
chr17:18333139:18335439	0.41810354814406	0.210747958066532	-0.10293555913368	-0.0454504617923112	0.32596433845135	-0.241457369150718	0.11119199848538
chr17:18363195:18365495	0.0627265905415685	0.246569133116558	0.0104286126412991	-0.00215985601044578	0.132580000603906	0.279280325431615	0.117461636911872
chr17:18363201:18365501	0.0612521025496666	0.193595717017193	0.0101373400537906	0.113926871421732	0.0357861561197845	0.27858922877264	0.119003405993467
chr17:18363218:18365518	0.000202676174736615	0.123295253331869	0.0147168450558874	0.129798895684099	0.0697594970304233	0.323067953039408	0.0512669438999868
chr17:18363250:18365550	0.0359331862620038	0.127775174824536	-0.016684028266541	0.0878163038717789	0.0279868039693588	0.23496822841346	-0.0770373891520242
chr17:18363263:18365563	0.111375770697673	0.120628893300723	-0.0150373145754087	0.0934414481143291	0.0140700232625772	0.323982576934746	0.0163766966368098
chr17:21253110:21255410	0.00362714622761629	-0.0161314788388558	-0.0693305426495451	-0.044594507100899	0.17568496343788	0.0947138715934653	-0.0495441100238416
chr17:2694649:2696949	0.00752094104063462	0.149653170738472	0.0448624511091277	0.0138476884865945	0.00477036051648728	-0.0932665405617613	0.187828447522667
chr17:2701150:2703450	0.157944779874903	0.151767342381772	0.157963794309658	0.173055814919166	0.31240851052855	-0.0307558770710275	0.151839535685233
chr17:2711464:2713764	-0.164821207782697	-0.0312780292991732	0.261583124193217	0.0300726969881245	-0.268837947816292	0.227695282002062	-0.0649050300541489
chr17:2711492:2713792	-0.115618073682261	-0.0358037952657616	0.14658396171312	0.0349017018341903	-0.188525331054597	0.248702411891597	0.197365256026643
chr17:2711495:2713795	-0.0875904256057439	-0.045729254794155	0.155426404349976	0.0583917451277319	-0.224526066974166	0.270189228033019	0.0825631664179061
chr17:28317199:28319499	0.0503893274595849	0.06565715906756	0.21876741054983	0.349829907623482	0.0745166045307442	0.256303539688696	0.307145384105842
chr17:28317201:28319501	0.0999416975694845	0.0912466702569927	0.264045498488426	0.310249518815308	0.0590097429665613	0.266440524163387	0.319945743768387
chr17:28317205:28319505	-0.0427822943215758	0.0435121763389183	0.218022479438628	0.339850521033352	0.08084019231978	0.235710717908703	0.264910952405242
chr17:28882359:28884659	0.0881165743054581	0.00541403353464183	0.191631428078845	0.0442465160628717	0.00540942754822898	-0.159075544733801	-0.00816616561063282
chr17:28897288:28899588	0.00581418527326391	0.11385270996399	0.247585491518008	0.294564915802709	0.0984099594617971	0.0185195663788554	0.0448568513583856
chr17:28897352:28899652	0.202690483013892	0.145820461598329	0.212207521850336	0.299984105690985	0.15995676225585	-0.127990014083298	0.0679225171392841
chr17:28897353:28899653	0.202690483013892	0.145820461598329	0.212207521850336	0.299984105690985	0.15995676225585	-0.127990014083298	0.0679225171392841
chr17:28897354:28899654	0.249232420887925	0.0885643665345912	0.244470649230979	0.230341133192895	0.108918493628818	-0.0914269016465969	0.109384114894282
chr17:28897433:28899733	0.0293237436263272	0.0941156869866434	0.207768161844913	0.278912135876197	-0.106347561827196	-0.147206071807593	0.0829883451307924
chr17:29565179:29567479	-0.037976048830968	0.0147603611755418	0.0546404267745822	0.00749612244831021	-0.141224588582559	0.305482633033285	-0.018579450858166
chr17:29566026:29568326	0.0210193502044725	0.0686875379938628	0.00790376365407847	0.040252356318187	-0.113405321176876	0.418185388944367	-0.0180067387763455
chr17:29566046:29568346	0.0280231236354762	0.0887167177882481	-0.0256622671675605	0.0619940402492619	-0.150475925834577	0.449559952044083	-0.082929177878591
chr17:29566055:29568355	0.0362838240552433	0.146577153095546	0.0206663192404808	0.115696255844106	-0.203021857352614	0.431350296993523	-0.029364250580238
chr17:29566590:29568890	0.033193655272716	0.210827021608386	0.0768260524398177	0.00787801226653892	-0.115563047102263	0.453666628096734	0.144058666212665
chr17:29570429:29572729	0.299957768037096	0.196841491505794	-0.0568934425203293	-0.0654069076519902	0.154872218137891	0.183278186276531	-0.0902435974048291
chr17:35141984:35144284	0.0413919578096221	0.168125033786569	-0.00826816812050847	0.0644238929991318	0.142759601973893	0.25873391319339	0.101368838135639
chr17:35141997:35144297	-0.06685715505744	0.190165216230792	-0.0114414365246632	0.0729096281803409	0.138788607103937	0.295380337024402	0.165542473040879
chr17:35142003:35144303	-0.0584695385797778	0.210767756644204	-0.0152712411951235	0.0542930572187874	0.113159185552763	0.30200832637742	0.16343023638875
chr17:35142004:35144304	-0.0601490144831642	0.263920620793993	-0.00637881508595812	0.0335327470806233	0.0571059481423801	0.272711747741329	0.159824639409165
chr17:3634467:3636767	0.0320082414317487	0.157903539382046	-0.0357658704897214	-0.0281665987373026	0.168149092337055	0.39545300192161	-0.0937567709453053
chr17:3634478:3636778	0.144565224522239	0.199438345047306	0.0031656228430986	0.0433337084494747	0.0944655516539228	0.356439419948827	-0.107001219196055
chr17:3634724:3637024	0.112183016634065	0.11304733718712	0.0328208494105285	0.113863118681411	0.107934162190905	0.318512401408545	-0.00180924985758812
chr17:3634728:3637028	0.0864695651591236	0.050407692916847	0.0554149640666634	0.0862875909487559	0.126091046742743	0.321632504000961	-0.00785448371856438
chr17:3634746:3637046	0.0580616353876542	0.145197320164816	0.0827030471888535	0.0823285818107612	-0.0535000250879072	0.378402481036256	0.0384913972776821
chr17:3634757:3637057	0.13400720341757	0.115804233256674	0.0376758402632178	0.0678861666646102	0.0294950395102101	0.426766232520768	-0.019676209653606
chr17:3634759:3637059	0.110959876126211	0.134747316027791	0.00202501315040332	0.137089257564181	0.081248459069803	0.37456937705391	-0.0229309730281614
chr17:3634761:3637061	0.149405062069735	0.110062618632131	-0.0101305809094388	0.0654849612895711	0.0145933265716081	0.380861836957264	-0.0274708624100543
chr17:3635103:3637403	0.0263561294440521	-0.0208520334896093	0.051375655709721	0.101715522664783	-0.0108065733965892	0.257914365037898	0.0587742491634777
chr17:36589878:36592178	-0.0179619150221885	0.232433162929811	0.0643285717452919	-0.100345756317419	-0.0670400843844911	0.248833603799919	0.0440996948885324
chr17:36589881:36592181	-0.0341673319352908	0.233233757670205	0.0645318522678272	-0.0895134740093463	-0.066175869858817	0.246816530991135	0.0431487509304856
chr17:36589886:36592186	-0.00396003293575992	0.293829829796218	0.127624426548535	-0.12843181339845	-0.00286826760485238	0.269078733580961	0.0754158206248653
chr17:36589914:36592214	0.0474734273922614	0.119485715011782	0.0884256716725894	-0.140275956923504	-0.126235094500981	0.222090805357233	0.167510230268699
chr17:38563124:38565424	0.145632503367071	-0.0796723610501342	-0.119876664037685	0.106024618392657	0.0337193673820224	-0.0631308145018206	-0.0526842354391604
chr17:4147890:4150190	0.0669733564624519	0.494147619501942	0.167789758592099	0.123662398239747	-0.129476213744957	-0.137954888684655	0.187554720444253
chr17:41583155:41585455	0.0698617376804562	0.0634719757342345	-0.0784600603816393	0.0029865789624983	0.0339214451100028	-0.101086737331025	0.083235749255016
chr17:41612465:41614765	0.450868632626173	0.0690181162515608	0.0483913691065718	0.156299833550945	0.0823346371710686	-0.212654077050044	0.113724395368991
chr17:41612467:41614767	0.409493585630792	0.03274054374611	0.0921136752939473	0.113180624354592	0.137812514537501	-0.12271158723661	0.100494039840552
chr17:41612599:41614899	0.527719266623856	0.0822386775334233	-0.055118594734373	-0.0542001150154795	0.0221006689084367	-0.320974629040958	0.180200365875965
chr17:41918651:41920951	0.0781891331163433	0.181539739749504	0.226383917277726	0.0579207212523112	0.212907947696458	0.465771545322056	0.03996642783841
chr17:41918662:41920962	0.116957692897544	0.0640576252073475	0.183068937722426	0.220477870215578	0.148713768234459	0.41294440704138	0.0722312146145173
chr17:41918683:41920983	0.0289494921813076	0.212764918330005	0.225243825240341	0.116660868468084	0.148687275662065	0.513238720669203	0.136541296315921
chr17:41918719:41921019	0.00674424783214532	0.200720443665493	0.29317530310828	0.147008090049702	0.166503246645632	0.58274502424147	0.00565878721689538
chr17:41918722:41921022	0.0725095465137654	0.166338392187894	0.163616266728845	0.125173171302771	0.170273969921606	0.56667880342687	0.0194317578127525
chr17:42128459:42130759	-0.0804296588397597	0.124666910968034	-0.0147674335140454	0.012758884840155	0.0456007991658117	-0.238666521031482	0.0146559570184659
chr17:42154688:42156988	0.0215738051362752	0.426041686030624	0.331146368574267	0.178570240110527	0.210151297844748	0.452806062637731	0.174591485674637
chr17:42154692:42156992	0.00816375029181228	0.421830902028863	0.389574144172507	0.162154486646987	0.241149275312706	0.457297733483885	0.156627270825512
chr17:42154717:42157017	0.051596220019084	0.447694659175676	0.260292252565854	0.0550007788650742	0.244426758335621	0.350587083798309	0.111140068241415
chr17:42154744:42157044	-0.0179200930053721	0.411328736824006	0.226889017345358	0.104477618290673	0.220289901132497	0.342328128755555	0.0704287054653266
chr17:42758774:42761074	0.0109889835096473	0.203405817393374	-0.00979909424028524	-0.121923006664209	-0.0510636197129184	0.10725952924506	-0.0111852908100831
chr17:42758804:42761104	-0.0809596663652918	0.0564472766513077	-0.0688349189125477	-0.0290951926520377	-0.0966917831443686	-0.00981698702240034	0.0513855445084038
chr17:42798390:42800690	0.0640561181386673	0.0652377406732673	0.181198127653018	0.105068217999716	-0.0833289704782308	0.41715497614553	0.196298734710417
chr17:44068734:44071034	-0.0507201182071413	0.227977337568414	0.173079501996371	0.0407531430782332	0.122268117654271	0.42465632516957	0.0402104426187804
chr17:44068744:44071044	-0.0105999715346476	0.306244413386913	0.15898448119079	0.00742354712320438	0.121376833787468	0.385747922435597	0.0540432290182313
chr17:44068749:44071049	-0.0872108588188022	0.237502153731038	0.19704095984761	0.0796262588892314	0.18658530262218	0.467855961970452	0.0577099215486705
chr17:44068750:44071050	-0.0132714417171141	0.302668309724673	0.214963319552089	0.0119552953287883	0.141212178148788	0.353678309561177	0.06874685833127
chr17:44068891:44071191	-0.0968579193341383	0.29715144970469	0.175544295346076	-0.134748786572593	-0.020640337667302	0.34007638042538	0.160056911408726
chr17:44068912:44071212	-0.122470947762766	0.253489086963072	0.0843232996773768	-0.134153374981503	-0.10322766060733	0.350071695358939	0.112687454254119
chr17:44069166:44071466	-0.0433476424576399	0.141962786549521	0.314521392528132	-0.0952752701044179	0.0251321425663674	0.412926170873031	0.038883412479174
chr17:44324482:44326782	0.142062809787584	0.154080973171892	0.0857933652843917	0.0905204320872989	0.141447386814243	0.319976234646788	0.18411968352483
chr17:44324506:44326806	0.0653411999045221	0.39024050199665	0.14816530541109	0.107857187599316	0.187496408072054	0.409664797615462	0.315111457551607
chr17:44324509:44326809	0.0586299385582149	0.360468734010747	0.141871684623396	0.142209252647962	0.190545844476488	0.389761142950146	0.289385369967032
chr17:44324518:44326818	0.0411623455386379	0.390367736147426	0.181724330361764	0.145731028547453	0.252893620794057	0.349805446917492	0.264096348185259
chr17:44324522:44326822	0.080884330220573	0.353244361792948	0.113980464788367	0.123923535263936	0.267650007465934	0.334370431669891	0.291583188724265
chr17:44324523:44326823	0.101145678318552	0.362738102716159	0.147284587789924	0.159251860054286	0.179551127448202	0.37400699661205	0.25541809351927
chr17:44324527:44326827	0.0654980820419441	0.324963476923315	0.160282667673952	0.11200292440239	0.282591007267495	0.341720445672041	0.274152426408418
chr17:44324530:44326830	0.0903781053138233	0.307965368785088	0.117239442793438	0.112536864348618	0.247513643057022	0.374197295074347	0.249631485999944
chr17:45133646:45135946	0.0245920312285726	-0.0302221841709215	0.0838897264064391	0.00698716274586356	0.199761977821926	0.0798518812439462	-0.00900996133327762
chr17:45133648:45135948	0.027296631793719	-0.0374955548224951	0.112972995086623	0.0689003290069341	0.150593871723739	0.156055296989229	-0.0277171073498693
chr17:45133686:45135986	-0.0396263438788089	-0.0291532789116574	0.0147897363139896	0.0923870854525597	0.0692998218378673	0.193763959460628	0.0161324336089249
chr17:45133687:45135987	-0.0600674238360521	-0.0173074631831285	0.0646073569972764	0.11441422057625	0.0445956022306583	0.200028384471483	0.0161598423314161
chr17:45133689:45135989	-0.0323113762020299	0.0148294234267091	0.0581803979468763	0.103502394021488	0.0638891041916562	0.222602172122791	0.0084641182734329
chr17:45133693:45135993	-0.0500683848247102	0.000317463304311072	0.115485520183883	0.118767114057282	0.0903145789987678	0.164240732350566	0.0695993188973959
chr17:45133707:45136007	-0.108046592401095	-0.00140214342988103	0.0239626211909123	0.0163481068996927	0.136513893846926	0.154773094059483	0.037817862982237
chr17:45134095:45136395	-0.00263353510647884	-0.0382931915580084	0.0466260531780204	0.0663834699020091	0.0457060539673333	0.162801165577919	0.00810704636467591
chr17:45134107:45136407	0.0183590171386982	-0.0540265581805948	-0.0133962096445066	-0.0180649117027904	-0.0476469641218912	0.162677411552024	-0.0627541925619415
chr17:47840873:47843173	0.215435899806742	0.391375016328315	-0.0382516040719237	0.205926175196353	0.273152461472388	0.492974121436062	-0.0893509823426663
chr17:47840923:47843223	-0.0307506848462601	0.449728336209003	0.242912759274577	0.129403900373483	0.30118891497182	0.436170451173153	0.0593316526706791
chr17:47840947:47843247	0.0717321700325088	0.391913124728897	0.128363314781182	0.102470771931568	0.301611819072667	0.41960630376919	0.0274008743089836
chr17:47840961:47843261	0.0425804559972837	0.431001962624149	0.0578513037604599	0.114433639585235	0.318297900357608	0.364458535179406	0.0809232778911988
chr17:47840965:47843265	0.0940244468883803	0.40662823174689	0.0663668707200383	0.0815328750939866	0.328427456867121	0.342397219237432	-0.0117938440442545
chr17:47840967:47843267	0.0887122301232653	0.412720295328216	0.0631447035033066	0.086640600606546	0.330030572606842	0.320678354018298	-0.0199696456683135
chr17:47840973:47843273	0.0898891686917137	0.445596282269751	0.050139261422142	0.102989880031899	0.384099812839248	0.42647323094096	0.0298714831699209
chr17:47840979:47843279	-0.0114871200910124	0.456793229032975	0.0535078337647348	0.0803374811738135	0.306555636252299	0.375403930722074	0.0197761558288264
chr17:47840989:47843289	-0.0187368978995697	0.295668525399083	0.114732445947923	0.0812755212299314	0.347740625931439	0.427628518763204	0.0019425329043475
chr17:50093284:50095584	-0.120644427873927	0.221992785182478	-0.0572429465799166	0.0769976265150258	0.154916648757376	0.210082671667512	0.209207487417912
chr17:50093350:50095650	-0.26680703064063	0.114166643531425	-0.0502011146866463	-0.102318792045186	0.0167209405634215	0.241254745643794	0.19684787015616
chr17:50093374:50095674	-0.186507708595962	0.183950302292479	-0.0669966230260414	-0.0423799226204595	0.0799081082454406	0.262356155508586	0.292490941876403
chr17:50093386:50095686	-0.233418534646813	0.180945135892645	-0.0870624641430204	-0.02101278660675	0.109193031768845	0.268822051643706	0.263201847425651
chr17:50095512:50097812	0.0929882302353023	0.348446029769746	0.0561282415086315	-0.166123959630941	-0.129802617588663	0.345281219888897	0.0186101464106507
chr17:50103278:50105578	0.0677263976546803	0.088955032732458	0.0359848752139211	-0.000768325248675358	0.00180982913142753	-0.123578931871195	0.0269757254676923
chr17:50344125:50346425	0.177210146433238	-0.0372439314703388	0.222680576340979	-0.000197140326590152	-0.214614389321097	0.123376285099947	0.0844527662818386
chr17:50344130:50346430	0.168424119202446	-0.0343303800316109	0.143636724166475	0.0190725215929267	-0.139958392464085	0.106557807298526	0.0573804733045336
chr17:50344134:50346434	0.125009573790295	0.000335880150810039	0.14715399233745	0.030214861220918	-0.274286355197697	0.123120835597899	0.013189472481195
chr17:50344135:50346435	0.125009573790295	0.000335880150810039	0.14715399233745	0.030214861220918	-0.274286355197697	0.123120835597899	0.013189472481195
chr17:50424217:50426517	0.0700789951805812	0.079980519220468	0.114536539485994	0.239071249466291	0.0880865201895666	0.490290615587359	0.162300643519649
chr17:50424218:50426518	0.096400660526916	0.101041509094394	0.0771844801632921	0.249764165612376	0.0232858150351516	0.45553521954909	0.149707726929489
chr17:50460535:50462835	0.198673667736641	0.253276334410009	0.0633341432007113	0.085160527061526	0.20161857445274	-0.162180784993452	0.175345399541608
chr17:50461479:50463779	0.105226049779695	0.281718289589296	-0.0892485351626547	0.0773209168486644	0.309155712684883	-0.0710854074602513	0.0391666146368214
chr17:50461515:50463815	0.110946737574689	0.212578071358035	0.0218237830851967	0.0145552092799092	0.358710808165644	-0.0795210244440078	-0.0105798232648796
chr17:50548399:50550699	0.206588686507858	0.0132955015047567	0.17730587405905	0.206880832303585	0.0552079563457647	-0.112427828643461	0.0624061673946951
chr17:63949404:63951704	0.287882869542366	0.252554850483368	-0.199055036863536	-0.10624316572038	0.135270801976824	0.0332679511909697	0.127225082797615
chr17:63961393:63963693	0.748777359220087	0.256605450195516	-0.109080221753627	-0.107684705690169	0.0576460109608415	0.104991754008623	0.0161830922779319
chr17:7217859:7220159	-0.0668255663784811	0.132301170425376	-0.0487353882801576	0.102904421689561	0.145197566337454	0.203225144725564	0.138097799935189
chr17:7217862:7220162	-0.0838285296952845	0.104332322367237	-0.0313766359560164	0.0461856810726975	0.144527129357927	0.238284911224151	0.138352629743966
chr17:7217877:7220177	-0.0389295642111308	0.124952706556504	0.0498263127637976	0.034022076421749	0.119020086619257	0.0961944215409846	0.0703667399391263
chr17:7217894:7220194	-0.0169716141737196	0.101059136981856	-0.0343544045506359	-0.0128293705664432	-0.0144975311813981	0.333701984497098	0.139148533396673
chr17:7217902:7220202	-0.0486734415049245	0.18443129629493	-0.00256440078736859	0.0955648695742584	0.0101043056124505	0.264764134429213	-0.00201930462750474
chr17:7217907:7220207	-0.0780358248369151	0.157541534473215	-0.0305089724860089	0.0832382239627895	0.0739428930126811	0.309997287151589	-0.0314299954094983
chr17:7217925:7220225	-0.0698941106120368	0.168569491528612	0.00170379196947794	0.0276585586003261	0.0391075826616961	0.350830336469409	0.0184210264982649
chr17:7217937:7220237	-0.112003563194586	0.149208911826382	0.0179402722188422	0.0170878775843716	0.0529096961148453	0.298165933981188	0.0613770104046774
chr17:7217947:7220247	-0.0101069759470416	0.0514839414626225	0.0203354299553874	0.0686569303821931	0.0741934798663006	0.359273092830953	0.0781477697777644
chr17:7218757:7221057	-0.0217282511522265	0.0690526233091821	0.0744613917533014	-0.0094190242282088	0.010574633755562	0.403772021929608	0.056687151614956
chr17:7218789:7221089	0.223514699356687	0.129397079847038	0.179313803927849	-0.0233551521887094	-0.0145406344793207	0.46410679141524	-8.18272955881417e-05
chr17:7219278:7221578	0.352001284647965	0.0383430314305863	0.11317208984998	-0.00617446106820451	0.0870240831486531	0.798050938966908	0.0401374664538909
chr17:7219945:7222245	0.10348857995178	0.0822457586267169	0.132167781944449	-0.0599755973722995	-0.0358720338875133	0.270922159854625	-0.159342043283246
chr17:7220639:7222939	0.176751118879894	0.117085361654685	0.103927586375316	0.00610736127485098	-0.0609461478182391	0.470809733352736	-0.227157085620397
chr17:7220759:7223059	0.0485188445697954	0.193555443985402	0.0316771737956664	0.000968705729137495	0.0241084478436783	0.456462643092466	-0.0849358764602476
chr17:7220847:7223147	0.497516217727187	0.362609291077361	0.0126707900488041	0.0102954860828613	0.00953535166711756	0.271774435737325	0.0448336845181498
chr17:7221031:7223331	0.0984438936054658	0.430401507130688	0.0757552219642616	0.0142423509736837	-0.0503361169874727	0.322593062616141	-0.00909937129194385
chr17:7221106:7223406	0.165605037015491	0.284085668603615	0.0974568855381149	-0.0221942443143735	-0.0542702579810405	0.538070355875777	0.018719234170637
chr17:7221197:7223497	0.24097684402834	0.186921639096984	0.0993376166205352	-0.0171626449236289	0.0212246989575016	0.553865395928769	0.136197362488437
chr17:7221218:7223518	0.173299835256515	0.262077649279175	-0.00100879507401442	-0.103594063263229	-0.0832330011764733	0.443779480359565	0.0776676847486972
chr17:7221686:7223986	0.762270482391029	0.698266507010448	-0.0215766539301835	-0.0626082100055327	-0.0538425967629893	-0.147291650622689	-0.0437467503334835
chr17:7221824:7224124	0.87373381925409	0.531464078971316	0.0211958591266001	-0.167546803938797	-0.00279320620244965	-0.100174115885434	-0.0285091735966754
chr17:7221924:7224224	0.91622245418846	0.474360176996224	-0.0137544383589992	-0.106746694436467	-0.113992521290354	-0.081440410760627	0.0513492911004715
chr17:7222103:7224403	0.988521766589945	0.576179719442534	0.00741833065402065	-0.0543048495115067	-0.050498325201524	-0.166561721470877	0.124991437795965
chr17:7222216:7224516	0.986024241575595	0.46290456678086	-0.000238744072512385	-0.027400203660913	-0.0661047638464651	-0.119736994125849	0.245978104158384
chr17:73311693:73313993	0.0155495210422645	0.249232212614277	0.189126155567891	0.188329926507952	0.410765585956878	0.560048310999292	0.313954784008577
chr17:73311697:73313997	0.114111750216214	0.273695160876669	0.211626562749739	0.190524147247644	0.434652449219319	0.646767332814428	0.417208785821304
chr17:73311701:73314001	0.112649868365128	0.324059937175402	0.192250894101359	0.268216634398236	0.464678327294257	0.60190903599923	0.37884079533109
chr17:73311705:73314005	0.0760463668897505	0.262857581587371	0.200838946110877	0.18466465610592	0.36922091631845	0.622712696881159	0.410639262283944
chr17:74774482:74776782	0.0591507918308412	0.17250058718869	0.217622087381552	0.00061374529259921	0.241600317426045	0.157866804442904	0.128820765500589
chr17:74774498:74776798	0.123689238869226	0.222372988198125	0.21171734186624	0.0433575236636652	0.150573150918691	0.14363727532905	0.140419592305747
chr17:74774499:74776799	0.0664677380700864	0.187750821777387	0.18906241498487	0.0721254497295236	0.175809978801881	0.0883833210636706	0.155545426854928
chr17:74774508:74776808	0.11224430489846	0.174654733616455	0.159044318031103	0.0888807035591241	0.136750420133923	0.209840360715857	0.132781322544614
chr17:74774519:74776819	0.0159482741282295	0.15264605712623	0.0697643948939141	-0.0112906330154107	0.11896975591833	0.166137967278032	0.0476412582054
chr17:74872642:74874942	0.00267191057054173	0.12391292533685	-0.00847311276529148	0.174834777381265	-0.0600990039534991	-0.0465527912207736	0.0679738981040786
chr17:74872661:74874961	0.0340890799134971	0.163032294119415	-0.00684572798941385	0.174250190314704	0.000561200160583172	0.000861454978777222	0.084390551999534
chr17:74872668:74874968	0.00812894604666729	0.125758816806836	-0.0226148881911933	0.193310114194689	-0.0188536945702392	0.0610288395379084	0.100968112423611
chr17:74872674:74874974	0.0670245880006118	0.110478863915389	0.028721364023443	0.152892657183907	0.00790572879975398	0.0132440824786897	0.0966065399648379
chr17:74872676:74874976	0.0266817073289031	0.119305635989385	0.0798886724598619	0.150991095923948	0.0205624776786285	0.0477454327125162	0.0757283120973345
chr17:74872677:74874977	0.0444630544073074	0.0949257509618307	0.0687111153341537	0.135839073904424	0.0278518252261313	0.032393242427332	0.0976919226826576
chr17:74872685:74874985	0.0343543697356163	0.117863959771382	0.0377904491863398	0.195262077239883	-0.0265052827767051	0.04270150282338	0.11427961040356
chr17:74872694:74874994	0.109486611047437	0.0839283618857783	-0.0210760668715502	0.155293189378413	-0.00263582521498682	0.0202586844440889	0.0960766056775394
chr17:74872706:74875006	0.158888488039212	0.127722208013921	0.00406119656560691	0.186792556684309	0.0222802099243051	-0.0235799726918098	0.0505647425834311
chr17:74872713:74875013	0.0679404737805637	0.156387625117055	0.0288257895986525	0.203934100319202	-0.0172539405800103	0.0343350702630943	0.0734503476964829
chr17:74872715:74875015	0.180658354966221	0.125609383356539	0.00476475314015154	0.181415770015135	-0.0449279957782421	0.0143240566999856	0.0500895759718357
chr17:74872731:74875031	-0.0150593879332759	0.0964923063177654	0.00204424847264367	0.178181716582309	-0.0138103996600005	0.0260216425540645	-0.0158524304418011
chr17:75484331:75486631	0.0693844965928114	0.20777239295993	0.131246541700345	-0.0239372749488573	0.0136142446403207	-0.137425623886822	-0.0208841457100759
chr17:75489048:75491348	0.0478513190998151	-0.0784881262658514	-0.0237844079428789	-0.0346404661675303	-0.0436390464400344	-0.081958133591645	0.0644015755645606
chr17:75489376:75491676	0.0227534951588714	0.0709939080507289	0.120921763428719	0.14512587060843	0.00138920351690224	-0.0887178428531148	0.0690648342606536
chr17:75489698:75491998	-0.110141373612586	0.0897383784566405	0.00010338000790873	0.0458278370107655	-0.0781780401752517	-0.116323172211278	0.0851247044558613
chr17:75490203:75492503	-0.054239501797233	0.0211563864592523	0.0400860898234607	0.0232541365392266	-0.0940067431565181	-0.21239553457147	0.0124623736735523
chr17:75490275:75492575	0.0454394503184746	0.0206834666562753	0.0470283183276985	-0.0124988209144022	-0.0103778927716	-0.20016666063665	0.0814538536425199
chr17:75515140:75517440	-0.13590640833725	0.0696454651875726	-0.0315189881832577	0.0392194861772862	0.202837710474147	0.0963507259414795	-0.0990756360108826
chr17:75515237:75517537	-0.0202332822939356	0.0338816184674733	-0.0895473559560869	-0.0483301175932897	0.269833436945241	0.0128999030403197	-0.0578591824337453
chr17:75758218:75760518	0.159347525348471	-0.011114421828202	0.107181282709376	0.105179905298005	-0.0259436802100569	-0.111107588243134	-0.0107277368747975
chr17:75758219:75760519	0.138724227499497	-0.0230982387551093	0.0804843565311543	0.113498102497136	-0.0533288532222988	-0.077951027565277	0.0347200424411034
chr17:780352:782652	0.124712317890746	0.161177548431235	0.0639251544089607	0.0453650305814713	0.0746024210356999	0.563826931205158	0.113373719830566
chr17:780357:782657	0.158460519362452	0.173486892167067	0.0783170603503675	0.0585817595710825	0.115277762926231	0.480367853717472	0.0421649452487642
chr17:780366:782666	0.0741419926127238	0.193811072275855	0.116309666722654	0.0935763047972329	0.142857039991725	0.507060550296796	0.129293588422063
chr17:780599:782899	-0.0744668848365058	0.257551815214307	0.0423410162275425	-0.0765750541736802	-0.04058394621193	0.310051447676493	0.0749342714554091
chr17:78125589:78127889	0.0217848044674393	0.256797401694293	0.0655127692294991	-0.110636388440565	-0.149682730329036	0.258574147252578	-0.049042868725835
chr17:78126532:78128832	-0.0442969675129875	0.0740595077265685	-0.045592049813829	-0.130379001580742	0.181312963372087	0.304858052982962	-0.0356870497794415
chr17:78126697:78128997	-0.0196684380769783	0.0488660513503055	-0.0416241754867621	-0.0366966866973617	0.277766050283372	0.394765806425316	0.128897801540129
chr17:78126720:78129020	-0.0777575401908343	0.106916900998784	-0.0842559427451244	-0.106063584874777	0.279607887635796	0.475064151771538	0.124154473227021
chr17:78128397:78130697	-0.0431818216368826	0.032753733164987	-0.0961166713456269	-0.01586672929176	0.0163694938683628	0.242409899451872	0.0417794853240021
chr17:78128430:78130730	0.0107488291138071	0.0673685634283703	-0.149672756694495	-0.020909868412636	0.0625819489029137	0.386013277553836	0.131039329637639
chr17:78128451:78130751	0.0177642825026785	0.0502949739417391	-0.0525745623092341	-0.143808399878065	0.190737306501657	0.360271899864504	0.140367617033982
chr17:78128455:78130755	0.019481080411577	0.0751311408443049	-0.124463957438079	-0.18183177526048	0.114337379758507	0.311675177837282	0.0802582456114317
chr17:78128458:78130758	0.0138115481063041	0.0407417578941761	-0.00705510873814945	-0.230077404632091	0.090465943868764	0.337353104552702	0.241320165420236
chr17:78128472:78130772	-0.00156832533152531	0.0293838789778158	-0.106305321159522	-0.127748124015193	0.116782581180063	0.23842971717434	0.0344611208481749
chr17:78128482:78130782	-0.0020436035754685	0.0555652464171329	-0.0705407943344168	0.0556175124481652	0.0408778604644954	0.397027056132605	0.0255276017828256
chr17:78166593:78168893	0.198344800952897	0.25509924401463	-0.146812846702051	-0.0139375481417858	0.00203780295007771	0.261034473600456	0.0313454138453577
chr17:78166601:78168901	0.203998488908394	0.271487897090828	-0.148512287736931	0.061315244577578	0.0118454012393255	0.328016525388189	0.0547521518810646
chr17:78166603:78168903	0.228768873404001	0.285093023849489	-0.0919656810350965	0.0335058291006417	-0.0445079161444587	0.338032765609632	0.118111502869442
chr17:78166609:78168909	0.175620662917908	0.224391709459189	-0.134118314153584	0.0608420845864959	0.0528126122724462	0.366865241807385	0.161621095014483
chr17:78166610:78168910	0.163483552514766	0.295061040034822	-0.129851723810549	0.0438272776761941	0.00331993806772689	0.34165723477158	0.145081088283322
chr17:78166617:78168917	0.20619535863508	0.181079327926266	-0.224355831160821	0.0172829445210087	0.0220129437514478	0.343460175718422	0.181939717428527
chr17:78979575:78981875	0.40285237831934	0.260899231320457	0.123032864740112	0.201617900744726	0.154291235877124	0.422700828567846	0.237446086203607
chr17:78979591:78981891	0.345552622154717	0.298081557328314	0.16319699944256	0.13825938252443	0.208813076590085	0.458266103771277	0.242238782400363
chr17:78979608:78981908	0.550447321318539	0.272430025465697	0.185452429693867	0.120768689973773	0.160901904621916	0.409771712796614	0.290397494857919
chr17:78979611:78981911	0.528651736709762	0.134579528359972	0.209063267873708	0.25936720281328	0.163571395560172	0.450453447211489	0.0730728666141845
chr17:78979618:78981918	0.623845083826093	0.331188594113069	0.189290513461138	0.130070862089417	0.173502406310328	0.406028232480002	0.18518377212974
chr17:78979623:78981923	0.596126077293086	0.297551090695019	0.208661203961474	0.110291459813064	0.160607575839076	0.3546590643017	0.218211732312437
chr17:78979627:78981927	0.372042245811421	0.307389012244243	0.19358188515555	0.255728738332952	0.121128034854438	0.41059790483865	0.191467655557903
chr17:78979635:78981935	0.404995458228802	0.349962258448743	0.171411596809539	0.238603928468874	0.236698555751908	0.281811117648103	0.215872518073345
chr17:78979647:78981947	0.460625268312774	0.282853729312148	0.223702504377935	0.155035242833162	0.223381793364754	0.317815399862438	0.290251251891924
chr17:79950528:79952828	0.0991052150611039	0.20949501702421	0.159668420331969	0.346700215035689	0.108052864349907	0.0435713517488476	0.190408150081518
chr17:79950530:79952830	0.102458201831731	0.220009775205035	0.15086598518316	0.386422632556008	0.123860788807536	0.0494614667403957	0.192079170508985
chr17:79950533:79952833	0.129369591176053	0.218208580828796	0.185364182482591	0.432269017246909	0.065343762894184	0.0382777017784564	0.252031286803996
chr17:79950534:79952834	0.0857771929706001	0.206135575731836	0.148737527229315	0.302144766201749	0.112171650469756	0.0813968696618683	0.239461269610437
chr17:79950536:79952836	0.0702412225706337	0.225526218667132	0.108645329652715	0.235623041293374	0.0937834688091225	0.0791778947406509	0.268172675487687
chr17:80099555:80101855	0.0561651134849319	0.0773647504503754	0.0865908643702036	0.0494380729438012	0.0972840027410322	0.271949360170635	0.22918014424141
chr17:80099580:80101880	0.0706671954959537	0.06858471323075	0.0149790405027228	0.111384466467823	0.155924947761376	0.290316817194187	0.198027133223666
chr17:80099586:80101886	0.0373655659446229	0.117370905545386	-0.0286665242425433	0.0682889493317625	0.214957826885606	0.247499741459552	0.204169304088227
chr17:80099593:80101893	0.0686209579180631	0.0770226547084566	0.00719237031755274	0.101506739676065	0.11508953498109	0.331214767247217	0.208863852232634
chr17:80099596:80101896	0.0318521561334392	0.10812465361329	0.0375094486045969	0.0710266897302028	0.182273259312944	0.260747836255601	0.20229200420743
chr17:80542818:80545118	-0.088902200711703	-0.0108312629503831	0.0243606196435093	-0.011754472867766	0.0778298734874493	0.118937496492261	0.13760757924003
chr17:80542830:80545130	-0.0703016395686721	-0.118772193806489	0.0454398754138281	0.0190560163047419	0.0126676418262892	0.14509563506005	0.141214161744627
chr17:80542837:80545137	0.00736937830399827	-0.114572946823763	0.0661607375544204	0.00945525745771125	-0.0135071873246082	0.150074302969366	0.192282737300493
chr17:80542873:80545173	-0.00163301873896477	0.0505771756709712	0.0331115300718599	-0.0718109416503004	0.0319292228314209	0.246531701654217	0.0504919750845188
chr17:80542876:80545176	-0.0245810186787412	0.074798071626679	0.12427730017225	-0.103163880566372	0.0209731313206104	0.181292033924355	0.0460285973322966
chr17:81251972:81254272	-0.0484390736935916	-0.0334829305545617	0.090583004656883	0.149348246209114	0.143327503328667	0.0996951835295981	0.0421730401688777
chr17:81251973:81254273	0.0140538990054744	-0.00899094143578403	0.0883793255199593	0.168646004579307	0.14503844088304	0.0261421790775297	0.116814146120338
chr17:81281916:81284216	0.0989603609077597	-0.185506857675284	0.100593724483598	0.124395852131328	0.00432529573186086	-0.0410784771320714	0.0360307145538371
chr17:81281964:81284264	0.0955622432143228	-0.227322584753615	0.232086431542426	0.0861082256865168	-0.0355968350650246	-0.105678308337605	0.0846696998875577
chr17:8162632:8164932	0.0478956546702919	-0.00697667744439897	0.0396531380727641	0.0298546320647782	0.0712368133088187	0.0600219680705223	-0.0328066696580136
chr17:8162648:8164948	0.090181680359955	-0.0516462292375036	0.0421048023434047	0.00394295051201894	0.0304140605738146	0.146747671932555	-0.00921927005181294
chr17:81666237:81668537	0.0432909107211279	0.122808072136461	0.169101844450654	-0.0790738756164258	-0.0968445984355117	0.240699686838678	0.123570979291705
chr17:81666278:81668578	0.0313343886210294	0.145082126539945	0.15011579169328	-0.184587052503715	-0.0693868317116895	0.219542142244416	0.119204352532613
chr17:81666295:81668595	-0.0590136818183418	0.149360441450688	0.139155398776717	-0.151046747148126	-0.153024693974665	0.2155244759752	0.107983634907898
chr17:81666305:81668605	0.0181269342468194	0.0891278955726544	0.0598359822027834	-0.121871022805873	-0.0658643896078424	0.24150147187931	0.0764118338611519
chr17:81666333:81668633	0.0971079694912037	0.0330133282086167	0.104154251343643	-0.0965663833804122	-0.0500962423152763	0.131658485595039	0.0150267413580624
chr17:81666335:81668635	0.0172712799658447	0.0303178376855029	0.0774618918651493	-0.0927485452560785	-0.0510973601040436	0.156132027426851	0.0990175030010498
chr17:81710235:81712535	0.148152811969747	0.0772055937105756	0.218431870751144	0.113056541152784	0.0980879237124442	0.408317013273171	0.0708681229855544
chr17:81710263:81712563	0.139167082003414	0.0414577931834696	0.0582399472629324	0.0718349736209591	0.179601122686815	0.399846140237137	0.0272690305702493
chr17:81710283:81712583	0.126233338307067	0.146090890299837	0.14733187547078	0.132902071539789	0.180913201381163	0.381885753497697	0.048176030927919
chr17:81710306:81712606	0.0252850463056604	0.0521338324239117	0.179643206007486	0.132152171026134	0.0836115708593729	0.356586058573964	-0.0476517240449095
chr17:81713971:81716271	0.26022649003888	0.363811691848732	-0.0766117534373734	0.112853947626042	0.158076326519905	0.0672344271472676	-0.0979203484340925
chr17:81832942:81835242	0.0649412635531667	0.242996311376856	0.13600059595079	0.12649764630776	0.158057805731932	0.497127536406977	0.599080758382284
chr17:81832956:81835256	0.193022448338527	0.23346378218983	0.203990455754625	0.213093371089754	0.182725399965554	0.435236387881183	0.639074030673703
chr17:81832968:81835268	0.120342165223559	0.146951423533385	0.146368690355052	0.235771620052666	0.188791205586998	0.502971141477767	0.545006894709745
chr17:81832991:81835291	0.0278578114165167	0.107257226024979	0.10714491926331	0.169578228206436	0.126869479768799	0.408804759002135	0.561852280906334
chr17:81833002:81835302	0.107521981665503	0.144036744648097	0.0631229096742245	0.176330518456621	0.122362421456315	0.34243930860743	0.659741397186118
chr17:81871024:81873324	-0.0064230209219785	0.100068092260151	0.155171670150024	0.0270965263731048	0.201593992196345	0.455733441869347	0.0187187899083861
chr17:81871025:81873325	-0.0113533331873963	0.110501276796823	0.181679801171996	-0.0146443792357973	0.124042252104527	0.500836755793782	-8.51709579347912e-05
chr17:81871026:81873326	0.0249471999883688	0.105500460819699	0.184793918178796	-0.00782336357180279	0.138184117725392	0.501928293251889	-0.000928803036608497
chr17:81871029:81873329	-0.0139841778587194	0.163248109429698	0.136738312054963	-0.0306167595303719	0.149928065727098	0.631362454823145	-0.0534020675764468
chr17:81871037:81873337	-0.0247682911049922	0.17523202319148	0.194716755661618	0.0171837313971401	0.154039188954864	0.514666410990673	-0.00658292240651567
chr17:81871076:81873376	-0.0490069526706919	0.125675292190926	0.2048223545496	0.149009398506702	0.172223746637231	0.446064265056972	0.015491875407392
chr17:81871078:81873378	-0.0346416620935036	0.148600973812086	0.0651455013796252	0.142857862709231	0.138502698863938	0.449810346233958	0.0334258888690564
chr17:81889646:81891946	-0.016348904249148	-0.0565403859124386	0.144167769864494	0.233884451517782	0.0514900433869654	0.161614597530304	0.059985592989541
chr17:81889712:81892012	-0.0988506764381906	-0.0409106398501261	0.145081100308452	0.209306774601583	-0.134292232552885	0.211434150130614	-0.0299025470353088
chr17:81889719:81892019	-0.0835346315571169	-0.0466481819444686	0.193499562241052	0.208276974887107	-0.147264765882456	0.255197329722778	-0.0258993400864404
chr17:81889720:81892020	-0.147005024159695	-0.0378610656140682	0.210872048963927	0.222121279537905	-0.133380187441415	0.228738846830818	-0.0247010969371558
chr17:81889722:81892022	-0.0783695190792321	-0.104366882877334	0.230480535425158	0.201325552816009	-0.0648348086374041	0.216077427854526	0.0198931487044766
chr17:81889731:81892031	-0.0656796170147372	-0.108992248259235	0.201059573549463	0.205826639913798	-0.0856115622044728	0.221420062168528	0.0213303777672246
chr17:81889734:81892034	-0.113016451941261	-0.0759721772268284	0.207661036227074	0.164859480027592	-0.137144235254544	0.212640801153877	0.0710096260736588
chr17:81889738:81892038	-0.0868287344494915	-0.0397423179945479	0.1489706217108	0.168012322163487	-0.202597617674487	0.300967754769205	0.0602718243474875
chr17:81889740:81892040	-0.0801498804881466	-0.0957500583728302	0.214133287821145	0.219635525602148	-0.177654086290573	0.22431895895785	0.0387233504419124
chr17:81889745:81892045	-0.102602015701352	-0.0457276272067951	0.220415497979574	0.24473918085331	-0.225656593711074	0.278760762528962	-0.010811371770627
chr17:81889749:81892049	-0.0389369694938147	-0.137411208922304	0.261932394204532	0.168699975612357	-0.204207074694428	0.282910125551479	0.0224993527189861
chr17:81889759:81892059	-0.116808830047604	-0.0350671292323455	0.227699371327092	0.145220620946198	-0.109622708812564	0.26494224678372	-0.00212215230183222
chr17:81889771:81892071	-0.0995946244275229	-0.0467000600541869	0.149098405849424	0.198905259739235	-0.136256000465884	0.271970552884116	0.0588551441385707
chr17:81891554:81893854	0.168535717541883	-0.00945665106565956	0.0960141145426456	0.035995796923786	0.1073348612316	0.109376371530841	-0.0183250428395645
chr17:81892297:81894597	-0.153154031257303	0.0969892469682617	-0.0349339416326187	0.26739809804931	0.0778233889911826	-0.106681822295169	-0.0240303868922632
chr17:81892465:81894765	-0.156028891382623	0.0825406215789644	-0.0534977581617739	0.222228979528574	0.0120247647987049	-0.119236172394418	-0.0283756902608932
chr17:81910967:81913267	-0.0373146488893407	0.325187022499049	-0.0585661273750027	0.0630874981293555	0.0472060451017247	0.70142361624084	0.265445145698827
chr17:81911054:81913354	0.0509048576954156	0.408741507114666	0.0860256095885502	-0.0329785329686449	0.242829115552453	0.322042501204805	0.0480567512596166
chr17:81911077:81913377	-0.0205710006537055	0.162413797387087	0.0244586459923213	0.0642546311667864	0.102255476234274	0.198322703431621	0.0800460003459022
chr17:81911088:81913388	0.00751091316074199	0.147020594265298	0.0906309946784735	0.0448408307197984	0.085310431353027	0.205952313460612	0.0790238344047699
chr17:81911106:81913406	0.0444806627468028	0.21365098629499	0.184058934216373	0.110181142809259	0.0827156876905504	0.321778723137813	-0.0080663174999111
chr17:81911110:81913410	0.0605673347801306	0.288287285785455	0.139253779279738	0.148673283618339	0.00646492804926363	0.25402918634243	0.0817011714027812
chr17:81911113:81913413	0.0277868981813649	0.188037589644494	0.10687090819198	0.0842601842980544	0.168508664591393	0.315484837344962	0.131428082696443
chr17:81911118:81913418	0.0155348185865	0.16239195412356	0.119086658071557	0.17298328619523	0.148406684335815	0.348779114742944	0.0709532421241907
chr17:81911132:81913432	-0.0668174369269505	0.22329170815597	0.0857880404254803	0.043032854950188	0.125868105476763	0.309988403844741	0.00965191703372802
chr17:82030877:82033177	0.0893775103256483	-0.0278321798042967	-0.0264236706931402	-0.108867816556067	-0.0216209450111027	0.545978668188723	0.019176283770473
chr17:82050459:82052759	0.0883661302757963	0.00889531000595796	0.138790470433873	-0.0593087613470075	0.185271528489171	0.214847963604736	-0.00821829409098776
chr17:82050690:82052990	0.015894437881655	0.165252140324354	0.00596189866736391	0.0539032104121106	0.120804838173657	0.263349429451033	1.38457027679418e-06
chr17:82051107:82053407	0.221733239293762	0.00384670946044511	0.0526749448654585	-0.121951347814798	-0.037657026675229	0.000350881313524756	0.0458707407192607
chr17:82051134:82053434	0.228391389026125	0.144591873463379	0.146808380089733	-0.0467490647016493	0.0933377611749892	0.144981051112709	0.0745542700988383
chr17:82051262:82053562	0.174640808978865	0.0230307823672575	-0.0191298210204847	-0.00103091748866031	0.07682753949744	0.158303097055086	0.0409417937651113
chr17:82051273:82053573	0.166952682720516	-0.0717827656279656	-0.068441998672345	-0.0112317671931391	-0.00696203032684323	0.137692791863142	0.0372260072082235
chr17:82051286:82053586	0.16239669489032	0.0308968651572419	0.0295704517682009	-0.0127072565741339	0.126603563772754	0.178689653463776	0.017239652836799
chr17:82054523:82056823	0.12931313648741	0.122211415545217	0.0308427972359319	0.0994407790342651	0.102167162047808	-0.0132277806135076	-0.0339531079815965
chr17:82059840:82062140	0.142458297059644	0.149989782513957	0.116215584426803	0.14906042099972	0.0360142715592399	0.0792948989025671	0.151544849302899
chr17:82063177:82065477	0.219489280315453	0.244519070830814	0.0942618099731976	0.0307797961816714	0.0681197234882138	-0.143814713863772	-0.0155893199003841
chr17:82063955:82066255	0.0748290136012967	0.0344292393596344	0.163570576198097	0.0505320937169049	0.0922232408465388	0.277337267665505	0.0880566940446749
chr17:82096541:82098841	-0.00270748561247847	0.056366520375689	0.152126630141824	-0.0274886104575161	-0.177395261724718	0.338495808446226	-0.110631979967922
chr17:82097936:82100236	0.104745786711206	0.137176118045777	0.296700385083531	0.469045446046154	0.108907504776248	0.391373796129156	0.361895079661592
chr18:12306231:12308531	0.292956546495981	0.371605092877177	0.236064679143367	0.201438143445114	-0.0731604295404741	0.459573870051899	0.104060208993234
chr18:12306233:12308533	0.322543506280298	0.279658083603583	0.268107129596157	0.211614067354891	-0.00269821287653796	0.45924041770013	0.133940350933501
chr18:12306240:12308540	0.280284009513665	0.317352364430254	0.287273598587429	0.191225449596522	0.00888063109334818	0.485318640699068	0.140155482355304
chr18:12306243:12308543	0.305808756279249	0.318301407323493	0.302672348968886	0.22791209990479	0.026390487361702	0.449567477302837	0.13253936572349
chr18:12306246:12308546	0.286578305984691	0.331852078593675	0.294837064758831	0.17677486844139	0.0355919421460118	0.460332171017329	0.135682495120576
chr18:12306252:12308552	0.239489993064968	0.280146865099138	0.251295329823689	0.255369046239643	-0.000450198424462252	0.480593847059058	0.110214169260751
chr18:12306261:12308561	0.211932372423478	0.243533762743837	0.259676514520771	0.264363144341794	0.00870285265696954	0.490723674581073	0.12325546517941
chr18:12306262:12308562	0.202703490094023	0.274616715222561	0.292222169935897	0.233952510383268	0.0353321997341304	0.439472386962234	0.165125557185374
chr18:23134423:23136723	0.0655297940264516	0.0119447001914215	0.139669761890089	-0.0442472683376503	-0.0623674932975197	0.195933459641392	0.0526994160428323
chr18:23134458:23136758	0.0883754285091419	0.104581722292713	0.152718727541763	0.0746599438503679	0.0370128374792641	0.299358717892411	0.0699980359670248
chr18:23134492:23136792	0.0978332888809637	0.0157962413816397	0.122749375224217	0.00552197708825565	0.00523067407227491	0.278586994818528	0.042850821809284
chr18:23134548:23136848	0.00823270867743796	-0.00711251918813417	0.0871878411702714	0.00774485933397259	0.103466470552015	0.252901400933655	-0.0251458278317356
chr18:3090466:3092766	0.037576252901424	-0.0289466608157845	-0.0267392270942454	-0.0555848663179433	0.0739919368425211	-0.158784726687573	0.0228453286273975
chr18:3193654:3195954	0.289480973479861	0.00852265829880213	-0.0360000737048972	-0.125520418660142	-0.109586279553941	-0.104146629439249	0.00678910040126389
chr18:49813637:49815937	0.0270096082279243	-0.0921836276197545	0.0852207232686032	-0.0854091285616803	0.0803449898637555	0.258931797327118	0.114684718107124
chr18:49813653:49815953	0.126159666560832	0.0142113153894652	-0.042867461474538	-0.0788569753877164	0.0321692005758031	0.305741126292737	0.0174549792917023
chr18:63319469:63321769	-0.025802564865224	0.0368921436266867	-0.230574960132671	-0.00303428338572353	0.0369405360917699	0.166752377675079	-0.0763885601615318
chr18:79950517:79952817	0.0918005188146268	0.151550859936549	0.125595906968453	0.0539160312482502	0.0538985607031564	0.357985921980124	0.0685373985181805
chr19:1020551:1022851	0.152850427528403	-0.0830525082709484	-0.0598047120398704	-0.076117022901836	0.126813934847303	0.289791382694954	-0.120627642075451
chr19:1020815:1023115	-0.123491859203032	-0.137743018268298	-0.0727869896847352	0.029248635176171	0.211413571280322	0.352592791100363	0.0459190106009829
chr19:1020823:1023123	-0.0455191585890788	-0.137340499263383	0.0238739334093343	0.074957255038052	0.184417005203846	0.34591751943628	0.00473281694769232
chr19:10250213:10252513	0.120460204948314	0.027814127322761	0.096541202568283	0.231785670736826	0.0443550182381843	0.243578820744399	0.0812001736336224
chr19:10250226:10252526	0.0711367426653531	0.0392594384942263	0.108535172631697	0.0974718920780071	-0.0132429392662514	0.14549150910549	0.0537060167489897
chr19:10250257:10252557	-0.0191183962000999	0.0394971661970755	0.0788699174038982	0.129076126701096	0.00557526847572387	0.141186681604142	0.0813428265362968
chr19:10250275:10252575	-0.0421101668740675	-0.00340699425860336	0.0767291325066234	0.305952426041022	0.0887044740138595	0.131738296556417	0.127922261809152
chr19:10250304:10252604	0.090665420020514	0.0402843880644942	0.0624474934314104	0.316751232781439	0.120901037562078	0.15781036739911	0.0866324051587395
chr19:10333191:10335491	0.0784105258834509	0.000379105086153395	0.101435319109373	-0.0266737549806021	0.16270524472657	0.205277985085388	0.0137450234056384
chr19:10333211:10335511	0.128425341365118	0.0494698837587319	0.162839683814198	-0.072499807405436	0.2204737319455	0.214782302403384	-0.0052735622043674
chr19:10333229:10335529	0.0828099902148393	-0.0249294698143337	0.224498208394522	-0.107022513964963	0.123161403022268	0.199987016107438	0.00357228269446891
chr19:10352837:10355137	0.222708925508219	-0.113150660538941	0.0206543621528133	-0.0234534558073367	0.0731832720412041	-0.108878607206497	0.0623694985523471
chr19:10352956:10355256	0.0898174149882728	-0.0136756302364978	0.0928361710995649	-0.0310909625624682	0.188641336566779	-0.0505111127790418	0.0870627227692208
chr19:10378208:10380508	0.090777642738489	0.0924064857701787	0.142319574720085	0.131116271341477	0.114398433306584	0.0551715027461837	0.107904874165238
chr19:10380210:10382510	0.104850135990687	-0.0341138525950213	0.154251465838073	0.102934648983753	0.0439880257470834	0.283845820870397	0.0718867549100319
chr19:10380225:10382525	0.167216637478214	-0.108974932573021	0.0729817260885541	0.127994612142404	0.133474739548927	0.241267972922528	-0.0242889704444109
chr19:10380265:10382565	0.180849319229647	-0.0706929419927408	0.166626424676742	0.0100545012263569	0.0616172653381388	0.281087617361785	0.111978199405582
chr19:10380272:10382572	0.129153815643821	-0.0717439152401864	0.192433520723018	-0.0150239876474141	0.033090809619399	0.275130189502852	0.122559020723982
chr19:10699438:10701738	0.102578599738595	0.052455724003536	-0.0346121975196954	0.159716600013381	0.133005857227617	0.310394606556075	0.221681649821002
chr19:10699453:10701753	0.0179496498106035	0.0789738173465025	0.0718218112692842	0.142092702555113	0.047950840890757	0.412237479926932	0.192546150367683
chr19:10699465:10701765	0.0295904428565033	0.0711254308554728	0.069436293454153	0.0480526915096724	0.099760341873679	0.510848727195219	0.204385618111082
chr19:10699470:10701770	-0.0432424371566425	0.156033553161651	0.0199042858787854	0.10552152532825	0.101073926469891	0.512058512385173	0.272029204034262
chr19:10710917:10713217	0.0463412853562486	-0.0151592384843078	0.00245339365268054	-0.0722881382104995	0.0831837970028979	-0.194369931684623	0.0207576155466677
chr19:10834704:10837004	-0.166462748120766	0.199898561968872	0.0405465354569661	0.224239696052629	0.0940703912911917	0.464134445852577	0.254512756484192
chr19:10835949:10838249	-0.119500971343752	0.0811008505196692	0.218869390220038	0.123712121348591	0.123022394625725	0.374911134306187	0.233252927198013
chr19:10836018:10838318	0.124127229268617	-0.0595951066058257	0.306825767748879	0.0505927187389795	-0.0410834957903657	0.283415023639314	0.35648339130024
chr19:10923317:10925617	-0.0303397602745598	0.154358799592503	0.0316742811186737	0.142997187197168	0.0823228532780426	-0.160855880894585	0.108215997936239
chr19:10923817:10926117	0.122203763691842	0.0858279641123253	0.0476904328042012	0.201175091828149	0.19540801278925	0.0525922810189643	0.0553784366081698
chr19:10923847:10926147	0.113198725364077	0.0312520547456669	0.147776078434946	0.191351568746778	0.230382459432119	0.0885049371002886	-0.0535487300644036
chr19:10928247:10930547	0.0521553276605425	0.303353616488553	0.146210521782778	0.358088513462374	-0.0322637142429176	0.377102149490685	0.0758065355818311
chr19:10928250:10930550	-0.00442916899720613	0.310486881786485	0.179627675874807	0.315277313295158	0.0137489447232621	0.404779260576181	0.0753877054370179
chr19:10928325:10930625	-0.124773249669513	0.294508987280731	0.0945452557086223	0.331444657102252	0.00790004225412481	0.412007896466216	-0.0339350636314363
chr19:10928350:10930650	0.0265486383690475	0.379160432680636	0.142013770828346	0.307551874344485	-0.00736333547625681	0.478738934297732	0.0499086423280401
chr19:10928353:10930653	0.0265051488359257	0.351801938615277	0.0994528132198043	0.365395966953733	0.0555580932874424	0.460599573254768	0.0776187647737931
chr19:10928357:10930657	0.0793822004860859	0.382733082146468	0.119380081110571	0.298979815526985	-0.00743122172580665	0.481623444120286	0.043023433535801
chr19:10928381:10930681	-0.0462853215734263	0.230439791508638	0.0700447354958855	0.183461780051816	-0.00418731873546099	0.402292389189831	0.0210947537065192
chr19:1094961:1097261	-0.249281686568354	0.284256833299702	0.394446016850111	-0.0357535855464899	0.0753232755723433	0.352436893367519	-0.0265265373240397
chr19:1095036:1097336	-0.159229040356578	0.164633588215294	0.185301918748287	0.0735643279235301	-0.0246354449787189	0.338183500186756	0.101521698599091
chr19:1095049:1097349	-0.0031361206707657	0.206683862175777	0.245168606008288	0.0514276708069963	0.00157094150335701	0.34554419589749	0.132818334394688
chr19:1095054:1097354	-0.018729576362542	0.130168582187386	0.248901623792549	0.142548523857737	-0.00859774449157041	0.42077926597947	0.0895602372277477
chr19:1095061:1097361	-0.0119415175966578	0.192708718537935	0.267924895872661	0.0582235014587206	-0.0270871874217984	0.346863874314414	0.185500890089491
chr19:1095066:1097366	0.0107027506482078	0.197036662630369	0.308665594291132	-0.00082037469927055	-0.035324305595759	0.359148772036241	0.172730409189672
chr19:1095074:1097374	-0.0452762005956981	0.189974185804301	0.277456167984226	0.0922296428630819	-0.0159940829009287	0.349511332953105	0.165389823581744
chr19:1095075:1097375	-0.0333596245856242	0.190587524923311	0.332494200957654	0.0947795140603335	-0.0505714976666444	0.361489309183482	0.138167256485734
chr19:1095080:1097380	-0.0892941592528241	0.195641765016959	0.286860193824286	0.0124887853766621	-0.0943697064593364	0.344996543140909	0.173904168909204
chr19:1101993:1104293	0.252855135043567	0.376218460776913	0.327291869759406	0.0462177262884328	0.769151966351288	1.18921029608336	0.19735700100517
chr19:1102007:1104307	0.243851591204719	0.345909716486763	0.36487015565897	0.0730605559651033	0.812943137515553	1.31535840433298	0.426584499358754
chr19:1102051:1104351	0.276388626269032	0.375063080694574	0.314942779234674	0.206377746607798	0.715209713051615	1.32159676823515	0.364699918584073
chr19:1102066:1104366	0.258335117497098	0.434144083249149	0.238392212537468	0.232474541768148	0.724694215942872	1.27875342694821	0.392582838044334
chr19:1102705:1105005	-0.0444171538344354	-0.10720367228858	0.109471896150583	0.15593070917066	0.167581383283089	0.841319862750756	0.0736298528335068
chr19:1103151:1105451	0.188577075439156	0.13611770228601	0.0615508388761801	0.223096865781787	0.0831768424751443	0.931666443173402	-0.0438898590861652
chr19:1103155:1105455	0.131452305904267	0.135425172627265	0.0368533231333929	0.224443468615666	0.0637734736542935	0.90460561383331	-0.0260337869419719
chr19:1103453:1105753	0.0157409417248903	0.162531423160208	0.0236565444804939	0.0847938265036459	0.0240750446944982	0.4471416467113	-0.230284466699081
chr19:11208458:11210758	-0.143738648202299	0.231881402365763	-0.0264369223800831	0.0615852675560254	0.00498995810996062	-0.186710444695585	0.0161804203711253
chr19:11208644:11210944	-0.115210959796759	0.0708665187619378	-0.0766577935033264	0.203869861068373	-0.0461848745855701	-0.0410865150837294	0.0453050398279434
chr19:11216968:11219268	-0.0870321847738214	0.0642932105375147	0.0392697282244877	0.145044172150894	0.0580874042395608	-0.0728244726946407	-0.000520827404825948
chr19:11216996:11219296	-0.0154343532545542	0.0840955672907826	0.0441394357548681	0.164598458505135	0.151017090131267	-0.0553063692520888	0.0943778175279518
chr19:11222024:11224324	0.140637881464642	0.276816655264188	-0.00996405959635373	0.04034717265219	0.285754891811745	-0.161321306597186	0.0578049681178364
chr19:11237618:11239918	0.400023139489909	0.0922296059843622	0.0229508339275655	0.0378187796902918	0.0553719435097939	0.0504919664425105	-0.095034350546547
chr19:11507409:11509709	-0.0886907162854493	0.217743709919473	0.0850150804605828	0.0260966684349921	-0.0097398752900637	-0.19404426677386	0.0931630171097532
chr19:11528796:11531096	-0.0189139080146384	-0.00508792176692111	0.147774962202294	0.129330898921716	0.285906627064158	0.47073604477886	0.159131096049305
chr19:11528799:11531099	0.0173343969981442	0.0389821638096802	0.115301410744786	0.0538470935309124	0.213445400269828	0.432764167767771	0.229944012159781
chr19:11528824:11531124	0.0238618731853433	-0.0104704655410876	0.0331592781034523	0.167740401479227	0.240431407784423	0.500789314291495	0.319362412709274
chr19:11528830:11531130	0.0043369537683692	0.0170562352146109	0.097982414848264	0.168144518002201	0.256731352361034	0.333164702047034	0.359389120073062
chr19:11528832:11531132	0.000686801196037956	0.00170528751057649	0.149642317298588	0.134764586754603	0.221412795092833	0.346653871615242	0.39488511436177
chr19:11528834:11531134	0.000451729724129376	-0.0110508103996414	0.082408871815116	0.0672863991390717	0.3050240608646	0.351371426297016	0.398535216065038
chr19:11528837:11531137	-0.0287643225628875	-0.0307000515242251	0.0403302578574389	0.0164441590073798	0.257113314281758	0.219416759426852	0.404983659332975
chr19:11528872:11531172	-0.0184104089121154	-0.0769649716481555	0.047352765332858	0.0547809173397897	0.157816246777738	0.383499782225299	0.323383554632358
chr19:11536766:11539066	0.0398729227661504	0.034875386873287	0.0998403478370365	0.133359138987101	0.0339441922584474	-0.0270946995237159	0.059134753643114
chr19:11536774:11539074	0.0278064376523079	-0.0176213551749286	0.065897865993752	0.0983879147539821	0.0707440793059686	-0.0201427243032451	0.134829852391911
chr19:11536850:11539150	0.00487745452707327	0.0183656360217903	-0.0436820462598431	0.222009475673826	0.19025882147895	0.0120723599666726	0.20283275061543
chr19:11536852:11539152	-0.0411833935194178	0.0771646558914875	-0.0573705727745897	0.256915130508576	0.220882685739068	0.0443825156208933	0.213294499238273
chr19:11544674:11546974	-0.00348542741719295	0.0870289810461517	0.103528251665657	-0.130439067299433	0.0462942458432698	-0.0814675695023857	0.191193855326439
chr19:11544707:11547007	0.0765971355570233	0.070509882664982	0.115361551243135	-0.0341534870959806	0.0214774887062179	-0.0626281894557387	0.128809516374131
chr19:1204815:1207115	-0.0750753243736224	0.0826659922833716	-0.005199335458158	0.244364231987488	-0.0385002856963718	0.234254228797388	0.175539281835716
chr19:1204823:1207123	0.0193864790893404	0.123093646199117	-0.044181634439596	0.214563623361981	-0.0612411108287682	0.267938936518647	-0.0570732058893036
chr19:1204868:1207168	-0.115833574920257	0.216092353870588	-0.00597301124329302	0.15112760818506	-0.167825609916887	0.111903222453898	-0.114250987455429
chr19:1205090:1207390	0.00526692894606196	-0.0029764983305296	0.186281324715346	-0.155465662908489	-0.052611951594233	0.126281260455542	-0.0209048821624451
chr19:1221147:1223447	0.109633863901954	-0.038639394024141	0.0280552413258066	0.105972089424316	-0.0355080587606591	-0.0247912566766491	0.0800737059005111
chr19:1239745:1242045	0.146075998535039	0.110120401116256	-0.0844446974156052	-0.0687008422767771	0.168181793186936	0.17795603132151	0.0374808809648748
chr19:1239750:1242050	0.244706579023661	0.156233887073949	-0.137620787452404	-0.0650262154993919	0.159638954787963	0.319408656524779	-0.018077789500257
chr19:1239767:1242067	0.129220969532491	0.115682869180356	-0.089344870793898	0.0170972294718416	0.191558513828839	0.284728932020823	-0.0764057254008792
chr19:1239769:1242069	0.233172735568894	0.14035376141611	-0.144652232019239	0.0259891686532165	0.213376770816736	0.276120813541568	-0.0457187752116643
chr19:1239816:1242116	0.0802923709013244	0.132590679729182	-0.151069764001277	0.0188008027464423	0.256681951790487	0.26487976240607	-0.0583821305614662
chr19:1239819:1242119	0.0717060522640789	0.128355657699939	-0.121952582607186	0.0819018641578914	0.132775179926036	0.307886991677665	-0.00700086551748728
chr19:1242056:1244356	0.0496842517799926	0.0386898111694296	0.0078523677153157	0.0963742593408288	0.127075809074729	0.251735043544208	0.213792721575339
chr19:1242057:1244357	0.0663426438684519	0.0352839128546452	0.0227623347149502	0.123641576908983	0.0981047428543913	0.24925885176746	0.192827155985955
chr19:12696319:12698619	-0.00323172434634063	0.0738990469468492	0.255203630985581	-0.215258142277088	0.0073619450690366	0.162467610073424	0.00645744909431903
chr19:12696331:12698631	-0.0513895825797648	0.10224426973525	0.206448438162835	-0.0793386580580117	-0.0641692337590672	0.0947875499502526	-0.0219914713725439
chr19:1273529:1275829	0.0684682646280719	0.113673458940255	0.0524241664858447	-0.0578853366512763	0.0231003849963252	-0.0864874330736072	0.0713115776074075
chr19:1274092:1276392	-0.125115562246096	0.015666791406364	0.0612100250312468	0.0929051763453166	-0.0404984857322491	0.134554544571717	-0.0453562036298129
chr19:1274099:1276399	-0.106847806799276	0.0337381053147784	0.0659738542629245	0.0966739268256488	-0.0465549102316687	0.148384407615316	-0.0416080517659626
chr19:12763422:12765722	0.0358029435059384	-0.0347893845020529	0.162454113301445	-0.00441296672499525	0.215204056742628	-0.06415537447389	-0.00964269015684525
chr19:12767784:12770084	0.0893880322536284	0.0336554046597988	0.0319920602197626	-0.0695681509548605	0.215133009865173	-0.0584008119258663	0.159775248449753
chr19:12772380:12774680	0.278843540492217	0.0669245730522724	0.126465403447899	-0.0701319995709173	-0.195495670035449	-0.0155615350767969	0.0531133518809275
chr19:12772518:12774818	0.303423277063959	0.0233419588458535	0.0704985993676011	-0.175968960987804	-0.178971448291942	-0.0946157253463912	0.0628589620786242
chr19:12775223:12777523	-0.259226429526134	-0.0677506487630761	0.0870083442323897	0.0284118654775329	0.0970878898409051	0.369941141109825	0.0757218533750555
chr19:12775233:12777533	-0.194276940955298	-0.0631046987540222	0.110177147241683	-0.00722929119938246	0.0832012230022688	0.482675852509429	0.0741748353838201
chr19:12775239:12777539	-0.120915210230616	0.0248143900394087	0.0752944047463683	-0.00518933059429983	0.145270989709791	0.449194081075688	-0.0470778878442514
chr19:12775244:12777544	-0.208581269270731	-0.0483782694175878	0.0980705969909865	-0.00527710067170417	0.0441468776431809	0.494798938360482	0.113832864826268
chr19:12775270:12777570	-0.131040725585199	-0.13487023442502	0.0822799415450157	-0.000875071944503523	0.0024663491245769	0.524029291955695	0.0708254140198526
chr19:12775272:12777572	-0.139772831372532	-0.0428387767010252	0.112858082940939	-0.00245236611694992	0.0144352570329448	0.451884595604342	0.132251765678555
chr19:12775320:12777620	-0.0854374655329301	-0.0693415396138229	0.08956234854404	-0.0180058888140171	-0.046404275375603	0.456087143010859	0.109311186546681
chr19:12799947:12802247	0.142021116507213	0.147818970944889	0.043277387907033	-0.0458818935369208	-0.128692958893274	0.384605879653188	-0.0663586501635342
chr19:12800161:12802461	0.208027499139028	0.441296007678273	0.0666483737289625	-0.144209892422473	0.0358728580449906	0.379014294469203	-0.0709014584939918
chr19:12801487:12803787	0.294838136241513	0.2795865896668	0.219163990534938	0.15220354265396	0.109617542048769	0.415858715072225	0.0520573680473191
chr19:12801488:12803788	0.297495367051626	0.27547267161415	0.222623116741503	0.150142227945432	0.108711862888404	0.393136283358945	0.0572395061975392
chr19:12801489:12803789	0.297463195228923	0.332957195815552	0.230365763936712	0.142855087174994	0.114140421895879	0.334016659601425	0.0855279913811996
chr19:12801500:12803800	0.287407465076206	0.261204787119652	0.248419708966606	0.117981576981488	0.0174942356667923	0.322302137373775	0.0734093752774674
chr19:12889159:12891459	0.16941417113117	0.209807299659832	0.339180720150791	0.304429175106207	0.146137563257814	0.485835841474444	0.0541570994611435
chr19:12889163:12891463	0.223635249367565	0.306696397087344	0.454578516391344	0.327735269042704	0.150692457946832	0.490602476538228	0.0606476561268366
chr19:12889165:12891465	0.185453832987846	0.29219812910792	0.415609578128766	0.357318732962567	0.228441705910658	0.562125848402411	0.00762166585523515
chr19:12889167:12891467	0.159021619275551	0.320992673153508	0.466887605046487	0.359479132033843	0.0946684245231458	0.573782649823996	0.00742814995583522
chr19:12889176:12891476	0.147801938166234	0.260133996935625	0.457349324323297	0.286100783849519	0.0937669528905656	0.52492065495089	-0.00184339177766502
chr19:12889179:12891479	0.181292962902696	0.280577850183208	0.423879772717876	0.222878421292781	0.12360279989333	0.534396628956699	0.10610627073691
chr19:12895379:12897679	-0.0692604511766597	-0.0408966012549456	-0.0240797885976064	0.121169609757672	-0.0355335626201785	-0.156998606431249	0.0551601734757823
chr19:12933380:12935680	0.194102806633279	0.263165359249816	0.433436418736195	0.11921431497706	-0.0533949254839746	0.61509439963757	0.339915746400301
chr19:12933396:12935696	-0.0365078025327247	0.244460478177219	0.481474722703272	0.0520056357960257	-0.0690990855475421	0.641260094981882	0.21633060503415
chr19:12933398:12935698	-0.00973170196489346	0.244393118836081	0.479369484107264	0.0337193373334085	-0.0692367519262806	0.636444061604804	0.216529662184235
chr19:12933411:12935711	0.106639142244813	0.244731142923563	0.495605585142707	0.0525324308466294	-0.0729582561140033	0.646726196237065	0.26639312891526
chr19:12933414:12935714	0.10441321664113	0.224347361137435	0.498423226753636	0.0902763610058814	-0.103265583667784	0.646771319195817	0.237529274092067
chr19:13145114:13147414	0.0714045783523449	-0.124963722839735	-0.0398192090505475	0.0727610758977526	0.0644815179995972	-0.0805850022086139	0.122893326942913
chr19:13149926:13152226	0.0888068694748197	-0.0630979229971794	0.0901397600979534	0.152304080451339	0.00722930072050909	0.403176019589185	0.105208095790433
chr19:13149987:13152287	0.124314038887242	-0.102047075411372	0.105443972122947	0.175937893568557	0.0772910812355621	0.400605428812512	0.0453664384479786
chr19:13150013:13152313	-0.00567173814177649	-0.112604231976774	0.0798009554583411	0.18614802724673	0.121846645436418	0.376840832120189	0.094919297606691
chr19:13150041:13152341	0.0465143640601091	-0.151231392385946	0.129525618198279	0.169509434884122	0.0966398197771951	0.314010326198487	0.0362101662152927
chr19:13150046:13152346	0.0560522551187489	-0.0904977961815579	0.146886291967747	0.148829461043875	0.0402220521525639	0.237614375458417	0.0592379256511612
chr19:13150075:13152375	0.00196044994748525	-0.0772854369730954	0.145098821702797	0.131177784628522	-0.0363717900941429	0.301684502736541	0.0676334013255529
chr19:13150083:13152383	0.0947635010468736	-0.11988541555816	0.0992961333790288	0.264206133735039	0.0157034910827407	0.456218259008733	0.0378143485372999
chr19:1381883:1384183	0.464964444176536	0.307897416133668	0.282172576498651	0.285553800698041	0.333777482118773	0.595354029351257	0.465125037197102
chr19:1381889:1384189	0.442657977272989	0.361857233753394	0.341153771614078	0.273166630509304	0.311740919268246	0.6853843090498	0.375899649412171
chr19:1381899:1384199	0.525782933095027	0.329826492017947	0.271389547780043	0.286212610467063	0.400796082392895	0.676919942928025	0.369235443407379
chr19:1381903:1384203	0.506248996159104	0.359942130205281	0.321247164173241	0.279043096653886	0.361412701543645	0.651860590211274	0.259847948388966
chr19:1381906:1384206	0.478390513912032	0.277456053219511	0.327597377345753	0.278084785678102	0.353256619873937	0.646062152973036	0.268953274190281
chr19:1381917:1384217	0.481241749189992	0.283492789594251	0.272870459339267	0.24327934883643	0.348902645935248	0.727531162942112	0.371432023105405
chr19:1381921:1384221	0.380943456074619	0.345633418208458	0.326509807945891	0.220190430254476	0.34461194466263	0.678548970830493	0.355108241742977
chr19:1399447:1401747	-0.0690615613171046	0.202618658832965	0.0203673762266853	-0.0349494314283566	0.0442166757575888	0.0458095973762719	0.0481103082128075
chr19:1399502:1401802	-0.107366225260144	0.183901265784163	0.296654426481019	0.00422035271972771	0.100667292056363	0.063317992219801	0.105139326789074
chr19:1401194:1403494	-0.10258146611003	-0.0068989663611546	0.186191960646555	-0.0402886347321376	0.10071771395145	0.174784581647728	0.316535736277307
chr19:1401242:1403542	-0.00904814265383597	0.0748625960068917	0.127018570312266	0.0584126644924301	0.0371440085731783	0.25734442851945	0.279956156388481
chr19:1401270:1403570	-0.0688751264002308	-0.0968360227107783	0.0176916754665365	-0.014778097729073	-0.0834301292120391	0.128351224193828	0.17779143883333
chr19:1436384:1438684	0.142819975077451	0.299970546704804	0.0479068504081864	0.214574883491803	-0.0545874532919283	0.334146967248394	0.180426165622255
chr19:1436385:1438685	0.150732372678753	0.355424536819715	0.10993929936435	0.149525444041167	-0.0165879310070781	0.34829435837386	0.119401295947356
chr19:1436399:1438699	0.147963866646182	0.378687284556072	0.100582281882132	0.252167987742571	-0.0513942822914549	0.34619724098838	0.157382168626166
chr19:1436400:1438700	0.197205594648195	0.364961615933796	0.0854959706045184	0.251097936011701	0.0455563965751519	0.284811443893348	0.0832933406126559
chr19:1436404:1438704	0.160712725341903	0.206225871444566	0.12398949503691	0.129635630055082	0.108798457370139	0.388007448462461	0.0919724722955042
chr19:1436405:1438705	0.222527559129768	0.235070923997052	0.0412397236703431	0.246946614195358	-0.0194469310724463	0.309384274942388	0.169009511781786
chr19:1436418:1438718	0.245631213192216	0.171838340517991	0.0366541003091624	0.21096819334485	0.0700987184711089	0.327857135777372	0.171324942710512
chr19:1436419:1438719	0.221984824756277	0.233509463373748	0.090703063138455	0.168298268545202	0.0742092743886575	0.329690246946853	0.175774640324424
chr19:1436420:1438720	0.167771183482735	0.205109795695213	0.0597146292344309	0.223438389751069	0.0942890948781445	0.416753360896092	0.124987321893167
chr19:1436421:1438721	0.239799890216109	0.262524166169011	0.0770741364519769	0.224451876178211	0.0486075972710072	0.287045075448478	0.070067724342682
chr19:14527591:14529891	-0.00926833217517366	0.0312242049824316	-0.0394523974424765	0.393107362933013	-0.00216293315889577	0.426074831921889	0.221283676620784
chr19:14527593:14529893	0.0520732942186178	0.0599036914131963	-0.074690469109745	0.390447533283758	-0.0261985524159134	0.361160395221688	0.236566058316777
chr19:14527594:14529894	0.0160174612123779	-0.00927382051083333	-0.0321208557580978	0.395147264928188	-0.00100100335221067	0.455735414234578	0.177060438459646
chr19:14527597:14529897	0.0571999965295919	0.0333237140465985	-0.0713319602050429	0.339585414542495	-0.0183739695761515	0.421164815037247	0.22652292739375
chr19:14527609:14529909	0.10296592229758	0.00736303574548712	0.0144549007875863	0.392813344324607	-0.00219083058297769	0.475072441832236	0.144338219403115
chr19:14527629:14529929	-0.0460657312892397	0.0786792512729323	-0.00515810217732403	0.385464559064003	0.00169897220958446	0.390978403324788	0.23982684198023
chr19:14527635:14529935	-0.0595169645464845	-0.0442091017029005	-0.0213121415733728	0.333552466428109	-0.0177663835001091	0.440590700437124	0.221065984958257
chr19:14527640:14529940	-0.158368441096453	0.139738012686619	-0.010996053584615	0.366604642839696	0.0177620878713171	0.400392497748716	0.224784646829165
chr19:14527656:14529956	-0.136382248974354	0.0827990026505985	0.0488865664746108	0.296717072862714	0.0864245715691613	0.39088653485446	0.223926839004006
chr19:14527696:14529996	-0.264878826283989	0.1727135885293	-0.0846782846761416	0.36798248789734	-0.0471355198681751	0.305514899540176	0.164096140157471
chr19:14562057:14564357	0.0908514592703613	0.17892243352862	0.14341107525338	0.331535042069528	0.204165436075443	0.030157239034057	0.243380529371704
chr19:14562251:14564551	0.047154610823604	0.114381107443359	0.0914744973740245	0.170325625567661	0.0846274053489979	-0.117113638569294	0.191696940031377
chr19:14562693:14564993	0.322442104316756	0.0390058441341677	0.188317958228016	0.0891727218661051	0.134933855704167	-0.135856151432262	0.0635111941756594
chr19:14562697:14564997	0.376838293764788	0.156593202765332	0.230104509110823	0.143605908547243	0.0943088058938707	-0.101796095216714	0.12376425031278
chr19:14562941:14565241	0.432990100549035	0.118263143624382	0.178342082096899	0.18041145300948	0.134749710504223	-0.192058202349359	0.0965588302035372
chr19:14562960:14565260	0.340888506425474	0.0789821172949277	0.185864004628096	0.231984820370311	0.0994563909973749	-0.176049181060237	0.104945846627218
chr19:14571762:14574062	0.13968438656559	0.152202660711423	0.198040851763739	0.210540470183867	0.289893344764639	0.46769677154657	0.0732246254641611
chr19:14571766:14574066	0.100936063687842	0.185730250203093	0.318852553928434	0.192754627572752	0.319641957734633	0.438735855624529	0.170310482780905
chr19:1478881:1481181	0.127624445918654	-0.0566866903433241	-0.0516399605023479	0.0749812161018096	-0.0286063963554601	0.0322467025742634	0.072062411195117
chr19:1478883:1481183	0.104987131850927	0.0128001177880706	-0.0812851680784978	0.0761742014040931	-0.0109156128828025	0.0360558362599112	0.0997398344094037
chr19:1478894:1481194	0.109603024991243	-0.0129632256419467	0.00968306670220165	0.0613990749153175	0.0168789920399727	0.0433253517699219	0.0855602015715311
chr19:1478901:1481201	0.0892391854044565	-0.00640574469437507	-0.0631542532326533	0.0563065002468428	0.0141676354617681	0.0340722586262773	0.0817558189979522
chr19:1478913:1481213	0.0594464971277508	-0.0623968028986096	-0.0981755931996046	0.00160429111101964	0.0195356069946527	0.0702913094519297	0.0571365600397015
chr19:1478915:1481215	0.0611577546034374	-0.0520786075994602	-0.0997851959139958	-0.00187947798970011	0.020309089169275	0.0732839452061496	0.0545081989460523
chr19:1478916:1481216	0.0730741233323614	-0.00368207548971604	-0.0778264539931959	0.0513420109787477	0.00339610380163915	0.0145461974012609	0.0918166553127479
chr19:1478919:1481219	0.0999903217395199	0.143372339776029	-0.124025204858515	0.0467131133850678	-0.0100158354801501	0.112682213890671	0.0643061418033026
chr19:1489165:1491465	0.0386065095778865	0.217602280732958	0.179560578981471	0.199928248147254	0.0603671651915874	0.312624445303151	0.035323887817719
chr19:1489180:1491480	0.138496179532457	0.11684753146544	0.2632398141698	0.19500230189555	0.0183202199824739	0.43942424998643	0.030193897363277
chr19:15116380:15118680	0.0431714105654026	0.0816971199518297	0.0451979321644518	0.180424334296207	0.330873897629507	0.0278381656554856	-0.0455982099123983
chr19:15117631:15119931	0.35387484103621	0.0660934224796786	0.101710910253521	0.0360104122927458	0.202531928536413	-0.0131937472865002	0.122557167556187
chr19:15117715:15120015	0.325244839047628	0.133644237591345	0.181513739218916	0.0381459057910058	0.195141568789545	-0.136602158165886	0.100980480007033
chr19:15125333:15127633	0.133167625601044	0.166814839262659	0.205779238413235	0.041177453270394	0.125346263022304	0.0160218985451379	0.109792195037686
chr19:15125416:15127716	0.0945396530383112	0.29421095315938	0.167164999619954	0.142809960508456	0.152360229928031	0.0725108042255124	0.18950061725082
chr19:15125422:15127722	0.0365693615168489	0.339239757870106	0.188972018320457	0.0872572590498605	0.174183782857526	0.0993443131434266	0.226063896953856
chr19:15125472:15127772	0.062822965162145	0.17971689974748	0.0604675715944457	0.0746146634218094	0.211163228479784	0.202022541721549	0.182009735982715
chr19:15125486:15127786	0.0504398920529726	0.0378182951701459	0.0604090111109697	0.0248872667883956	0.176171196409393	0.218177065450154	0.190318202517907
chr19:15430850:15433150	-0.073152394928817	-0.0981497915410686	-0.00755556764885521	0.0546194269946853	0.0279804520994626	0.193668586854345	0.122027203873843
chr19:15671017:15673317	0.180545839528678	0.109882661018202	-0.121593614657672	0.0579891912530244	-0.156141086378332	-0.0889982620599165	0.0404457009047578
chr19:15671045:15673345	0.174518562968249	0.0914144468337121	0.0662401216417784	0.0894111947937657	-0.192010520505422	-0.0831919245282197	0.0365136951347778
chr19:15671075:15673375	0.187817205218105	0.0491619541644949	0.131622030900178	0.0184138970523951	-0.151287807987854	-0.0842907196286499	0.0321649984672095
chr19:15671081:15673381	0.20902184639528	0.134145539580205	0.0670107765407347	0.0117068208680057	-0.155904089661339	-0.056373753509772	0.0657297096016276
chr19:15671086:15673386	0.102879298350212	0.207443223645348	0.0718816422091708	-0.0151603283215957	-0.193307011041418	0.0163510204723877	0.0344754937533098
chr19:15671087:15673387	0.117612275921384	0.215978922763307	0.0598825373411267	0.0180775533468844	-0.177501167385611	-0.00226767684931284	0.00300759848186879
chr19:15671089:15673389	0.079129619996261	0.113608769506791	0.129629256343448	0.0425478164564963	-0.20584310780547	0.085199331508961	0.0222264069015857
chr19:15671111:15673411	0.177880620255519	0.134765291624096	0.0801695888186434	0.00681881940488917	-0.128522067433864	-0.0294019207849575	0.0596348035585457
chr19:15671477:15673777	0.104360046177711	0.130903404312635	-0.0642343376694381	0.0920794848759178	-0.136622819408357	0.146867901290044	0.05812034051215
chr19:1585007:1587307	0.380545675920292	0.0335864124248202	0.220076525081436	0.313789913402072	0.11717456182576	-0.0108973701017631	-0.0170507508945291
chr19:1592501:1594801	0.0548468988986601	-0.169262642556474	0.066197214627481	0.0285052707681327	0.115622416817432	0.190597668413581	0.141808745151987
chr19:1592565:1594865	0.0378908364601894	-0.189325422533387	0.0514685099770639	-0.0239671556817757	0.166248381233975	0.17684767634414	0.159065887970512
chr19:17213345:17215645	0.0854063243103481	0.191280429120777	0.0754684044673936	-0.030012770887867	0.25118261928701	0.21003727299359	0.121674418579249
chr19:17213356:17215656	0.111287814298721	0.140218441993398	0.0384738207222993	-0.0306856930778431	0.280891937000963	0.246938202046701	0.164508526074566
chr19:17213374:17215674	0.0103564826803649	0.111055808002119	0.0286045182384002	0.0761794648125096	0.275923997281663	0.128448294335775	0.125420027468638
chr19:17213387:17215687	0.241741418521405	0.0222266441196978	0.0792169314276871	0.0189924590134358	0.157721555406073	0.247293248778929	0.130036495473009
chr19:17213389:17215689	0.246498673775686	0.0199031690082846	0.0799510994626954	0.0207254466112247	0.156404701662077	0.245799615222552	0.122686572969062
chr19:17213391:17215691	0.114857197339678	0.0957577105087026	0.0768372294549146	-0.00919763134355909	0.174410131756737	0.297717410627096	0.146860806092083
chr19:17213397:17215697	0.170281473827842	0.0515077653999743	0.0641803728781441	0.0188705104876837	0.141077600171721	0.353218876396675	0.0758637715921918
chr19:17213828:17216128	0.0928815585979109	0.117894631629972	-0.0584143417275427	0.00668411412778614	0.400569024122623	0.170034058118934	0.0338721089398913
chr19:17303667:17305967	-0.0162670593859687	0.436812222555384	-0.0171215017691071	0.173728799037561	0.0957996370332942	0.164167225868051	0.121043147677042
chr19:17418046:17420346	-0.0863219062690295	0.258927126743465	0.190239234163362	0.0365306596485525	-0.141415521178689	-0.0395798023361605	0.0193221064508335
chr19:17418047:17420347	-0.0331380369826021	0.217029074339437	0.191772634202045	0.0568671408520914	-0.148737478628004	-0.0744909336665173	0.002492885029161
chr19:17418071:17420371	-0.0746415958070647	0.240568877020448	0.171052844368521	-0.0100428346554524	-0.196609595295757	-0.0638630159211471	0.0322831118306141
chr19:17420284:17422584	-0.0480519927674477	0.0275781540819715	0.117024909513153	-0.0560059260177911	-0.0895472565584581	-0.137564698263993	0.266723666935559
chr19:17468488:17470788	-0.0995799589326657	-0.061510423312465	0.0800729718939552	-0.0678435886161119	-0.370386956057983	0.545749425822363	0.0334652923335409
chr19:17468523:17470823	-0.0725843997758557	-0.0672397183923422	0.0793941813745791	-0.062491300159605	-0.302460884721979	0.50574059162218	0.00720864883583502
chr19:17468527:17470827	-0.106905281384894	-0.0588938572601202	0.0986922216725465	-0.068585694227537	-0.321564955812119	0.512285315007252	0.0137020815093045
chr19:17468537:17470837	-0.00432244271769564	-0.0544337450273306	0.0653995972286519	-0.00528941775162543	-0.335814223012017	0.646629757431524	0.000320342224363972
chr19:17717479:17719779	-0.19509934565845	0.0815239946353259	0.103742283625427	0.113826343694092	-0.00568353279293884	0.186044561269395	0.00340253857141505
chr19:17717483:17719783	-0.158390469674982	0.064664327352893	0.0728222248592197	0.18700925124672	-0.0729224694116504	0.250015401740404	-0.00952949293195501
chr19:17717496:17719796	-0.0995130980260245	0.0551943759008155	0.00877470967736186	0.184000713627381	-0.0991322155103945	0.145789923637882	0.0251652713260741
chr19:17718723:17721023	0.103473426574223	-0.175310770872588	0.0210820756385128	0.00865991204834699	-0.130823960527539	0.0760798754006616	0.292199722145655
chr19:17718751:17721051	0.0211829142556807	-0.165908681541457	0.0173590468950719	0.051540177998481	0.00774537090313101	0.111867119267223	0.277425739942342
chr19:17725437:17727737	0.0412511960083691	-0.0461526327473992	0.00715002406950986	-0.030564446975032	0.0318413926516381	-0.151687758734983	-0.0627992055724425
chr19:17931014:17933314	0.0206599469356642	0.292964026246261	-0.105164793896733	-0.135715049112988	0.221342622859804	0.413861052459284	0.126944625541801
chr19:17931022:17933322	-0.0449022699249804	0.232926579111937	-0.0698325733432209	-0.200811900306153	0.223335145118243	0.374889068672817	0.0787144596480421
chr19:17934250:17936550	0.160942323242533	0.0702270456818326	0.0693493102561919	0.0528522011819031	0.111996321126173	-0.122367922373893	0.102158403444941
chr19:1818435:1820735	-0.0612050729120079	-0.0647964310872865	0.0499297388388362	0.0407033820930889	0.0263190205111779	-0.0424398037081647	0.043841292674047
chr19:18543273:18545573	0.0650208150320512	0.0598368690383613	0.12717324099939	0.115892230862272	0.211844555987547	0.283012538843107	0.110118123199914
chr19:18543277:18545577	-0.0300177443416224	0.12051395289227	0.119617445409077	0.076460236703619	0.188890938808674	0.251122084882895	0.191273923163584
chr19:18917704:18920004	-0.0105711372686061	0.174045315401222	0.040830852471345	0.136156276029989	0.00969801571555735	0.226039868850741	-0.0319314473895527
chr19:18917714:18920014	-0.139463921301362	0.184868562513573	0.0167224514307892	0.151517560054295	0.026126178089009	0.259038093685432	-0.00810487095705305
chr19:18917726:18920026	0.0562230410253587	0.159514711557743	0.0118891830789584	0.160695064750056	0.0536500438141343	0.179775776086404	0.0386069251235326
chr19:18917727:18920027	0.0658019282562059	0.174696383887184	0.0380218002623222	0.122125496842676	0.0482211536733128	0.200540687385641	-0.020477961309533
chr19:18917728:18920028	0.0290769085459804	0.17221651203815	0.0993920669067257	0.0848583029903578	0.0510533502243047	0.191854603367771	0.00359158992172994
chr19:18917737:18920037	-0.06133495635706	0.182923688288637	0.0344719122520367	0.0880547718333833	0.0518929795077408	0.160655294193476	-0.0127574308132967
chr19:18922652:18924952	0.200361667788408	0.166644771281325	-0.0610591529510995	-0.0636809555639404	0.0758280812080996	-0.131761649569227	-0.0722135364825919
chr19:19031574:19033874	-0.145720954141463	0.07554092375579	-0.0346738631935504	-0.111291288821752	-0.0114405985497175	0.355198923044989	-0.0573964879572587
chr19:19031584:19033884	-0.139767497848875	0.100547029578925	0.0351221730548209	-0.0485210996403196	0.0295795287625921	0.362509439714476	-0.0370636528027834
chr19:19031602:19033902	-0.163737891842918	0.0805263476951742	0.0524820034032315	0.0158972932079532	0.0057568029658345	0.344835174348991	-0.0297247661033235
chr19:19031609:19033909	-0.119249872859649	0.0705061106239023	0.00212391785730622	-0.0139771267948584	0.0997708746265866	0.42040975552035	-0.0804186853923931
chr19:19031612:19033912	-0.119797528203398	0.0638696767509227	0.00974135754446817	-0.119667676314678	0.0809265856726253	0.417613475070047	-0.0898455445730965
chr19:19031613:19033913	-0.0909947610495593	0.106772643254528	-0.00394520714665775	-0.124041866024206	0.0490105320558864	0.433031902292888	-0.133341247829752
chr19:19031620:19033920	-0.0961655002910553	0.148453402693256	0.0308420883265987	-0.120317791332741	0.0471494787695085	0.386269181452906	-0.0408592759478122
chr19:19031634:19033934	-0.0781922313231544	0.0560236563450583	0.0375219809495915	-0.107792195749389	0.0216261516208142	0.368068927124057	-0.0798449928820534
chr19:19031639:19033939	-0.116680867273298	0.0956198353314176	-0.0304315984400565	-0.14887774871809	0.00347633568353154	0.376802765259968	-0.052434337161275
chr19:19031663:19033963	-0.113266160308509	0.14524585849307	-0.0319375281424658	-0.142823087695336	-0.013560933975479	0.401015457720422	-0.0502429053600121
chr19:19031822:19034122	-0.0616247281119576	0.0679167820590371	0.0730107927279736	-0.0752863615583221	0.0421870524464613	0.410177616198408	-0.128803627362615
chr19:19031860:19034160	-0.163129743384483	0.0581744986057797	-0.0102492937710063	-0.104039599816662	0.0957145881973143	0.392438652700332	-0.0417907800338943
chr19:19052230:19054530	0.00150640134614382	0.0518678962215371	0.0618217774800721	0.138631504752544	-0.00206694080077753	-0.044909581190929	0.0684332149806626
chr19:19120675:19122975	-0.159890003816656	0.183115446547958	0.135947515020149	-0.171485781364714	0.0287607973621933	-0.222853711876098	0.151585483758778
chr19:19138147:19140447	0.00664610359650364	0.0393069008196538	0.130204966885171	0.159269414295782	0.20199217656352	0.107749664149508	-0.0123519456837066
chr19:19138153:19140453	0.0363276120185686	0.0210138935404707	0.108943233822881	0.199324676541088	0.220210247200645	0.132899877286739	-0.00236580047287953
chr19:19138162:19140462	0.0447850515891675	0.0396182285648489	0.133114528199432	0.144142706282927	0.20695798280144	0.0991015037616183	-0.0226220268271024
chr19:19138166:19140466	0.0173955543798317	0.0157710708488523	0.12755151377322	0.153923585583356	0.2393034367352	0.0900974814312164	0.00360319940505618
chr19:19138167:19140467	0.0559240163956376	0.057857482939368	0.1093478327572	0.149213136111059	0.238361763580789	0.106735443321391	-0.0192521538639393
chr19:19138172:19140472	0.0810950623869073	0.0370578743802242	-0.0265525048870597	0.187086709353345	0.288157313790889	0.138055299270968	0.0102048136201432
chr19:19138178:19140478	0.00268499774123698	-0.0138350375102392	0.0556170318659045	0.201171635423384	0.261426752533857	0.123698878783357	-0.00569663810542598
chr19:19138193:19140493	0.0306637798502736	0.0412190970256348	0.0448800264816037	0.0754958300454009	0.316462206618808	0.135336682389603	-0.0198238921883634
chr19:19138201:19140501	-0.0493413931776733	0.0362206430047877	0.0376016718582836	0.101237967395573	0.278789140439166	0.061243090389377	-0.020290926159543
chr19:19138213:19140513	0.0490330724212075	0.0764967147548809	-0.0521069900405292	0.250366834561846	0.304878439213804	0.141891663444546	-0.0482526318604221
chr19:19655284:19657584	-0.00799982917005662	0.0888015874813291	0.0133227128749677	-0.00255431965398416	0.235659491438206	-0.236800812745416	0.0723930642786638
chr19:19655385:19657685	-0.0282976809233791	0.127669131464253	0.16387921907101	-0.00639779200176125	0.0351720142809654	-0.110253385261528	-0.0253715829189239
chr19:19656432:19658732	0.110508569765487	0.0238028292594232	0.115744321321765	0.0691902554533666	-0.0313703286185004	-0.17890816192807	0.0273846784783762
chr19:19663373:19665673	-0.107153210557667	-0.110563702073896	0.176596101069445	0.103586703509988	-0.144925691599597	0.279146102308686	-0.056839208823041
chr19:19663376:19665676	-0.0717411977746121	-0.0452959828573284	0.185614683156266	0.0309974207210157	-0.253542952222378	0.292773139386569	0.131854204971284
chr19:1976452:1978752	0.122904093811926	0.0975184926198209	0.0310189242715361	0.0423625316172698	0.058276557202803	-0.0591435941961577	0.162899949782077
chr19:1976474:1978774	0.137152381161914	0.0794245259195337	0.0162104859191654	0.104039382887369	0.0591120165113624	-0.0250040750356681	0.145809370448962
chr19:1976933:1979233	0.211525181748398	0.0138900417563235	-0.066732399902149	0.124104791190395	0.24681507343302	-0.0103033947428739	0.202066577669649
chr19:1977203:1979503	0.172535096682749	0.0522860359823874	-0.0361037202769882	0.0436810102843303	0.165063294829882	-0.0161352896309238	0.172275438834778
chr19:1997124:1999424	0.237650263439997	0.084363340016845	-0.0806546230409905	0.0795479705078636	-0.0715093306388004	-0.0435493979891099	0.0773215435014897
chr19:2015242:2017542	0.00176432616954366	-0.0033600598608448	0.00780621736706389	0.0200034011877891	-0.0113537941646438	0.318660772318589	0.114126900002811
chr19:2015414:2017714	-0.00320417576723606	-0.0743352601390481	0.0371609206151468	-0.0225588426987134	-0.0730223122305101	0.128611087398327	0.132837347662139
chr19:2041778:2044078	0.798354328370291	0.478265002585008	0.250397325180981	0.149313964535368	0.427413246221804	0.355960128927471	0.140446881630418
chr19:2041782:2044082	0.998169373294747	0.604739282472029	0.252609738196797	0.0657176521042675	0.440620350747501	0.495433870351798	0.143380468900548
chr19:2041840:2044140	0.907666217998878	0.459755672556043	0.102887723158254	0.189986862559208	0.425125034194419	0.493402938475637	0.0687224593574704
chr19:2042333:2044633	1.07814867483307	0.7585555212268	0.17197203810351	0.101910030680293	0.100566651776437	0.301078937547811	0.166925644940701
chr19:2042376:2044676	1.03127395599359	0.577595079572487	0.142330838134308	-0.0562529380049249	0.0986047261074677	0.283965972677058	0.102284774045627
chr19:2043232:2045532	0.772683017549912	0.482678251318287	0.163147800225541	-0.0466544674308827	0.079840988706471	0.325334890399059	0.19583462919264
chr19:2214165:2216465	-0.0197776689287676	0.104434177373964	0.116274626185871	-0.0812986215245026	-0.0506602186422121	-0.249241868174017	-0.00318495207034605
chr19:2233532:2235832	-0.111501826510905	0.0666581955127548	0.104164640787947	0.120514775689731	-0.150936820346687	0.192150632097798	-0.13392255560622
chr19:2235939:2238239	0.0888250667060937	0.054045212616157	0.224260492804753	0.0776093461846877	0.231666771374161	0.339102111716325	0.046772597609306
chr19:2235963:2238263	0.104525287050816	0.101781069086	0.278521271357056	0.0935271028727027	0.303535293616656	0.416286712012812	0.185318690030951
chr19:2235972:2238272	0.0679693286023299	0.0434334688633532	0.2479305215204	0.0422968581466429	0.237770883772825	0.403428418029449	0.189461232237769
chr19:2235994:2238294	0.0380135322484214	0.0888288321425082	0.285054759554452	0.115228815134789	0.223199699145068	0.430355068727362	0.172116590268405
chr19:2235998:2238298	0.0626083058686232	0.0445210302159136	0.298077087783825	0.166996425346223	0.196390359771911	0.393198799889138	0.191639805771538
chr19:2236020:2238320	0.155245965615707	0.0721216198035466	0.273242533468311	0.171055068239765	0.199866325508031	0.380199673797001	0.177184089356639
chr19:2236026:2238326	0.16867841310239	0.0437221193399722	0.241732814578038	0.165978803145886	0.173475436385588	0.367774122043934	0.138083440821684
chr19:2236030:2238330	0.127882883785046	0.0819058265669447	0.284707801731735	0.162068039964806	0.20729572182607	0.29622014997887	0.118099036687234
chr19:2267508:2269808	0.00789454973833577	0.0431850146367839	0.0245224430419849	0.000645459166986939	-0.0316935457686796	0.451302301132003	0.171498269396604
chr19:2267514:2269814	0.0746562987500571	-0.0166395634978593	0.0172293758634618	0.0449304370825318	-0.0847331280708373	0.393600437399696	0.244347100346967
chr19:2267519:2269819	-0.0435921580355329	-0.0378004986067722	0.0561187971506363	0.0233441663168968	-0.0200401062119414	0.404224717877996	0.199583118057994
chr19:2267533:2269833	-0.0729508766557657	-0.0447423733668068	0.0369412378106027	0.0702471220865729	-0.0442198604702213	0.517308601991286	0.190305284562727
chr19:2267548:2269848	0.00685621435535966	-0.050612057410394	0.0158767205021941	0.0256994226403008	-0.0595116364067088	0.298326110183816	0.127055935055913
chr19:2269318:2271618	0.0891890087794252	-0.0170834885850963	0.219142269927864	0.00414535098102649	0.312995715313461	0.221621976325159	0.0842140395836418
chr19:2269361:2271661	0.0815352312846224	-0.0580787910733892	0.189397958574042	0.160216638250046	0.304201539378075	0.34690590598357	0.0962337041640564
chr19:2427238:2429538	0.0405115322967836	0.060625771303689	0.0455841220902262	-0.0867368971341237	0.13279404260448	0.663448656422051	-0.019387215846812
chr19:2427286:2429586	0.184548088356909	0.117636814431013	0.110247304581025	-0.238665205784188	0.0982014463655215	0.410841604927419	0.0205130327183079
chr19:2759242:2761542	0.0967487098372824	0.115738321305024	-0.0232951842012027	0.0910075951810219	0.0200272319239585	-0.0343409784096781	0.0331145704827483
chr19:2782970:2785270	-0.136044679742413	0.0369543868431317	-0.0850304505401979	0.0873889782941908	0.199743218553963	0.448922268663528	0.0283769213523526
chr19:2782973:2785273	-0.218970409343798	0.0867437334338665	-0.081970099385627	0.0681480877006683	0.182782153092278	0.523736604019446	-0.0204377156174867
chr19:2782982:2785282	-0.19343325980847	0.127049319716145	-0.0817317000789372	0.107701422707795	0.198130428089054	0.529788393341605	-0.0146256941299016
chr19:2783502:2785802	-0.0431484490126561	-0.0774410453172608	-0.061193887944424	0.177452460414282	-0.0221436667827421	0.175525766045947	-0.0354998416880981
chr19:2783513:2785813	-0.0468956539574489	-0.0753476382856487	-0.0411618271124335	0.198408698898081	-0.0707514946242276	0.159973942285332	-0.0112935386155701
chr19:2783547:2785847	-0.0138798845882434	-0.0801413866938431	-0.0273006815137021	0.156918190706068	0.0847092289940079	0.24480824931419	-0.0522201753365024
chr19:2783566:2785866	-0.0436342398262448	-0.0268650561587593	0.0228139772799685	0.164375993525848	0.0901886293630948	0.325748439635704	-0.0614657117469511
chr19:2804984:2807284	0.0536464142318645	0.107071940258985	0.0827225995873377	0.0424940154098882	-0.000140958851051046	-0.177422625264153	-0.0263078147772079
chr19:2805571:2807871	0.0439666437213295	0.0401510065761461	0.0307365243592079	0.165597338980674	-0.040080845778837	-0.0726056785750679	0.0802192917104736
chr19:2805685:2807985	0.10489316942339	0.0213289452451422	-0.02548198648182	0.0304859064033531	0.0144564258164406	-0.0463147345423744	0.0429687638463456
chr19:2806242:2808542	0.0933132831427717	0.0693175033629178	0.0873612991758106	0.120990760476263	0.0554074420953188	-0.0842421867447977	0.0290446831525591
chr19:29708340:29710640	0.280950202820197	0.101677194627886	0.106116675612279	0.0422448537830872	-0.0338966369804845	0.710172118942339	0.0272040622475318
chr19:29715157:29717457	0.0588722517030071	0.0180158640051302	0.0593118300796274	-0.235513577806306	0.0913472130357849	0.336087521574148	-0.0368926996747368
chr19:3183929:3186229	-0.0155591292542668	0.229076998707074	0.0166424212558786	0.121884741345335	-0.048010935200796	0.257682965174439	0.0713962144854315
chr19:3183935:3186235	0.0859964576995152	0.13859182294711	0.074140413291168	0.146435199910999	0.024853182787675	0.384196823021061	0.0785418351882958
chr19:33194735:33197035	0.0293467793543838	-0.120675738189927	0.0785549924047291	-0.0342118990026878	-0.110547552768287	0.118358271068021	-0.0151386164690919
chr19:33211389:33213689	0.120666651086774	0.0832347295562173	0.00525691697038399	0.0669239372135863	0.0266724737361178	-0.20650034987118	0.0391827520957148
chr19:33388820:33391120	0.0853349802749461	0.189103431084693	0.155533976474983	-0.0501011952119641	-0.235033275277247	0.297746480110278	-0.0113561442382315
chr19:33493037:33495337	0.0950804729198864	-0.0117808176080148	0.279807042957475	0.0476767491597584	0.162649146647458	-0.0322612032662904	0.0910950598184355
chr19:33521449:33523749	0.143342649714723	0.534794409132233	0.307554134868067	0.0918352559108523	0.413497922954937	0.522041378422759	0.16087232087925
chr19:33521456:33523756	0.14823628876463	0.494533079140216	0.325359455509881	0.108374574038554	0.425725733994414	0.54616927789674	0.171319784589276
chr19:33521458:33523758	0.155272316409217	0.520895818409171	0.299941957891465	0.139525848521258	0.356841698194055	0.509113368828035	0.235521101006393
chr19:33521488:33523788	0.138535387062455	0.58679228975193	0.304745842441605	0.121544030824351	0.3568441564574	0.554162875563499	0.186725437751543
chr19:33521491:33523791	0.126001923584456	0.541971577309296	0.38123970263581	0.0863722552934301	0.418159573477992	0.568318933118671	0.132766809661619
chr19:335894:338194	0.0208611177338254	0.284818125032466	-0.0702958661449118	0.170233544644144	-0.177606622736975	0.00458342484935361	-0.0399478476217497
chr19:344478:346778	0.00569769879714577	0.0552424757234679	-0.0123691900013404	0.0345432196187575	0.028620551963055	0.00476893424077094	0.0379504491688494
chr19:344482:346782	0.0166088325273632	0.0955228199778055	0.0367455392677269	0.0318345699044476	0.0602493788052938	-0.0537098280758133	0.0335825489522224
chr19:344507:346807	-0.0133139428329064	0.132812333313275	0.132093820931923	0.0329762890773406	0.0329147432949571	-0.0274431437536358	0.0167325248472274
chr19:344515:346815	-0.0473685398617205	0.136992915474165	0.145483412476009	-0.0204140346805647	-0.0155722514823542	0.00380932237887229	0.0133231638700289
chr19:3547031:3549331	0.0494193194702896	0.132418843210044	0.0243285310983553	0.183107724048006	-0.0883479733860829	-0.0613063720708236	0.0518903144206332
chr19:3547064:3549364	0.0621630821771438	0.137884832843956	-0.0520461529138392	0.218250121594797	-0.108616421892355	0.00794297334920941	0.0765307237465067
chr19:35509911:35512211	0.0467026752442803	0.071830643545575	-0.049963791929869	-0.0386001515196686	0.190301063230679	-0.112439436832507	0.0343833993647883
chr19:35509931:35512231	0.0753488710158904	0.141521330966085	0.0800670221714741	-0.0326634958923187	0.226408777608885	-0.0409345425144492	0.0639325120179962
chr19:35509949:35512249	0.114554171456438	0.0998097421277233	0.0179707231782435	-0.00192094733824975	0.162795531931721	-0.128605703170642	-0.0530972779793904
chr19:35510084:35512384	0.0379931799240441	0.14024463072858	0.0183173936128432	-0.0423020862717479	0.359816670467445	0.0666686266866403	-0.062188262177675
chr19:35510089:35512389	0.0676080422681725	0.134929593232268	-0.0227954297944864	0.0311000848538297	0.397812061473274	0.0295123312139638	-0.0113920487204096
chr19:35510098:35512398	0.0593041055906301	0.124457397946704	0.0286624691785388	0.0748272293774157	0.282555816852727	0.0741875133463035	0.204585251146392
chr19:35510110:35512410	0.0465344771029477	0.111715058728978	0.0145519309842767	0.0252143358282664	0.304280623573426	0.0832566757809102	-0.0227255341160537
chr19:35510118:35512418	0.0558780382120513	0.0905725565578319	-0.00432183056216308	0.00527243824388163	0.284857172341152	0.0934846958033374	0.148345980611778
chr19:35510123:35512423	0.0746634986887762	0.118220579946424	-0.0696764921539645	0.0177767364934794	0.357987859750253	0.0511543095929732	0.076046936166304
chr19:35510125:35512425	0.0869804304927685	0.118650753369491	-0.0621007408122215	0.0182764548344919	0.359034745123983	0.0550975824835661	0.0680926442368498
chr19:35510127:35512427	0.0688465087231244	0.100045850595797	0.0132203781642451	0.0174431161931126	0.310301394626932	0.0377157750458821	0.0491339562876819
chr19:35510128:35512428	0.0619038674086611	0.136297883394918	-0.00766049929703573	0.0390692557192423	0.259272296327072	0.0351646569007993	0.0460998187212952
chr19:35510131:35512431	0.0861681471567647	0.128803162226053	-0.0431384812883368	0.0166725145099284	0.34184410076758	0.0548608070400094	-0.0169673557278808
chr19:35510135:35512435	0.0531318519810037	0.130663534748279	0.0121284750545041	0.0132713563145447	0.328096116300449	0.0685563855802392	0.00894398267021931
chr19:35510136:35512436	0.0970434911916875	0.127999900672585	-0.00511588680705228	0.0139291074083841	0.312853105222578	0.0407089249629287	0.0393025361399625
chr19:35510139:35512439	0.0690501875250023	0.113950788438883	0.0372948114377149	-0.0310028252712224	0.2687684722008	0.0681012568343033	0.075573406595341
chr19:35510140:35512440	0.09905268178145	0.129944774478818	-0.00952608775888996	0.00436920818929247	0.304527768490649	0.0276877766714644	0.0456207697603871
chr19:35510142:35512442	0.0990131145282748	0.120943903298014	0.047518020320625	0.011074475627866	0.26101233503859	0.0186084065887172	0.0822711446679815
chr19:35510146:35512446	0.0972968575722302	0.147198050217952	-0.0124646427851395	0.0278314849786393	0.248361917403058	0.0254387228075131	0.0292195058020966
chr19:35510152:35512452	0.0477374463221719	0.119850532301059	0.0182471935832694	0.0331432163267143	0.23032170978153	0.0766359424858143	0.0227542388591185
chr19:35510157:35512457	0.0851780037228045	0.121506653186295	0.0806776592839244	-0.0158507981922716	0.292145271798352	0.0840584753709063	0.0294719723151218
chr19:35510159:35512459	0.0816458119908686	0.124116735941971	0.107994490686611	0.0465589500671346	0.176640510874337	0.064290340035351	0.0154803323911325
chr19:35510169:35512469	0.0872302962274864	0.142268848469824	0.146529009287761	-0.0440018648726478	0.185982835799452	0.0533360212961748	-0.0163101678051719
chr19:35510170:35512470	0.0867731711040425	0.124077275973957	0.153934627298938	0.0237932088403212	0.170438919271682	0.0556063150070896	-0.00828870659823665
chr19:35510175:35512475	0.116803765390308	0.121949564379872	0.145295016504218	-0.0576007566861114	0.172378373775392	0.0763590419323413	0.0190441992400379
chr19:35510208:35512508	0.163225190350237	0.138772162812542	0.0998141778460486	0.0321459662258428	0.169877454978387	0.00927628902901085	-0.0369076813442009
chr19:35510209:35512509	0.104152461955734	0.117460649152804	0.146426350735386	0.0134387805942339	0.183911568157388	0.0256771450109309	-0.0555745865483691
chr19:35510210:35512510	0.150206270691647	0.158379273838277	0.0306178387789192	-0.00210726787213323	0.166816177834896	-0.0212630594611251	0.00428607094205804
chr19:35513175:35515475	0.332081067420948	0.136320347747429	0.125972865555366	0.127290646957936	0.160645154661123	0.0194011184909258	0.022499865848032
chr19:35513181:35515481	0.434014869876832	0.130481919618679	0.176398651017455	0.110367165925834	0.175645096753914	0.046938190127713	0.0482549613387527
chr19:35513182:35515482	0.484436061439892	0.147633681242666	0.188867908530283	0.0703301148638921	0.120789994619383	0.0390127841804702	0.0400957094908203
chr19:35513349:35515649	0.342923094296092	0.0815399434497536	0.17042790404557	0.0207490534016155	0.0247455067287216	0.0312512122314726	-0.0288500729228717
chr19:35513358:35515658	0.296547893106441	0.114834604675732	0.131431769562222	0.0846925210506282	0.127313999762532	0.0973992916661355	0.0476243552488365
chr19:3571696:3573996	-0.0217299718304082	-0.00970212382462934	0.0287279980155792	0.17573495791329	0.22895048039222	0.250785735488305	-0.144675578346075
chr19:3574351:3576651	0.161639865811636	0.121002233087774	0.113009073085539	-0.0380736326786706	-0.0429110375555789	-0.0937163395046915	-0.15295682877163
chr19:3574615:3576915	0.0928246608795948	0.0589458422794654	0.0536777255785656	-0.0421448624425525	-0.0478643674809735	-0.0842154394508859	-0.00152981031437874
chr19:3574884:3577184	0.329754573680661	0.237788767634544	0.0508250354643194	0.112002889076412	-0.0439597773203569	0.0278677232075941	0.00285211426178469
chr19:36053985:36056285	0.058023872360715	0.109871048039987	0.259148654935539	0.0216067877083931	-0.0263044101513565	0.384651969001101	0.0597384474544176
chr19:36054077:36056377	-0.0429005306086544	0.152061333438661	0.21775814460547	0.044247689310386	-0.019605383939361	0.348549268408444	-0.155252928071144
chr19:36054101:36056401	-0.0997261204923065	0.106431717407701	0.104237061796077	0.0663425105807489	0.0446612177821073	0.381279486801237	-0.130778300681412
chr19:3618866:3621166	-0.0585081261475826	0.123965913797208	0.28226267141453	0.158829414017097	-0.0518348331872769	-0.300251489212384	-0.038163751427679
chr19:3618891:3621191	0.0169840695023205	0.214146574256096	0.252708744084949	0.0334125043721431	0.0110545818170765	-0.209796028359002	0.0240883915718854
chr19:38831088:38833388	-0.0675633802020023	0.153550094793626	0.040940907748088	0.187987663175214	0.0303967513288	0.0679389320995625	0.111764851039549
chr19:38831112:38833412	-0.119811112978984	0.190437136816442	-0.0709159044618392	0.169156832203247	-0.0195672298717929	0.0863637017781851	0.0604703760471812
chr19:38831359:38833659	-0.0242901211460934	0.187748243179507	-0.0033043359437405	0.025153593482419	0.0267018489234149	0.081606086383315	0.116888177350298
chr19:38831374:38833674	0.0139127003422628	0.110806976334156	-0.0118117490200238	-0.080027967579452	-0.0295915361272799	0.0342976351755047	0.11699727885229
chr19:38831448:38833748	-0.0247247315526175	0.264071718828465	0.0998794303367562	0.0345239365751775	0.0540541614978945	-0.0675216383334366	0.0442735667017757
chr19:38831454:38833754	0.038273807747532	0.219637338112732	0.0919415078031062	-0.001514449534997	0.0335720077300051	-0.018431388092638	0.0494507236569245
chr19:38831461:38833761	0.0433089837481956	0.181164649026274	0.195587758125513	0.0341929547117047	0.031535905099809	0.0493838655713359	0.0801594000352979
chr19:38831466:38833766	-0.0179901518530935	0.115069946108174	0.220904583801009	0.0387325232091748	0.00795181425221409	0.00663946733224591	0.170192435021336
chr19:38831475:38833775	-0.0035898822160366	0.164575938258543	0.0123230211027352	0.0126888521510211	0.0190507554243102	0.0262015855871193	0.244048411151244
chr19:38831482:38833782	0.0599588054677726	0.109236943376193	0.140154145510538	0.0663397022589047	0.0194421085162514	0.0343369556288489	0.192601867141004
chr19:38831489:38833789	0.0917923506798493	0.204181208292681	0.150564330962155	0.000847032057082364	0.0097412585486322	-0.0129506252844042	0.10746166051357
chr19:38831494:38833794	0.0265366604387798	0.135874662200757	0.0886729101854304	-0.0134443633398408	0.0261545820011622	-0.0517919788592513	0.126955823141165
chr19:38831541:38833841	0.146716982945403	0.18879200328647	0.0364272869379541	-0.0533054266051275	-0.0318090170330239	-0.0829502355583733	0.0264173850109549
chr19:38915746:38918046	0.105805489191179	0.120543686000821	0.0195915793170007	-0.0166690558127717	0.0548205860718273	-0.246103275191885	0.0803019549949632
chr19:38919699:38921999	0.0148827005475739	0.0372582920607594	-0.108777356092121	-0.0251035549453763	-0.0775692830080715	-0.0998064535674023	-0.0242978435052704
chr19:38928998:38931298	-0.123962534221408	-0.0798463251134756	0.0386210495475239	-0.0178801487213197	0.0613872417327751	0.143807293561493	0.00984337520054878
chr19:38930458:38932758	0.238732090513361	0.0701951115824934	0.0949575442176259	-0.224910364120415	0.0383321329596554	0.235170160731204	0.239176189851441
chr19:38930459:38932759	0.209656313138072	0.066958488318352	0.0246925210009471	-0.155688120749142	0.0691584036156397	0.295171050604589	0.171757238920921
chr19:38930460:38932760	0.233557219223262	0.0124385258032247	0.0554021012626716	-0.164394962998178	0.0623303878071594	0.314278706706776	0.173029705541215
chr19:38930461:38932761	0.18213543623617	0.00242297715696708	0.149557147046779	-0.1584864307208	0.0796260429938034	0.263456139083329	0.164615608527427
chr19:38930463:38932763	0.179388534847105	0.0761064321582829	0.0882547706942477	-0.227389225359375	0.0316780628974557	0.232624907349818	0.222445358798155
chr19:38930596:38932896	-0.0239301945375598	0.139220201810877	0.0244706150598349	-0.0377933838715519	-0.0192596421540783	0.115267970084322	-0.0965272355972333
chr19:39123769:39126069	0.037084770334886	0.078118974950839	-0.0465304944246921	-0.16633649365417	0.0190958919613386	0.128564367498851	0.0521819642766203
chr19:39123781:39126081	0.011770156966441	0.0704698032569533	-0.00321079537618212	-0.173851617063437	0.0416252054936697	0.136466229258366	0.0794166060538945
chr19:39123797:39126097	0.081376515113695	0.114637606460015	-0.00256361797115842	-0.100858528732203	0.135285856468749	0.165157167218823	0.121138702128742
chr19:39123798:39126098	0.0752132642051662	0.0852649583223873	-0.0147163258774014	-0.114316184798183	0.146241086272397	0.211890253147082	0.111897207852428
chr19:39123801:39126101	0.097383049905093	0.06087778978258	0.0420519010044813	-0.085883937132004	0.147931966366345	0.146443201656701	0.108310621374692
chr19:39123812:39126112	0.0533353052893985	0.135568688496756	0.0182603591769713	-0.112853606847623	0.147942751808228	0.204655507508741	0.0994053398422276
chr19:39123813:39126113	0.125711116854148	0.111535646391382	-0.0162905341260701	-0.0953169116578603	0.110764860147007	0.199532155540774	0.108976959766999
chr19:39123833:39126133	0.00293575079501882	0.103696194286866	0.0228299898887126	-0.0442886005405538	0.0725918086611293	0.238738082727012	0.114412987037549
chr19:3982013:3984313	-0.0458068965090271	0.337697003456841	0.0173372234380357	-0.0475171198649701	0.0664069914157401	0.544048397487667	-0.0786645936982162
chr19:3982234:3984534	0.112502508486355	0.260294223969591	-0.00128421476940795	-0.144008152148381	0.199093908880754	0.793239098438639	0.103969809906208
chr19:3985163:3987463	-0.190761654354019	0.00123274106994902	-0.0359171302134189	-0.0125537484586504	0.0924604082823371	0.375710839871857	-0.0171364292337279
chr19:40207151:40209451	0.128641196556375	0.139640635410065	0.173668086118518	-0.0104864311033888	-0.0614504209545972	-0.104498001761207	0.075995443863783
chr19:40465445:40467745	0.171085350987108	0.0728231741930689	0.233450748782512	0.316567594639561	0.257416312410237	0.724344728444086	0.414681740637335
chr19:40465459:40467759	0.21714630543703	0.10746863611592	0.196112932382231	0.278376555248078	0.257204336608802	0.735840308446138	0.271661506334067
chr19:40465464:40467764	0.185091880226181	0.0734105112791918	0.229275052586351	0.338885794009928	0.272141601385844	0.766778961559415	0.167216706834567
chr19:41395807:41398107	0.153361811600097	0.157923645361162	0.126488330798391	0.0671971850451812	0.0366203872248496	0.392445790381854	0.0488785617564253
chr19:41395817:41398117	0.14016249659868	0.189695256967534	0.143480178455011	0.0994674391809878	0.0615552143246793	0.404502750363975	0.0533178935758375
chr19:41395819:41398119	0.174335839777874	0.179149380785079	0.148437476858984	0.10578663252871	0.0882324911015543	0.407539289875781	0.027183128762803
chr19:41395822:41398122	0.160722492666477	0.0780233541332171	0.0709488815772707	0.0533245673145908	0.0309384146767535	0.412618698102193	0.0453406694805583
chr19:41421108:41423408	0.0149813135050852	-0.0159074190432515	0.129285007811828	-0.0388806992548274	-0.0134482721483533	-0.141141641570894	0.0281710794600252
chr19:4182200:4184500	0.0258652635556027	0.037266450621236	0.16045987427779	-0.223326540800163	-0.0681933138071457	0.372133669952076	-2.12099351715197e-05
chr19:4182230:4184530	0.0732096686250144	-0.02500825267081	0.113035038708921	-0.113513220478916	-0.120712502038544	0.373444682246134	0.0787662048280278
chr19:4182233:4184533	0.101878186926286	-0.0280350456457493	0.0662839560962932	-0.143400072196706	-0.0718935499539882	0.371830535823291	0.157384897505033
chr19:4182234:4184534	0.0674226853853939	-0.0172577563798299	0.0869946076505051	-0.151588502606744	-0.0387857657836739	0.398276522648977	0.00150789490864703
chr19:4182244:4184544	0.0127142800902642	-0.0319890782660737	0.110491293390935	-0.132058244705378	-0.13566144382892	0.314707132617504	0.172215405399004
chr19:4182246:4184546	0.046286623203362	-0.0551200014830243	0.0924222975114829	-0.144914703827245	-0.0416425448652143	0.34044549757757	0.190402631125503
chr19:4182247:4184547	-0.0244568817522472	-0.0326166533090129	0.0827712568040199	-0.134951440298675	-0.0778964281434655	0.287515880758822	0.209806573985958
chr19:4182250:4184550	0.0337798867608808	0.0123264625011886	0.135086668351003	-0.122863482967441	-0.199932825018006	0.343781942587296	0.199778375840369
chr19:4182263:4184563	0.01183183467304	-0.0124595187237555	0.0781134593716004	-0.171550257406187	-0.139869655465272	0.333141999838349	0.239743694794543
chr19:4182265:4184565	0.0289623667169776	0.0316546099531433	0.143698040605882	-0.133484641900713	-0.181095114694755	0.311979514404894	0.167884719454666
chr19:4182266:4184566	-0.0134564533955655	-0.0296445912938249	0.0949561294070044	-0.147773998053777	-0.0827034878752558	0.279011798713683	0.21441906590177
chr19:41958966:41961266	0.100597628128636	-0.010118059026827	0.0914582766566987	0.139667578957503	0.245830177014486	0.19307355284071	0.209280875020775
chr19:41958969:41961269	0.135092633991505	-0.000907770746164415	0.093671024575267	0.171343462233486	0.211658650870022	0.130398719770371	0.236802709194131
chr19:41958975:41961275	0.125758981021846	0.0368637082664289	0.0881366457458677	0.15215756553633	0.211943336859279	0.143433786732248	0.148915043405394
chr19:41958999:41961299	0.104837108508421	0.0596641163166078	0.0919057894601068	0.0909291276116078	0.220471361187747	0.215237644188964	0.162602511108106
chr19:41959002:41961302	0.115724494091265	0.0371043514006659	0.0275979054011002	0.0445176195628809	0.247605826752976	0.224989459166329	0.291484423367178
chr19:41959010:41961310	0.170636193009125	0.0191508244921352	-0.0267299502830873	0.0642169272921491	0.214478962444603	0.0856560351662589	0.194384653120181
chr19:42291606:42293906	0.181864428905721	0.114121696163376	0.0269940351933597	0.184406278774681	0.266916694293521	-0.183766697764645	0.0362924745948577
chr19:42291656:42293956	0.150484485018563	-0.0121200037500166	0.066640023262448	0.12738347891253	0.0125785559279738	-0.150017852120164	0.011437406894338
chr19:42291750:42294050	0.0548970015222939	-0.045554126556167	0.0659367329336878	-0.0333072902630994	0.023489287637674	-0.117414779230103	-0.052392127707127
chr19:42412047:42414347	-0.0178794191135102	0.04898658874611	0.14460410754381	-0.0799466357853759	0.224798136176833	0.597890486397885	0.133399003052033
chr19:4446398:4448698	0.310719213493071	0.148265111981961	0.250642443238048	0.234883500061666	0.473951412011031	0.248070504873693	0.309682351334683
chr19:44903790:44906090	0.196207603462332	0.0965065633744379	-0.392940315853027	0.0718219130674944	0.121784822512246	0.615024070921561	0.0731700641145258
chr19:44903795:44906095	0.0843479533720292	0.173893726428708	-0.412776158962717	0.159033059701992	0.0859302559671468	0.548807154651816	0.0261226902717322
chr19:44903811:44906111	0.115418463956205	0.0983715560536563	-0.428143770099504	0.132083763582773	0.058808818530891	0.537726358911179	0.0169128768794193
chr19:44904359:44906659	0.0521154140314811	0.202852546785784	-0.201388437575555	0.0163940838771207	0.0569358078479149	0.759062826858565	0.0761245495143541
chr19:45177911:45180211	0.0930959120304274	0.253623528963708	0.0204210555232955	-0.0283113002298632	0.154918179248936	0.301793079324479	0.0570328774355365
chr19:45177927:45180227	0.0814810184862469	0.223738666976406	-0.0132676291371517	-0.173102082265583	0.190770519828614	0.293028046840065	0.026163874282809
chr19:45177937:45180237	0.0469742243970973	0.197060514243083	0.0485151688800509	-0.138650059630428	0.203239073434174	0.198242697367601	0.0271427673767532
chr19:45666220:45668520	0.0895423368356741	0.00477170710972961	-0.145087195553775	0.1322936320973	-0.101479575028945	0.472612730698231	0.0484094130530429
chr19:45666255:45668555	0.168067863080364	-0.0168560587142948	-0.143065443988607	0.0982985538170463	-0.0769073566465818	0.440634591832405	-0.00641476924683835
chr19:45666256:45668556	0.0627778598049104	0.0278816927261265	-0.0849738115615622	0.088757749050181	-0.117091919315152	0.449326003232731	0.0636274573871827
chr19:45675636:45677936	0.436365170756499	0.0380457184221851	-0.257042815515076	0.541887923020938	0.00852074720711586	-0.174661356662973	-0.0214415932954269
chr19:45771065:45773365	-0.0683120100096794	0.0576206082750963	0.138074897889481	0.12407953883748	-0.0204742836061675	-0.135011178650741	0.0580144803352581
chr19:45772412:45774712	0.210135429039069	0.173476356080543	0.212431981452898	0.107341843920269	-0.0922734961934896	-0.125831367452887	0.118788199301723
chr19:45774968:45777268	0.202871635778704	0.24655039051168	0.0538762680657868	0.0949604645462262	0.0362099316632386	-0.12730889776563	-0.0872671486944181
chr19:45779269:45781569	0.13906894586575	0.170537885299657	-0.000360327488227245	-0.0410412454311828	0.0973159107152891	0.0318303058786912	0.0560551479191498
chr19:45779319:45781619	0.099534912850518	0.22966503271761	-0.0303461107505623	0.0129630634639389	-0.0526619102455532	-0.0391255010342904	0.00279648825674041
chr19:45782178:45784478	0.177949117208381	0.239020570423547	0.0800021539981852	0.283408038481847	0.444426764431531	0.351095948894254	0.127951981672023
chr19:45782179:45784479	0.0994975478507781	0.199078409905023	0.110141564385587	0.239936703462619	0.499688646697715	0.374800734179118	0.159143641565458
chr19:45782189:45784489	0.143236949666217	0.196629488307355	0.0934178893216232	0.21289491218295	0.464606023708302	0.350339701216414	0.155320959993732
chr19:46724592:46726892	-0.0673704044881145	-0.0105747217441225	0.118037792042681	0.10387627538766	0.0133343895697459	0.0269243612542787	-0.0368062347202131
chr19:46730631:46732931	0.0167147758958328	-0.18177440727244	0.0618817666871944	0.100796746862426	0.0964909603005994	-0.0390238269028993	0.249395147752256
chr19:47743545:47745845	0.163325886093556	0.133519906172787	0.234170163100305	0.333099821813698	0.217916769041841	0.784297900228207	0.0744961747354125
chr19:47743550:47745850	0.22069688196869	0.165388045193343	0.18454632926877	0.31297030385237	0.309390943385107	0.796078718944987	0.0636501675468292
chr19:47743564:47745864	0.259501406430942	0.13427185669546	0.147891820051587	0.314126033345401	0.329888229871354	0.767566193741826	0.0268905838044225
chr19:47743572:47745872	0.133668958077102	0.103870425695417	0.181028657800707	0.317688444379745	0.253326839090543	0.600138948515586	0.0562375310128339
chr19:47748235:47750535	0.172269563370111	0.169914372558954	0.154557883003577	0.356407671053551	0.220997355709901	0.065002604884811	0.259318098263216
chr19:47748245:47750545	0.212758804797519	0.119537315543241	0.160837138475272	0.338885688871464	0.189963825984441	0.092705256040928	0.243583156674568
chr19:4817670:4819970	-0.0449556157862977	0.184425021942607	0.0515370961063243	0.0766789362964075	0.0354149600895394	-0.0835867219999715	0.133588965563512
chr19:4831404:4833704	0.00772235224340059	0.0720941955265521	0.0260700587364658	0.224733319616491	0.159340592781308	0.328652801434987	-0.155191787587411
chr19:48342691:48344991	0.0618582725456973	0.127420251534976	0.153596787480357	0.13169897229365	0.101551308112537	-0.172657857872704	0.213572323833076
chr19:48363374:48365674	-0.0120356928976146	0.0780141940773178	0.0748394437636447	0.0342088203064449	-0.229193824313406	0.3112269271591	0.146630410386623
chr19:48363376:48365676	-0.104493422505564	0.10501477049832	0.0794945072742005	0.0387686238136819	-0.163971036914384	0.329149871561912	0.165050130500783
chr19:48991886:48994186	-0.0270582567234864	0.134503746485821	0.0739977181714128	0.0240557972110548	0.167162696091457	0.500284143405054	-0.0586234285014086
chr19:48991888:48994188	-0.0328025797763379	0.139231200660086	0.0437444808237971	-0.0027080463425689	0.239928628852407	0.435319508841116	-0.00778180474614204
chr19:48991889:48994189	-0.106866221735143	0.0821646662445677	0.0678143550003552	0.0994464795938745	0.214647058402273	0.457762891373295	-0.00643415420017873
chr19:48991897:48994197	-0.062749692146806	0.109433976400223	0.0607546330708951	0.0500291969126271	0.247439870611079	0.4531939753221	0.00253369082978889
chr19:48991898:48994198	-0.0262711141840885	0.151245475895623	0.0368412166287087	0.0146949159949624	0.278316439400264	0.443960530154895	-0.0136189171917871
chr19:48991909:48994209	-0.0788585456815299	0.16206935113786	0.0137721148914245	-0.00212404664396514	0.212708870955138	0.496476737457434	0.0285984591067999
chr19:48997306:48999606	0.0834598556189817	0.100066287103624	0.19059996051257	0.080958403769637	0.0559917775946619	0.0445642593019222	0.191555504681185
chr19:48997318:48999618	0.1026136470167	0.199076746444536	0.204481132252542	0.13027020119108	0.121514570063694	0.0532791552828153	0.228005723993025
chr19:49451224:49453524	0.120967533493782	0.205703462409866	0.160261106173909	0.130670021725552	0.484190032852399	0.183004012214939	0.0877469526710584
chr19:49451225:49453525	0.122368637185104	0.207777717092975	0.159497066754428	0.132110971376073	0.485942402946946	0.185359281638533	0.0812263936862492
chr19:49451235:49453535	0.0830982207449023	0.0447005924883997	0.172497507440152	0.111867867001065	0.464274175047694	0.209244024856952	0.118234844677491
chr19:49451287:49453587	0.089941677060864	0.0617966642361383	0.171940367658848	0.169329084157608	0.40395441152486	0.257191529281261	0.0845351347017877
chr19:49451298:49453598	0.129066011788606	0.021123237750654	0.165959211381688	0.0941298065876127	0.387615626629763	0.287226897316021	0.136068420764489
chr19:49485553:49487853	0.0588241208564153	-0.0681167084796576	0.0963000312139214	-0.0628314868362518	0.260672118296637	0.295616261088806	0.125147688787786
chr19:49485602:49487902	-0.0419267459778772	-0.00697366724923714	0.156904988202418	0.0158473734495152	0.268872991594509	0.212840041205941	0.20366295395411
chr19:49485607:49487907	0.00765859765176966	-0.103222495497365	0.118792138291499	-0.0254917128793063	0.2974884309893	0.249445526810536	0.229624302113566
chr19:49485614:49487914	-0.0801163202683004	-0.0174396534317081	0.169915048114538	-0.0241044225482586	0.27714061618003	0.225535763898793	0.208520495265963
chr19:49485615:49487915	-0.0308258370611716	-0.05600144443738	0.112554989976513	-0.011064179259238	0.30726474018403	0.182816215216419	0.237074033514703
chr19:49485624:49487924	-0.0820772188200494	-0.0640987928258322	0.135147799148654	0.0462141229818632	0.22986210193292	0.181440310251163	0.196629083751652
chr19:49485633:49487933	-0.011461399589731	-0.0615766314302098	0.0569447092102242	0.0112011157971372	0.131713076955568	0.228576795222061	0.244735876192324
chr19:49487849:49490149	0.147532345665392	0.122351883047855	-0.146593332066327	0.0139494290729043	-0.136302982363175	0.207075864087441	-0.0722794677568553
chr19:49488528:49490828	0.049365097502441	0.188126684898333	-0.0123705486998024	0.0104314591882389	0.102869925707688	0.406966546564776	-0.0533442835018471
chr19:49488644:49490944	0.00636576464948203	0.163499500718663	-0.138007168876503	0.0606170012472742	0.0182299899974791	0.427613157902876	-0.107600885991846
chr19:49510374:49512674	0.0633248095015259	0.200927134936066	0.0490575531309066	0.019337061514819	-0.0615670387874115	-0.0237170390129582	0.0439152722607352
chr19:49510660:49512960	0.145529560054951	0.190815453567361	0.153117112885708	0.050924086506015	0.401969333196396	0.137487841583892	0.1725711413871
chr19:49510661:49512961	0.15036536754257	0.258226421417627	0.129461649833419	0.0534511841823972	0.384927504257013	0.134035554109576	0.174385457405268
chr19:49511176:49513476	0.16693588898852	0.392426830969789	0.0906752824350064	0.0982193318004968	0.172027002530167	0.46495276992671	0.0912111686666633
chr19:49511178:49513478	0.178794691175572	0.349043678439935	0.134227371598529	0.126499515101605	0.115452118429007	0.499053737806559	0.0531748679884161
chr19:49511194:49513494	0.0898703653966922	0.454050068466673	0.111690838404265	0.185324888045707	0.122066149742008	0.423840365988549	-0.0195998549898074
chr19:49511196:49513496	0.16758904912447	0.320496980886858	0.108433581708402	0.166519877030019	0.145003099123751	0.481715853429561	-0.0364770914789004
chr19:49511378:49513678	0.0537479240436024	0.439397101587685	0.273644911865741	0.230400593082483	0.0551210232066022	0.429590296321515	0.00567627184022968
chr19:49511389:49513689	0.0812237608452629	0.421215763497072	0.350294502997721	0.252801625736692	0.0414234199612481	0.546614611221954	-0.104636696439401
chr19:49511394:49513694	0.0746965329850741	0.314182625894855	0.363479456906438	0.265107748074969	0.0608429021831841	0.542642779633649	0.0379393927294746
chr19:49511397:49513697	0.0649241824610539	0.467228386693408	0.388915618403064	0.241043414125134	0.0497756804930187	0.487901823812878	0.0021668390338295
chr19:49511403:49513703	0.137224973125696	0.382859608187865	0.319908882727322	0.257734983900315	0.0437734020920664	0.539301864796258	-0.107244291947049
chr19:49511917:49514217	0.175792365070342	0.563151390959368	0.0849015167107447	0.008053923715243	-0.0161224993827073	0.257451135397151	0.102034332160747
chr19:49764967:49767267	0.147361977844288	0.03327817010406	0.148273975746312	0.183773705091878	0.240194870942136	0.435062591950566	0.0597374347780324
chr19:49765006:49767306	0.101533783011956	-0.0196742436565075	0.126361445460257	0.192539392542761	0.183011043135872	0.319336632194261	-0.00647245652059195
chr19:49765133:49767433	0.137828986928572	-0.029849475644607	0.28181348490234	0.180527662757255	0.30452539781961	0.449393565765136	0.0477409086927262
chr19:49765135:49767435	0.0682724547724085	-0.0316446703601754	0.258837895986175	0.197197759011136	0.303552333848106	0.412749645201856	0.0653487487036185
chr19:50375433:50377733	-0.0105901629788393	-0.159071690728617	0.100651410826353	0.0626681230858101	0.0614140205378505	0.297422262865808	0.0545921748528942
chr19:50510859:50513159	0.00891033463156994	0.222319800636825	0.243369134726257	0.132401015347521	0.17639985127133	0.177226384483361	0.249118302703637
chr19:50510862:50513162	0.0757076115360246	0.174194887985276	0.197827124679522	0.0826260813101757	0.192624706231607	0.19690059582422	0.278508660955575
chr19:51366049:51368349	0.0279734643835924	0.15537185775396	0.0509163029200107	0.0103017444527732	-0.0650440504234084	0.31657486929398	-0.0776112244611692
chr19:51366066:51368366	-0.0107421334255027	0.136807343528446	0.0210185424013815	0.0353059308834216	0.0506947537286026	0.357936921670344	-0.0061211735099357
chr19:51366118:51368418	-0.0194775354802664	0.105403145361075	0.0239411647565877	0.0178363716902034	0.150183721313989	0.161588982388817	-0.0400127837718791
chr19:54360649:54362949	0.232660344616024	0.329108235637841	0.0664505079957874	-0.0132181657340601	0.0776137936333815	0.00321108644354385	-0.0441315578205206
chr19:54364507:54366807	0.80663900687349	0.188070994285904	-0.018544639123126	0.0363741301447948	0.123639020251674	0.652434670281141	0.0429495885389826
chr19:54364536:54366836	0.67943846307562	0.413353509224959	0.108402453670997	-0.0284420016915581	0.11168611503737	0.558895195998378	-0.00996302130519243
chr19:54364549:54366849	0.797866069430032	0.363796780979064	-0.0102771939596302	-0.0242389285518643	0.0336336054303181	0.638357620627634	0.0348089579574405
chr19:54364565:54366865	0.818670816963863	0.453705328969583	0.113544539565988	-0.0265639923914322	0.0896396787862976	0.486751575797327	-0.0338666949676334
chr19:54364567:54366867	0.700188294967404	0.452109971904741	-0.07225932026879	-0.00249832159734958	0.143277542521774	0.592099016563285	0.0144391656188975
chr19:54364570:54366870	0.715006238888813	0.342923759082949	0.010926481553465	0.0305536426937268	0.155175568087759	0.610082082353283	-0.0290568143425143
chr19:54364631:54366931	0.752820468672248	0.455361351777913	-0.081922426580623	0.0270959790576851	0.111297581910722	0.541875495014892	6.91470146733099e-05
chr19:54364695:54366995	0.736444728891966	0.270215094756807	-0.0445203908858018	-0.0156047613265591	0.14103864523463	0.397408067674927	-0.0048832333533915
chr19:54364790:54367090	0.854375122009231	0.302934082818447	-0.00372390126977274	-0.0847482904141726	0.102748082674925	0.469454735790892	-0.0107442631184674
chr19:54364799:54367099	0.824726018858412	0.414053027373024	0.022507736263671	0.0053091835174696	-0.00600661536589428	0.412213003228528	-0.0546328118531962
chr19:54364814:54367114	0.885025770407242	0.295222747907723	-0.00538547793009737	0.00982647341001562	-0.126345389201621	0.170757784531867	-0.123837395586332
chr19:55461324:55463624	0.0935544960103205	0.150354096112012	0.227551893903423	0.259037471236942	0.243875357627158	0.531747821206739	0.619050225172835
chr19:55461326:55463626	0.135555759613164	0.140604575414349	0.321312359857604	0.248695937289006	0.227396188557594	0.462497650902034	0.544766120625013
chr19:55461342:55463642	0.0786080919937664	0.161140382144844	0.252166068416779	0.227515420225872	0.346313490485954	0.514267720576431	0.47915989352722
chr19:55461345:55463645	0.103702499720766	0.165290544803461	0.248479953758697	0.220797427176251	0.391369090990064	0.486924415558425	0.433937626385355
chr19:55598287:55600587	-0.0444964357688152	-0.175222410703245	0.0676288315949887	0.264186369168466	0.0873742011773352	0.201391337529711	0.117006759037416
chr19:55646013:55648313	-0.00270446112070904	-0.0172550684964527	0.0986730035914397	0.0419007572001157	0.0826528792554316	0.212080014091392	0.0105083767912367
chr19:55646034:55648334	0.0104296719377033	-0.0371480014279654	0.133716446793758	-0.0219798324701423	0.0750642202887585	0.211693441570134	-0.145900507776036
chr19:55646057:55648357	0.0789806257455637	0.117567642197839	0.0704069609659958	-0.126592867483726	0.128671862779382	0.307399917780595	-0.0486748023141541
chr19:55646142:55648442	0.0617937424342028	0.0514854008316001	0.113261858730786	-0.188028472595151	0.167508037076408	0.178388335753197	-0.0737639963783925
chr19:55646232:55648532	0.194311828354129	0.0320849947219944	0.049042055623189	-0.0218567274876025	0.0592259472454394	0.30170555537809	-0.0822580464412713
chr19:55646904:55649204	0.115266956725816	0.107531299955325	-0.0524781596528069	-0.0865512717849878	0.0938976249159508	0.0642521816647923	-0.203546300707621
chr19:55646918:55649218	0.188269167523542	0.0825463066917963	-0.000562373720836632	-0.0359857147328348	-0.0357788071834085	0.0987147336455676	-0.148058211637953
chr19:56536947:56539247	0.113736405547442	-0.208280758114084	0.0519525696315887	0.0881180930262308	0.237745265460603	0.163174352271834	0.105842379676344
chr19:56536952:56539252	0.134800549347061	-0.166541718235122	0.0980967295683237	0.0644312188040533	0.212240331685694	0.137550457941179	0.142069429595016
chr19:56537068:56539368	0.143224289434286	-0.18565427771799	0.0277918059743919	0.0104772690927246	0.32594242165554	0.288303433388546	0.0330117610200347
chr19:56537129:56539429	0.0894991445152317	-0.230179731790089	0.047539345560676	0.0670325471390837	0.34502660460964	0.0934625243844494	-0.135595183780736
chr19:5680188:5682488	-0.119962215894439	-0.0375403562873402	0.137953094866076	0.146407766706114	-0.0651779431263581	0.166105968866223	-0.0211447146561958
chr19:5680210:5682510	0.0596247196342487	0.0507201125327713	0.045765739068685	0.230023786147333	-0.104485460251253	0.176542286480824	-0.000702766291112562
chr19:5688294:5690594	-0.0161012356588461	-0.220970349917265	0.0135120854606002	0.0601342167362197	0.168482525959739	0.0273110801843656	-0.02794464177848
chr19:5688305:5690605	-0.0641311149923038	-0.23169336338692	0.0518306230405017	0.0823364338386825	0.130492224046982	0.186882222904021	0.0985887105268612
chr19:5688315:5690615	-0.0416112336713912	-0.265257116863864	-0.0623649249410463	-0.0274701027290544	0.169071683074805	0.077816835392821	0.0997922734132413
chr19:570564:572864	0.403673389552991	0.037684157426044	0.289807914572048	0.0684888178708201	0.11957438853885	0.358880526366223	0.183148612846277
chr19:570571:572871	0.427797763886732	0.0569248953547328	0.318473864060781	0.112778549270217	0.129854713297637	0.34322299571503	0.193455340388698
chr19:570577:572877	0.229353254875806	0.0911257053943878	0.257779863248316	0.191189258272326	0.158295565959365	0.360948793438938	0.244610273316402
chr19:570593:572893	0.244027310365379	0.0340116466481948	0.234251730226937	0.231498060797579	0.188007594529686	0.303210827450807	0.261364250974655
chr19:570595:572895	0.339103280581104	0.0945635370964817	0.210102833743931	0.259050116437646	0.117381923240076	0.347224877691613	0.219090566759642
chr19:570609:572909	0.264339684631435	0.0426932140156087	0.154719978321357	0.183613976896507	0.122739562053201	0.36978680145771	0.288730604291194
chr19:570618:572918	0.306359416354442	0.106737002051861	0.167977206863059	0.139643168235377	0.199724775810776	0.33411016192965	0.18574311935005
chr19:570622:572922	0.308749347389043	0.0897402151017249	0.193661242605842	0.145347939844581	0.189320455230146	0.382052126440496	0.301978649715833
chr19:5707511:5709811	0.0495909755707159	0.195180345161584	0.154556809107243	0.0690214945653106	0.0629888241561234	0.047253335727038	0.138159157828309
chr19:5707732:5710032	0.0601105183473746	0.229226389917206	0.146766874946513	0.170529227725291	0.0747164416526463	0.0486084169305656	0.123239285843519
chr19:573046:575346	0.0822387937365387	0.3103570410438	-0.0524536838550879	-0.0138420841103199	-0.243650092042881	0.361831676475962	-0.0813673295665689
chr19:573048:575348	0.139216864909548	0.222466512504701	-0.101719778041713	-0.012254197065626	-0.157706543731581	0.465130363636223	-0.0671294072722213
chr19:5785455:5787755	0.0804906071426669	-0.00265277909240691	-0.0272557553360901	0.104186507878028	-0.0328566949495537	-0.0679852272094395	-0.0228444730562432
chr19:5785699:5787999	0.162303354459496	-0.0467453166419626	0.0565912735507176	0.194188807355744	0.0613222495563632	-0.0340040042653572	0.0818095699341837
chr19:5786630:5788930	0.269291376889337	-0.0109046480929422	0.0208780624771892	0.0753303714296217	-0.0226069162732221	-0.0868495384503028	-0.0087550408866567
chr19:5896381:5898681	0.0901685138554038	-0.166851892485653	-0.0287166193390888	0.273804782321962	0.262597949182036	-0.0928298920001483	0.0635078339724961
chr19:6359803:6362103	0.0246855931979652	-0.153271216964469	0.229859087516316	-0.0329475992514372	0.0175838392958151	0.330555834126615	0.186188090061493
chr19:6359887:6362187	-0.0830302648152638	0.0584816557511009	0.307216938670627	0.0172208915705057	-0.0654840469240242	0.332768833224005	-0.0153006516982681
chr19:6370793:6373093	-0.0942200107110189	-0.0285288503988884	-0.120662464121517	-0.0933107982272838	-0.11663745916024	0.281389637979538	0.101846724530244
chr19:6381475:6383775	0.0429132772617115	-0.0310741921306457	-0.0535146890761705	0.203514370040413	-0.124844216322318	0.0270712946442515	0.0238477379928188
chr19:6381520:6383820	0.126278456923945	0.00425662127316244	-0.0126758639297663	0.0713856988855407	0.00257149812141754	0.00841980982909346	0.0359207544282628
chr19:6391652:6393952	-0.122203954050863	0.19516903526362	0.0166683750121304	0.0553616610137029	-0.103348076176983	0.259303210515219	-0.0372646151063664
chr19:6392864:6395164	-0.0420122189743748	0.0959062753629433	0.0826392472226331	-0.00868574798126738	-0.0319119016643365	0.513915325808186	-0.0337565684879885
chr19:6392905:6395205	0.0727763945442616	0.0837739820408338	0.0540246799988323	0.00750707960638836	-0.0429342654026993	0.428475436972332	-0.0290741041987219
chr19:7538037:7540337	0.0237631905559818	0.0455242324146939	0.130711314178258	0.21013621846595	-0.0898055959954033	0.0404936426131991	0.00980055740010611
chr19:7548825:7551125	0.138208932826243	0.212766963539679	0.0713087829488205	0.1519118083345	0.0240929174103269	-0.103807820816931	-0.0109167996190008
chr19:7553260:7555560	-0.0160474939902827	0.0849353488667754	0.152674222198932	-0.193479034319216	0.0600960656998723	-0.192798353379575	0.336534743101191
chr19:7620997:7623297	0.0128282387848539	0.110475698846146	-0.0859782082754812	0.0321573485251434	0.00770001214816926	-0.126943191070046	0.0933228111710642
chr19:7621233:7623533	0.0245481206872524	0.0924867915576805	-0.0572571926179921	0.0876922887731394	0.0168430553543214	-0.323780397794182	0.0149228598005111
chr19:7931081:7933381	0.0851130904166128	-0.287287188218497	-0.0435340709354101	0.0455282547732022	0.0224422146969503	-0.101551303510166	0.0585730653129639
chr19:7933652:7935952	-0.0419680028400809	0.175665460407361	0.0272076073970089	0.0368441061552613	0.196969777926956	-0.158788705560242	-0.0244092888847381
chr19:7943335:7945635	0.106322503348811	0.221050620744894	0.303887215176449	-0.0713835431904178	0.132133028728894	0.372416528979328	-0.126246689390765
chr19:7943336:7945636	0.113955640248194	0.256557013649735	0.222235918627824	-0.0801676651619264	0.117721914291374	0.366496246839077	-0.15557992299193
chr19:7943351:7945651	0.0852688873695891	0.25662763197193	0.172260267564414	-0.154452024490394	0.06833892796665	0.434353102030284	-0.0889598230175263
chr19:7943366:7945666	0.0703231437510909	0.216103511551188	0.20203301562778	-0.0211666960587307	0.0401390118953292	0.31721356282992	-0.0720586306564891
chr19:7943367:7945667	0.0281648226467319	0.222731783240043	0.287867043303083	-0.0605166612456381	0.0668815532413504	0.218387601745085	-0.0143295333987617
chr19:8307971:8310271	0.124022290962411	0.0105878838355047	-0.00141713939808207	0.0430671344830198	-0.00427091550548222	-0.164978494280915	0.000695865172382499
chr19:8308000:8310300	0.135838517880635	0.0526762825568275	0.0882422647045012	0.0137556323825448	0.0529219613575599	-0.0730075151480729	0.0295294271865864
chr19:8308035:8310335	0.139857367005849	0.0368061508411807	0.111128291116329	0.0853137402020892	0.0687163784829913	-0.0391353457225491	0.000196756195360659
chr19:8308050:8310350	0.047035564928462	0.103343063145658	0.127764188712523	0.0430739670151659	0.106244089011029	-0.0471168451493236	0.0237560905644472
chr19:8308056:8310356	0.0844618976868194	0.0722247067994515	0.113625346421962	0.0608545045434209	0.0757524048330311	-0.0472782693147132	0.0132745707741602
chr19:8308058:8310358	0.117956820237252	0.0381769533018708	0.0464000031999327	-0.0668114711814052	0.176409408473851	-0.0205926108362896	-0.0582809752374119
chr19:8362154:8364454	0.373919890216133	0.171712745835881	0.16771106237528	-0.111763527382142	-0.0312795507884946	0.346765153753702	0.181535952478648
chr19:8362155:8364455	0.345271689861706	0.181823740425806	0.15505462244686	-0.0604184236402936	-0.0319889489991212	0.307773534210338	0.222523504102854
chr19:8362165:8364465	0.37017479054569	0.261249279756969	0.0474523101380497	-0.035333038640149	-0.0618279199939399	0.410095264579678	0.134990058657243
chr19:8362168:8364468	0.386348365035333	0.357959327592579	0.124456333889222	-0.0541718425228395	-0.0226210070076458	0.455209248988523	0.0637665028359457
chr19:8388359:8390659	-0.031985753238866	-0.0589235685233462	0.00142363291177865	-0.014565643009895	0.264116220637649	0.184993150717834	0.0139285617155679
chr19:8388362:8390662	0.0661649221116153	-0.0748610225754818	0.0177508398527419	-0.00927780415954616	0.230680347109816	0.147137550166979	-0.0321103933810759
chr19:8388388:8390688	0.137371356063274	-0.0951138789095367	0.0466921179695247	-0.0265197652345924	0.184014421334889	0.273854942042195	0.00515517201634628
chr19:8388392:8390692	0.14246656664364	-0.0997262029927971	0.0519437970022207	0.0118448263231666	0.235354343512282	0.165098233046917	0.0157510338880995
chr19:8513848:8516148	-0.207445538547906	0.0539778468122874	0.060944319586833	0.101025080145085	-0.0600272592895894	0.388465928463677	-0.0210770367936233
chr19:8513853:8516153	-0.139601448741403	0.0319483395810528	0.116926807642615	0.0646554240620977	-0.0627068058832297	0.386906246431308	0.0383945750161508
chr19:8513864:8516164	-0.148336643553617	0.0254721898428414	0.0529777504936568	0.0724455567194325	-0.0700726066884639	0.414335750534797	0.041111399617632
chr19:8513867:8516167	-0.229088242375037	-0.0592026257214766	0.0746801572417666	0.0611481904811313	-0.104598088822819	0.453948860306884	0.0575649513076308
chr19:892887:895187	0.0800509352696198	0.417158226786077	0.101104187706613	0.115215243582992	0.247965668284423	0.401784407674231	0.165188875911729
chr19:892893:895193	-0.0336866339002799	0.41104788087988	0.0783533177430434	0.111579869239407	0.194355648275372	0.396848005037562	0.189917530146706
chr19:892900:895200	0.0888494652409366	0.440657410977018	0.103457421287703	-0.00948335593946887	0.231752588907872	0.433865893398284	0.180411688857594
chr19:892916:895216	0.0443807001895306	0.418958556272582	0.10175317371802	-0.00479397906316097	0.153254129577245	0.480107887483159	0.161600536636905
chr19:892918:895218	0.0266632983896311	0.473360310000911	0.0639584701340927	-0.0172898402567428	0.188992461825405	0.466075515782382	0.14396338675203
chr19:982331:984631	0.144606369226802	0.0186094844622308	0.0500620159745767	-0.0244612978642588	0.220786962021509	0.332703077860181	0.0398561087872875
chr19:982340:984640	0.134504857910146	-0.0316357463706288	0.0783936120659346	-0.00776163178173754	0.239969164604579	0.39747135222339	0.0440140928988972
chr19:982344:984644	0.129322984807775	0.0548595263519558	0.0878351023262145	-0.0874367394354636	0.296080049511397	0.303114527557437	0.0479948241982111
chr19:982357:984657	0.168014492317587	0.0290696616758554	0.0630263870709039	-0.100357940852202	0.362355899564037	0.263455291039567	0.126349663501689
chr19:982377:984677	0.238408744328597	0.0536301326451156	0.119154411386323	-0.160923361226992	0.367407688962242	0.344246519238624	0.0750089920557317
chr19:9833256:9835556	-0.0193727311102003	0.284757449875363	0.120749260842317	0.0407675260360807	0.0525757484589578	0.352743250206031	0.0344030470664502
chr19:9833322:9835622	0.0597217824432984	0.242405465483551	0.0338047727629654	0.0298661836814156	0.0764895093327806	0.334216027512718	0.0807781472375347
chr19:9833330:9835630	0.100242857092278	0.244956532086502	0.0242044386434985	0.0767082543125041	0.09485892826076	0.384834778795069	0.0482660461430566
chr19:9833339:9835639	0.148970257308424	0.251238470575848	0.0572928500790454	0.0575912171298201	0.103602439680332	0.442426459183226	0.0739838746999919
chr19:9833340:9835640	0.122367682907795	0.275734162781065	0.070106602863825	0.0931303494250594	0.165692862671618	0.429330481009163	0.0852915535511844
chr19:9833345:9835645	0.0950787045359424	0.293493809194255	0.00854114165120825	0.0569136429337867	0.101867671229504	0.429981050821617	0.0956993027441942
chr19:9833346:9835646	-0.0141611117997367	0.323809930364742	-0.0309081745981576	0.0228625124418723	0.0965514302193615	0.449285702867629	0.0527409117841653
chr19:9833368:9835668	0.00976790181276456	0.315176389911936	-0.00905600094090373	0.011297444038403	0.018728816188967	0.324735106736654	0.0373242501964646
chr19:988646:990946	0.0211544675100821	-0.0570425565870948	-0.0254041984461216	0.124150473323813	-0.181423167835355	-0.0585350322136178	0.114152702010942
chr2:102732040:102734340	0.0400136022646216	-9.63778658334705e-05	0.0604181055647609	-0.0650197405193913	-0.00471187092153365	-0.188982197219298	0.0756658154689467
chr2:102736539:102738839	0.0581339841228153	0.340699717869618	0.0870237352815938	0.10718540588641	0.0940467781913458	-0.0123317014851704	0.0265078300680962
chr2:102736578:102738878	-0.00720627051542349	0.615986998906938	0.113963228493693	0.0558684156249932	0.015780702529619	0.00120792197096861	-0.0367847312124682
chr2:102736588:102738888	0.0391280676951182	0.382618063135717	0.208313847996702	0.0735620819663951	0.0865577117626948	-0.00642067655366809	0.0124768543952071
chr2:112582440:112584740	-0.0371670010900202	0.0816357572065273	-0.0300386132237738	-0.0258191656088273	0.125394484871904	0.278912482593642	0.141542949302435
chr2:112582468:112584768	-0.0799187136562828	0.0819774372537645	-0.0289965222104705	-0.0232803170165045	0.0382103981428147	0.291652109017794	0.0605545948377475
chr2:112582594:112584894	0.0258317102442153	0.14553020884889	0.105756265695977	-0.0260918583660348	0.175028371813184	0.198049802032785	0.0215069668549105
chr2:112833275:112835575	0.257497429107243	0.388965319509929	0.135190005188915	0.111944893087339	-0.0622280355218824	0.321695895610392	0.11018467786706
chr2:112836134:112838434	0.0157648501172821	0.363701808475688	0.0502093881115791	-0.124292411419384	0.0749027036979284	0.634461387404218	-0.112483336663778
chr2:112836479:112838779	-0.00431770544598846	0.277565527602983	0.0930301104129214	-0.0397271593838485	0.0577272713367057	0.317236607216689	-0.112478424341774
chr2:127674802:127677102	-0.00295195524238363	0.0353147742440207	0.0624431880739482	-0.122270479692788	0.262885674693132	-0.172983172154196	0.13248559930943
chr2:127674890:127677190	0.0181002938045873	0.0447818293899661	0.0957370517756034	-0.0819237898491637	0.228670885219557	-0.13325662071943	0.0469607743025911
chr2:127674986:127677286	0.0141408675510723	0.170942935605019	0.167596890611753	0.19657987842942	0.368279534879354	-0.0684333564858524	0.140518097781235
chr2:130180223:130182523	0.0481762086110363	0.129894434687281	0.0595704350041665	0.116203833914986	0.252294427493574	0.247972010125673	0.00860443544500572
chr2:130180256:130182556	-0.0697842441108138	0.113080373315651	0.0842464457353445	0.0659699436303608	0.248165149341921	0.219936715444834	0.0360268380381775
chr2:130180312:130182612	-0.0178903976543789	0.120179331887782	0.127098044788295	0.154836374871604	0.29042946822379	0.271061245276529	0.0462252919965781
chr2:131491671:131493971	-0.148459513757283	0.124319716433228	0.111815216363878	0.0021527420236959	0.0781349196204466	0.162379699352627	0.00580773069534679
chr2:131492035:131494335	-0.16449638383624	0.138176324106894	0.157088180581363	-0.0257342047345663	0.120774115503825	0.18733686370816	0.211447897315666
chr2:131492076:131494376	-0.101018720108373	0.0858206786229739	0.0859498868209401	-0.0214031482197515	0.101691685262075	0.147724351593727	0.0918482291605134
chr2:131492087:131494387	-0.0178661296872288	0.119438195316999	-0.0367538836651048	-0.0759182952484067	0.0536744002860789	0.109194527419144	0.0237903642054801
chr2:131492097:131494397	0.0225187140154615	0.112691928269953	0.00114456951150726	-0.009531855264336	0.0378495475267987	0.138111575498358	0.052707573485371
chr2:172553968:172556268	0.13526771278859	-0.099074970165521	-0.0319254403682413	0.0744147665109151	0.117925989613192	0.30484347098739	0.137820066319184
chr2:172554006:172556306	0.0701857622665777	-0.0596474700516318	-0.0333961976643751	0.0703079340575467	0.111475349052575	0.109955461993639	0.0734398094447377
chr2:172554050:172556350	0.146869630101205	-0.18586840645597	-0.0174675585255022	0.0544515464506975	0.11735179023903	0.146624996718063	0.0640366143215604
chr2:172554101:172556401	0.273372586768432	-0.0528653805379304	0.149060397523484	0.00898941107527074	0.128315035329655	0.264847339393258	-0.116403777498631
chr2:172554312:172556612	0.052467618200452	0.0558045069708077	0.13232563515465	0.0169621614864605	-0.0123095834291067	0.246246573631442	0.050429409687508
chr2:199957265:199959565	-0.046559338690237	-0.0286042847458932	-0.068876648929859	0.0932291000476606	-0.0118287243077663	-0.134918669867674	0.0114509822899118
chr2:20592248:20594548	0.0188721569352616	0.039319655223365	0.0356167614274346	0.0408950777193307	-0.0620235919525016	-0.10819677524356	-0.0822446660791526
chr2:216081490:216083790	0.0742142168567265	0.507988406518421	0.108150720604864	0.0569329427092273	0.232168658486593	0.362818335432591	0.0858259884340343
chr2:216081500:216083800	0.178927386005216	0.430493135823059	0.141762401795835	0.135647229872808	0.20752624859567	0.476579955218437	0.0831389255763146
chr2:216081501:216083801	0.174361604233044	0.538587124728788	0.12919448211562	0.0996897498268463	0.212570380898511	0.476838468811311	0.138317983878496
chr2:216081509:216083809	0.229553493887473	0.471458489257822	0.153164688320478	0.127636850282764	0.112717717064178	0.459065937953046	0.135973154109099
chr2:218259014:218261314	0.388835665077391	0.0844894942439535	0.0337028146680455	-0.0405348751461422	0.0927075379055205	-0.0760852487779374	0.000314046822141762
chr2:218259033:218261333	0.308363489689589	0.162106532482863	-0.0515269855482355	-0.0206443831421494	0.0322389236224571	-0.046527913318854	-0.0725406025455929
chr2:219218126:219220426	0.0142910404324846	-0.0360466491484865	-0.0715283935750818	0.00681301560048542	0.158998157316627	0.284942245246403	0.0156273647886721
chr2:219218658:219220958	-0.0784271844513141	-0.0287933489207306	-0.0108919304507857	0.0380923108381852	-0.135381801755964	0.0746468150172259	-0.00109720378045515
chr2:219562212:219564512	0.0930594411384384	-0.106373586102789	0.181281642692663	0.0158827984720587	0.0122528786856983	-0.0296828084384478	-0.0110504077442639
chr2:222669657:222671957	0.320432053477347	0.369289598337922	-0.0722555022185423	0.00655932950227442	-0.0383468322966405	0.463357123882587	0.0119533668962356
chr2:233927715:233930015	0.185843592768299	0.128512906892898	-0.163833642319946	0.0249776985122	-0.0632136275224815	-0.0889467892022828	0.101332161490296
chr2:233927741:233930041	0.204374782818856	0.326156804315774	-0.0685678686415004	0.242327891840911	0.0737411877329724	-0.0889721693255911	0.120238211890619
chr2:233964617:233966917	0.468691615661449	0.175217636516327	-0.0435771066415251	0.0403923261512591	0.0265454290792022	-0.321562226785611	-0.062208705769569
chr2:233964634:233966934	0.439855837017947	0.131195857931154	0.0165623495447498	-0.00420999336884745	0.00570779093006331	-0.464491477388817	-0.0473779122665023
chr2:233978121:233980421	0.122806715216049	0.157442826040981	0.0141802856085179	0.0290215055279528	-0.0673723433368422	-0.159605885110938	0.0419917993457921
chr2:240566860:240569160	-0.00939610446762853	0.266348181105663	0.0866208618833774	-0.0726986368648043	0.0626477615488816	0.29365936062021	0.140345404643302
chr2:240573297:240575597	0.796442195041969	-0.01736293909336	0.0322667758925843	0.0141700078661697	-0.000757406338384042	0.116464470790412	0.0449068268281063
chr2:241686412:241688712	0.0225632832581663	0.15405563340673	-0.000184472277405628	0.00267458759386773	0.105864734370969	0.114896930724158	-0.029509976310889
chr2:241686425:241688725	0.0377349924488227	0.231348897000562	0.0304977726351223	0.0203068540561221	0.126142669081949	0.108875529703268	0.0115444274122388
chr2:241686442:241688742	-0.00116374394873531	0.195280919182759	0.000274168311861693	0.0150598046146896	0.0952867936720084	0.12839794369354	0.00166765249753359
chr2:241686481:241688781	0.0632516307974334	0.287570244793058	-0.0596125974096858	0.0767539028578675	0.116073652024497	0.20030597447108	-0.108195220190964
chr2:241686515:241688815	0.0657640438409507	0.260857215599773	0.0430757559621808	0.0665480976108524	0.151246774128659	0.200749588483453	-0.0592591639828968
chr2:241733131:241735431	-0.0119005447245296	0.0677079601568144	-0.035698649728612	-0.203044212295943	0.0729191588440714	0.0783539255373741	0.169452164152057
chr2:241740432:241742732	0.175436634828602	0.037675659505019	-0.0472690528889843	0.0211588531722572	-0.00569072622396723	-0.0769498440783292	0.0604096248137378
chr2:241740474:241742774	0.254706980659308	0.0514507916302278	0.0587737807672677	0.0706674381460923	0.0531754213439972	0.147474536541267	0.0934137219697151
chr2:241740560:241742860	0.208089894430406	-0.049622579429603	-0.0230675441770997	-0.0219408500165435	0.0848279223509535	-0.182032567070561	0.0907160538288019
chr2:26242919:26245219	0.0464347619863422	0.133105012172001	0.158213476918299	0.02600800792836	-0.0298610674462801	0.809223345434438	0.00774477253334403
chr2:26242925:26245225	0.0482358767837496	0.144452265232927	0.141231861914305	0.0265131057260931	-0.0685448065283262	0.833252590028459	0.00288997291990975
chr2:26242938:26245238	0.0592338995298876	0.155158361803904	0.132700524324551	0.0110290835826679	-0.0587401621055614	0.722718662483665	0.063572160060163
chr2:26244296:26246596	0.0901816504687275	0.156900763007057	-0.0432576302239712	-0.0173439132561042	0.0349407466008266	0.390937997604675	0.00922686469867644
chr2:26244304:26246604	0.0306371043158903	0.129940029666687	-0.00992993121329857	-0.15297222733042	-0.0129330219627484	0.414676786146491	0.0059105438835982
chr2:26244307:26246607	0.0786141938166569	0.114948577533597	-0.0802566902808814	-0.0621314839291226	0.0600900702779106	0.323780728042181	0.0626315463931535
chr2:26244310:26246610	0.0158665105203719	0.122784456342174	-0.0703480021110965	-0.0352758856934846	0.0837385306932378	0.319399682302829	0.0197309502045746
chr2:26244316:26246616	0.0466864970881816	0.123185441973021	-0.0165650313612362	-0.100455512406187	0.0360004907189184	0.318828988779028	0.0892573676472466
chr2:26244326:26246626	0.0644230819653871	0.174681657743925	0.00808381811321866	-0.0815752359178959	0.0497341113315529	0.266555989960717	-0.0331732639066013
chr2:26244332:26246632	-0.000884786536815375	0.237778250109196	0.000436451011028783	-0.0648248579010036	0.0185083998941837	0.293083318773105	-0.0147673108761329
chr2:26244372:26246672	0.0873067570922925	0.194569429938435	0.0457588728342628	-0.111369372987573	-0.148641840659153	0.31315088788656	-0.0154214598582875
chr2:27132085:27134385	0.0833779088816685	0.0839778793891928	-0.0184286714093879	-0.0231872662306287	0.150198439289797	0.229259048750443	0.116192799506501
chr2:27132320:27134620	0.0167916509787201	0.0768918557259005	-0.013874419156725	0.0269059161052557	-0.00383244126031068	0.32801542433572	0.0795438713651003
chr2:27134312:27136612	0.0400149186582299	0.0905223029331345	0.0235857246915508	0.000896245782040824	-0.0457592761061223	0.284565897020513	-0.112466640828259
chr2:27134315:27136615	0.0246801152067487	0.122373432667041	0.0760910465970471	-0.00883350439755792	-0.0224735642247541	0.202748652003025	-0.0795285168940558
chr2:27134329:27136629	0.0208356727356874	0.0397408785409866	0.0718659661674155	-0.00543931420820941	-0.0125058185210361	0.220785711417578	-0.061241176028944
chr2:27134336:27136636	0.0499381099834784	0.00807931613487025	0.028556427976813	0.0173713147334406	-0.0386586923403545	0.224593247386878	-0.0728608940532803
chr2:27202749:27205049	0.164351991298089	0.116265142458337	0.149509290004725	0.0835017119691255	0.04443325535697	-0.283076969608757	-0.0490895879667121
chr2:27202816:27205116	0.157599534507006	0.0683650331107091	0.156121426620173	0.0713853992160118	-0.00263589228169721	-0.159406574421102	-0.00212994741918194
chr2:27203003:27205303	0.167065361247692	0.100540713328977	0.00320154519485316	0.135852515733023	0.0181740211043263	-0.166548845156835	0.0184999149456126
chr2:27206019:27208319	-0.0171909355345082	0.00968898531422124	0.107163154582941	-0.184348303888725	0.228557075677099	0.0242374916421447	0.113859230814449
chr2:27211493:27213793	-0.159079162164414	0.053159898212218	-0.0659265332352214	-0.0569284930875931	-0.0576675717887286	0.358247425631793	0.0532150786587272
chr2:27211588:27213888	-0.027327201031768	-0.0537782626124398	0.123476050178225	-0.00793814083900877	0.0240969348865458	0.22421462549213	-0.0892233543429496
chr2:27211638:27213938	-0.049430677035385	0.0562657864719446	0.0735741176344197	-0.144795327341584	-0.0621667198686325	0.0889687749420001	-0.0332664356187342
chr2:27211730:27214030	-0.0888063314269379	0.0705933324291479	0.0314792064429256	0.0714840377298593	0.0617160860731321	0.234250458803074	-0.0781427085530306
chr2:27211846:27214146	-0.103523279938813	0.0126736394130871	0.088916870023778	-0.0441849045290381	0.0950676104132882	0.404886589649259	0.0155658770529118
chr2:27211962:27214262	0.0137009140685657	0.00671162849598293	-0.019992851745546	0.190531540232326	0.189493452144919	0.282028202740648	0.0497116702297979
chr2:27211968:27214268	0.0146124351303826	0.0111502727440274	-0.0118889174499908	0.158243400192549	0.25368186071671	0.364490061932602	0.11452132953848
chr2:27494512:27496812	0.113651699287362	0.16293622857947	0.114072103885378	0.0218856090467406	0.0406549284199292	0.468434848812074	0.0874517426364453
chr2:27494900:27497200	0.0456814773693195	0.103806482441285	0.145758717089266	-0.153950719044212	0.0526518833217668	0.23782622363991	0.319956919885541
chr2:3377481:3379781	0.237194350741143	0.229604039075989	0.000848795259847043	0.128087327903828	-0.0577032173900925	0.261006576208786	-0.126322123764004
chr2:3377488:3379788	0.28295272224836	0.232952464578674	-0.0353302511533441	0.0755656094769699	0.0226621720679559	0.286618462518898	-0.136609475479884
chr2:3377490:3379790	0.294856325728481	0.202470513501435	-0.0332811296495052	0.0780877077224457	0.0196588045713359	0.288649737012478	-0.13902770559952
chr2:3377493:3379793	0.25963431621099	0.238430211064793	-0.0390067360347956	0.0633736809657159	0.042208487799808	0.247993577874971	-0.100370901426297
chr2:3377500:3379800	0.186559331732855	0.258085891486827	-0.00989058414511327	0.104637991443242	-0.00673878336940022	0.232901506183896	-0.0515804260487885
chr2:3377517:3379817	0.281733129581159	0.201047364925173	-0.033780874962425	0.0554477925083287	0.0539665129138549	0.289486283760839	-0.109889118159504
chr2:3377530:3379830	0.245535204784371	0.145787255011568	-0.0155157212893086	0.0503883136704333	-0.00480606363294797	0.265483885867362	-0.105641860376701
chr2:3377582:3379882	0.19835390666803	0.22007769245907	0.0192542296643031	0.0395586337040566	0.00534081117266377	0.225534236860873	-0.107763685297857
chr2:37342593:37344893	0.0611919933382046	0.170794725521698	0.154037390494921	0.133455110205378	0.10388829179386	0.180364594724875	0.0931949443816896
chr2:37342629:37344929	0.118020254436768	0.117446138103515	0.0957798575774487	0.136498256665635	0.118384418487673	0.258548183260232	0.115577171512793
chr2:37342727:37345027	0.0494249540426636	0.0831069305569424	0.173209414860218	0.0370607022156763	0.0483248973083225	0.266287552668962	0.0977905521390366
chr2:54113503:54115803	0.00602220133295235	-0.0550316374643851	0.117165444710062	0.137645564884816	-0.0848258551916761	0.153123854282639	-0.146340785200911
chr2:69414999:69417299	0.00705409509226876	-0.0371150466409574	0.000741478264072446	0.175075037316208	0.219428782219792	-0.0303842394493389	0.00556188318340766
chr2:69437095:69439395	-0.190811622529689	0.210829606798055	0.283075914987559	0.139299498990034	-0.0272540587351984	0.325682954239502	0.205071827139096
chr2:69437117:69439417	-0.218007531723734	0.187905819603955	0.237561129353506	0.225183358875113	0.0334864563137619	0.246874700001636	0.277293256096541
chr2:69437125:69439425	-0.188731792334268	0.146864957401116	0.263116030349692	0.220488227238317	-0.0025583921215523	0.314820285929757	0.277013036291662
chr2:69437134:69439434	-0.0622563827939519	0.108878711070954	0.273904585104361	0.329106597206981	0.130600445173547	0.272746346995132	0.250640010416261
chr2:69437135:69439435	-0.0807098001925092	0.146626700888906	0.225498971294966	0.332124513806721	0.0629517827155451	0.206089748693265	0.130805395132692
chr2:69437175:69439475	-0.112648153434496	0.158545583703747	0.251174177511169	0.300097509894384	0.0940178419505922	0.462903750047054	0.141503283628819
chr2:69437328:69439628	0.0218472107170903	0.119472494413777	0.127391378324196	0.185988661810775	0.0401395481194768	0.15998126912336	0.22070092753578
chr2:73890950:73893250	0.0238289065484863	0.103190216225858	-0.0646780994144588	0.279760682327162	0.0735342434765008	-0.0425900129766716	0.0590146472587145
chr2:73890966:73893266	0.0495648735031333	0.161261910838391	0.0101494139077531	0.268364247411834	0.109763401976831	-0.0790682144689546	0.0581816576905232
chr2:73890981:73893281	0.024125940121791	0.155420622187837	-0.0753175311656668	0.206848744855292	0.103970650636862	-0.0367453478599838	0.0950532834749769
chr2:73891007:73893307	0.0372772391624906	0.152211995078443	-0.0785437307873127	0.245921724446788	-0.021140546513166	-0.0616685047359916	0.00275037566946598
chr2:74456399:74458699	0.0401111969728906	0.138980422512695	-0.0232518185966385	0.0336185211751101	0.133013466213872	0.311872087972612	-0.0190446550327575
chr2:74456437:74458737	0.0792908452551731	0.185645837117762	0.0669661528414148	0.0296596606042431	0.120898230145454	0.185883905868432	-0.137234884981821
chr2:74456438:74458738	0.0303083587071716	0.114806378280279	0.202359848144982	0.0359433911692623	0.103530034869694	0.234764520689585	-0.11150824397949
chr2:74456439:74458739	0.0687405496718271	0.185114315508158	0.107714431442799	0.030351133431808	0.0957044180554862	0.1425360071121	-0.127613686912627
chr2:74456449:74458749	0.049903973002653	0.216758440067793	0.136817789956222	0.0285563002280008	0.0618604722613757	0.209866524583373	-0.0374445437650403
chr2:74456458:74458758	-0.0750955054698969	0.202719229480847	0.0421670624635311	0.0175619904856054	-0.0783560356720125	0.179258438782479	-0.0321278420655194
chr2:74456468:74458768	0.00762496300776998	0.123453098622084	0.129689387273916	-0.0290934482317079	0.0164578867284652	0.214856637401261	-0.0915205793226545
chr2:74456471:74458771	0.0726940799982054	0.154808255803082	0.157127379916884	0.0469868528251228	0.0238339608361264	0.247638226159993	-0.129693136205649
chr2:74456473:74458773	0.0636725414876587	0.0997347402897656	0.166767880283387	0.0581256589494981	0.0329611529119952	0.231074748641968	-0.0749758955765932
chr2:74456487:74458787	0.0091344578298739	0.114629017533832	0.174763470992731	0.139401707214824	0.0297106708888191	0.21840782168953	-0.110150641624891
chr2:74456511:74458811	0.0114922130773711	0.131577470157361	0.161630630122895	0.191322150943812	0.0686561348367586	0.368512368374548	-0.113797535462753
chr2:84841721:84844021	0.257312069360385	-0.027787782274136	0.166190065046768	0.0381216391489021	0.098887059198736	-0.173790669111937	0.0714536161212329
chr2:84880945:84883245	0.0481581681520941	0.0811138970868419	0.0187282435198487	0.0515079547714443	0.00215448813165084	0.049647696309331	0.0363419280130502
chr2:85355190:85357490	0.307161217389392	-0.143595163816361	-0.0489752184380906	-0.0370185511718611	-0.0658365969496506	0.151216583261136	0.0162549533445786
chr2:85355197:85357497	0.214808555960583	-0.193471687039375	0.00272650684097807	0.116998263102247	-0.036973086329239	0.10980327060565	-0.0606219328524202
chr2:85360232:85362532	0.0681431540536271	0.0643393725718599	0.0149939181023034	-0.0329943077378425	0.0756039358613873	-0.190536218451552	0.217796688559867
chr2:85387547:85389847	-0.0843565519601928	0.102754565576113	0.112091106520421	-0.0610790340748219	0.0412014087508598	-0.134043432861382	0.120647729822659
chr2:95400707:95403007	0.0660345798995867	-0.0533259886692507	0.359783696289729	0.192646054961692	-0.0769705495581743	0.334641857603176	0.229997533587195
chr2:95400720:95403020	0.0297063383518596	-0.00846669563290716	0.42476524053083	0.239951591939784	-0.0513504199054917	0.338725013050031	0.234432170071965
chr2:95400722:95403022	0.101562325664186	-0.0187254889878632	0.389419714639405	0.190765252380988	-0.0695540170461666	0.426720102495235	0.224671094820154
chr2:95404937:95407237	-0.0562622343427873	0.0906787048609326	0.132427251340267	-0.0213441533312761	0.0178367472486537	-0.0920151885739274	0.20149857009976
chr20:16573133:16575433	0.106651258839958	0.0444008018441023	-0.167228455108548	0.0741144752470837	-0.191029114883465	0.171586309143739	0.138490622377123
chr20:16573134:16575434	0.0935039194164959	0.0589550157475248	-0.115770987560649	0.0483377119651873	-0.190162800352195	0.220563103001294	0.0769252097356099
chr20:25193692:25195992	0.114798335200718	0.0182413502113883	0.09205772794131	-0.00741256648926968	0.0260911269705147	0.278487360758953	-0.0640138214381205
chr20:25193700:25196000	0.181400340251333	0.12590819027907	0.123497477117146	0.0775188196116468	0.0359281828135618	0.293369533860766	-0.0676870694856435
chr20:25193711:25196011	0.266554975374532	0.178760391370574	0.12988507360887	0.0297780291282471	0.067679705191283	0.332964436599886	-0.254173355197816
chr20:25193725:25196025	0.208091839298951	0.111466472819973	0.137802135482187	0.137608725754238	0.0594320466907404	0.189067396389403	-0.19690962049811
chr20:25193729:25196029	0.126809870094293	0.0969879772145065	0.106552072289981	0.181840603313313	0.182520358924536	0.288709547555924	-0.176515021658447
chr20:25193735:25196035	0.0982322407364675	0.100777364548417	0.103150597735788	0.175230879605069	0.110577306284704	0.253172595267711	-0.308783357648166
chr20:25193756:25196056	0.0768585737672928	0.0911674968430403	0.00946842033311002	0.126717045844393	0.0271132451188459	0.319216884691612	-0.211047720089075
chr20:25193774:25196074	0.160645975779402	0.0962252155087929	-0.0193483564519122	0.136300646833973	0.0247576842426882	0.290588531403501	-0.20905739355699
chr20:25193791:25196091	0.114255893009923	0.0824744536096951	-0.04411208936583	0.218905323766556	0.0985393671124038	0.347652675124127	-0.0923247162767247
chr20:25193792:25196092	0.159791880516838	0.133737774431907	-0.0457257731074117	0.247462242121847	0.0777161303689943	0.325382339942509	-0.141029997856741
chr20:25193838:25196138	0.157524843196104	-0.0459111343310995	0.0203123651178324	0.192981331262558	0.180507110249518	0.181708644990572	-0.114115236085003
chr20:25205343:25207643	-0.0240855462329688	-0.121952308753065	0.05303015173438	-0.0214448778005616	0.145707539717634	-0.117486835170916	0.0381197330955426
chr20:34303055:34305355	0.0149307758703806	0.0992534079040161	0.135532409530122	0.33348814776094	0.108855947791426	0.495702692760436	0.244947553124572
chr20:34303057:34305357	0.14197893358727	0.0151521430878225	0.126614743139142	0.34911082175443	0.122507850249272	0.366716221424188	0.278265738193917
chr20:35954326:35956626	0.120973039026292	0.113163051050142	0.0741195967799294	0.05228058855922	0.0915392238456656	0.296962406792087	-0.105414817039146
chr20:37519205:37521505	-0.173322141933998	0.221466264791496	-0.121007465050772	-0.0401805493190554	0.0798093608096425	0.239080770787692	-0.142925154839667
chr20:37519240:37521540	0.0330716998652575	0.265956292164964	-0.0483483014795287	-0.138956532620571	0.129531201059577	0.225331907421164	-0.115068834194328
chr20:37519249:37521549	0.203537999590189	0.281612271656517	-0.0528287192156241	-0.0627290653621453	0.126112983326781	0.196873228429898	-0.0739986960424776
chr20:37519250:37521550	0.196512540802222	0.273687589843418	-0.0517616725151222	-0.0652280799872501	0.138308082925881	0.200387863577738	-0.0730022894323066
chr20:37519260:37521560	0.0683662507122696	0.295753175205785	0.0445621189654031	-0.160273256104881	0.162717466719521	0.250526458110694	-0.0632696889746565
chr20:38164959:38167259	0.583324887605132	0.087506599013599	0.0963012311276703	0.0777552165895186	0.116093626255492	-0.0682225240503535	0.195160783734722
chr20:38164970:38167270	0.539767449074186	0.0398419242709838	0.154293418354057	0.116059240017358	0.122834219524779	0.0187378496334921	0.255119697838196
chr20:38164982:38167282	0.45309902817235	0.0454911039624631	0.150183046251945	0.0923541933061819	0.0358662420022254	-0.0773863355736426	0.0200142561775069
chr20:43557026:43559326	0.435511567303674	0.266367148468776	0.124300077561658	-0.00661683630272115	0.344172504996269	0.0475031427124262	0.190943406758899
chr20:43557032:43559332	0.524377707668348	0.243792317082939	0.107585402820631	0.0632825215172881	0.269699448682173	0.0780516133271495	0.195705543058697
chr20:43557041:43559341	0.497070906194634	0.354070509504707	0.129207989017538	-0.0633597618904953	0.279917295525657	0.123183824405967	0.0898443010061376
chr20:43557065:43559365	0.368210389296277	0.376514598211638	-0.0225606092916353	-0.118607075698208	0.308236619145336	0.181742003244765	0.202002956337088
chr20:43557075:43559375	0.478933485754814	0.310250151047147	0.00682523689244883	0.00258864520868597	0.413089583821212	0.184455356163282	0.0620876659428254
chr20:44651361:44653661	0.0174598866869119	0.153956299739555	-0.0461643542893532	0.0612663504983012	0.024196438730573	-0.125334661136714	0.0230525790345169
chr20:44651381:44653681	0.0526538418984257	0.19547356935143	-0.0657132066240268	0.0609567635774623	0.0490024134784432	-0.106443134173004	0.144488115585895
chr20:44651391:44653691	0.098227126459308	0.124458315190215	0.00793182392888393	0.0912673489783328	0.12741781687719	-0.0926037811112393	0.0632983953898227
chr20:44651399:44653699	0.0513397101041852	0.135702143149938	-0.0319659944023811	0.225631348344074	-0.00306585795727865	-0.0395175071124767	0.130826223183419
chr20:44743864:44746164	0.141453690609158	0.0984644602322435	0.00386848538312106	0.0779412665694	0.223539798392926	-0.0575131755772171	-0.0159265816537097
chr20:45857069:45859369	-0.0988726595585548	0.0926227573279533	0.131223761022737	0.139194060169588	-0.0861771050959418	0.296955272951773	0.156151858165194
chr20:45857071:45859371	-0.0764029870632116	0.136104298074687	0.156843382351305	-0.0447790091934721	-0.0515316368784817	0.27161764082119	0.17356432502214
chr20:45857089:45859389	-0.0396667128307499	0.17949294839895	0.142811146919157	0.0280434435668614	-0.0602082268054255	0.230484617549918	0.185791757449144
chr20:45857092:45859392	-0.0731117070178902	0.193242027993488	0.117560819691096	0.0056739844563253	0.0653752909678084	0.350374426858292	0.154201070276961
chr20:45857097:45859397	-0.038317607250727	0.18839119485331	0.168575553953252	0.0317326251070271	0.0344809467151095	0.305286612417807	0.17585254603719
chr20:45857102:45859402	-0.0409748017095633	0.183658492980843	0.148392268593626	0.000710083358075233	0.0359838698437343	0.278909385692228	0.177608480675871
chr20:45857105:45859405	-0.0733703644465525	0.185290563047836	0.100980349502498	-0.010836063141823	0.061697908736033	0.319421155932323	0.150424573697009
chr20:49481700:49484000	0.0433770397558552	0.459819540050326	-0.296109724445873	0.095755216373149	-0.153804577790745	0.62421327808111	-0.00472429966439457
chr20:49481709:49484009	0.0684724893046101	0.525083110552856	-0.39203224635791	0.102796093705857	-0.102216043114204	0.668546264455989	0.00368756167118599
chr20:51768090:51770390	0.0471520076624144	-0.0197184411651993	-0.0255096536582536	0.0612880530415866	0.0146041530397497	0.217187890125379	0.137544285336688
chr20:57389427:57391727	0.0122041172367687	0.117309742273546	0.0282287884618059	-0.0692803284679665	0.134175459241703	-0.0374434340243576	0.0704221447556224
chr20:57389452:57391752	0.0985358421022658	0.0170797178162665	0.0339850106705281	-0.0076307746083224	0.0309232368459851	0.0916531480960013	-0.0219374523877365
chr20:57389636:57391936	-0.189510561700313	0.0204732207136797	0.128096255155925	0.0621577162914981	0.0164670019405406	0.240226364320968	0.101931228615618
chr20:57559102:57561402	0.828375731623533	0.637798544802659	-0.0180286846654475	0.0547878303124334	0.216082782745787	0.288741798573375	0.14331142329294
chr20:57559109:57561409	0.780386114589822	0.67319590690731	0.06496340607783	0.066319829104785	0.119310826896833	0.119543351819294	0.0675734642969352
chr20:62139096:62141396	0.0690927297209972	0.396711675139589	-0.0246348142786973	-0.0260930434338534	-0.0716729438775701	0.320884696302285	-0.00534177120586182
chr20:62139605:62141905	0.185027737857512	0.112725912335666	-0.000942798356495518	-0.0703836821426606	-0.107421435152793	0.525058864300183	0.0149203609853118
chr20:62143094:62145394	0.149904056490429	0.210422191082882	0.0793911819129698	0.0318816929182937	0.00154866855152883	0.480995243934017	0.202063607183794
chr20:62143130:62145430	0.19896540783889	0.200374153178265	0.192724272619712	0.0468552805367034	-0.0187127400593245	0.455756951891094	0.238525252171601
chr20:62143140:62145440	0.127856305464001	0.081988948312974	0.139226152380053	0.0759826157810484	-0.0545266762122383	0.457785961820307	0.276600010625616
chr20:62181028:62183328	0.0203611971868235	0.117608711997049	-0.0116756596951534	-0.00381127645627397	-0.215823312506254	0.21276586045721	-0.0436351888196325
chr20:62181041:62183341	-0.00550303986776048	0.172092421127311	0.0326030553407771	0.00803463026218527	-0.130405801257255	0.27832236393298	-0.105862363794696
chr20:62181043:62183343	-0.0357065923734967	0.252017033985564	0.0034662414478138	0.0621881833361299	-0.186358073168079	0.308157048537384	-0.117137861163831
chr20:62181044:62183344	-0.0213172126012986	0.1825461984972	0.0385916157160063	0.0078607072929611	-0.123512121813553	0.284560871034735	-0.108154058054877
chr20:62181050:62183350	-0.000707783075938586	0.177999921925088	0.0641131713661246	0.0697155830294874	-0.150224892108288	0.286004227348586	-0.00560800012514625
chr20:62300996:62303296	0.137891825216218	0.0153439298741914	0.0755417629505829	0.12959810411017	0.10099853026929	0.401866110476852	-0.00216000933176243
chr20:63518774:63521074	0.262158083509581	0.0211361856173038	0.113220582129535	0.278022122327095	0.314441528677057	0.450038793110959	0.193444702453798
chr20:63518776:63521076	0.257537437421396	0.00746771949605927	0.0922017453314094	0.271667804344051	0.311452415651401	0.426713538428667	0.187850844576557
chr20:63706034:63708334	0.305970096869039	-0.0528838240595055	0.10936540562289	0.069088254151924	-0.0390452458616865	0.0856425509392084	-0.017414164335837
chr20:63706038:63708338	0.278045067147067	-0.0798125247930969	0.150857484357446	0.0748811103558559	-0.000527855949009588	0.116171313850397	0.00180850000079827
chr20:63706052:63708352	0.245268943697326	-0.0459990410449416	0.115894600824258	-0.060182572245366	-0.0564093569939044	0.170734371396885	-0.0159764166485641
chr20:63706061:63708361	0.272224822162542	-0.0185896355315761	0.169810165224726	0.128977914840449	-0.0375011161120805	0.112901228737587	-0.0284855703139363
chr20:63706085:63708385	0.211220663000044	0.0690485929101277	0.151184312053848	0.0538980379523616	-0.0850517092181893	0.0818054616410391	-0.0556378295998203
chr20:63706089:63708389	0.186546123780134	0.00938023086655075	0.119763685795437	0.107490584194655	-0.0173264150156637	0.212137109948932	-0.0367094195720643
chr20:63706880:63709180	0.078488183586955	0.155832204175798	0.0328079566609883	-0.0435528656597656	0.0810226492963057	0.255908461017197	-0.240363957109926
chr20:63706997:63709297	0.183645141595043	0.115154485240622	0.0632412608181514	0.0713767781590577	0.0129840902279786	0.192940389724248	-0.212896962203356
chr20:63707088:63709388	0.0575692322979747	0.220739625097997	0.07274839842577	0.0541450148468156	-0.0735722561990458	0.166599136003357	-0.175991578571304
chr20:63738379:63740679	-0.01707634206651	-0.0218059763635985	-0.20069359355498	0.0164876759288574	-0.0827311625909742	0.523719876278521	-0.0969212262994826
chr20:63739914:63742214	0.246841923476124	0.241829725963164	-0.0741737384632861	-0.199019012102921	0.141292370489069	0.313257444258246	0.059372523522962
chr20:63739921:63742221	0.206407694289679	0.231133009882559	-0.05273559953568	-0.259486966404427	0.155830219195099	0.364323571654888	0.0758714775076382
chr20:63740527:63742827	0.2024429704669	0.0837213189875357	-0.069968143111066	0.0208570406997369	0.154334122595769	0.347590060176675	0.0778250990632742
chr20:63946343:63948643	0.0813106912514376	-0.0316929846737088	0.103759180448279	0.0655874827871645	-0.0238570801608455	-0.0227830932849818	0.100639764515452
chr20:63956041:63958341	0.102908514834381	0.153877695673158	-0.00123531950109564	-0.0247173284862252	0.0650677661265645	0.165586329091279	0.0240734160076441
chr20:63956085:63958385	0.0921534161379133	0.191797160119271	0.157473591688564	0.0428805238131106	-0.016196242527957	0.198983450422758	0.0578070982235981
chr20:63956116:63958416	0.0813364180913439	0.0526910865459767	0.175858728396969	0.122666179329438	0.0198230075798075	0.182855255753683	0.0135079559760947
chr21:32296971:32299271	0.275416377181665	0.240997516469422	0.0966792880819364	0.180103265089779	0.0506653341086093	0.763380041915035	-0.0921303379029692
chr21:32391129:32393429	0.132825522520431	0.122699331870699	-0.0199697520870301	0.000962772938433833	-0.051935572769047	-0.0256752943967043	-0.142341484772871
chr21:43717093:43719393	-0.0294795852464248	0.234909913269531	0.186128550157069	0.0702907779101604	-0.17370638805126	0.235220219480266	0.00541129147316502
chr21:43717096:43719396	-0.00326608107360901	0.228294074526125	0.200564127574777	0.0994192997096808	-0.187635636395969	0.192664344202301	0.0567395719728955
chr21:43717128:43719428	-0.0440441329856041	0.201106001940643	0.163955835260491	0.0622927159218383	-0.167314941151377	0.222831444143942	-0.0261860009714696
chr21:43717175:43719475	0.0721147181847118	0.294499021442809	0.15511198137864	-0.131564182075455	-0.0638228300164605	0.249120833795829	0.0248886857079174
chr21:43717176:43719476	0.0383068201562468	0.311303787318871	0.173573611938388	-0.112974085986228	-0.0931600832793762	0.269689370160094	0.129387074334046
chr21:43717222:43719522	0.232221397407719	0.157985804988968	0.118827279615463	-0.0932470474104857	-0.124733146198715	0.0924221451810624	-0.00390836313176082
chr21:43726729:43729029	0.147586954477971	0.138536215669793	0.151711630128382	-0.0508792712368687	-0.195433272163583	0.27517164954962	-0.0479994247539657
chr21:43726899:43729199	-0.169388291573302	0.129149870607513	0.234193141192323	-0.0203509984088488	-0.135618943973544	0.295908786662999	0.0477034841978488
chr21:43726912:43729212	-0.150423588574091	0.0243342641172724	0.157727472611918	-0.0203665728846895	-0.127410126035969	0.269693618400922	0.0674037287609452
chr21:43726916:43729216	-0.149146872575005	0.0513747137474398	0.254277577882254	-0.0325953506696059	-0.113629039355745	0.279652101381635	0.107430698822369
chr21:43739464:43741764	0.141056448238337	0.250023077862406	-0.093713768583303	0.200259328157113	0.0329681783570163	-0.109842824462786	0.117919105457899
chr21:43739475:43741775	-0.0273440023981343	0.138231257806914	-0.113805749967487	0.138608514299973	0.0388770477554591	-0.119627128855137	0.129453213983341
chr21:43751582:43753882	0.46906743396303	0.0200750165377268	-0.15163477160576	0.0945309047909543	0.143667741814492	-0.270928348774548	0.00823470728897012
chr21:43775938:43778238	0.308035932091235	0.251402163591091	0.202553317042606	0.304948172098297	0.343880098351142	0.408915833292811	0.0797780309448382
chr21:43775968:43778268	0.244260194551117	0.139353954199721	0.186197962017768	0.181839942986543	0.385474696459854	0.306063157102707	0.0268550744890903
chr21:43776018:43778318	0.321768388794833	0.145155056308541	0.12880455897061	0.131241893663877	0.427529745508274	0.423594333470213	0.0123065849975139
chr21:43787558:43789858	0.0324373946683477	0.172114218528091	0.122026554185795	0.0417236666519476	-0.104935937431282	0.174113106765087	0.000524090254700272
chr21:43787576:43789876	0.0902920162998092	0.241774818542544	0.169944587461265	0.00793236911630129	-0.0621291246796536	0.177293844162882	0.036575619264057
chr21:44298050:44300350	0.132061641530204	0.0886889057400062	-0.0738150594616015	0.272003857450113	0.11969759791833	0.496915514222507	0.21315080498712
chr21:44298052:44300352	0.1205682242509	0.0759037633001436	-0.0944481029289529	0.237186453585503	0.10447572262722	0.449005535101389	0.274981287610314
chr21:44298066:44300366	0.066680164371911	0.00732664920625519	-0.0692693528480778	0.298617424022803	0.226022555794238	0.381480880585823	0.345786984273784
chr21:44298095:44300395	0.107317898414884	0.0402278568062024	-0.0294434973990166	0.282311342128608	0.0998683301473463	0.421045578961794	0.254585321505939
chr21:44298105:44300405	0.0504376877883512	0.0948240981837174	-0.123586793496765	0.434195479018799	0.207811596349881	0.307820968230166	0.216169315404217
chr21:44317866:44320166	0.0285074027812236	0.192518374330454	-0.0139977256140522	0.165957122614547	0.163832328379335	-0.066474182060869	0.219234777635464
chr21:44333164:44335464	0.0400249356220046	0.132146913622698	0.170073226556669	0.0338903445550189	0.144117109931203	-0.113411128781857	0.015287038658249
chr21:44339090:44341390	-0.148518623047218	0.209652356134985	0.0636720191347831	0.0841397375784153	0.0129514838411757	0.44039331690095	0.0557058369109457
chr21:44339093:44341393	-0.132305671039854	0.230474010368413	0.0881536643973765	0.081072271676502	0.0314694935666233	0.413887476034359	-0.0133792814674459
chr21:44339102:44341402	-0.180938909263033	0.235036913968447	0.0506938097081195	0.119602053754897	0.0318281127494793	0.369851359462952	-0.0045079408707368
chr21:44939545:44941845	0.0506851700495706	-0.144583583865248	0.0928203392384358	-0.109247512706269	0.148838620145698	0.147018146577924	0.0152468647685191
chr21:44939550:44941850	0.0451823267228424	-0.091825691228968	-0.0310485390616872	-0.0154931827298247	0.164172935222059	0.135213283121878	-0.00721974159900141
chr21:44939586:44941886	0.110278496985558	-0.0473719772374896	0.00220254531443099	0.0599257098879209	0.176575238917102	0.184248882820917	-0.00885206676800888
chr21:44939613:44941913	0.0106974409285508	0.000439596607844064	0.0638419563717776	-0.0399236421351091	0.185455784570596	0.182257259646989	-0.00869597436509689
chr21:44939626:44941926	-0.0660751186988173	-0.0351254333426698	0.00816245017175229	0.0192354736987139	0.187774671712391	0.1650797535355	0.0229229509886013
chr21:44939631:44941931	-0.112418523434959	-0.0549049992953819	0.0707289278656561	-0.000216186735891403	0.184855346660307	0.219383655670696	0.00559354003519662
chr21:44939637:44941937	-0.0872922499078932	-0.0550162243484273	0.13247447112571	-0.00114257266056517	0.153580635028915	0.177788481658773	0.0407299826183213
chr21:45514833:45517133	-0.0235283593309393	-0.039353203923247	0.141570680312127	-0.0861787543357617	0.0845202643108987	-0.234006588086809	-0.0116228215584368
chr21:45531241:45533541	0.110952302327027	0.409607095147547	-0.115204914742512	0.0967334070052342	0.0178492153892203	0.0217726473174396	-0.0410441975604845
chr21:45537633:45539933	0.174281286885611	0.0728959207817307	0.00333929623109256	0.0405156091447226	0.268773268115211	-0.238709789319531	-0.0109298366489088
chr21:45542140:45544440	0.0297848838964138	0.329311180669699	-0.229531381884004	0.140088798716425	-0.00232490735021416	0.130096459187356	-0.075884200568446
chr21:45542171:45544471	-0.0621968358883513	0.310881492886302	-0.183965770320925	0.0645105231802978	-0.0150077180305322	0.101076253585764	-0.0364014315886374
chr21:45985108:45987408	0.176320739934527	-0.403589104171175	0.0728454643802869	0.0782560800668306	0.148997584796746	0.00147069431792508	0.229129942699887
chr21:46096096:46098396	0.16772404353901	-0.421086131276428	0.0168602120263142	0.314955613289836	0.0821024088547645	0.117830389161247	-0.1393178598189
chr21:46096118:46098418	0.177257003890875	-0.371600788489085	-0.0618670930273787	0.292457547672045	-0.0272083709034351	0.131765612790265	-0.127387532572714
chr21:5127627:5129927	0.263423778240737	0.311830458588791	0.049797060730772	0.191857888551813	0.149810342183548	0.135132787698727	0.166669120230578
chr21:5128069:5130369	0.298997720136766	0.293330608023076	0.083755588373206	0.246297451400136	0.122217845848378	0.0324734605944972	0.179495945632297
chr21:5128072:5130372	0.277735702702766	0.389149794639958	0.0512266457653772	0.150987630348525	0.159172332325848	0.105956158427223	0.235232889883579
chr21:5128078:5130378	0.31831789023295	0.314044207136134	0.139341707317109	0.178940970154372	0.196529507408658	0.0885036782006402	0.175206446429793
chr22:17561449:17563749	0.162882878374176	0.054961816064022	-0.0358999720367131	-0.00351994026162892	-0.0967922513602949	0.645526923662806	-0.177005428301103
chr22:17561463:17563763	0.166816093778051	0.185250035894946	-0.00700041460495466	-0.113459576702188	-0.122417876499442	0.523759984528128	-0.0756980382480275
chr22:17561497:17563797	0.428215355110947	0.153072088038199	-0.0422012403131075	-0.0500011315068207	-0.0727058207034457	0.524929861354643	0.0122048672520046
chr22:17561588:17563888	0.10506287121982	-0.0128294715858666	0.00439828255089375	-0.126727698467846	-0.0643722858953559	0.469908050126626	-0.190994044822712
chr22:17567700:17570000	0.195111095662641	0.172331920545313	0.150550111713443	0.0579530466160532	0.0983504467054905	0.178578475779188	-0.120390614994634
chr22:17567706:17570006	0.19586078390736	0.0271694572545142	0.205770524351947	0.0522930554908595	0.0366241890906634	0.206355836870732	-0.158828261800003
chr22:19144333:19146633	0.120259266655818	0.0692767883481629	0.0459347067968548	0.0798906529046971	0.109728901907008	0.06231226818383	0.0994915850581398
chr22:19144351:19146651	0.0224841601528051	0.15566242014135	0.0411027843087159	0.0867728060845934	0.115604598518336	0.139164453441599	0.13794800610165
chr22:19144359:19146659	-0.0285589812625699	0.0877771991030115	-0.049244486693083	0.0369060390559798	0.128878870541839	0.123827205637242	0.167541979168035
chr22:19144384:19146684	-0.122430003995606	0.293774370414923	-0.0519713246470177	0.0593144813957903	0.280155878870311	0.299904526499185	0.152463449230481
chr22:19178221:19180521	0.173585453340936	0.532972953308631	0.176832675877935	0.165116440648943	0.0986177214206058	0.508140568028649	0.0980521114256449
chr22:19178335:19180635	0.110751464213893	0.361058844979462	0.153850972274827	-0.0304386909629128	0.0884981280672894	0.514019958243077	0.188672669298335
chr22:19178436:19180736	0.102485329662955	0.240073015208551	0.238293691719799	0.0426748933463251	0.206637277298225	0.519926380160956	0.101447040173876
chr22:19178439:19180739	0.054247406425177	0.253981483330126	0.227321603114147	0.116193562363309	0.133111303109475	0.57203754313669	0.111060087393192
chr22:19854506:19856806	-0.0711707121264996	0.0166754921458666	0.0817920056943022	0.0950034547375477	-0.0819718149681173	0.234906258527834	0.242884385227713
chr22:19854516:19856816	-0.00461846935907108	-0.0695677499884253	0.069600297634701	0.0521141231917811	-0.0993623598211372	0.203181868978384	0.297819473231124
chr22:19854543:19856843	-0.0949214585827032	-0.0807093425640454	0.129592163222028	0.0797582976952948	-0.116141081894421	0.211704887734717	0.29408864635225
chr22:19854574:19856874	0.0267860168378039	-0.088152692782788	0.0918537818701781	0.108039422276633	-0.159618302580512	0.286774504551138	0.313092772417208
chr22:19854639:19856939	-0.0530601086796703	-0.167702271593246	0.0628324787060727	0.0159622978175396	-0.0838214414907883	0.218191401870543	0.141186132268075
chr22:19897741:19900041	0.139818263210144	0.044412891618758	0.0918638352149914	-0.00338569289722497	0.0782069900957024	-0.0835441388818313	0.169142707212151
chr22:19915489:19917789	0.123369753114991	-0.0735075207813587	0.0556582820438355	-0.0421113821916181	0.288047416873974	-0.217234275788207	0.0126762816206345
chr22:19915537:19917837	0.107328582190874	0.0430350967133502	0.041505204173278	0.0252993288649875	0.0944475627195986	-0.190654536830989	0.114532116329231
chr22:19939606:19941906	0.23268145914041	-0.128265711859337	0.0475665337867062	0.193202107181219	0.0669142827495681	0.0753570056297357	-0.0326805329702289
chr22:19939732:19942032	0.215026068735281	-0.215349722272338	0.182999148888441	0.199061152234664	-0.0492248888693173	0.0918972922773899	0.00371280861670852
chr22:19939772:19942072	0.185942172376982	-0.116960833602412	0.181903102665662	0.176937855745389	-0.139111828077096	0.0904659065278631	0.116300194564637
chr22:19939787:19942087	0.187664393462156	-0.207894580309757	0.170778330971732	0.0196501685073713	-0.0952556310432871	0.0266064130524307	-0.0529162912835879
chr22:19939792:19942092	0.167191677851154	-0.195438683080996	0.16764223774525	0.0323682105215144	-0.0789411075860965	0.0263146952634851	-0.0490258652907408
chr22:19961698:19963998	0.0182379262374177	0.151276065610835	0.0375510756543911	-0.0817352972226788	0.0395694620785283	-0.121603771863518	-0.0884677298345372
chr22:20112878:20115178	0.0975448253829919	-0.0496953225934952	0.0568697114698313	-0.21918439396943	-0.105142734183619	-0.0776768150325303	0.0854829518065272
chr22:20113078:20115378	0.0857835367177566	0.00145318036440474	-0.00718943842527882	-0.0735623055517516	0.0596293529085366	0.00583865124560605	0.113027221812246
chr22:20113207:20115507	0.0674332314121976	0.182415878535898	0.0896896042694717	-0.15457987800961	0.0562394842110838	0.0384631318725125	0.167736598053638
chr22:20113498:20115798	0.0926586343465953	0.103399959481459	-0.0558580105639317	0.0695894516999796	-0.086781040434165	-0.11326870991705	0.168862964536904
chr22:20113508:20115808	0.0579300644090691	0.178625240261074	-0.0311020528966396	0.0532543658928712	-0.00599030486000746	-0.00784160474834831	0.132663553368537
chr22:20115512:20117812	-0.132788677195243	0.219949717464658	0.0214988617762927	0.0327133172364518	0.0324678652047408	0.192285401008387	-0.057445324571498
chr22:20115800:20118100	-0.0708305966444785	0.235544674105047	0.0103735009059415	-0.0938156766551971	0.00703856731856924	0.126657873430359	0.0867129564444748
chr22:20116883:20119183	-0.191039033863503	0.281836948605674	0.145646558563724	-0.0790092958110942	0.0764016111373818	0.30340067568876	-0.119929878437511
chr22:20116903:20119203	-0.156729434908665	0.181501819066804	0.193134766493647	0.0218923208535392	0.0505763221267711	0.270346150334379	-0.0805661377539117
chr22:20116922:20119222	-0.19354247903225	0.236537095162239	0.162057892976442	-0.00587013686975578	0.0530711096628158	0.31142749871924	-0.0871689274909417
chr22:20116926:20119226	-0.114302101938588	0.177924165889584	0.197222036078407	0.0510888340508502	0.00877344352991971	0.271717092323736	-0.0738318834638828
chr22:20116939:20119239	-0.206565766519226	0.159942206183613	0.249729595906934	0.103323726456684	0.0450902444627472	0.287580870934787	-0.0587367979475449
chr22:20116945:20119245	-0.210276520445141	0.182677351373983	0.195258403898978	0.139474878933691	0.0385013834375663	0.346476019652575	0.0436864408257307
chr22:20138404:20140704	0.0684426489208309	0.0238924413937168	-0.109808070682286	0.0111919957107314	0.25277353193685	-0.0694543168544314	0.0687006962664293
chr22:20319709:20322009	-0.00346714807219715	0.197826210586232	0.163203869124224	0.13519124099958	0.207009039920065	0.506933682767135	0.0401632002011741
chr22:20319760:20322060	0.135714035912539	0.155076793885554	0.355037328757796	0.162414583644461	0.162265155259016	0.569756157378835	0.2374121523218
chr22:20429626:20431926	0.0791036071427572	0.126685686803037	0.0238693407197756	-0.0455135829071901	0.0190902934222125	-0.0665918652056925	-0.0332633685275945
chr22:21001218:21003518	-0.0554269802258888	-0.0884063809563809	0.0811145238044358	0.103643198424127	0.0712753968748448	0.270808877344605	0.120360688695975
chr22:21001806:21004106	0.142565893758724	-0.0422090824905045	0.0832787390848519	0.0788307177812386	-0.0356208716572222	0.286852770984761	-0.151867234917502
chr22:21001817:21004117	0.1306343825413	-0.00525304657986662	0.058089164966298	0.151723067420017	0.0331970397291291	0.295438911262812	-0.0959934013563753
chr22:21001818:21004118	0.11936172758556	-0.0119531233706058	0.0887853247083841	0.134592034421611	0.0408375808454476	0.295727504211189	-0.0756703674616057
chr22:21001896:21004196	0.144163200447567	0.020327647869498	0.0465246226385324	0.114155117016408	0.0500565529151553	0.243150099175656	-0.195120997675627
chr22:21487607:21489907	0.0497663867123591	0.00460422281198279	0.0794810110053206	0.0452307784707031	0.0482798675845566	0.00976928886777636	0.10404690616274
chr22:21952521:21954821	0.117119388003243	0.0816740458728155	0.238522461443539	-0.0284012955140911	-0.0604188279742744	0.0766934930946433	0.0927519235897117
chr22:21952531:21954831	0.143116031684093	-0.00564178084338024	0.202171970786739	0.0326462850618233	-0.13703283723666	0.09061867290868	0.0884302789451771
chr22:21952548:21954848	0.0928896828600465	0.0124758855734195	0.189168007095639	-0.0276749472648464	-0.0299979469327234	0.0835185331567424	0.0837086027047155
chr22:23287614:23289914	0.102240530486742	-0.0913981616966738	-0.0163191848896939	-0.0295012036334029	0.237406872902058	-0.213637906340837	-0.0143815289105902
chr22:27274239:27276539	0.000914997204862712	0.237422183332785	-0.101625973999388	-0.0708806591266864	0.00174672942517996	0.0355256024242958	-0.0258193326205218
chr22:29351447:29353747	0.0451859792707968	0.0364680729648266	0.077472928836547	-0.000234695090764022	0.0252683905169434	-0.219807333710646	0.116099460719322
chr22:29388229:29390529	0.275180197567404	0.141100113194313	0.119132293872115	-0.0121786238712796	0.0994757579743921	0.0366067694744416	-0.00684450269006575
chr22:29801802:29804102	0.0188837973626868	0.0551986260122574	-0.0824009418532661	0.0113496744263385	0.0492285261677472	-0.0471390863155712	0.0971080593756106
chr22:29804524:29806824	0.189422115205698	-0.0294375986371262	0.00221493029849124	-0.148040434822802	0.168144510674701	0.0621201861436088	-0.0704181226442156
chr22:29832042:29834342	0.319275230472112	0.196732643222465	-0.0484089376992953	0.0679726460957905	-0.0224255671639154	-0.309986419178792	-0.239125605048837
chr22:29832280:29834580	0.376716400869775	0.080484414296188	-0.010572065960999	-0.00119397402359719	-0.184338353622261	-0.340339995902441	-0.0561310494477184
chr22:29837928:29840228	-0.0655672715720622	0.07657624439557	-0.016035519379616	0.0461678592300438	-0.0173780798382904	0.0829001874640692	-0.0640495375309941
chr22:29837961:29840261	0.00212181249187298	0.0801254698815497	-0.00220391385041623	-0.0449384997846683	-0.0405592422506074	0.172879881966213	-0.0204415500092096
chr22:29837972:29840272	-0.00903270133409181	0.100593038377844	0.00886399547349337	0.110813893306397	0.0357553615444699	0.187225829904333	0.00991289756135447
chr22:29837974:29840274	-0.0407406494350544	0.131279642280374	-0.0348626738115707	0.101967644638313	-0.0165344189808662	0.213773660465261	-0.0418722263773848
chr22:29837976:29840276	-0.0182267913635391	0.113344582579669	-0.0287928842113338	0.0775225144286124	0.0944830421873674	0.203364949113228	-0.0359087958901094
chr22:29837982:29840282	-0.0700139903215961	0.1501127118373	-0.036224408167645	0.00080861988394207	0.0948968435524665	0.198101696579375	-0.0869617748525736
chr22:29838004:29840304	0.00534383714189105	0.106579849523746	-0.0319788729611742	0.00219533045630744	0.0170027851238996	0.133077944874767	-0.0763851469966496
chr22:30326601:30328901	0.134296780505407	0.161123173898613	-0.0244920055266412	0.192247561222842	0.141200633358523	0.37238172130734	0.0524391802502159
chr22:30423767:30426067	-0.0933788840323084	0.135690936001527	0.234183972863894	0.181240262311968	0.217496755382718	0.338374984269384	0.387773582372901
chr22:30423774:30426074	-0.107299420342571	0.147540703652683	0.270887998419124	0.217148083172768	0.218785750498799	0.350025756912432	0.407412229879468
chr22:30423775:30426075	-0.141409590137008	0.294918326610702	0.265063247585852	0.193055315561148	0.18465895338952	0.349840987592917	0.398630264831023
chr22:30423779:30426079	-0.130787802549353	0.126937590423202	0.250228577355371	0.283055172166523	0.191742576853499	0.353780254606396	0.461553382970651
chr22:30423816:30426116	-0.172550692000807	0.17769738895676	0.239129034641755	0.197440219971087	0.172300638697052	0.344415328938261	0.403522635172018
chr22:31107228:31109528	0.231674975101359	0.219204409773963	0.278917329615414	0.353746578032437	0.110119944052446	0.28769580908366	0.248114203122995
chr22:31107233:31109533	0.30082068347749	0.183890742155545	0.278525270430185	0.366317067132637	0.143542308700467	0.310736661481995	0.276485017774446
chr22:31107241:31109541	0.293449506134149	0.143183072958658	0.235252831262271	0.38996117121688	0.266302067046485	0.246601162772476	0.218595360445537
chr22:31107253:31109553	0.269866292335895	0.239864035318057	0.246690035581274	0.464851016965587	0.106534926882038	0.34292118668185	0.179699482143816
chr22:31107256:31109556	0.32069671550642	0.236125762555264	0.234550138765657	0.40088848616598	0.0635657236722754	0.333629161382575	0.186371300170763
chr22:37019147:37021447	0.223542667976944	0.227394813611639	0.433385520146344	0.206978160693229	0.36367754006026	0.464498799261248	0.267050843233352
chr22:37022192:37024492	0.055856072818825	0.487053038605858	0.000227300703566615	-0.030275959282904	0.00817885290529009	0.03281584637127	-0.049294949146076
chr22:37805904:37808204	0.00555052777085273	-0.0129140805518458	0.100728790717915	0.181841932019158	0.0527467673309257	0.0176900882458153	0.0197450963640733
chr22:37805911:37808211	0.0519733827632237	0.0310591474769193	0.104564944509726	0.101277992175249	0.0722798523974625	0.0094635457332263	0.13574472581481
chr22:37805915:37808215	0.0497088671069959	0.0105930563188134	0.0819439602887433	0.0304720442994487	0.031041739549136	-0.0137420322026891	0.0938718725576404
chr22:37805922:37808222	0.0625862395537972	0.0496153991477149	0.0746876591364144	0.079660689659064	0.0477318369371397	-0.0494848011215475	0.0901624658080433
chr22:37805933:37808233	0.0227626931269071	0.0571038711294399	0.145943930406392	0.0780730849575119	0.0434611050050703	-0.0751030785743329	0.0871050593962207
chr22:37805937:37808237	0.0210338515421039	0.0288436202767805	0.126012957516455	0.00189714346012156	0.0236718090845024	-0.0787706972605533	0.051986987654821
chr22:37806013:37808313	-0.0372448380877601	-0.00560220903885588	0.133238226014299	-0.0514212547878583	0.0526484526789359	-0.0658175921016664	0.0403340681935644
chr22:37923846:37926146	0.0239367981469683	0.0204134303223037	0.015554325297101	0.0483399220102843	0.00973533855269556	-0.209173866636608	0.0107332751334557
chr22:37930594:37932894	0.23178740118075	0.0136335654577063	0.0811978191471998	-0.0607091521196218	0.108659162334959	-0.11384233800797	0.0712600038157542
chr22:38245792:38248092	0.182886520708493	0.125185541105516	0.0296732206820522	0.0108756895787272	0.0247567586782249	-0.10121167624818	0.0884340771922682
chr22:38272638:38274938	-0.0258613576853585	0.0463621846316254	-0.0467908454658684	-0.039579020294545	0.171008995680282	0.538717540445093	0.154568228801409
chr22:38272705:38275005	-0.0234398276006059	0.000374794518295187	-0.116971717698353	-0.0658832174761394	0.156933973064041	0.390750462290209	-0.0591304070835837
chr22:38272710:38275010	-0.0259187202579365	0.00820640986689776	-0.108190976145324	-0.0368255811401466	0.131870091125663	0.431648695448315	-0.0905387414555982
chr22:39347924:39350224	-0.0357124795364487	0.0886533821873947	0.197146717624795	0.114909449309922	0.00227593948805414	0.160095477940901	-0.0819287932015197
chr22:39347948:39350248	-0.0235311380993585	0.0797327338335109	0.202762966274896	-0.00409837950075042	-0.112628926243803	0.0963014120685196	-0.136381185569276
chr22:39347986:39350286	-0.0731285171726186	0.225473196413287	0.186636306551846	-0.0173314252197506	-0.07244672369402	0.20500575714546	-0.169822267531186
chr22:39347990:39350290	-0.0141312288721557	0.144509908144707	0.224046650550136	-0.0430097162014668	-0.106101129148775	0.160990041540943	-0.109811819469634
chr22:39348005:39350305	0.00137050729976551	0.181528253638764	0.193948689948571	0.0528205805925901	-0.0219295618068673	0.238808200663553	-0.19189748953927
chr22:39397777:39400077	-0.0388135515059372	0.0162859488445394	-0.0233231412512612	-0.0770528421264744	0.00060005536641527	0.0976545217980064	0.35091923165358
chr22:39397779:39400079	0.0121911111959995	0.0387308386961807	-0.104479020953412	-0.0249713749991262	-0.00681501690841361	0.0968664277075633	0.179791657027269
chr22:39397783:39400083	0.0561685137960766	-0.0162772711137238	-0.0544418331848763	-0.029280497138003	-0.0101553784102797	0.0279934121534379	0.284808464999115
chr22:39412729:39415029	0.184359719254818	0.0732562694793549	0.0921775876479714	-0.102394180845212	-0.0798142950197928	-0.0921456553015197	0.115179306751346
chr22:39419734:39422034	0.0229811683991433	0.0934382717879301	0.0462373333876226	-0.0765050454781063	0.104070551523797	-0.0787450914380617	0.0404629003154754
chr22:39500251:39502551	0.0631772815680471	0.31801973972099	0.468270549226362	0.182323177417228	0.223947945710732	0.533203743402179	0.120302559781689
chr22:39500255:39502555	0.0319572122308228	0.37753601931623	0.404022086583936	0.146391605044959	0.259097229012426	0.496171491580808	0.172119357764015
chr22:39500289:39502589	0.0071219712505519	0.38049122467257	0.492019612655339	0.0664796026054497	0.166385548868715	0.568829825086093	0.167158610466268
chr22:39500301:39502601	0.0719875497987305	0.372377692848807	0.505110701500625	0.0644956457109944	0.239392569988244	0.501636129815269	0.0832469344116909
chr22:39500354:39502654	0.0903316743892903	0.311900639531007	0.521263325287931	0.0822438644031433	0.201743906460733	0.492587792849831	-0.0424395569069958
chr22:39500376:39502676	0.180100387344145	0.37548211957716	0.508007885818109	0.191517993475181	0.241760378462702	0.609249542591174	0.133417078260964
chr22:39500394:39502694	0.252436059629072	0.312972540227927	0.469056793831452	0.1480464325857	0.131995713097013	0.543086705417466	0.068673545402984
chr22:39500396:39502696	0.199877239798284	0.266935758862295	0.383697452935526	0.237666960311047	0.140240835245434	0.596669433755663	-0.00799627225998843
chr22:39532432:39534732	-0.0720255506697156	0.0312224531521571	0.0862905911293549	0.176483346648111	0.198371392353537	0.210467330399271	0.0496558682895533
chr22:39532438:39534738	-0.0757393337499661	0.0503471620048644	0.136559090352043	0.174556042319236	0.206953343301143	0.220395397008868	0.0366810404126358
chr22:39532448:39534748	-0.072992618066688	0.151672665578263	0.187577450300007	0.187801699961981	0.31475517442953	0.292797253582229	0.101137213108984
chr22:39532460:39534760	-0.0542577921272022	0.156031949319343	0.190875728414163	0.160699393648343	0.302006388568857	0.312764811465396	0.11157092473682
chr22:39532461:39534761	-0.0798160452497932	0.187910928864393	0.146731198279112	0.238936866380978	0.215137867753395	0.30889918462495	0.081968924142281
chr22:41467116:41469416	-0.232554126563415	0.240256924290898	0.117472364586376	-0.162817673507275	0.102397436055015	0.279831728106598	0.181165777881139
chr22:41467129:41469429	-0.184319037687579	0.317995001318358	0.105586447448114	-0.114542527857839	0.0881884176539139	0.262490564724982	0.239530144216715
chr22:41467159:41469459	-0.158489623806717	0.266375557695633	0.126685065519101	-0.154957877939688	0.0717893311015805	0.295024281202085	0.278288572538322
chr22:41513765:41516065	-0.0789820481389553	0.189895858202111	0.184910467627745	0.0974171644032891	0.0344368029796062	-0.164033153744595	0.000569500919037406
chr22:42077690:42079990	0.110747779638793	0.0268549484523639	-0.0270448354773267	0.105904984425869	0.0323232935522186	0.149884376455221	0.190161302676688
chr22:42077699:42079999	0.109013036098258	0.0473442778206424	0.0513861034946306	0.0693295772201568	0.0553473772483199	0.192482610733493	0.319388291713213
chr22:43149546:43151846	0.0555173909679331	0.193900481992596	0.084970717298685	0.267694781600463	0.0574843525812438	0.209141601386679	0.0951554662270508
chr22:43149558:43151858	0.0454135827050495	0.194045995481105	0.0547759128864397	0.264394271544259	0.205074021168074	0.187713281265627	0.0382794441376685
chr22:43149572:43151872	-0.0562825505189509	0.112603340951685	0.06564678947722	0.205408826747779	0.181473026428347	0.263260423457318	0.0771052605745587
chr22:46083996:46086296	0.0453203760658785	-0.0209916747878121	-0.0250258337707179	-0.0753547748975537	0.26536665193604	0.226098528000106	0.0633910442047987
chr22:46084002:46086302	-0.0292995638397179	0.0496957696730685	0.0170074538737971	-0.105703315909028	0.148989057563526	0.216878197899362	0.0192849737398233
chr22:49909788:49912088	0.051957706737001	0.112081949791293	0.0922246524733658	0.133022739264218	0.168952713928647	-0.0192397420360559	0.0569582744575014
chr22:50183914:50186214	0.0328579885418936	0.168788564602626	0.0511104321683791	0.0722512109339141	0.240202057777465	-0.0219715152744567	-0.01898370557432
chr22:50183916:50186216	0.0487518092064137	0.167542772689785	0.0861648696138814	0.0233345960292634	0.243339770960912	-0.034743928315887	-0.0264973756222024
chr22:50183917:50186217	0.0511696824944785	0.118177252142101	0.159645885111745	0.101974807481728	0.240392217859999	0.0126060215136763	-0.0688210376503229
chr22:50280678:50282978	0.121196433751227	-0.157781653276306	0.0377814420269165	0.0776407820653052	0.181317948723937	-0.120983370265411	0.0439650458127411
chr22:50281706:50284006	0.0949868140333779	-0.159562334505771	0.148140947583572	0.276185317500752	-0.0959267940118519	0.119913206923058	0.215747828347324
chr22:50307303:50309603	0.175622382721463	-0.284307880863521	0.123168200565496	-0.0147511687850247	-0.0813438161530907	0.184846965786583	0.0760374180401309
chr22:50307327:50309627	0.207411550514438	-0.188014730309953	0.141928203460742	-0.0246357883040682	-0.0506237712339972	0.146697503879876	0.171922148432106
chr22:50307346:50309646	0.127038199986439	-0.232291406103741	0.0756608096318221	0.0243249115226197	-0.072730317020762	0.114285226340926	0.045901077797575
chr22:50455077:50457377	0.0415395181200033	-0.174539733613857	-0.0124014909681012	0.0773693359472339	0.092951705211512	-0.141800660968494	0.0964232425301619
chr22:50506223:50508523	0.134789671032956	0.169965673862651	0.115642612996311	0.107319361826734	0.12372854023974	0.130622918132985	-0.168406693385167
chr22:50506242:50508542	0.0628641276594422	0.299742366685195	0.135423908719288	0.0198815618241374	0.11213243445771	0.254796626410167	-0.142037120833353
chr22:50506243:50508543	0.0568173238343071	0.28192180335661	0.157707793345911	0.0175655211430841	0.110213925878229	0.23381813195089	-0.119944770452491
chr22:50506244:50508544	0.0352362908946791	0.277902175680484	0.152121426086033	0.025934717470503	0.106556396831847	0.239289762425778	-0.121580982839522
chr22:50506245:50508545	0.0353286964374465	0.279314994544398	0.153607478317986	0.0252986141578905	0.106224594208349	0.239258549251828	-0.120719718339719
chr22:50506258:50508558	0.168557892538439	0.229576328641209	0.00355834177885884	-0.0497136281090718	0.0805568291744323	0.385110596369958	-0.0804530745541571
chr22:50506259:50508559	0.201647040333531	0.260877052808121	0.0798220842616052	-0.0456432968399853	0.0618471841102382	0.283673290340802	-0.110794350106058
chr22:50506866:50509166	0.084493876178911	0.17031843041227	0.192891854071817	-4.62502700672934e-05	0.016495324643459	0.343503184068602	0.19938703951532
chr22:50506950:50509250	0.104579846400923	0.250495602912326	0.225891800841922	0.023502155051901	-0.0420146491799178	0.191970009071024	0.18876553283234
chr22:50507384:50509684	-0.0420304995134515	0.284933673572757	0.121564963233562	0.0694461493358925	-0.0883604929911981	0.209885059305286	0.0400863312544259
chr22:50507402:50509702	-0.0771141959538953	0.229870246149194	0.080337352585215	-0.011846038894716	-0.281112990593827	0.0966084000463582	0.0410717912473451
chr22:50525304:50527604	0.134756351832988	-0.0347644319915125	0.0841583775595161	0.260153611071177	0.00186661898415082	0.324561310413979	0.375799612199005
chr22:50525306:50527606	0.171341639488547	0.0222952996929479	0.0897795042701329	0.234347746497738	-0.0283063566869706	0.329166286563933	0.420803866571808
chr22:50529690:50531990	0.0931104753966791	0.188464394541193	0.280758528825891	0.0230862627758129	0.233931134475781	-0.0286415312917271	0.153782538504819
chr22:50529696:50531996	0.0307935406822431	0.175068522983873	0.273622711196588	0.0610984444142751	0.241615606156472	0.00507729422683078	0.142035882055345
chr22:50529711:50532011	0.012780173964732	0.148921312642469	0.301082675026475	0.0400130294862932	0.17096855288415	0.0257772002827136	0.206554160271279
chr22:50529712:50532012	0.0414093900031528	0.174276100751806	0.223525666430072	0.0234317549459013	0.126369028346014	0.030590189996278	0.190130588128147
chr22:50529718:50532018	0.0453199737176279	0.154804878300744	0.186389689526394	0.0299418046218899	0.140304933677535	0.0155740397903146	0.0868557801296479
chr22:50529732:50532032	-0.0015218395328223	0.0986378180666317	0.242320362887843	0.0355960880539566	0.196979536826802	-0.0109254112646896	0.22787174411439
chr22:50582520:50584820	0.131890625500445	-0.21301236583628	0.147349417497902	-0.0381982855318667	0.0640739462854607	0.200945796939497	0.0415182500860372
chr22:50582524:50584824	0.179662060001513	-0.168378253663141	0.172238606891335	-0.0279442559706007	0.111923520012106	0.173823057554819	0.0133962342845063
chr22:50582545:50584845	-0.0405371038904237	-0.199021970722907	0.104064308892139	0.0186775620076887	0.134293015333988	0.198239820575516	0.0169396015288439
chr22:50582554:50584854	-0.0771883515539129	-0.146208987270877	0.0959002291711697	-0.0486829792196365	0.107829422593162	0.162683440469586	0.0438512145014954
chr3:111290718:111293018	0.818597324840881	0.204075181807399	-0.0744144683724293	-0.109670528298659	-0.0791123913218658	0.460502647324541	0.050450178360753
chr3:111540149:111542449	0.0191433150587674	0.0280740064682345	0.00474565138436648	0.0260835139608844	0.0228256569094193	-0.0390691143460421	0.0369416579781046
chr3:111540183:111542483	0.0090295017176892	0.0588305904893973	0.0936887622241056	0.125732013764568	0.122646881871814	-0.0379250425024314	0.0472752611946145
chr3:111540192:111542492	0.0304010259172582	0.0602986211116542	0.117308461829776	0.139951735877772	0.0777261439605125	0.0154945849172312	0.053096219325507
chr3:111540196:111542496	-0.0326859077288679	0.0962006440082156	0.0989291442790956	0.191607499991996	0.0427406699389033	-0.0605118808586057	0.0271133568569895
chr3:111565580:111567880	0.100007727347194	0.0727819320749562	0.0405008462319404	0.232840482759839	0.0327004461569028	-0.126990674541701	0.0110831906583217
chr3:119496546:119498846	0.00543741849659353	0.0241388762799114	0.116388338614764	-0.10016942540321	-0.0208094671880645	0.18828463460884	0.151482231817448
chr3:119496551:119498851	0.0310732017602708	0.123425924089651	0.124193804240556	-0.101404318193865	0.0953059304552334	0.223207005694359	0.0877460881793043
chr3:119496566:119498866	0.0844587666836421	0.129998075875323	0.160777482719986	-0.106289583825946	0.0794232684311947	0.233245903433133	0.0869126340914995
chr3:119496574:119498874	0.0370317136973156	0.140171333061753	0.170428708240581	-0.0570131505736166	0.0314276841613234	0.23260126225696	0.0967750815872409
chr3:119496580:119498880	0.0734588458525476	0.138940384876768	0.171394953105623	-0.0103349841258453	0.0109376882069541	0.231486870187531	0.0971428456765828
chr3:119496582:119498882	0.151530014099079	0.103245484338274	0.121278592329901	-0.0118011796853049	-0.0153290334649005	0.215404475191207	0.143471124282522
chr3:119496816:119499116	0.161046947532924	0.0142764530009942	0.0971259962175668	0.0268161258208621	0.0636158022348394	0.207912700793262	0.15124136107663
chr3:123701157:123703457	0.122376063576695	0.159771587080393	-0.00423553410614291	0.151670404552611	-0.0167361910617195	-0.113496209020475	-0.0199917329563004
chr3:126109988:126112288	0.446002806774216	0.318503885961107	0.0751132638227283	-0.0291024600475046	-0.053997501166696	-0.359168546622333	-0.0976183114929744
chr3:126180229:126182529	0.246329610931405	0.288858390315728	-0.0762312128580187	0.123199346340987	0.0864074987799517	0.53276498482085	0.190912649763741
chr3:126180275:126182575	0.241768503273815	0.170501219615128	-0.101971917753234	0.0662764962735411	0.0771519440849378	0.472313748959581	0.232357979572142
chr3:126180286:126182586	0.243899048089315	0.260908611697322	-0.0721359887356891	-0.0128614942661621	0.0473026933630738	0.433993811724604	0.0740238728055723
chr3:126702239:126704539	0.16857620067588	-0.00268584038427053	0.0586780382788668	0.083680409783515	0.0172690996871337	0.0577206723242505	-0.0159988035928919
chr3:126702240:126704540	0.171273142820167	-0.00617548249779519	0.0498899351176492	0.116285806666557	-0.0170026823238064	-0.0337573754962126	0.042830145890541
chr3:126702242:126704542	0.187658882587321	-0.0797459409982623	0.0302791645411069	0.132959885158643	0.00854897511497721	0.0472642161973286	-0.0111414322211168
chr3:127627184:127629484	-0.136646954802465	0.0796328242564125	0.0459945010590504	0.0132781680846851	-0.0494286633740328	-0.0180891778933314	0.188467747888288
chr3:127822885:127825185	0.237286299468692	0.0974492098162979	0.344372130788287	0.186119010790658	0.0731316909118604	0.404053188439476	-0.0126594351933481
chr3:132604863:132607163	0.0506571347119074	0.0326822017004699	0.0529715225031654	0.0220437256979733	-0.0906799596008612	-0.14372474708057	0.0245362463769879
chr3:132659349:132661649	-0.0125362961085389	0.0519483355919173	0.107116332090831	0.136003134682396	0.0711899438695078	0.696205094045289	0.0120966293090398
chr3:132659509:132661809	-0.0827956166593583	0.148545533972294	-0.00952073263540558	0.109960535642898	0.069014597434557	0.259411949159429	0.0707894899644434
chr3:132659544:132661844	-0.0150366929405643	0.161503457445941	0.00266146614062331	0.119027291042669	-0.0470623997252593	0.28720313394264	0.137395533768562
chr3:132659762:132662062	0.00754238331761824	0.0969113370281826	0.249031539471774	0.00819086967541032	0.0110055626256066	0.431560347613542	0.0748360111179914
chr3:132659766:132662066	0.0603551419883369	0.189134316584562	0.134757604084761	0.0373230886789865	-0.023078496079353	0.461321084013342	-0.0537884795804157
chr3:132659782:132662082	0.0128011145316521	0.1601195437625	0.164085960234465	-0.0678385464602953	-0.0194366182392754	0.424671894988634	-0.000399911569491428
chr3:136248339:136250639	-0.0136135806032815	0.156126797736418	0.324472858641292	0.165669785616455	0.334887050582992	0.441915217502631	0.407083035989159
chr3:136248354:136250654	0.155590481327042	0.0984148769541131	0.334921444260351	0.182582592428082	0.413894435275374	0.516672467829465	0.351810744037985
chr3:136248357:136250657	0.145197170265935	0.139482903945196	0.337892500522929	0.178794420464725	0.363251539816362	0.502152341107333	0.390356827491769
chr3:136248358:136250658	0.112793117228847	0.213807949322268	0.309794208987039	0.185353095951673	0.345114909926561	0.536117876906191	0.410856893853174
chr3:136248368:136250668	0.179080002957853	0.146535118779852	0.317137435891857	0.193057133489166	0.414406084067481	0.547528254188427	0.350664781078643
chr3:136248374:136250674	0.151280797508251	0.133013787662817	0.305104530371862	0.119531458817216	0.334183151161357	0.529853816877616	0.427770762961059
chr3:136248390:136250690	0.178279565491053	0.13718631638684	0.263889161533237	0.161947268494002	0.355150562211351	0.582727406191266	0.316914285971649
chr3:139342018:139344318	0.0664623373672696	-0.0358769003853812	0.0597603394844272	0.0730448254670034	0.227506907548371	0.321550066961662	0.163025691930807
chr3:139342021:139344321	0.0975885861862885	0.00274590918982066	0.155038358267365	0.0829551691656671	0.217211848751454	0.414233757156913	0.0900424540392053
chr3:139342026:139344326	0.0868869755226308	0.012437795137945	0.263661966460037	0.0759271008201984	0.268053331608911	0.296744510874607	0.119707631578434
chr3:139342038:139344338	0.110526805687143	-0.00738271123490409	0.145720978106806	0.0320744891597573	0.238657597584844	0.374779555876857	0.161129682787297
chr3:139342040:139344340	0.0839193748884576	0.0304088177936547	0.242386410030377	0.0115679284988403	0.213436844009358	0.350351564204241	0.151082167267085
chr3:139348869:139351169	-0.0610217410520763	0.0976573047057718	0.170709997128881	-0.0281889085938607	-0.113752492542827	-0.0591860266123818	0.0621034390124915
chr3:151812072:151814372	0.291291544239573	0.154279995663161	0.0424723618997086	-0.0376620019178384	0.207052336169223	0.0533849454768692	-0.0957339299670872
chr3:151812115:151814415	0.362798809441619	0.274584230833592	0.188667730024041	-0.0867658012501283	0.110108328011522	0.0537328777419017	-0.0901871504741519
chr3:156288986:156291286	0.0483642890936257	0.122480289535967	-0.245618785097798	-0.00500436578248724	0.0756091240770747	-0.0137699385422098	0.0033568322155986
chr3:156289036:156291336	0.143947118753904	0.244155395872267	-0.227170418404849	0.0624494570789755	0.0839982123340938	0.19732089515092	0.0179370569863184
chr3:156289907:156292207	0.087381801016551	0.0465294290834703	-0.323614538159438	0.166768403599961	0.0481134014207493	0.280816699292749	0.141011422456797
chr3:156289919:156292219	0.0746142548799554	0.154383239714068	-0.24675152227633	0.0995051756193697	0.142802964076145	0.263600249049335	-0.0583950351118308
chr3:156455209:156457509	0.0736377794869269	0.132134048710206	0.0923698113443375	0.0169506207063936	0.024463035433182	-0.217256058718178	0.115889313314591
chr3:170416864:170419164	0.0680517034395196	-0.228666116871791	0.103106995671314	0.11759218731732	-0.0128804221554344	0.0520883846594353	-0.04225146950838
chr3:170416874:170419174	-0.0111091787560786	-0.130102658807671	0.102207661728817	0.0754422730417028	-0.0620046346879639	0.0844685317112149	-0.0849777755184462
chr3:186840703:186843003	0.623331823789288	0.487060353109274	0.440588221142265	0.100434090354884	0.05897275611857	0.890303807073803	0.000625570087873687
chr3:186840709:186843009	0.472960752518445	0.480620893791045	0.44202029846964	0.0860253284829733	0.10968929010889	0.901686160561601	0.0422345388364971
chr3:195872103:195874403	0.0249710009258384	-0.0243144363316571	0.033102043085585	0.0310507487492371	0.0629291581606699	-0.219141521657446	-0.073687150406482
chr3:195888284:195890584	0.192780728043506	0.253855733076666	0.0778014368809449	-0.00148331164334052	0.128776133615022	-0.214118614649408	-0.093289692907365
chr3:195908328:195910628	-0.0551679150449087	0.126620901180893	-0.0260093550546631	-0.127676397214296	0.0467496512043595	0.127794603511549	0.133274101950351
chr3:195908457:195910757	-0.0341522874180161	0.178062410923314	0.00769635693151724	-0.179685541782609	-0.18496238361138	0.0551822037660147	0.108787186706507
chr3:195908464:195910764	-0.000566899813426825	0.265413617494844	-0.0353820810739544	-0.0373353457840165	-0.100795711277321	0.0635514751616974	0.168862684397773
chr3:28239583:28241883	0.116165655058284	0.16251980749978	0.208825606752689	0.0321777277909625	0.123701941194442	0.331868446964186	-0.115834525213635
chr3:28239617:28241917	0.250712847006816	-0.00428632239887539	0.224493452450224	0.0616007218269922	0.199360945493672	0.260391314926033	-0.0703119569500769
chr3:28239618:28241918	0.192042537630156	0.0324838769685808	0.224766925508783	0.085279044718566	0.208798450111632	0.307635092413044	-0.0691033426028446
chr3:28239623:28241923	0.203226571188835	0.0455464916148703	0.195998422159661	0.0633120709004703	0.141417419290236	0.366800824312031	0.0465529365423907
chr3:28261111:28263411	0.0405821684950615	-0.0173764493185655	0.0350903379637464	0.0346110404761873	-0.0562517854663497	-0.0916626310688785	0.148978525448313
chr3:38008464:38010764	0.633837328596154	0.160893706883205	0.0687119233558065	-0.00954483192961392	0.186464810696468	-0.222917668820411	-0.123768775680622
chr3:38009583:38011883	0.799663478483218	-0.0875360059808741	0.0966363837491782	0.050337799832717	0.0346426099355672	-0.1222993313888	0.0329081142992923
chr3:38010122:38012422	0.451692351448476	-0.00504536895700187	0.0333397816427082	0.0119810797977683	-0.0483143273701636	-0.110105848173785	-0.00184144615229198
chr3:38024487:38026787	-0.11526475247679	-0.031993661549848	-0.0574834709344503	0.0556792517629245	-0.253063327763921	0.160692687995755	0.0590524061571049
chr3:38136772:38139072	-0.0745023413035434	-0.0175981916891839	-0.00667667818940295	0.164150573852918	0.0225300858225655	0.165181271886749	-0.0171739022450763
chr3:38136781:38139081	-0.0619498361570442	0.030834127726237	0.0190350546616926	0.157834074675995	0.0514553578722896	0.225320137299444	-0.00272403007346879
chr3:38136792:38139092	-0.0102443929497106	-0.00474210520995235	0.0752622412730752	0.104650470887602	0.0415338948732956	0.101470223407433	-0.00494489528584685
chr3:38136796:38139096	-0.0126875198472329	-0.00275271239386587	0.0772827930630974	0.110607484141253	0.00705299974615981	0.134319041039546	0.0146552847598197
chr3:38136820:38139120	-0.0502051001123319	0.047298272136317	0.0369306263011211	0.0808347752544704	0.0229658723541309	0.189796261073705	-0.0300685565618957
chr3:38136825:38139125	-0.0144083143273737	-0.0108542537763939	0.0566603656544996	0.0754240684281321	0.0164182294676975	0.223745253999693	-0.00736228925155047
chr3:38136827:38139127	-0.0368093209514172	0.0174267983473775	-0.010754645250325	0.111181955232926	0.0249428739373342	0.258879780426795	-0.00607849018548668
chr3:38136837:38139137	-0.000315193070199911	-0.0255445100261439	-0.052608583460629	0.0745868040817865	0.0163573332622266	0.167165320595092	-0.00481642515571365
chr3:43688879:43691179	0.270175422015899	0.16513735333349	0.21785091061346	0.0558607346011055	0.0693522853518584	0.231467502343517	-0.0417417435367579
chr3:43688891:43691191	0.202628939712978	0.00558012372602596	0.288155119975761	0.169742172212015	0.121385291339282	0.357925064389061	0.00178548247566375
chr3:43688892:43691192	0.224174158785945	0.0749315148587667	0.341762484987271	0.148373182752534	0.125884198221661	0.265511653862022	-0.0152912073749845
chr3:43688899:43691199	0.212086450955916	0.0230541887509581	0.302431817431341	0.0987123678856628	0.12325407996026	0.231134035956461	0.0134869474418261
chr3:43688905:43691205	0.173492914727214	-0.0011825514251745	0.237552721083393	0.0974058129992309	0.126982893500352	0.309522248950678	-0.011360192946671
chr3:43688937:43691237	0.126924629936365	0.00908422410508969	0.145578001848079	0.102840662887348	0.119422640544069	0.310608789587372	0.0102498781399064
chr3:43688950:43691250	0.210231261395941	0.0925678840745701	0.130572736792682	0.173871242920796	0.161548557410554	0.383387966514258	0.0319751832239425
chr3:43688968:43691268	0.127755655258334	0.0755959221564351	0.176803730927058	0.151777646957861	0.195096779664694	0.312380036870208	0.107785356740559
chr3:43688971:43691271	0.196870132664282	0.182449463744703	0.148759816542159	0.182718053465068	0.123280094042824	0.359274785469487	0.133710629396105
chr3:43715670:43717970	0.143576996339644	0.238947528437661	0.0820280202449233	-0.0396915388506536	0.207613852647919	-0.105706876101134	-0.0281211613107108
chr3:48439781:48442081	0.0158836575920804	0.0868549346649816	0.0579442713074156	0.0813607698108981	-0.083405438595417	0.145637770370304	0.193141317602915
chr3:48439800:48442100	0.0780522780520059	0.100866253273933	0.0838420450405099	0.030031437744444	0.0183167450091013	0.228011432569747	0.139569775429044
chr3:48439819:48442119	0.0887974219962726	0.075609008982635	0.0564360355832205	0.159086278648439	0.0609544019929303	0.183123041774214	0.126163983329771
chr3:48601125:48603425	0.279741497485258	-0.0745597132702511	0.0460839401643443	0.00706413223693965	0.084796032448676	-0.0390586192439351	-0.00155924778752871
chr3:48603344:48605644	0.0939930499290522	-0.035438383537332	-0.0133925828438986	0.0345791246573087	-0.0406628451521878	-0.026569549279557	0.0963077456339139
chr3:48604486:48606786	-0.0625178577967371	0.0704503152422064	-0.0617773711686342	0.184305708945766	0.119783019315692	-0.0498978100297382	-0.0124734420088056
chr3:48609326:48611626	0.489200825870039	0.296902129969383	0.180091639966287	0.0444257090193344	0.29159713162359	0.582510629488487	0.566718806584649
chr3:48609331:48611631	0.60567702195674	0.317411222301364	0.233210427038828	0.108933158912468	0.32359553207872	0.606828120005738	0.696498146475778
chr3:48609335:48611635	0.55651025115605	0.336984845355753	0.213720850902857	0.07379202283417	0.307027350710201	0.681089300849437	0.638377113426938
chr3:48609336:48611636	0.55651025115605	0.336984845355753	0.213720850902857	0.07379202283417	0.307027350710201	0.681089300849437	0.638377113426938
chr3:48609346:48611646	0.483446370663764	0.26794573298272	0.188544095726959	0.0708849065000048	0.248428837945503	0.623003308801268	0.621804910721068
chr3:48898582:48900882	0.32146666658696	0.123917533442296	0.163011807956635	0.275100019749186	0.418058505604308	0.305312263373194	0.154505515305355
chr3:48898592:48900892	0.263046902707896	0.262324346672038	0.253430014430444	0.477691173692961	0.340281418418326	0.383949716741937	0.159032765822594
chr3:48898604:48900904	0.32313289433819	0.223473390259482	0.294958956529925	0.331613200509978	0.25863971486815	0.343014673758344	0.126571282184232
chr3:49358025:49360325	0.167293926457636	0.129745062890929	0.24024828025226	0.0945148277172311	0.277682113488653	0.479477729155901	0.252816161153445
chr3:49358053:49360353	0.133409545877116	0.205999556928152	0.266055864608705	0.10588801128727	0.383153704427968	0.380726201439311	0.329605545904919
chr3:49358058:49360358	0.0919348528011983	0.181559182760438	0.263837212186605	0.137533380958232	0.22656615562383	0.440874545644487	0.285371138284281
chr3:49929534:49931834	0.0250007986071677	-0.0711717197795179	-0.209725403254122	0.0578981840568118	0.0160076261616686	0.216043718528419	0.150928460176399
chr3:49929587:49931887	0.0824337355507889	0.0422193257468098	-0.103314576074424	0.0886747699600618	-0.00951994623145056	0.25620084655919	0.154583445014309
chr3:49929589:49931889	0.126116558096284	-0.005072564586209	0.0234587176456739	0.0127449970615729	-0.0197524996044527	0.286935566395387	0.161437079702757
chr3:50288926:50291226	-0.0389876019314924	-0.0464636481225028	0.0293141204202301	0.170570264585758	0.198280100260752	-0.0846055310916067	0.0668708795961775
chr3:50288963:50291263	-0.08772845347042	-0.0736553624131083	0.0791476861007729	0.13920518758753	0.193518489026581	-0.13391822848876	0.120326759891108
chr3:50292089:50294389	0.108582808767642	0.225568396499872	-0.0883707474964997	0.0396724788092775	-0.071107147881454	0.307755259441083	0.0311064905208891
chr3:50292120:50294420	0.142682893054671	0.324569477798568	0.0391492181940069	-0.002555246933278	0.0430167418192627	0.393227582561024	-0.0395309871231278
chr3:50292124:50294424	0.147254810625798	0.324374929622429	0.0457451372704544	-0.0456885801352284	0.0378508036418038	0.44984390646145	-0.033497870060418
chr3:50292136:50294436	0.110384999783138	0.245300107069094	0.053714000733546	-0.0331723253534747	-0.0118038094829102	0.372152529296184	-0.217405496784874
chr3:50292295:50294595	0.0585527966195168	0.130431572479299	0.0570792385256466	0.0330260854538628	0.0287432586371004	0.174265525379318	0.00445702863131826
chr3:50298932:50301232	-0.062448101788289	0.0144786567174175	0.00943446108596326	0.090086370797053	-0.0447520582887154	0.220516180163566	-0.189577615928967
chr3:50299101:50301401	0.00545658438232433	-0.055330566565473	0.191887403850251	0.202020409239271	0.0626894551255442	0.219709586457218	-0.228220864049802
chr3:50299105:50301405	-0.027586666132382	-0.0329753203351538	0.117778983786173	0.0909428458727058	0.0030237311090804	0.197037255079461	-0.17082993678865
chr3:51940344:51942644	-0.0548638069264273	-0.018678946960465	0.036679810503986	0.0610280580157734	0.0252480338804966	0.143243742128597	0.0190038682307948
chr3:51940358:51942658	-0.0324296067687281	-0.0215338888373297	0.0161294181259085	0.0855292591517014	-0.00436085653088097	0.162287212990336	0.158572897033207
chr3:51940370:51942670	-0.0511146401113421	-0.0191096675935353	0.0925109639098691	0.123671342918261	0.0305850262924904	0.197828315116636	0.126613895178301
chr3:51941298:51943598	0.0649253784769264	-0.0444842372915204	0.0975668446094031	0.0108487448573211	0.0299548588837473	0.243853904892803	0.00639969228157456
chr3:51941310:51943610	0.0243297256277641	-0.0760453448807425	0.0544234034041234	-0.114967361814296	-0.0229407751915005	0.258701984869065	0.0301367426820466
chr3:51945624:51947924	0.303628505633622	0.0999716752376301	0.0576064160233601	0.0519416311022735	0.0233442197261054	-0.198277262337577	0.0743084841584372
chr3:51973025:51975325	0.234989963164918	-0.0414878243080334	-0.200422647532733	0.109029654518236	0.048548901619484	0.147493560415956	0.0932889783952065
chr3:51973063:51975363	0.254792133160929	0.00866357837301429	-0.251103876833068	0.09276920342074	-0.026594355789559	0.100174069016886	0.17615301095993
chr3:51973101:51975401	0.191130495480649	0.0411299649100099	-0.200544461189368	0.112299798417929	-0.0330510812392593	0.161070438221763	0.172408964190274
chr3:51973102:51975402	0.159582055353035	0.00808439913730062	-0.207062317447777	0.0948544918019316	0.0199088054327664	0.175916803931882	0.151726704384994
chr3:52238858:52241158	0.230421117149105	0.128935756368342	0.26595691404496	0.100038764480793	0.242434178028513	0.326757163992241	0.197359316378808
chr3:52285819:52288119	-0.0140795196682659	0.125774580672872	-0.024346021390831	0.034314801208295	-0.0761147811352454	0.279756516304659	-0.0479146803884934
chr3:52285827:52288127	0.0308517048137301	0.0736968393289622	-0.0473562798487438	0.0724474248050996	-0.0162189099907265	0.22047511007693	-0.0457351453702776
chr3:52285834:52288134	0.0899907448873704	0.0578037894047271	-0.0441613682460661	0.023889813684808	-0.0138133288938064	0.13881578997721	-0.0393615662642767
chr3:52444803:52447103	0.00542103200810582	0.298956400757814	-0.175663326874831	0.135273868799299	0.331110445115115	0.52348693979362	0.131083200599318
chr3:52453603:52455903	-0.0659483855737372	0.0671996141203267	0.0183624138625705	0.00419033590212451	0.0770610484129587	-0.0295902457019397	-0.0441674636063209
chr3:52453616:52455916	-0.0569861896541094	0.0649334118992123	0.0185458657684315	-0.0261349150709139	0.071061378574598	-0.0351832172076737	-0.0342025193639158
chr3:52478138:52480438	-0.0739663724215621	0.0819856409131062	-0.0279599111848061	0.0418646635557833	0.0132731844848001	-0.00876808419723447	0.108919187188071
chr3:52483784:52486084	-0.0408031321782413	0.0927647888814785	0.0905667006266032	0.230635688792724	-0.0155451192525956	-0.034149304763857	0.159060087774713
chr3:52487572:52489872	-0.0462431758094883	0.0560906685057027	0.065041567259617	0.10199411347129	0.0320356157951111	-0.00991524636746615	0.0430616208726926
chr3:53255674:53257974	0.112002527050263	0.171062316362631	0.205384591495566	0.347952171483582	0.37960241620317	0.471608560122105	0.101768987805369
chr3:53255687:53257987	0.205546837325458	0.185434513207473	0.204213629490383	0.409658672174593	0.482098635786164	0.467946250366241	0.107128241397016
chr3:53255700:53258000	0.197802115516792	0.220315873703598	0.25622808029344	0.322772501913267	0.481161444304225	0.432055091719341	0.182486643211006
chr3:53255713:53258013	0.167712455560706	0.18323166444759	0.224577392667941	0.370434596319676	0.558265839759969	0.481495867771988	0.122314335410555
chr3:53255722:53258022	0.0742840287924926	0.229176842778278	0.157202670927592	0.51175840409475	0.422174592178662	0.453697534959345	0.128625996917313
chr3:53255752:53258052	0.145484648402305	0.207307684304338	0.145474641285218	0.508830506262361	0.250988325484078	0.38406960609042	0.174209148411167
chr3:58433514:58435814	-0.0446377379460453	-0.110297643744608	0.108501759841906	0.159918717100987	0.107351630199131	0.605770815123709	0.302955413248477
chr3:58433516:58435816	-0.0595882026444745	-0.0759370658667566	0.123433803230877	0.187412594360528	0.163486752749499	0.586642290909409	0.329758370166087
chr3:58433518:58435818	-0.0691851046701172	-0.0516042561433479	0.125631982518308	0.130368868789217	0.0735182573482606	0.625779098683693	0.449121448854894
chr3:58433520:58435820	0.00285480632523717	-0.00597695223295243	0.157435300306638	0.149023536761207	0.142831189693755	0.590177052721969	0.328025539338897
chr3:58433528:58435828	-0.0327419644027069	0.00169805433361177	0.132274198412498	0.0884233793172621	0.10088150179266	0.595719376146859	0.428618871604028
chr3:58433529:58435829	-0.0212460241921377	0.0397157700715523	0.15490162131318	0.135768206270306	0.0621235095072136	0.660852383675424	0.324326266452121
chr3:58433532:58435832	-0.0366101077716364	-0.0278041319836217	0.175046918411698	0.144217570105328	0.140334636592176	0.628924012674108	0.279372988511503
chr3:58433539:58435839	0.0526931606684357	-0.149435724980368	0.130498183186079	0.0799727005097372	0.0806862709234026	0.683161557257369	0.248570504857534
chr3:64687367:64689667	-0.0630442992754054	0.116863996261396	0.0520270771196285	-0.170759283956959	-0.0377707619553325	0.0930876754963371	-0.0975463892453064
chr3:64687379:64689679	0.0070284205550012	0.177109051636757	0.16027739083486	-0.112669718521467	0.0841051929122864	0.21404283478943	0.10061274005258
chr3:9761425:9763725	0.169180772263208	0.170568226773158	0.0855598716027241	-0.056205637705691	-0.0265365944733614	-0.0636016049340188	0.0188781714532945
chr3:9769647:9771947	-0.0476069316453154	0.240134124011047	0.0629720942101194	-0.0170177079200224	-0.0641793102880914	0.27355682863915	0.106578634545771
chr3:9769661:9771961	-0.068869584252359	0.185411584558231	-0.00131133073796441	-0.110792326519875	-0.0330190880905586	0.39846192856388	0.170798766342815
chr3:9769692:9771992	-0.0915550153959491	0.198921999151637	-0.0589671569495296	-0.0230488210548609	-0.0405739030463571	0.403031025433998	0.0148374999365285
chr3:9878188:9880488	0.0432748753205544	0.461317692967937	0.158752021552729	0.000708905272285421	-0.0862169764520725	0.407681765913181	0.0211782033197789
chr3:9878211:9880511	-0.0553292076053423	0.317280825187689	0.190526324731208	0.0154977849231648	-0.0541124977348847	0.321429202160717	0.0172275290839537
chr3:9878512:9880812	0.0767274812840072	0.123971864424181	0.0335076910378778	0.00309882661400108	0.0436550369645311	0.383770528191315	0.137919290440849
chr3:9878756:9881056	0.0030014013247183	0.230365826204542	0.162991333043709	0.119027054605913	-0.137912989769294	0.525699682289287	0.0941610065861482
chr3:9879951:9882251	0.0830954402350082	0.283734463178178	0.0726495458042699	0.0138068861628677	0.039636312555077	0.384407872126025	0.0804056580166178
chr3:9879954:9882254	0.139379087203562	0.291891005545472	0.0862489802907615	0.0111057078652401	0.000437605585692265	0.394593903013996	0.0628499911509798
chr4:101345779:101348079	-0.145168431247457	0.0626828607532062	-0.0296442327930467	-0.0755610590311869	0.226498249011499	0.155030843553499	0.149634858964608
chr4:101345791:101348091	-0.249746512184233	0.0731842117012822	-0.0561165749706445	0.0675834414301072	0.138799236911764	0.328261255408957	0.14009696637743
chr4:107987828:107990128	0.334846954015473	0.55780546650623	0.379333639363575	0.198012214771691	0.295397877188681	1.29545717709086	0.462732536638999
chr4:107987836:107990136	0.501696436470404	0.319094268660566	0.326779923582023	0.229053223880758	0.278854987143502	1.34420852708781	0.417663375401152
chr4:107987853:107990153	0.383212567638177	0.456560930138984	0.344008585016354	0.208540537708223	0.164989517856468	1.38183787430646	0.402009139260866
chr4:107987854:107990154	0.454923463691005	0.286068414622436	0.277193214986884	0.190486612609743	0.226836768845354	1.43739562794634	0.469889680512793
chr4:107987857:107990157	0.379620473829765	0.453704798752902	0.342071463453953	0.213472606488428	0.13814181906185	1.37690798969175	0.396275432868438
chr4:107987889:107990189	0.322291356459361	0.49368500093631	0.298053797200444	0.202834779934431	0.207768378157162	1.37370732056431	0.458781173540342
chr4:107987895:107990195	0.370875206133751	0.482081185643339	0.305627678608758	0.249447256385343	0.163330383238882	1.36800694516056	0.422552954901641
chr4:107987901:107990201	0.395359211845552	0.409880246716755	0.289730228191471	0.147384426869521	0.320277830354007	1.47888414466387	0.485505371842367
chr4:107987945:107990245	0.305781937163454	0.506619197180949	0.24299515152948	0.222883913874658	0.254571718992443	1.021166169438	0.490319909064857
chr4:107987977:107990277	0.326483098349567	0.440987896086932	0.383799987588731	0.142309302984694	0.378612069446689	1.25993497000738	0.475377761108274
chr4:107988015:107990315	0.325257923823776	0.428159394305556	0.34815445889252	0.311815092342979	0.39810590014737	1.12995427359582	0.562060923577918
chr4:107988052:107990352	0.320952647765648	0.248328772332691	0.278728985472074	0.395594412573588	0.334759017679628	1.04989747382127	0.486906753854792
chr4:108007762:108010062	0.678703749546691	0.721167053966516	0.154926022763398	0.0783947349414876	0.311247665178482	0.134794779022423	0.300532392796552
chr4:108007788:108010088	0.65650230288394	0.737078134234421	0.106187617377542	0.168518251287228	0.308059657301293	0.0463693217781207	0.163196052282573
chr4:108025511:108027811	0.274995023967495	0.742182777417693	0.0370844279849457	0.0538079986077366	0.0607644750312434	-0.127423115893056	0.0655569587546512
chr4:108025618:108027918	0.317978558948144	0.338329322034418	0.0471425825864396	-0.00858811108335346	0.162477370800765	-0.285134469341814	0.0733370324348816
chr4:1287886:1290186	0.0500932260893015	0.119344370935254	0.00773860475661812	0.0375838066513859	0.00897010843253221	0.334733515715152	-0.0988097629918854
chr4:1287889:1290189	0.0482651488284937	0.111866549026242	0.0204839317938617	0.0319703961208209	0.0304828961581942	0.334113569193416	-0.104857185213902
chr4:1287890:1290190	-0.0386760406887557	0.138855538849002	0.0328789644259699	0.0726282528788407	0.0326479496825411	0.282707214758898	-0.0855541563813654
chr4:1287893:1290193	-0.0445185926274046	0.148938156838817	0.0756221592799333	0.0479183927071932	0.0804157120723274	0.247256757842136	-0.0946316125797383
chr4:1287894:1290194	-0.0502318560243333	0.131294537927344	0.0657111847158527	0.0252149942591966	0.0670259049645546	0.321310747552348	-0.0891023392409795
chr4:1287896:1290196	-0.0722043393968755	0.156445846462012	0.112638940736476	0.0464450953380012	0.0757474808189546	0.242890792646055	-0.131445202442732
chr4:1287907:1290207	-0.0515083599839964	0.187910952000454	0.0311807929036918	0.0353845502342821	0.0532021931768216	0.232578279739958	-0.0401749933247559
chr4:1287913:1290213	-0.0628979710473087	0.0927180463363452	0.0632648694715862	0.0312535364854151	0.0703046573795789	0.255301020824563	-0.0227505759499011
chr4:150487460:150489760	0.0122903294367126	0.0637163845231786	0.108139328898733	0.0750319370361865	0.173132535046176	-0.00360463559451656	-0.0445034259554887
chr4:151701218:151703518	0.615054860931293	0.124911015210296	0.0187880881543842	-0.276264303532035	0.0139796149324866	-0.385348823685918	0.156560615692545
chr4:151717031:151719331	0.00213952959664258	0.0173337650871149	-0.00289206151546463	0.00266016450778054	0.00536910323119991	-0.0139906395084514	-0.00504783655262613
chr4:151760630:151762930	0.143720108649842	-0.00859508252198139	0.198529780285223	0.0360804613362201	-0.00944499159246738	0.183958548015751	-0.0309823883214779
chr4:151760653:151762953	0.165747605111888	0.00803189007162711	0.189249021019986	0.0294612454191218	0.0451694056362338	0.220477157943557	-0.0080639960898771
chr4:151760670:151762970	0.202667296343127	0.0641368290211889	0.0801691184972714	0.0364776027658295	-0.0566866648490267	0.211331577297325	-0.0332367654549415
chr4:151760685:151762985	0.167118105136248	0.0810218078922387	0.129273234216595	0.069569694246787	-0.0459376675254714	0.224349871079489	-0.0371511547359164
chr4:151760690:151762990	0.211293718088805	0.0327529907249384	0.105849099424628	0.0225131698416409	-0.0293248460157984	0.21762326104647	-0.0366462231094231
chr4:151760699:151762999	0.155866347305243	0.0662034278206781	0.106324391351988	0.00118009075326682	0.0221971599011364	0.22331620876839	0.0431009600686779
chr4:151760707:151763007	0.18760879366296	0.0293975085732327	0.0449176342264649	-0.0333911178793446	0.0688508788593174	0.221043566187251	-0.0103772952729178
chr4:158670295:158672595	-0.0139247084402497	0.280478396992018	0.110508314366244	0.227166734739405	-0.03298454460706	0.584453314194254	0.525106782470093
chr4:158670306:158672606	0.0469458249293116	0.264095066485937	0.17558527695733	0.308331352532614	0.0894118510707555	0.581349152503019	0.581281052649744
chr4:158670315:158672615	0.0444349060099073	0.257943594313585	0.152874243563551	0.294015222752324	0.10184433882276	0.593490157753222	0.590802538923325
chr4:158670338:158672638	0.0338280927112346	0.249124448453383	0.0367064509472755	0.196849782564636	0.055132277384098	0.473435183116554	0.51721875692358
chr4:174522175:174524475	-0.00193653352086801	0.692409110526869	-0.123647715155383	0.0571080398447284	-0.035762693833456	0.264159861654546	0.125079652857169
chr4:174522187:174524487	0.00763898283950461	0.715655972564392	-0.103153541921672	0.0639623622757331	-0.0514578922911483	0.240454968158286	0.121323330964103
chr4:174522188:174524488	-0.0782312482780864	0.490057290306278	-0.0750230748082113	0.079351147407138	-0.0153182521432328	0.350570026028794	0.0363515162485396
chr4:174522199:174524499	-0.0992862439403968	0.739367366591351	-0.0103889821636674	0.00213754323787048	-0.0228312740131559	0.317555946866441	0.063255249556484
chr4:185141265:185143565	0.231379801415015	0.220070903694665	0.188536428468911	0.15074585419551	0.0933442899579414	0.0232842133021127	0.295444628112002
chr4:185141277:185143577	0.139845397423132	0.316229094321306	0.251719998761887	0.102710332012816	0.0483428721051782	0.0221632094900558	0.252848964661589
chr4:1986260:1988560	-0.0176052385369009	0.00142771789885148	-0.0181879551512658	0.0829374413520899	-0.0854838063392421	-0.152830716781965	0.056817095156345
chr4:2008535:2010835	0.0674461104215796	0.0169659095926968	0.162394478841029	-0.0753491863105657	-0.00948318170418252	0.440491556304294	0.0153538737761157
chr4:2008548:2010848	0.101086432390143	-0.00591986101901894	0.137186091214046	-0.0153163945136994	0.0529067410418918	0.44922636354852	0.0230270932850361
chr4:2008642:2010942	-0.142867614633981	0.0949259782733343	0.164917967294726	0.0465042076681487	0.0196037853207175	0.338812996964379	-0.0537410764962452
chr4:2008672:2010972	-0.128081751747248	0.30084824374664	0.219196425076059	0.0924494871818542	-0.0605822193933469	0.310013986674183	-0.156234954373939
chr4:2008674:2010974	-0.131328753592789	0.195664074170241	0.242112657960238	0.0344854242463661	0.00248909940095142	0.384532575531813	-0.148764882425492
chr4:2008697:2010997	0.0143744962343908	0.192516703049248	0.232569509707631	0.171242457997138	-0.032218123268408	0.34821842682263	-0.0479902349239864
chr4:2933647:2935947	0.0669440097675631	0.129246817763323	0.0711593461169133	0.140532749250656	0.0509947913183101	0.0121612516771652	-0.0794150587783156
chr4:3119399:3121699	0.239553991964452	-0.000652729382836713	-0.00882535014766189	0.00406082258535092	-0.0405117570388882	0.172413654974278	-0.110341470988383
chr4:3138509:3140809	0.28819661524913	0.156464055776516	-0.0562036538440677	0.0831493905268542	0.119610466228935	0.0156403604759024	0.0579283788510007
chr4:3158361:3160661	0.0380936941397379	0.156942558130783	0.0698466849216091	-0.00770493684461167	-0.16699873732323	-0.101172728302577	-0.0379807651787213
chr4:3170907:3173207	0.0355380597870413	0.118433734793976	0.0350082723188408	-0.0389514194007841	0.106876246261488	-0.236321351233715	0.110001743445583
chr4:3176346:3178646	0.25310242737777	0.123002126827595	0.0247565657004215	-0.196354840455886	0.108914362532844	-0.035256471769705	0.0990133611594242
chr4:3197731:3200031	0.275324579990467	0.200923189939401	-0.0342487236975077	0.048312776167924	0.124621274094613	0.00426839510395408	0.0645571934708361
chr4:3226712:3229012	0.0187481931560863	0.153643004464116	0.0159645423619051	0.0432970886616524	0.0135350092196667	-0.14076394744323	-0.0776304688836965
chr4:3532116:3534416	0.2286032428193	0.192687266023204	0.184777421681331	0.215584433189708	0.137814357982561	0.358385850059601	0.136451318384746
chr4:3532120:3534420	0.261186709752111	0.17947206801747	0.23546545720348	0.140155590537794	0.0998775183795407	0.484690381673366	0.136394388254782
chr4:3532122:3534422	0.196291934877219	0.148323651658381	0.197448186720265	0.196491715132192	0.176979068419933	0.433861159973725	0.150899915938033
chr4:3532146:3534446	0.0660576196045617	0.184523889377625	0.242082852438042	0.0466702976250926	0.0498324928480609	0.257563402628275	0.30669765041358
chr4:38025787:38028087	-0.0115961191326716	0.158117769317899	-0.00485342298763315	-0.107694219510452	0.274785827268773	-0.241192994052046	0.200487937283345
chr4:672502:674802	-0.118912634528805	-0.0291216748579501	0.170701400994443	0.193463244064726	0.110903263335413	0.32631233606535	0.0411311821240779
chr4:672541:674841	-0.193627796924472	0.00130308728925453	-0.00828482626479533	0.189123733380914	0.0518963448202071	0.236134949700136	0.0751194281100202
chr4:672559:674859	-0.101675150131634	0.0185241920156688	-0.0134080083788712	0.172953680868856	0.163785578286136	0.247194886563986	0.0753094896693596
chr4:76249699:76251999	0.108126511983966	0.329444181879133	-0.201801424982273	-0.0577366881530497	0.0238315450422611	0.139428193695738	0.0969131688504312
chr4:76249720:76252020	0.0878925762753714	0.138192061465378	-0.144702629660798	0.0979454943021703	0.0308658986611822	0.180618349452073	0.0552136707402014
chr4:76249725:76252025	0.00923367673048132	0.297922941364733	-0.155473912769136	0.0130890576264522	0.0337133336424385	0.142862150288929	0.116592511084074
chr4:76249731:76252031	-0.00762818267609348	0.217300994507556	-0.208895328799115	0.117453594446423	0.0868545035353202	0.159057986034737	0.0610689331614366
chr4:76249732:76252032	0.00862975206181911	0.153860192836492	-0.158677693812061	0.0579905404781582	0.0791949527379325	0.183600955383982	0.0557486100261653
chr4:76261811:76264111	0.00036520176589327	0.0166860483136532	-0.168752699173028	-0.13260076145655	0.118087737173496	-0.110955900889081	0.32365404566065
chr4:76276118:76278418	0.245230965637779	0.30503486187537	-0.0800455899820145	-0.0792158909651647	-0.0937642874637434	-0.0501925520674315	0.0284151753905148
chr4:83533974:83536274	0.0940379828272751	0.228610100388414	0.0672329809195131	-0.0373369910953073	0.0779541437517116	0.0436400112552939	0.0181266975749123
chr4:83534107:83536407	0.0871044824073296	0.309422732881714	0.00838515600442776	0.19255176865093	0.0180989337024104	0.109823655023748	-0.0163985344779754
chr4:8394591:8396891	-0.179506112609443	-0.0599608888810603	0.163878812566997	0.0518152145287959	0.0543956358695031	-0.089891639315824	-0.0685081146610684
chr4:86031131:86033431	-0.0258107764444896	-0.135047764443855	-0.0578779402378453	0.0557110901131105	0.108823834842402	-0.0723203584767307	0.0040458561091936
chr4:86106943:86109243	-0.0604282616358136	-0.0122719193417327	0.109531235720577	0.0626415230256766	-0.0435531840057787	-0.131528679390798	0.0660485191892347
chr4:86159166:86161466	0.0059290368920464	0.0259034233029687	0.0903437017749607	0.0188220109390273	-0.0274685954481345	-0.0718573532710675	0.0635644628669635
chr4:86452746:86455046	0.194736096253631	0.02236859164974	0.0708596957296759	-0.1020326338615	0.209118672250025	0.354880402783562	0.0210824605716237
chr4:866862:869162	-0.0681603716831726	0.102420239595956	0.0838666445669984	0.0461831379608876	0.105791696529107	-0.146779563917137	0.0423814379206798
chr4:866918:869218	-0.0359986821746582	-0.00611906112357316	-0.00812868944085417	0.0171707722276889	0.127644743248373	-0.226995178830998	0.014846310252586
chr4:930386:932686	-0.164531604326322	0.0945803547358912	0.0543477196856971	0.0864532642677935	0.328716984178688	0.256380290533222	0.00622476301781374
chr4:930403:932703	-0.0278209495593854	0.103173298831745	0.0526820464861607	0.0828397614778568	0.402435808133171	0.286701583979833	0.0325466726688683
chr4:930425:932725	-0.123196273971753	0.108978818202373	0.0115817249653227	0.0474421026321604	0.196471420996566	0.296463957646329	0.0596701828181598
chr4:930431:932731	-0.0861769512424737	0.0814548831569369	0.00768165289414739	0.0461561757598486	0.188881654910268	0.244263771962984	0.0526270254464591
chr4:930443:932743	0.0744017365930076	0.0953179456107304	0.036860428526926	0.0849067397189764	0.318529429346004	0.30495937350702	0.00320891909210819
chr4:930445:932745	0.0222230762582755	0.0709461674443446	0.0745678315227256	0.132588806332311	0.244645602933391	0.334653894890948	0.0349079334250492
chr4:930459:932759	-0.037098167090991	0.130567914699057	-0.00256085380765376	0.123655815720028	0.237598627853698	0.254992594345213	0.0655815256608273
chr4:930460:932760	0.0571872504700471	0.13221812864792	-0.000905125008443205	0.067565837149013	0.252041451113351	0.249679888728094	0.0419181341082735
chr4:930461:932761	-0.00864352733105147	0.127636628384417	0.0051248547013822	0.100110118605519	0.282257221245946	0.252040495248891	0.0547971929095427
chr4:930464:932764	0.0188309118506872	0.134849444107441	0.0750126972386584	0.071182324564526	0.243401280649351	0.26823270766784	0.0098371920867395
chr4:930471:932771	-0.00675662770296462	0.118581388428558	0.0405338130811962	0.0574664130019144	0.343707304212593	0.294823717418133	-0.00655183684856964
chr4:930474:932774	0.042725735332935	0.144390250129215	0.0188265318672636	0.0687759874679265	0.280491388969135	0.281831018752079	-0.0188902170292799
chr4:930477:932777	-0.0462065799369921	0.153299562382735	0.024207367215883	0.106448371865806	0.236271316907608	0.245267236849059	0.0594669762348213
chr4:930479:932779	0.0158589156481006	0.154427857739618	0.0843675777400397	0.0865777522739241	0.207819719699684	0.267077496036055	0.00689862116558115
chr4:930481:932781	0.0557647470700642	0.146339330360348	0.0189444171444436	0.0868491144979441	0.244242152553505	0.240906398460883	0.0344018704036429
chr4:930486:932786	0.0055237709827923	0.156853663772308	0.0934149745770641	0.0816128189673965	0.196497705414162	0.264013656151966	0.0126796211514856
chr4:930516:932816	0.0104848637622615	0.160474513139844	0.0191563756607848	0.0784457668057283	0.191362129526558	0.201554179727845	0.0431527150177376
chr5:102295984:102298284	0.0875423464095484	0.136132462226197	-0.0169581626110613	0.222406899937837	-0.0015148532113084	0.309842009825295	0.337057055087958
chr5:1076482:1078782	-0.0308637078953869	0.0170880259748564	0.0742391456795458	0.0645037894506299	-0.0799407173945316	-0.104020670306434	0.0683790709749423
chr5:127030258:127032558	0.0302802283081754	-0.0728861975364495	0.0639117355780204	0.0639832237987778	0.156429983496083	0.219520516924943	0.286183950496005
chr5:129092748:129095048	0.141415558538225	0.0981336049832595	0.367329572450685	0.0288330516220831	0.106269217733908	0.605573520982911	0.0686321887727996
chr5:129092750:129095050	0.155197564711971	0.109592978451744	0.324447474793282	0.100992674459338	0.152926428634441	0.693367267964954	0.140519552350662
chr5:132368275:132370575	-0.101645836895981	0.25784275143256	-0.171319757924704	-0.121580414811343	-0.0739530740453627	0.164463767790735	-0.00464833966989014
chr5:132383327:132385627	0.0468665179276357	0.085527684961726	-0.0241766468376701	-0.0276290573997876	0.252338070152225	-0.209843302448828	-0.00909576649571862
chr5:132386910:132389210	-0.0962760739428077	-0.0841396962601053	0.0171931240035618	0.414194924811801	0.153698745174486	-0.0510588073436282	0.00411428789196893
chr5:132386959:132389259	-0.140093881162304	-0.0774161951472262	-0.0297556193102339	0.481517650188493	0.0509830040827718	0.0241650082907501	0.0513420977550796
chr5:132554929:132557229	0.0145371905569571	-0.101334831841176	0.124661162811704	0.223424372314604	0.204781331479216	0.247230777518348	-0.143224272461517
chr5:132554937:132557237	0.0653057735441227	-0.0970368064805033	0.0859936512966645	0.224585235549399	0.201009235397151	0.22836084074312	-0.136741232510711
chr5:132554976:132557276	0.131172129540024	-0.100740134294033	0.141466260870322	0.16687894545564	0.157308325206251	0.0632182912835522	-0.112612669472614
chr5:132554978:132557278	0.0799116854557969	-0.111751833260424	0.187336926466367	0.216111196620963	0.121583158606732	0.17614069524374	-0.057977812168358
chr5:132554980:132557280	0.0692368016208871	-0.0708215339366829	0.204896914037167	0.137434737598763	0.181898582739066	0.176435845997622	-0.166990964530873
chr5:132555141:132557441	0.011008865412359	-0.131008179919541	0.0626428088905283	-0.151299861531209	0.128146171473132	0.092312678806815	-0.00747045808119402
chr5:139042382:139044682	0.0235806839518298	-0.0191299603321529	0.0188353919595516	0.109695472255894	-0.0803925585743669	-0.158419144620568	0.138353693309764
chr5:139197997:139200297	0.239014748259772	0.0967621219165322	0.0504900237478579	0.0369151537611369	0.043458954202924	0.348542430144676	-0.0426816798134146
chr5:139198004:139200304	0.221139281535787	0.112196198010828	0.0940097776145527	0.0700802063048109	0.0963116422068638	0.291165387241055	0.0153448809411609
chr5:139198006:139200306	0.184519000044326	0.154793724504184	0.0343114255688303	0.0737757594256283	0.0930469120233414	0.357060585455987	0.0219812880067784
chr5:139198008:139200308	0.249233673804719	0.0993350548595029	0.0598028815115491	0.0614230410098723	0.126253945661681	0.212268597028427	0.0710211383685648
chr5:139198016:139200316	0.246866787084262	0.116679390550027	0.0442930934649014	0.0185175129289626	0.0910156010100843	0.187057551139215	0.0246531736477218
chr5:139198068:139200368	0.135046297726466	0.0663075086334596	0.0635341168184564	0.0171080167621509	0.0617642911577384	0.0794127144713683	-0.0341467281603071
chr5:139646711:139649011	0.10773969114537	-0.0379075384833202	-0.140941315158684	-0.0104156178395993	0.0890481370270254	0.031661392515909	-0.00898893165630016
chr5:157108744:157111044	0.586769272422181	0.124869517226174	0.0296770888610709	-0.167238744641945	-0.0702558911958898	-0.139877455095099	0.0868279031593172
chr5:157108792:157111092	0.578266329470409	0.122956103032241	0.034805619434656	-0.109468960032398	0.0936236039004132	-0.197975899551473	0.132285478157407
chr5:157108822:157111122	0.517276029626873	0.0189251973189661	0.115211590191664	-0.013813395558663	0.0522962769840623	-0.292924275198648	0.219208823528698
chr5:159098482:159100782	0.321765182217751	-0.0513411921521172	-0.0043284621052619	0.0565317229549991	0.281904176576205	0.564112966716889	-0.00234831806077402
chr5:176388268:176390568	-0.071329231388359	0.187679234097846	0.248711918115008	0.0893333206611862	-0.159065581900417	0.212118050834995	0.0537404409136832
chr5:176388271:176390571	-0.0162864848215815	0.131217329258552	0.223976706724252	0.171805945294409	-0.135752192259343	0.211956698068936	0.104881925344936
chr5:176388275:176390575	-0.0818817985553802	0.207294524757116	0.22150883271819	0.146840804699305	-0.117239055180631	0.24982403982364	0.0951525270086912
chr5:176388287:176390587	-0.00969039843318669	0.151791476973102	0.25596483333251	0.0432806318948603	-0.0918015521078483	0.159547288523079	0.153829577934892
chr5:176388298:176390598	-0.0659408345812729	0.170309993579764	0.222458845800003	-0.0380191234646769	-0.120111339573085	0.100052874750954	0.128190884367581
chr5:177516024:177518324	0.0380733316406653	-0.0411392432083494	-0.0262720910415017	0.0275989431882041	0.108896144399682	0.224639191599017	0.0467878503341039
chr5:177516634:177518934	0.101042726322574	0.189721096552435	0.268816677796383	0.217649736250477	0.224060586690655	0.547039380603916	0.131222718640871
chr5:177516635:177518935	0.115614438557147	0.18499958261974	0.213964413051805	0.247614737251739	0.255178872966019	0.500079829556542	0.175620649014645
chr5:177516645:177518945	0.133754865769502	0.122032562070982	0.20589226754452	0.168957087723536	0.194580914842961	0.48976735661229	0.22418521981777
chr5:177516650:177518950	0.110284180773234	0.131808222644407	0.175706299146083	0.113479799450368	0.261942663554361	0.502055551358346	0.193271754202041
chr5:177516661:177518961	0.121022531789556	0.0734313632476593	0.150658569283747	0.111509471620972	0.224529663489712	0.480620623154854	0.0423567452021652
chr5:177598131:177600431	0.0226818349775818	-0.0425127210012826	0.0285770503290112	0.078508560627415	-0.0446547806002741	0.186080815158968	-0.0845366362409254
chr5:177598161:177600461	0.0207817015441566	-0.0169645114965739	0.08757983843084	0.0737498892580269	0.0124153588962588	0.231446199010864	0.013845741199324
chr5:177598205:177600505	0.00935617319260475	-0.10003151816193	0.06714801843367	0.0813029127907702	0.00871108251906239	0.155966005127301	-0.0911834245911744
chr5:177598229:177600529	0.0216125926796639	0.0759931556758699	0.0439797190391189	0.038801075478569	-0.130961708497912	0.172523111453533	-0.0660038198241105
chr5:178153529:178155829	0.0436003173586631	0.152867578903329	0.168479748684116	0.107745333093024	0.0151232133415696	0.0571972617795349	0.243475436967542
chr5:178153582:178155882	-0.0983767359774628	0.0977272534563605	0.211252945328903	0.107383268665862	0.0298395555233781	0.15889985418197	0.232920569199938
chr5:178153584:178155884	-0.117753935971682	0.186140573188316	0.215386263419908	0.115097992750751	0.0578546594957234	0.275247590528954	0.251921972653288
chr5:178153594:178155894	-0.0377152501205598	0.147974492411256	0.197329597804171	0.0877227630196775	-0.0148623619062218	0.213119959181341	0.241459230899668
chr5:179870108:179872408	0.0917373215812932	0.0653803870283073	0.0935682236028908	-0.0301865526877833	0.0481729711030535	-0.0270175744121679	0.0655507602548252
chr5:179870400:179872700	0.465831517911498	0.0722551828175152	0.17569171268893	-0.0743058266217245	0.00786755187075877	-0.230112542953392	0.1495295897196
chr5:179907521:179909821	0.100075948718221	0.134365360147742	0.115755689994086	0.0520138887145035	0.0393685976765314	0.271672952007025	0.0931306585953223
chr5:179907552:179909852	-0.0183215687796139	0.189800876956095	0.22931897257539	0.00374716228223926	-0.0485187492591461	0.269584600539953	0.0821404733551811
chr5:179907556:179909856	-0.00299744156693066	0.189753633565373	0.231203705489653	0.00767894979633858	-0.0487252505609782	0.259744513730664	0.0801170591242849
chr5:179907559:179909859	-0.0644526802565711	0.177745897708354	0.242769890697428	0.00243375450070438	0.0253986513885911	0.25846472044966	0.0515730489515422
chr5:1799399:1801699	0.1688057350908	0.346423512725272	0.0554035993301898	-0.0842557170490687	0.134102603086197	0.341357726468829	0.313278205660857
chr5:1799414:1801714	0.168921043552178	0.471623737273576	0.0858228668382982	-0.0153086286101863	0.177910753883007	0.49232464032335	0.30256935394212
chr5:1799420:1801720	0.108829263449726	0.36864559745105	0.0709453292913883	0.0090287294791427	0.104800934586373	0.389049652890337	0.345022424957031
chr5:31934151:31936451	-0.0288904684492677	0.122950206507667	0.206151290071033	-0.0217499167837991	0.109525469768732	0.610313392711099	-0.0084339421304366
chr5:32075459:32077759	0.0660836777232057	0.122908688112064	0.0449761997427012	-0.004474436146336	0.196661028764951	-0.240736485021787	-0.0180138588355429
chr5:32096596:32098896	0.159478620910211	0.0696201415914516	0.0825967712958638	0.123077129255247	-0.123110852637368	-0.0879021345645673	-0.0417070467160215
chr5:38443519:38445819	-0.054819355181843	-0.100484587749791	0.0972391789427511	-0.226420683573283	0.0153214611030642	0.126476809266222	-0.0573517990343974
chr5:38443539:38445839	0.0195084380647026	0.0325598093984096	0.22901889974608	0.0158908311889858	-0.0748104567276877	0.192588691590781	-0.0750789984030981
chr5:38443570:38445870	0.107538733849309	0.108047206057554	0.168999766621477	0.0634460940359548	-0.0161760867522119	0.242127837799222	-0.135470745814051
chr5:38443595:38445895	0.0779159435471855	0.143899108540799	0.135174020320935	-0.0257225560793351	-0.116826180565134	0.101342281515353	-0.0461953520970079
chr5:38446255:38448555	0.0619558676843835	0.077751106893501	-0.225598999600086	-0.0849162366629981	-0.0564528541731284	0.538745372034833	0.0579194305469646
chr5:39219263:39221563	0.218677205133527	0.213820934361797	0.111756141267806	0.00160858455692223	0.027250250728901	0.332427548114676	0.0701018081450117
chr5:39219276:39221576	0.0364400785313434	0.447131043971723	0.00693772215528296	-0.0238396616941734	-0.0465390471727038	0.399341306944853	0.0753181708225732
chr5:39219306:39221606	0.148745130841654	0.293006075043788	0.111328548800182	-0.0708692131648149	-0.0920241200441021	0.373624925062491	0.0453145300379668
chr5:43295557:43297857	0.519413088703423	0.199131497510393	0.197731442633325	0.023936949148589	-0.0267092797453318	-0.033196005867546	0.087654876783672
chr5:43313173:43315473	0.138131790793974	0.0197355685681052	0.0827826077736068	0.0616755953367949	0.117515017633587	0.235632550531022	0.0999582145778538
chr5:43313174:43315474	0.136699114487368	-0.0129269984253122	0.086260830432943	0.0652915919364172	0.0939665016714579	0.267095471949522	0.179852857319801
chr5:74766761:74769061	0.0662509696913762	0.0545132412010911	0.144754597392124	0.178150640475931	0.269344365521227	0.448137243607813	0.113351533948068
chr5:74766805:74769105	-0.0209314359038427	0.113587202703987	0.248311387732952	0.175010049663942	0.292242722245061	0.455527869279782	0.0805802856347441
chr5:74766817:74769117	0.0531679266712871	0.094893933062472	0.153206441057846	0.238951676258354	0.35359991600243	0.399606858450645	0.0722433101134762
chr5:74766821:74769121	-0.0360030851858154	0.175936161828033	0.250883543425381	0.189224236658839	0.346438429027788	0.367984900828988	0.0783867614161833
chr5:74766846:74769146	-0.0167348513285376	0.162850972032174	0.28350049372927	0.192380039550406	0.340896683069817	0.355397832260869	0.0531929551531124
chr5:74766847:74769147	-0.0466444561185115	0.142284949572644	0.211877708983964	0.179997703091555	0.267886354976958	0.323636687750591	0.0983988831689045
chr5:75335219:75337519	0.0953972687497655	0.0647500327241307	0.195750844297129	0.0839143125098998	0.069050978178155	0.300994848327016	0.037488119907578
chr5:75335231:75337531	0.000946653387967552	0.00371482342649419	0.104301734604767	0.0702536321063358	0.0101762180357339	0.213935668743817	0.0133123012227151
chr5:75335245:75337545	-0.116402092918797	-0.0378882962719419	0.147734844929841	-0.0553648822218608	-0.0225894897751083	0.150243903740979	-0.00131566965282325
chr5:75352307:75354607	0.575496632001549	0.116744867668555	0.148621146783735	0.0400592961461162	-0.0562833525290538	-0.0716437817205758	-0.0710936109890558
chr5:75353179:75355479	0.509555359018035	0.0434892151675497	0.177337885224287	-0.050680353178689	0.0155251232682206	-0.180651906263758	0.100569749525815
chr5:81231319:81233619	0.253429081836731	0.22258349961993	0.0841438534075037	-0.129098231034351	0.106368642663171	0.598907679064681	0.0591688599056725
chr5:81231321:81233621	0.277706831676138	0.256062264373676	0.0777077445420774	-0.064489398524928	0.119665733040408	0.610548043277662	-0.092599298773244
chr5:81231323:81233623	0.277706831676138	0.256062264373676	0.0777077445420774	-0.064489398524928	0.119665733040408	0.610548043277662	-0.092599298773244
chr5:81231324:81233624	0.291678628960963	0.207748113001332	0.0980961569358311	-0.105144884604094	0.12787977873571	0.606965671494896	-0.0235959121968959
chr5:81231325:81233625	0.23529650478311	0.326967732347204	0.0943444762877079	-0.206240362109171	0.169714158016761	0.598510781668772	0.0171151880254058
chr5:81231338:81233638	0.262916954470813	0.204097818403144	0.0812960233848351	-0.135471321241778	0.121940160699131	0.594643888731622	0.0580118296011136
chr6:128881140:128883440	-0.0225295385937843	0.0104562170533079	0.0343392531334136	0.140852421193136	0.0326681976242398	0.0961320641235273	-0.0843194695264494
chr6:128881196:128883496	-0.0185583854013622	0.00830175655635695	0.0647432378823969	-0.0507777818363838	0.0142207270259929	0.208144885128076	-4.5104238932732e-05
chr6:128881314:128883614	-0.176893236043972	-0.00431517934332475	0.144398013055594	-0.0616682255960216	-0.00979998310532305	0.0732409397320317	-0.0257466889349378
chr6:144148516:144150816	0.24709306888989	0.345815288883121	0.02420111621942	-0.0626947211918168	-0.0783921938867711	0.0115125884815093	0.1192399468796
chr6:159692928:159695228	0.237299289660308	-0.122320013459124	0.231326199147921	0.203376517555875	0.148498301857232	0.178563805533815	-0.103481648349078
chr6:159692934:159695234	0.280572754350342	-0.0740373896597534	0.235234950281061	0.229728644370699	0.140225556608643	0.236888843101662	-0.0952928553833522
chr6:159692941:159695241	0.284390936381029	-0.0525117365927551	0.238603230006156	0.229412317481407	0.158727868903064	0.239922899554327	-0.0783849780391172
chr6:159692944:159695244	0.241367209775087	-0.00856440668523551	0.272137464600487	0.245432820066199	0.0154555997324003	0.190759139364799	-0.0812877942419461
chr6:159692978:159695278	0.154459960493812	-0.123613154905945	0.20239313730331	0.0369850506999869	0.17859660027882	0.148653405868702	-0.0676172421085024
chr6:159760044:159762344	-0.000784529470000195	0.00672898148495009	0.0608175821902451	-0.253043191880358	0.0911890336960952	0.16523116087937	-0.168807461145753
chr6:166342245:166344545	0.199319415730779	0.0950613324263962	0.162558892306557	0.126827404391931	0.393371856505615	0.359249494416472	0.204516399166967
chr6:166342247:166344547	0.171707879311954	0.147475472229465	0.0669608081270563	0.138305005122641	0.402168578277168	0.411365774735613	0.230451977115572
chr6:166342276:166344576	0.179412529046041	0.169411095309666	-0.0307686532723484	0.0815655196245617	0.342819074257537	0.336443948224167	0.19805736123609
chr6:25650200:25652500	0.166350756056299	0.208915330148408	-0.00381161170234153	0.0616846898600872	0.0634228348733356	-0.00829504463188318	0.0350977878643818
chr6:25650214:25652514	0.114683990756217	0.205039101013278	0.0127623604980256	-0.00308568434298385	0.0348912579508104	-0.0622586505735718	0.0242401998416661
chr6:26085280:26087580	0.149498938484831	-0.0554901793954993	-0.0361976114130991	0.104197474432553	-0.08016578184197	0.260075441967656	0.0614912354332458
chr6:26085318:26087618	0.183168728798236	-0.0484466713298275	0.102680314658553	-0.0101636842318666	-0.0244934447036049	0.284544361074399	0.0230267073428686
chr6:26085391:26087691	0.214298019062879	-0.0647679523378517	0.0161985096265186	0.113999331014238	0.0241848524939024	0.34229243224137	-0.0204080828002673
chr6:26085396:26087696	0.155720983002755	-0.0197163853349284	0.0525987801437935	0.0811745339979719	0.0420831458645641	0.357518454660167	-0.0753823876281494
chr6:26085397:26087697	0.241035072017927	-0.0384687589058617	0.0707953975930019	0.0702279056158851	0.0590916180496659	0.303945045699666	-0.0482495401612874
chr6:26085404:26087704	0.239972992248372	-0.0735153461332486	2.34165157365201e-06	0.0278384042837901	0.0475601542069014	0.321300790249439	0.0222460704191291
chr6:26085438:26087738	0.238573371896582	-0.0688628853738172	0.0553257417175709	0.0859707000404149	0.0634875829731913	0.296131557547099	0.0932738588203122
chr6:27131041:27133341	0.00494888681935397	0.114890139240309	0.0135600065388604	-0.0512659225631039	0.113737113536892	-0.0071513437817824	-0.108350790381588
chr6:27146498:27148798	0.0210825708264451	-0.0445742420333072	0.0319648322232535	0.0267235374508513	0.0341950740616755	0.00495360785142631	0.0344339105264062
chr6:27386717:27389017	0.227733896307839	0.279824081250571	0.0492808183147982	0.0409023149543397	-0.0687319943775857	-0.0555677882570213	-0.062415859460996
chr6:27386903:27389203	0.117833545656263	0.282567545604447	0.101858087621827	-0.0243841588457221	0.101580219369271	0.0155687120587066	-0.0051377076852206
chr6:29721339:29723639	0.239628544475352	0.217363691115538	0.142556211041044	0.123309850570271	0.118188680430155	-0.0462673194487271	-0.00247221533507672
chr6:29721391:29723691	0.257886531810341	0.0975685568635279	0.137897263060884	0.140228155547855	0.235090904925987	0.0769425919019171	-0.0234056081197501
chr6:29721426:29723726	0.449303556771615	0.221211113981773	0.202827092658716	0.109139517483915	0.266361692932069	0.106062399375034	0.0451166710816874
chr6:29721433:29723733	0.326142882994088	0.182486966406184	0.221885983395062	0.131961619786074	0.252681695593385	0.130832048288451	-0.0226426585918707
chr6:29721463:29723763	0.294361229307467	0.175997148946411	0.199612981891134	0.0227757082948313	0.239367579149504	0.133974763451574	0.0751785904504576
chr6:29722038:29724338	0.168662741890043	0.155099907001774	0.166844712581739	0.118854840687637	-0.0177930220673432	-0.0478874428368544	0.0874360917001286
chr6:29722416:29724716	0.157301524977934	0.176299405353561	0.00952350736306703	-0.0230270060376824	0.164453235480936	-0.0519691477173552	0.00508544634409583
chr6:29940547:29942847	0.105681818129308	0.465209084235841	0.316906607886514	0.34861609276062	0.338867628895464	0.30789737938727	0.20730130705326
chr6:29940548:29942848	0.116124413763424	0.465067522180728	0.313016707225368	0.345673679524805	0.338457122775817	0.308043389540502	0.203596794280492
chr6:29940551:29942851	0.198356745402408	0.394993305946037	0.278889643787822	0.348496518167679	0.356690761336823	0.405591126569358	0.191500712901921
chr6:29940553:29942853	0.188530664140698	0.436477246335038	0.227292653145447	0.306218120894004	0.351431341023371	0.34913506686367	0.158747946444236
chr6:2997875:3000175	0.485261814415883	0.174235792265494	-0.0370364547753034	0.0539548954664583	0.0264586994504899	0.416372246556701	-0.00961372713682307
chr6:2997893:3000193	0.389554892517759	0.0469211815421402	-0.0382691652017969	0.0382409399401266	-0.0434034573080148	0.143693383284507	-0.0048376809449518
chr6:2997973:3000273	0.333090034300283	0.213188957195414	0.0106315429860869	0.0847532028902475	0.140522548452227	0.27340531570798	-0.136137761792495
chr6:2997988:3000288	0.210567026720179	0.160031836248038	-0.0565889560013061	0.0440384106968785	0.119564682722502	0.143714866826805	-0.0847468833945251
chr6:2998001:3000301	0.199711606118899	0.192925197286076	-0.0393881775059513	0.107997787147066	0.113206845932344	0.134129790803264	-0.118618772054221
chr6:3116710:3119010	0.146089923540988	0.422117478182364	0.0734092434305293	-0.0562826593027193	-0.0310711570867487	0.418580910809916	0.316204710256536
chr6:3116725:3119025	0.116711752677348	0.482476497246354	0.0365342502349984	-0.0785642992249789	0.0784201318884794	0.393750013752033	0.166749835380759
chr6:3116727:3119027	0.113322221246608	0.503047884791344	0.0350999026323753	-0.0727058843867678	0.0646552410987181	0.321379891357714	0.118627581469389
chr6:31270122:31272422	-0.15180988832298	-0.109884224549699	0.17797358127913	0.136006120953194	0.134113505559637	0.274511833872159	-0.0146171851233672
chr6:31271769:31274069	0.262889079192988	0.194459745740973	0.450931837054062	0.257366400926982	0.395969018617119	0.619810381319678	0.713379090818401
chr6:31271771:31274071	0.256508927843965	0.197760655044129	0.450029512657218	0.250971003816067	0.39413993646187	0.620659403771447	0.713962676827882
chr6:31271786:31274086	0.262837345694042	0.239498042980612	0.453187097875687	0.220873271801491	0.391215431861284	0.676453536225989	0.618459758780657
chr6:31271790:31274090	0.270509588326725	0.165476088601106	0.392052742250397	0.300745243984397	0.408480961771141	0.579639959699954	0.678394087275846
chr6:31271805:31274105	0.242248454631733	0.162505306801951	0.371323869671346	0.315410056324508	0.377116225091804	0.579919154290333	0.652286073397365
chr6:31271830:31274130	0.206077284741841	0.246824810721209	0.339912164506534	0.24876542733582	0.224280503794744	0.517077715589202	0.625268767631731
chr6:31356879:31359179	0.129272401786304	0.322997097072152	0.119125106638623	0.26531669464232	0.129067921349956	0.100700967878406	0.391011370970427
chr6:31356888:31359188	0.128632980855737	0.309121146749732	0.067299858584837	0.199935157859264	0.0999802388583592	0.0385931912989188	0.262861571248395
chr6:3157244:3159544	0.331884165582832	0.0474995900540309	0.108064942225547	-0.0253319258955474	0.0351609538787585	0.31980150435436	0.314970128426654
chr6:31992580:31994880	0.157763401734762	-0.150055387505479	-0.0868677626502185	0.0751096626559481	-0.0266733140493641	-0.0208526903688989	0.128530646432757
chr6:32029587:32031887	0.0313931704660898	-0.0415110012573171	-0.0454480134788299	-0.0134765478742467	0.101354872272356	-0.0320316514884117	0.10310020714811
chr6:32952734:32955034	-0.0644635089698684	0.251398645006371	-0.129957238135543	-0.0379062070221842	-0.166496075078976	0.186040810920151	0.0342029747162244
chr6:32952761:32955061	-0.0364079490459302	0.399572118284801	-0.049615392383384	0.0247214053367162	-0.098969108894996	0.26504315050686	0.0864959315163998
chr6:32952797:32955097	0.0406774932288698	-0.0136188540125618	0.0120110549846415	-0.0476142127040701	0.0110329069920704	0.217028482534522	-0.0683069507359392
chr6:32952808:32955108	0.00242731949513118	0.0494194285811351	0.0470067469425894	-0.0356256401863704	-0.104739892207589	0.162076684172276	-0.0617329171680172
chr6:36676709:36679009	0.214602965740412	0.456306433668649	0.26052731065676	0.383382902834564	0.543064750423288	0.974066909228985	0.337104542129101
chr6:36676720:36679020	0.269668770208817	0.52926021132915	0.293543240932881	0.316346929340187	0.594139332204106	0.959183744698027	0.319440917109449
chr6:36676725:36679025	0.312219117359942	0.470242872035808	0.314973857316132	0.311606336175393	0.637038534479666	0.995039568966883	0.302946214846582
chr6:3847372:3849672	-0.066096340183379	0.0477931611329779	-0.0361822436936002	-0.0149081836108129	0.059870717221428	0.174161512714432	0.000275721214542996
chr6:3847385:3849685	-0.0520250797731792	-0.00941682572560292	0.0376919275220417	-0.057187381925955	0.130712440331401	0.190319905398675	0.0265763587899648
chr6:41940285:41942585	0.00468429774965197	0.158349397232644	-0.00187634593376614	0.0265839570951712	0.0145110434899003	0.688572747249895	0.0112174452481788
chr6:41940426:41942726	-0.0269261405801139	0.0969635955076503	-0.00143586705995434	0.0455517302886486	0.254839072293768	0.715746540331548	0.0452834757400443
chr6:41941219:41943519	-0.061801251655049	-0.166830742221374	0.000545992918587234	-0.0694032194078318	-0.00268442726301315	0.314258173119099	0.0177401401547669
chr6:41941455:41943755	-0.0506606234509685	0.0359232385271336	-0.0666897948704102	0.123222678073232	0.0717699768529648	0.289901328884442	0.0292086497797383
chr6:41941466:41943766	-0.017328437585714	0.0575969454950513	-0.102566306258137	0.124359525101318	0.0817915696107593	0.260082893162207	0.0491305080438429
chr6:41941548:41943848	0.0399379100871418	0.145742673751938	-0.0737821354167923	0.0318595621652248	0.0761440678366461	0.251521471459325	0.00271079190969149
chr6:42890521:42892821	-0.0769866036900064	0.115191195256064	-0.117673572243923	0.17952716913304	-0.133842924239306	0.230135163671609	0.0012434772060924
chr6:43229153:43231453	0.0500464718194546	0.0627658998736467	0.156523170169809	0.192633747928631	-0.0188103897379736	0.165270905268694	0.000110795073231142
chr6:43229178:43231478	0.120242589328149	0.0429181078660679	0.237674001472179	0.19584728457399	0.0872503764991981	0.167253226160703	0.0468561809191328
chr6:43229184:43231484	0.0802146921000134	0.0666759110502594	0.233672139573438	0.160908248568602	0.0386231556393117	0.0694916261048932	-0.00562076824444601
chr6:43687491:43689791	0.102814114926907	0.173882673429287	0.136361014708179	-0.04139154065159	0.0484442477474435	0.181682393315442	-0.0100499647300427
chr6:44217504:44219804	-0.0430520695202888	0.28334215912456	-0.0243774192074097	0.0795416544672841	0.0845308090589444	0.509582402171184	0.092934011172036
chr6:44217552:44219852	-0.0740590195987928	0.157629264484216	-0.0484074943753615	0.0814029561746818	0.0989712658956051	0.36941978839604	0.0469182607294094
chr6:44217614:44219914	-0.0523486790584581	0.118560807514988	-0.0189415696489156	-0.0182225576440967	0.157850814568563	0.476065857642604	-4.81552042096751e-05
chr6:44217627:44219927	0.0341114628289534	0.173302627410264	0.0275794364155358	0.0142717134258963	0.228500903907165	0.404011362608267	-0.0434173862370541
chr6:44217629:44219929	-0.0198825665597787	0.159754761915788	0.0383230703444151	-0.0344065665977536	0.225801280815081	0.409101575039101	-0.0522512841927864
chr6:44217635:44219935	-0.0825383410769377	0.102778841638171	0.0597498231907893	-0.0561816798424309	0.174851359428106	0.548797156827635	-0.0678776576557154
chr6:44225138:44227438	0.17146172429641	-0.0602108540031962	-0.027212228750093	0.0989942016330343	0.112527334442865	-0.0855290720002737	0.00115374111574096
chr6:44230055:44232355	-0.0262128682430438	0.0415619754186236	0.02175941191419	0.0888937770423229	-0.0230904808358727	-0.112231001576543	0.11695537194195
chr6:53654972:53657272	-0.0188387581875992	0.064491905639415	-0.000886842992677707	0.110463471297667	0.156079591088467	-0.111692463788623	-0.116897552832813
chr6:53665456:53667756	0.26152519773008	0.291042918564406	-0.057110585580323	-0.158586348541359	-0.0863964161101774	0.475518396786888	-0.0287158323214283
chr6:83430751:83433051	0.144251924649668	0.249025012756827	0.0658725589154997	-0.120146707299809	0.0238786121153198	0.391803106001412	0.127754322794997
chr7:100478869:100481169	-0.175143501633885	0.147860485432607	0.164419835483766	0.140091634414864	0.0662823832845221	0.310322205002955	-0.0826049561032943
chr7:100478914:100481214	-0.210451747985199	0.153273886703281	0.150209518804137	0.173304636894372	0.0587209563172292	0.320521290393827	-0.0509214719838147
chr7:100478932:100481232	-0.256214100553521	0.161187059597921	0.0705799586087414	0.119680262674729	0.0868704792817194	0.194275654317989	-0.0665390058947458
chr7:100893933:100896233	0.0651000105638848	0.161792676737529	0.0971750921645635	0.0254594539964505	-0.000157640520487023	0.661800040118438	0.10366316425729
chr7:100895578:100897878	0.0265374029842031	-0.0227421871205602	-0.21322357964626	-0.0451533011454796	-0.122766076127351	0.411454195242434	0.0706046015845253
chr7:100895586:100897886	0.17484581316334	0.0580882218669952	-0.156258196034122	0.0322906069054419	-0.127892644327782	0.220559646718769	0.0641567944108953
chr7:100895588:100897888	0.113633790368815	-0.00718789511201865	-0.173238217753261	-0.033369091001204	-0.0994162574954357	0.342699146826655	0.0756881540148004
chr7:100895620:100897920	0.0905927113217334	0.0545894048209884	-0.31318131073145	-0.0112149276377079	-0.0916889731396007	0.453270776645352	0.0420715487935954
chr7:101216164:101218464	0.244105210235736	0.280702467144461	0.357349426802611	0.243057768123919	0.478806815873985	0.482627631672265	0.347661017615887
chr7:101216165:101218465	0.254554083757895	0.215630907499588	0.428360287334633	0.29780650170528	0.62812450325009	0.396871461886887	0.402747594859056
chr7:101216180:101218480	0.183301052114424	0.274312860119687	0.373478093508021	0.137674013427757	0.579314439235662	0.453639971269419	0.344364013585268
chr7:1028039:1030339	-0.0797550043616601	-0.137193524619413	0.0921385557624682	-0.0509217723568562	0.0407533541077077	0.0898393693856906	0.00605329186387409
chr7:1028052:1030352	0.0411291621263899	-0.112647474546791	0.0348658675144336	-0.0370905900227588	0.0640895590399363	0.101988938004067	-0.00504211243457789
chr7:1053278:1055578	0.0663129195638243	0.245937655034928	-0.0609661173874778	0.146965788710491	-0.0171469643265039	-0.0464785018219567	-0.0876978994570101
chr7:108177814:108180114	0.237082751840598	0.144186274494344	-0.0816546668363732	0.098845863356484	-0.136901052519379	-0.119938255034895	0.152311548039771
chr7:108209303:108211603	0.484760747719226	0.119487033245353	0.0521501613849581	0.0238040645699156	0.0287087323254011	-0.281743496802802	0.117435881441065
chr7:108239774:108242074	0.400725158377576	-0.0196984489246151	0.146155509998432	-0.0146463112626415	0.0391861152848255	-0.0944970649498106	-0.0498187200849132
chr7:108456021:108458321	0.413132974726247	0.422692290400022	-0.0567628367919453	0.121881008486213	0.0741283095249054	0.239809603778738	0.21825657371493
chr7:108456039:108458339	0.589477530936841	0.415697483421304	-0.0804905194895528	0.183819379346458	-0.0278997704343023	0.210260651667553	0.173918872002218
chr7:108456085:108458385	0.354447527737759	0.343296848229873	-0.15890403472546	0.160482242412239	0.0962642028990047	0.349075061217618	0.23603578083015
chr7:108456097:108458397	0.469148818948034	0.425190350929389	-0.219476019963188	0.136271775516482	0.118472754802371	0.324090951653579	0.212456772319334
chr7:1084875:1087175	0.115939941635247	0.142971918988674	0.011645712653904	-0.0494718699715582	-0.0184503093028388	0.180989897886862	0.00411008347913541
chr7:1137947:1140247	0.0688302567439802	0.189361267685484	-0.0820973439233155	0.0859743366596484	-0.0866858066585598	0.399861117674094	-0.0244678659157992
chr7:1137957:1140257	0.0435060186474964	0.208749041295249	0.022087779236712	-0.0623502580045712	-0.101349811291135	0.303890938819891	0.0200157561991608
chr7:1137960:1140260	0.127222286030122	0.182521463678531	-0.0208330560654212	-0.00403720461458561	-0.117592886704444	0.344286159526512	-0.0639097884024129
chr7:128361329:128363629	-0.0592657989178379	0.178947416435319	0.378715240258212	0.0656423486919942	0.205900751545133	0.31335789869619	0.0105218188906061
chr7:128361381:128363681	-0.198273123744072	0.237233978619628	0.315555371229308	0.0589356348673949	0.134000415853056	0.304358967541034	-0.0765345453234613
chr7:128361385:128363685	-0.182871841560228	0.171342500050623	0.376889507277364	-0.00885482969001091	0.170473578756116	0.3602909191721	-0.0306223215785744
chr7:128405639:128407939	0.278912926225743	0.129031109503698	0.113146563802184	0.114981846095834	0.269369496756256	0.0569976877554801	0.0796913233590069
chr7:128405642:128407942	0.347940679161829	0.139838985022685	0.055275217699676	0.158092298888549	0.285727713634451	0.0671128015432878	0.100360931590428
chr7:128405648:128407948	0.23941440203393	0.153168566064413	0.00158224578073106	0.186348601028811	0.242065532353384	0.0095669969087917	0.0909119450051541
chr7:128409601:128411901	0.0173517362721875	-0.0805261632274607	0.149985030876479	0.0538198980727602	0.170864066530635	0.214702682204779	0.0139317333819949
chr7:128409682:128411982	0.244352520700367	0.0641412579815571	0.102462907983193	-0.0503261925044516	0.108520976244343	0.273538627314731	-0.0237396244290631
chr7:128409686:128411986	0.170178832266429	-0.0226572310028826	0.0513571261487892	-0.00571590056625841	0.139107488331974	0.165170866200321	0.072491423088174
chr7:128453848:128456148	0.671888032805386	-0.211711759131579	0.0419098711366164	0.157489484153558	0.0212710214401743	0.395002177275251	0.029217779830475
chr7:128453877:128456177	0.556293225008107	-0.184759430406303	0.0282399341119552	0.126222037768101	-0.0281124514288618	0.303955395525693	-0.125674896466294
chr7:128453902:128456202	0.671158848042505	-0.208251182286562	0.0723057381473804	0.0968290137844509	-0.0125979630966153	0.240619077561038	-0.0635405255839105
chr7:134458798:134461098	0.240680592816597	0.253326469861934	0.305651847998755	0.0817192521737795	0.443949687567961	0.172889140085741	0.0254224639666948
chr7:134458800:134461100	0.290616952670936	0.235040509664289	0.264318683205647	0.1777079823793	0.415781565328137	0.221956724338129	0.128090531564894
chr7:134458802:134461102	0.267109395128863	0.171675597013289	0.28742939909702	0.138358474214121	0.44440793769537	0.19007468236758	0.021973461103407
chr7:134458829:134461129	0.409527710316676	0.254977650555734	0.274881551004995	0.193540763924751	0.425814729211675	0.179985239906731	0.0502303119616988
chr7:134458830:134461130	0.406524959182885	0.181705653590248	0.322290592079253	0.231602881539732	0.379736764829826	0.212600882271156	0.0271247135842751
chr7:134458834:134461134	0.355974389615016	0.174011150665975	0.218314324582674	0.178275115185008	0.378537075717605	0.168895624548609	-0.0311943440494948
chr7:134458952:134461252	0.20407187976072	0.0392010348695008	0.185276317405066	0.226976010879677	0.267709750710853	0.243257614591805	0.217225683615372
chr7:135146071:135148371	0.0781026131874726	0.205539327041368	0.00497200811775233	-0.165143610044386	0.0633396709025004	0.185519727865402	-0.0924267492132476
chr7:135146194:135148494	0.307497915090088	0.0850415130022025	0.038024224096186	-0.111209855435078	-0.0401042629120138	0.351883051943079	-0.100100927262738
chr7:1472825:1475125	-0.0757071475740867	0.0254015203790482	0.0972969977421965	0.223886997654757	0.103361507874543	-0.0483256377526765	0.0658082610360948
chr7:1472850:1475150	-0.0459173086391941	-0.00862644415671578	0.0888683395384988	0.258462490794847	0.113739494618885	-0.088230654638504	0.156422309742604
chr7:1495912:1498212	0.0991755507569341	-0.117941538171142	0.149685956446275	0.138145836630028	-0.0474014693880054	0.0630793003612751	0.170547297173571
chr7:149871975:149874275	-0.0764154819054521	0.172511980404397	0.0757822280945995	0.0689281317350537	0.302278090867236	0.0449621587985878	0.0598324009942872
chr7:149871986:149874286	-0.0665292181251593	0.150724094625209	0.0122437473934559	0.119027009223961	0.265707305613921	0.149113132882805	0.0215175382648673
chr7:149871992:149874292	-0.0432875939733275	0.152735169609421	0.095603135658141	0.0373745769573787	0.266062740677754	0.0328034502236318	0.0406892697117838
chr7:151057588:151059888	-0.0333397938209377	0.126657268078332	0.171582740945962	0.102043944643471	0.156886873646279	0.188503884429328	0.088858207500743
chr7:151057590:151059890	-0.0259513430137486	0.115599342617914	0.201138814718878	0.122911888376974	0.270879995980553	0.158720478372808	0.0551222807633833
chr7:151068516:151070816	0.0667484568843506	0.0797756392471001	0.0691023471956277	0.259592751994471	-0.0313311186696734	-0.0258499624884642	0.07617628213575
chr7:151077212:151079512	0.115894569843626	0.0464084556404466	0.132146563856119	0.0537834203641643	0.0250476014847521	-0.0311793331681878	0.0146216568288716
chr7:151080490:151082790	0.013167310737856	0.0427117158277967	0.11194919938236	0.0496087955484187	0.136972746381936	0.177500008597121	0.195007383525821
chr7:151080494:151082794	0.0931670946852203	0.0478952492243037	0.12189183005767	0.09579192312746	0.13244373363555	0.223674723243289	0.161014968274619
chr7:151080495:151082795	0.0327195808805854	0.0723181213748971	0.137027118836909	0.107147425526304	0.0564242607401132	0.253374407370971	0.182543630080713
chr7:151080509:151082809	0.0520789997760297	0.0434963972829994	0.0918368293362617	0.0993279567380822	0.0934243647444115	0.168042339345858	0.106860136131847
chr7:151080529:151082829	0.053201589092861	0.00539287137368901	0.148947325560348	0.125336127360179	0.0922536081932554	0.302791834578963	0.163154093459459
chr7:151080542:151082842	0.222824592743254	0.0238025218673961	0.0713866819680863	0.139199632739037	0.0528196946874997	0.36223200220756	0.194984436015264
chr7:151080546:151082846	0.0734466024455111	0.0876355792555037	0.0374490551035212	0.139888455237582	-0.0685622036112164	0.363714113817898	0.158213700781538
chr7:151080562:151082862	0.128904520661849	0.0536062062349713	-0.0469933803575659	0.147693020491402	0.0453533541925571	0.341418012362108	0.182533272120868
chr7:151080566:151082866	0.140879592761333	0.146036478073637	0.00193482047064526	0.140111856369165	0.0191247375929823	0.310524676445722	0.180261493570639
chr7:151115753:151118053	-0.0410965463418025	0.0934507788917841	-0.00958482012679874	-0.00264070892709428	0.117853438746696	-0.219391162713204	-0.0535176246127174
chr7:151116208:151118508	0.139876920771862	0.117310845259537	0.203614160790776	0.0247863590479877	0.173367612050145	-0.0551043864836711	0.0255759541402193
chr7:151116267:151118567	0.196137647213103	0.0334148278129774	0.14933162890707	0.0345861219458376	0.202475300789809	-0.0165759986625537	-0.0893744151709587
chr7:151116293:151118593	0.176059780014543	-0.0473912022463882	0.10500636603235	0.166938851016331	0.0814506211870143	-0.0497900154763048	0.0505829782104228
chr7:151118070:151120370	0.0365728286786492	-0.0284896473233142	-0.00480482678076968	0.152592891567684	0.0198427408291832	-0.0467079669095717	-0.0107405419946036
chr7:155295775:155298075	0.147198996311528	0.0914262691513708	0.128171612114759	0.238828007198727	0.0451956317695374	0.150042543514162	0.0172906188760772
chr7:155295828:155298128	0.0883366382110244	0.00867779431018961	0.115158277692199	0.157618640907527	0.10790180417273	0.212727331763042	-0.0288468442257291
chr7:155295877:155298177	0.12057580825998	-0.0424250644502217	0.0944529163009042	0.0715275220624723	0.0950881796967724	0.281526352076873	-0.0761857720830871
chr7:155295888:155298188	0.0467017087659043	-0.213411422667576	0.122487491854653	0.214043878716526	0.0338596953253107	0.243788865520813	-0.00939442155524872
chr7:155296560:155298860	0.07591649580457	-0.278649859810638	0.123114563050595	0.271869572876702	0.0188120620902534	0.136365134621234	0.0403518012447907
chr7:155299606:155301906	0.374515357363525	0.190210083743831	-0.155953987886938	-0.00285485461850642	-0.0578136704108193	0.232536965758129	-0.0637558419866888
chr7:23488472:23490772	-0.0425533367703355	0.055126064564118	-0.0447223176461258	0.041813809741161	-0.171567901318852	0.170882572283845	0.0799364331502136
chr7:26289894:26292194	0.125274212439878	0.275797190733007	-0.169052033937556	0.0220456888100157	0.0123551169036815	-0.0812782376613602	0.149774097779927
chr7:26289920:26292220	0.141058242826675	0.133974918697401	-0.156063319949484	0.00529074123503419	0.0544744135067166	-0.0935911797958606	0.290312237872621
chr7:26289922:26292222	0.171809365581191	0.0974124664087126	-0.107110853342897	-0.122134853950074	0.0349130772650556	-0.0799054463410724	0.284684047806405
chr7:26290010:26292310	0.119321399505748	0.149595088757012	-0.0525707090137649	-0.0729598792216404	0.039782822561692	-0.137455226532591	0.163682426436904
chr7:26362324:26364624	-0.157240170823784	0.0477356303668248	0.050653607599638	0.0181516627060654	0.0910916760980057	-0.0818795610335632	0.0238568546610898
chr7:27156375:27158675	0.0971484526828416	0.0348094985555425	-0.304405817495871	-0.0278250608176744	0.0199682156272852	0.0982791683743319	0.04757755526208
chr7:44121605:44123905	-0.0247127182234549	0.118866123134204	0.222750664015779	0.0122702261860085	0.055903944611031	0.31097101669027	0.0253005036514264
chr7:44121809:44124109	0.138340273328964	0.129497149180946	-0.0121144251447938	0.0770592946554824	0.00341572303493796	0.261456627490376	-0.0146855779486442
chr7:44121896:44124196	0.000890253514944722	0.13311854559378	0.146937985964576	0.16713833073553	-0.0770478408649474	0.314415296108901	-0.0395637635951284
chr7:44123230:44125530	0.136160385215471	0.0780597237124949	0.154914727300431	0.0272438645465495	0.0859188097500986	0.214626463826676	0.0298370912544955
chr7:44123232:44125532	0.182092988176779	0.16221153208905	0.0193469046284351	0.0419653524439586	0.134144579785156	0.252156689203649	0.0255028937771055
chr7:44123233:44125533	0.171444625078416	0.0705914638091666	0.184470297053838	0.0657458738743625	0.118083432854767	0.206221681227298	-0.024653092349948
chr7:44123237:44125537	0.120703480281994	0.132089430484789	0.126890507567135	0.0515869625255675	0.207076659252393	0.208938048208703	-0.0114993679529476
chr7:44123259:44125559	0.2620439643219	0.083610297699948	0.199308562209471	0.0663111711930641	0.153590390720244	0.247544787583709	-0.0281171197896576
chr7:44123368:44125668	-0.149102221130539	0.0993241979936554	0.119239578657611	0.0325256193482488	0.181040841063147	0.247580124923664	0.00345658391628487
chr7:45108643:45110943	0.103496958135271	0.161988929977988	0.0949144601284707	0.138495816433495	0.0776797254157101	-0.186678209056725	0.0629254922735879
chr7:45111380:45113680	-0.137840612260175	0.120809212826886	0.00135186835714414	0.0738301792792965	0.0416519412792013	0.343165636037941	0.04021514465515
chr7:45111397:45113697	-0.0930953545239776	0.0732880532530772	0.0648952498186335	0.0172544947361574	0.0579027633062805	0.234082334343264	0.106901946939988
chr7:45111406:45113706	-0.163432230111859	0.129829721087405	0.0412147894599094	0.0211112493173685	0.0430474466870629	0.209219996754093	0.0399963045676182
chr7:45111408:45113708	-0.125820578645847	0.0818306451586667	0.0453001363992033	0.0292710466112219	0.0240558074086909	0.217651786325455	0.046735199772083
chr7:45111418:45113718	-0.090272113481018	0.04599842158044	0.0119353492738984	-0.0643608795879547	-0.0838347264887794	0.193485882580144	-0.0488789226323565
chr7:4781322:4783622	0.0761295851008431	0.0615053495719794	0.0167151494888288	0.0176803055741801	0.0772501480379273	-0.0569769787505962	0.0320924754582864
chr7:4781458:4783758	0.152616818869831	0.00842887715079071	0.0327656400951641	0.0440876824517398	0.104088895058248	-0.12406456798096	0.0385279294262847
chr7:4782907:4785207	0.2864751818164	0.00121266422534874	0.115842908991641	0.046961354620004	0.0347232540604647	-0.184012494295218	0.0122006600017309
chr7:4782910:4785210	0.23573209257206	-0.0270599790254372	0.115114404920976	0.0740932100076039	0.0861192402822559	-0.0977677220323334	0.0634634820070278
chr7:4785712:4788012	0.114831005003946	0.0413207640566186	0.202693366897672	-0.0734731576493087	-0.0528343693362857	-0.128538657149126	-0.0301275777788714
chr7:4786225:4788525	0.171013474870823	-0.00836576751134569	-0.0134494624646572	0.0189229593152076	0.00184586717392617	-0.191009127885926	0.074642778561238
chr7:5280929:5283229	-0.149737914968927	0.0626674408748511	0.239826158404096	-0.0622843444282238	-0.0351920801913807	0.150516948807184	-0.00465067563674007
chr7:5280961:5283261	-0.163800670767368	0.101590064474979	0.0785734020879592	-0.112766659737195	0.115864669115035	0.219581186381703	-0.0797279008645787
chr7:5280968:5283268	-0.288476726456325	0.146146848721605	0.156912888553406	-0.112510791822969	0.091762792364453	0.196172685403455	-0.0625800156879458
chr7:66491606:66493906	0.0753583453073843	-0.0327879742856972	-0.0597240989046563	-0.047689652292917	-0.00404620133285561	0.131910733538615	-0.0787178011954763
chr7:66491658:66493958	-0.0369189948276131	-0.100711578581881	-0.0304626145585828	0.0568916692841799	-0.0189599130184209	0.322429406968521	-0.0809516920287199
chr7:66491705:66494005	-0.0554822131552276	-0.0404151969666274	0.0919403215458202	0.0411874912475716	0.0434777002609957	0.240078078726987	-0.124096477237786
chr7:66491715:66494015	-0.0358566720776582	-0.0728926265929959	0.036099076481926	0.178783478863517	0.00798243499917855	0.25448528719962	-0.0851256732903788
chr7:66491785:66494085	-0.0231321673380158	-0.0268607285591501	-0.0592372006666032	0.114891771046289	-0.128965503109179	0.261619565841071	-0.0424598925383449
chr7:726981:729281	-0.105459800361611	-0.000586576125124475	0.0354066647092363	0.16702964287169	0.0445461216196609	-0.050595578740761	0.115343129966961
chr7:727041:729341	-0.110424909596888	0.0664039434054191	-0.00861888378303294	-0.00969740580647795	-0.015310980784671	-0.112191438013417	0.0782527043291413
chr7:73308253:73310553	-0.0061595362943614	0.026490022056511	0.110808673535775	0.0365181183546609	0.0924726525012591	-0.0713376675208359	0.0653919022713504
chr7:73308504:73310804	0.00276251220323636	0.015392708288236	0.0956955290762731	0.0977393197760908	-0.00255997120956608	-0.0709191337873977	0.0329754401780798
chr7:73308506:73310806	0.0199237947726503	0.032539968384703	0.0963710122170902	0.0612264346603781	0.00275755229584623	-0.0328041580153169	0.0732367079477223
chr7:73308516:73310816	0.113108684455324	0.0515600953679169	0.128004028094777	0.0446632893224346	-0.103841842534505	-0.0655954738242242	0.070985047852042
chr7:73308526:73310826	0.098480086597267	0.0595041825730912	0.0427017648145299	0.0825960793466891	-0.0973389133370692	-0.0287640145100368	0.0844347108217443
chr7:74026100:74028400	0.296629841834976	0.193200316193417	0.602074755992057	0.137288703627168	0.176799690204426	0.14369632238061	0.00323917359336503
chr7:74026105:74028405	0.239765638890106	0.218557299396237	0.586736994216116	0.23254436657359	0.192721970046732	0.130313234456771	0.0657182194704857
chr7:74026108:74028408	0.291673781866353	0.201687329081622	0.639959035214164	0.172313276273707	0.199604233957214	0.135055875294786	0.0699377225481684
chr7:74026113:74028413	0.288339302518258	0.232260381681744	0.604503751199629	0.17135754521603	0.23794318561515	0.115381503163338	0.0697009707091568
chr7:74026123:74028423	0.246770049395655	0.149430389566874	0.589017983333041	0.192730296111013	0.228788530275562	0.152726142843411	0.10700265099147
chr7:74026125:74028425	0.289020982645824	0.185738879040663	0.591464564632488	0.182489548806774	0.188875448506702	0.103237987194259	0.117151799279247
chr7:74026128:74028428	0.262662881856521	0.181032971391627	0.574233676590027	0.156300379167944	0.173819128592582	0.112258065415266	0.123740478144914
chr7:74026140:74028440	0.257210939076548	0.182713037458917	0.554046936410503	0.275991671925816	0.219265944064495	0.062565848180993	0.129267900605169
chr7:74026143:74028443	0.293474688475069	0.196023225887708	0.512473934583246	0.166419646574157	0.308248928379004	0.0884503294824443	0.117165499474082
chr7:74026156:74028456	0.303180332920819	0.180273186431276	0.567144424878036	0.167796016842143	0.231201332185015	0.0947373777710854	0.11554974911347
chr7:74026157:74028457	0.25935169347004	0.213451245892399	0.548130515120064	0.209716277154726	0.267506250179292	0.0545853565343284	0.135988461974925
chr7:74026162:74028462	0.278534819565846	0.197612102912021	0.573039889910211	0.167310644943081	0.193094698819255	0.0964043337628924	0.196788883235449
chr7:74026169:74028469	0.267420819582481	0.218631020599775	0.510086388328265	0.0993030513691167	0.306155618884561	0.0994751978907414	0.242001190922778
chr7:74026172:74028472	0.339271121502867	0.123314624101299	0.55042180997925	0.148621676451416	0.273503189558755	0.143329786047822	0.186288220542753
chr7:74026174:74028474	0.275167920912475	0.167561851298369	0.523977635877181	0.137164916006886	0.304325343022341	0.179109791665025	0.11433672112169
chr7:74026175:74028475	0.232533232763084	0.108906768063697	0.571977795460483	0.188158083071425	0.275524198546866	0.116812685390583	0.142498021908996
chr7:75876998:75879298	-0.0375086045179951	0.145945561824081	0.309516678781595	0.0372893101451335	0.00341326052055559	0.270056753893397	0.194652828210023
chr7:75877003:75879303	-0.00625173491021833	0.119702631010158	0.291962369448935	0.0347926122172365	0.108636813850322	0.315629977836897	0.205021422119127
chr7:75877033:75879333	0.0309851600659244	0.241045080992651	0.22304300564801	-0.02551212507126	0.0806669083869279	0.300307258174373	0.140122544389772
chr7:75877139:75879439	-0.0437474423233493	0.0640051698735294	0.12761618451454	0.0290124208543035	0.2402263254372	0.201040685006772	0.0820000364320762
chr7:75877171:75879471	0.0150963594022465	-0.0189016545719151	0.214306251047301	0.0369515356210885	0.119406592370509	0.276307250388852	0.0362441957222743
chr7:75880043:75882343	0.138771115499459	0.0930685337071145	-0.0459767535668925	0.267896771471679	0.0404978215549046	-0.0253566743978492	0.0476130356514086
chr7:75981788:75984088	0.0810729854407255	0.127952669572277	0.118141451264605	-0.164030980026584	-0.056785207946281	-0.144980524068368	-0.0349219132186252
chr7:75987235:75989535	0.551619946628326	0.166405585188846	-0.191329875768018	-0.0457083567217998	0.0602675198866423	-0.175115469724119	-0.00674011480968227
chr7:75987368:75989668	0.426778524917498	0.175866289879603	-0.190222279795246	-0.0633612346767288	0.0458290380514609	-0.260623698369208	-0.0375674889883024
chr7:75987678:75989978	0.603260372688802	0.195652811246439	0.136347002585419	-0.0249889641293976	0.145306087042413	-0.0946777843011345	0.0156476479735923
chr7:75987911:75990211	0.650925529544184	0.0435811423101018	0.037161739797408	-0.103854023138411	0.0572291179716719	-0.222048878061224	-0.0556251619086833
chr7:75988020:75990320	0.369508587930708	0.112921246433393	-0.14824921696196	0.0905664194189989	0.045857581345887	-0.185067555722712	0.0308091949356437
chr7:75988878:75991178	0.359032031973228	0.217111995016365	0.117599094278467	0.0403592348408933	-0.0242987134040387	-0.0696347720806096	0.0885068033157991
chr7:75991982:75994282	0.108066520920176	0.062276196843176	0.139983305696169	-0.0306696560985584	-0.0149913451571992	0.277717116147995	-0.0993521656465136
chr7:75994256:75996556	-0.00676087654360184	-0.165782191871813	0.129776679708277	0.203459410108135	0.179836447187832	0.241098331305488	-0.0241838879629621
chr7:75994274:75996574	0.0188690670616112	-0.080972062775506	0.0990715633979618	0.219346235982809	0.2216091767205	0.190706794855904	-0.00699740749536828
chr7:75994295:75996595	-0.00891788943005124	-0.00441489350046752	-0.0032799851167801	0.306507546994819	0.0652338370238272	0.276147430760871	-0.0405922890037179
chr7:75994316:75996616	0.0481124560601626	0.0372662244451966	0.0255578873493929	0.25009032211351	0.117268270716325	0.254916455956554	-0.0212913588688943
chr7:75994338:75996638	0.0660250342154235	0.0221600669970964	0.0389196863280006	0.339009140103823	0.0667246755210226	0.205628758962441	-0.0293587693804881
chr7:75994356:75996656	0.181435338980627	0.182501247932613	0.128173674188887	0.175552139116728	-0.0170674850014222	0.234170417374419	-0.0362955829052677
chr7:76046084:76048384	0.00833579189435813	0.000781444604303486	0.0433505458949768	0.00222851465687771	0.244605144320189	0.487995643503809	0.237890939630674
chr7:76046105:76048405	0.04056956951111	0.116723933151169	0.0453353644619978	0.0258359422146753	0.373917009690806	0.649565779584634	0.204363890047791
chr7:76046135:76048435	-0.00538897297443147	0.141861826417134	0.0578722530039227	-0.042038021545251	0.21122382564958	0.61014524291573	0.228044101703191
chr7:76046160:76048460	0.017640207642249	0.114213270286446	0.0723186621351604	0.0499475006322629	0.289213322082032	0.521902747847086	0.287233098801712
chr7:761906:764206	-0.0646375941734955	0.0342589703099541	0.0382974507017901	0.0738407667272394	0.0986122616533256	-0.157326012036129	0.172362576953274
chr7:76478509:76480809	0.0998691489800864	-0.0154527177431389	-0.0219566973627903	0.203418750000688	-0.00768006068199342	-0.176039349750046	0.0760088067593295
chr7:92134503:92136803	0.103646849246229	-0.0155160584298209	0.152343093819883	-0.0369998425492577	-0.0436716398059031	0.229064246141714	0.154131215372118
chr7:95596216:95598516	0.753730995452498	0.131683102360772	0.202913524715382	-0.00838391543664222	0.376183207775901	0.239664508203522	0.0265032891350997
chr7:99372674:99374974	0.182977966077852	0.13130169743992	0.188912574360777	0.400849083836916	0.024343099312986	0.0880568275923669	0.147078023964679
chr7:99372706:99375006	0.163248780703534	0.110566847707592	0.332505249243492	0.389356524294624	0.0903500474702441	0.140480443374512	0.105678528082694
chr7:99372728:99375028	0.216836468319389	0.215381613732763	0.426108720852944	0.386735092492717	0.0348254422756922	0.181826288379729	0.136118781372513
chr7:99372729:99375029	0.206526172724447	0.267276380313168	0.368610457674984	0.376216848957206	0.0538853848996989	0.167482992216471	0.150781122794634
chr8:101790634:101792934	0.0921032715743755	0.0783891310064222	0.048561247536804	0.0385452113512191	0.0492201463578198	0.335980497116454	-0.135156740305909
chr8:101790647:101792947	0.0804516271080219	0.191994428763078	0.00427275943653722	0.104359908599813	0.0310803715645889	0.348368324820881	-0.234071768322588
chr8:101790658:101792958	-0.00342036252813818	0.0215829500463957	-0.000264190021790415	0.0501102804899805	0.0585968964584498	0.432779824527268	-0.164594258388261
chr8:101790669:101792969	-0.0179660049317349	0.00964058974784358	0.0333857046970283	0.0431524772836219	0.0345308410293072	0.393633100089886	-0.153083521818009
chr8:101790677:101792977	0.181966804291549	0.141202480668467	0.0558184477161356	0.0907886145529769	0.036129218389921	0.393946402543138	-0.146683532343989
chr8:11800642:11802942	0.0105409307994499	0.234025306108651	0.153199148128002	0.262652372921604	0.363583492374904	0.0447665639331059	0.0153849137051601
chr8:11800738:11803038	0.129365404483358	0.224104223576761	0.171065942694164	0.355860281163414	0.481722703897868	0.0751894927640613	0.0551307648300795
chr8:11800740:11803040	0.106050084678987	0.211802798196382	0.198533213882186	0.45438229776739	0.425094473682156	0.0430257131714039	0.0220867313736553
chr8:11800745:11803045	0.149282983346992	0.140201404107899	0.206257995275101	0.444878781369922	0.446880939865736	-0.00478679143569187	-0.00373392596445234
chr8:11800765:11803065	0.158308494724815	0.188321947888655	0.204484553719016	0.341605526303646	0.470878437343409	-0.020662749109372	0.018285773114026
chr8:11800767:11803067	0.118191258932144	0.148555587779714	0.16925723377462	0.435259097475139	0.437005457318244	0.0253713849473036	0.0145103256346924
chr8:11800783:11803083	0.125077061513787	0.0882379772091581	0.20842711541682	0.321722293818984	0.395694939742646	-0.0364847611598829	0.0213526574183498
chr8:11801011:11803311	0.0914427809776087	-0.134582922011523	0.0766754273980987	0.0686451819192918	0.150364842795842	0.158050830317505	-0.00969181492957347
chr8:11801088:11803388	0.164075610270989	-0.0333962434621041	-0.0134964195224271	0.238694693064545	0.220497145512636	0.0461453151117878	0.0249645333432583
chr8:11801094:11803394	0.111714644434538	-0.034262138808085	-0.018846527801086	0.205712781112736	0.296049443284726	0.0380225268819485	0.0383934505382474
chr8:11828279:11830579	0.177176905423343	0.257127876929406	0.126409620846925	0.0887846674678702	0.0643608364683633	-0.086768940348026	0.0975815421484709
chr8:132321222:132323522	0.183667889145484	0.17081129843693	0.134536750843475	0.00611331508013398	0.0124262637719455	-0.16402588103505	-0.0894600725868104
chr8:132321245:132323545	0.152878170420518	0.103912372689305	0.102708543635753	0.0338663219446535	0.0942316248189301	-0.242895943028101	-0.0998171593891217
chr8:142725722:142728022	0.00969880433665081	0.0304046428103335	0.0260992247275502	-0.0433256626375435	-0.119142590456248	0.319447380684272	0.0983645555305822
chr8:143556337:143558637	0.481188673075573	0.130510201734025	0.169719994376393	0.0359515570362424	0.142255693799109	0.11642489292937	0.0339723256759023
chr8:143556345:143558645	0.382472788353334	0.144117211008674	0.214929043502875	0.0144121087554441	0.137782980842238	0.131271122403979	0.0381131083020297
chr8:143556353:143558653	0.475500632555741	0.152500396104911	0.189184536127828	0.0784424145374271	0.158213757167121	0.164299600269319	0.0934322590958859
chr8:143556370:143558670	0.499632769090716	0.0520940404097099	0.131156836470461	-0.0519409067834303	0.229103974256559	0.134349290891249	-0.0119140190020342
chr8:143559357:143561657	0.390760866093375	0.108898380314645	-0.0122415935409111	-0.0383523087519557	-0.0177865461670956	-0.13287095525499	-0.0442486522051077
chr8:143559729:143562029	0.297222083478676	0.0721180621348595	-0.00453627723235639	0.0233997495252759	-0.0327603728951564	-0.254172787517954	0.0434350887498671
chr8:143572472:143574772	0.695885374306071	0.200841325244172	0.0782813288031407	-0.0750921833710642	-0.0842738994898025	-0.169808042314075	-0.126892217335223
chr8:143577858:143580158	-0.0270733773073853	0.163464625113558	-0.0650964390801596	0.0274317577629987	0.128121121264763	0.238311707400148	-0.0444488237898558
chr8:143577893:143580193	0.0224585741199957	0.216345212975502	0.0262756852689633	-0.0267013841189913	0.121422354924117	0.187543825789775	-0.00873163927489679
chr8:143577918:143580218	0.0741251912819026	0.185193065909144	-0.0100193670745127	-0.079585654627666	0.233576769899818	0.178879894090757	-0.0403464050111989
chr8:143578021:143580321	-0.0113062327550423	0.179642626648157	-0.0223893994453087	-0.117908874778766	0.185778623109667	0.0626940512420796	0.0704654313337903
chr8:143578030:143580330	0.0340310869125811	0.211476976068679	-0.00224957566260262	-0.1174045382652	0.195109880247601	0.111588438873083	-0.103879132759699
chr8:143578039:143580339	0.0425599594356174	0.199899333867744	0.0890193536471472	-0.0858634612274567	0.140690761105832	0.157761009934695	-0.170541422950927
chr8:143578043:143580343	-0.00713847765309482	0.206536503453828	-0.000241966345558574	-0.105730639389082	0.206375239530581	0.160568612298104	-0.12949966002113
chr8:143578349:143580649	0.00574874306815096	0.250372768254573	-0.00518976175445265	0.173256564479916	-0.138171570933758	-0.181950071447116	0.0200090659359633
chr8:143828999:143831299	0.0134095490102238	0.19704627960451	-0.0166069076588146	-0.0925860555496582	0.363743359631568	0.458776685716774	-0.0126289001441688
chr8:143829003:143831303	0.0341513119226644	0.0860502602695893	-0.0409427062747331	-0.00793366766735944	0.345269426530808	0.663971125756746	0.0527413580515858
chr8:143829004:143831304	-0.0423550571385896	0.123596498348033	0.0581111984220149	-0.0785289337652799	0.344724306525651	0.675888942846698	0.032152655528659
chr8:143829015:143831315	0.0314132952422999	0.104346419448201	0.0252225669779418	0.00281267961553332	0.292108052360888	0.66719978705307	0.0288381332960426
chr8:143829019:143831319	0.0186378337568847	0.16929772922418	0.0689507268747529	-0.0219697904113852	0.312914603138974	0.574630770189728	0.0745518131364227
chr8:143829020:143831320	0.0258401502854916	0.118063666494266	0.0917319900576176	-0.0236780761372247	0.365017569243076	0.583818280402068	-0.0060146206097203
chr8:143829038:143831338	0.0218303332558154	0.0180940221753935	0.150055810839698	-0.0999798315328112	0.258322540054563	0.572026608276981	-0.0384960245873759
chr8:143829052:143831352	0.103461585525311	0.045403174599376	0.19862230737793	-0.114522492173057	0.252308787038271	0.462835211078063	-0.152280770633289
chr8:143986122:143988422	0.0649620194476432	0.164178746773258	0.0464544448425145	0.102227597929101	-0.0670017102340113	-0.10015877281659	-0.03350734387137
chr8:143986130:143988430	0.107216584682891	0.182027517313133	0.0168030875917013	0.0654151335491045	-0.0590709761706059	-0.0849676111212458	-0.00580599762715414
chr8:143986146:143988446	0.199295380435392	0.166491267238463	0.0332902688862768	0.0946777025654227	-0.0165051518124179	-0.0997852941066048	-0.0232978042475189
chr8:143986154:143988454	0.23226255891738	0.166405870107717	0.0382536232771635	0.0573433666927777	0.0772266758027532	-0.143358223905512	-0.0123167747036428
chr8:143986160:143988460	0.25559787573032	0.183802978980303	0.0094140915349051	0.0748169455100032	0.0416528475847791	-0.116062962835179	0.0221498502632661
chr8:144054353:144056653	0.0594898663582591	0.0403044204543506	0.0233991646952761	-0.0434489873963997	0.147470595261222	-0.254344639747393	0.156449671332145
chr8:144054579:144056879	0.114651262002328	0.065674867171031	0.032067865505991	0.0411221846315459	0.127200268163365	-0.17259865947797	0.228494975304084
chr8:144080589:144082889	0.0482534959735724	0.195271737765693	0.018467499467194	0.0310394437283184	0.0399762912246637	0.319032451561825	0.0422917893182342
chr8:144080591:144082891	0.0456894141922402	0.213660536885278	0.020317036380978	0.034094777300427	0.0136173538473253	0.299905203718588	0.0609434851175625
chr8:144080613:144082913	0.0506964615270525	0.196411917306694	0.117292188429253	0.026839524465599	0.0841733359864762	0.342933502116786	0.0388895211867692
chr8:144080621:144082921	0.0390256208479275	0.150637482650548	0.0664448381977596	0.0574818209449007	0.0385226179882192	0.294945870081898	-0.017800171059591
chr8:144080625:144082925	0.0405428134263322	0.1053097766977	0.15014805218586	-0.00572045773928304	0.0339349168599056	0.348882484475247	-0.0123937959083672
chr8:144080633:144082933	0.0998573818173067	0.0168916095713805	0.137893632991694	0.0446955130662282	0.0479882335491633	0.284336239938204	0.0119874759680219
chr8:144080667:144082967	0.0798596374649208	0.0307354021759089	0.0513775191847044	0.0769006518577206	0.0809682269595727	0.220200122181292	-0.00465316355377009
chr8:144080685:144082985	0.14432887683368	-0.0044230224680975	-0.0403548408638656	0.10395490185944	0.113981496878193	0.335368561954711	0.0946811701770648
chr8:144080687:144082987	0.15383225500896	0.00646447872301119	-0.0612225252850198	0.17259421007682	0.108866284098613	0.239019103195835	0.0697062539313978
chr8:144081214:144083514	0.0227286602020646	0.185639208695077	0.150081598163551	0.184186592253483	0.250723264976907	0.306683015916717	0.109433585787273
chr8:144082792:144085092	-0.00875543101943129	0.231776835474698	0.245990925318431	0.421832560302984	0.0357605777484215	0.184964927594824	0.0446521156748618
chr8:144082851:144085151	-0.0611396981983281	0.137243100152859	0.156760909225164	0.220004498901901	0.116876653613068	0.144527016427758	-0.0284727472455622
chr8:144093038:144095338	0.0981803834854166	0.0103896838163378	-0.0352810846539839	0.0584885962131353	-0.0188516826172106	0.393832086563728	0.0319797148569654
chr8:144093075:144095375	0.0788511609218573	0.0206485517740165	-0.0420144431570389	0.0196094964018548	-0.0909047956464133	0.348095255774533	-0.076758645915945
chr8:144094344:144096644	0.15463776419013	0.164906891954696	0.186283671228662	-0.0952789183939368	0.0872495478728139	0.194624570486925	0.029147918973034
chr8:144289590:144291890	0.0219535460023157	0.0703388369125318	-0.0773852411535747	0.0159166496419955	0.0304073162086255	0.306845213228492	-0.116380839524592
chr8:144289603:144291903	-0.0100144378589882	0.0592739984301277	0.0452113314260318	-0.00774344959037936	-0.0135641750223187	0.31911728213592	-0.0961922388163922
chr8:144289604:144291904	-0.00955220645679977	0.0610394399236925	-0.00146643901280965	0.0054540016179777	-0.0224175437511922	0.387794588598986	-0.0107126923358111
chr8:144291067:144293367	-0.172237911399297	0.0945270529099727	0.129646735265598	-0.0339286579654356	0.0219573016386125	0.203994030020631	-0.0545186305025461
chr8:144291070:144293370	-0.111222366078431	0.0602315864425385	0.11097371422122	-0.0409308043919583	0.0273656542199419	0.171295972267928	-0.0485660643760303
chr8:144291138:144293438	-0.208818005330201	0.108124736865876	0.0643269586685978	-0.0108140341355334	0.0443051105124775	0.160640031277864	-0.0308005145849985
chr8:144356592:144358892	-0.0646794976216287	0.133729928176453	-0.0800734053465459	-0.0235542659810486	0.0475186526103819	0.249241380569019	-0.0451181123104748
chr8:144356594:144358894	-0.0560160463716187	0.0619844603113814	0.00479731823196905	-0.0762598930843255	0.0225622156219786	0.232058791439407	-0.0259027241661831
chr8:144356595:144358895	-0.0613828274408095	0.154766330076857	-0.0187753791124142	-0.106592904211182	0.136558629315573	0.199537470871363	-0.103894650481802
chr8:144356612:144358912	-0.0703989291411592	0.0681237084808045	-0.122568833595191	-0.116404123885716	0.0567615647743235	0.122851300890528	-0.0200650141188264
chr8:144356989:144359289	-0.00165614321253165	0.0470241521733788	0.0548160476232853	-0.173833336568205	-0.0434014365390652	0.265221207252919	-0.0662693653717827
chr8:144357011:144359311	0.127698751226639	0.15235288232773	0.147571006510823	-0.0771187038448558	-0.0656721489611911	0.335436275093473	0.0506610984879634
chr8:144394416:144396716	0.164253867981303	-0.107196427802285	0.128735795374203	0.0285240762070535	0.0262171352135663	-0.0808060549131996	0.00706864593343119
chr8:144394461:144396761	0.23113681944453	-0.141815488799843	0.0294069540404746	0.062649043427841	0.0233561202935947	-0.0690227276913239	-0.0393932286229102
chr8:144399507:144401807	0.0912268202910332	0.0621122244096288	0.0223900526604809	0.194849962288333	0.104445508676705	-0.0567394449575031	-0.118841151042213
chr8:144400686:144402986	0.0478726976719375	-0.0309537092378296	0.0679648009838221	0.0266859901284684	-0.0641771575084526	-0.0198371353631582	0.0242199913280758
chr8:144494725:144497025	-0.00388435785265238	-0.0270306797167193	0.12815450808715	-0.0629979141394416	-0.0303710769821893	-0.215632263407283	0.0464241422353794
chr8:144499088:144501388	0.286462417892492	0.103093538256928	-0.00678204171160091	-0.165094513765578	0.0230718145930379	0.382536143083526	0.143098292544348
chr8:144502139:144504439	0.177618570478815	-0.0157783097835251	-0.233130244133183	-0.0114889971180525	-0.0013713077797185	-0.0454601699670645	0.056124032516107
chr8:144502220:144504520	0.198064964371657	-0.0135281974674557	0.0141490338402981	0.0358187436885444	0.113515800681534	-0.122171194550225	0.107852082513813
chr8:144850874:144853174	-0.118114456333894	0.155055909442465	0.0928293671820358	0.0271028146838129	-0.00134004847782578	0.328905511697241	0.201017334756364
chr8:18083764:18086064	0.360825415742411	0.415849596270214	0.489703253163925	0.229858007931537	0.179781015949745	0.76494473205054	0.334160432232918
chr8:18083767:18086067	0.359251505210208	0.398326261537548	0.453038594859849	0.303000035582586	0.168388441939872	0.732999007800215	0.362208397391759
chr8:18083773:18086073	0.382447184341689	0.337271704095311	0.456455472299801	0.314890061572516	0.198390011510855	0.749887667368946	0.381016035233251
chr8:18083774:18086074	0.382110177331461	0.333424828391216	0.456026896731659	0.317009947631298	0.184326982729775	0.750803597104747	0.381594378537226
chr8:18083777:18086077	0.439077585249193	0.309956846181204	0.388348628503541	0.335263073752229	0.201109158923514	0.805413432748079	0.434406011394143
chr8:18083778:18086078	0.425365684591297	0.35231652712676	0.457668814072205	0.253175226804799	0.206266395030347	0.801231693813233	0.415215685834509
chr8:18083779:18086079	0.376823569596176	0.415967155593867	0.465623910868952	0.326002049843122	0.172970753641952	0.734043406165718	0.400683057721031
chr8:18083780:18086080	0.479358807701192	0.411813276234908	0.506097441420212	0.222823775249248	0.222267165872448	0.702761600895884	0.368495595638858
chr8:18083788:18086088	0.393124673868284	0.365527408684033	0.459720479195537	0.307352498066787	0.272583195314362	0.799663943675213	0.393678945332448
chr8:18083791:18086091	0.417457826692594	0.464016032209612	0.453457210225887	0.297638659144371	0.252176912878745	0.785616839137967	0.388765784101431
chr8:18083796:18086096	0.39825842414432	0.459234450430959	0.437271719190933	0.271807942908043	0.291275673556085	0.73399261803117	0.368330730012274
chr8:18083800:18086100	0.366335786436486	0.375272751417863	0.367111800962143	0.237933158548762	0.265295793815647	0.80782940103411	0.396332642923589
chr8:18083807:18086107	0.423480330371058	0.427322285664754	0.458866886219208	0.259708063742104	0.170288618014535	0.79921553651343	0.394509169925036
chr8:18083808:18086108	0.43692750712774	0.449213700802752	0.488935766945325	0.234931010949146	0.242256093279772	0.716220718631233	0.293687274319701
chr8:18083814:18086114	0.428784123879986	0.441516771901568	0.486363039141302	0.18025147194795	0.234804222898421	0.768598150214927	0.326153344441679
chr8:18083815:18086115	0.372416990175652	0.416917341145214	0.443161193322503	0.171623996403783	0.210920671665704	0.777025702974573	0.398142084018035
chr8:18083820:18086120	0.460489726064883	0.430867623809902	0.440356910622124	0.145759552310059	0.260889543481837	0.872952680817462	0.385537967603984
chr8:18083823:18086123	0.481380794522884	0.406989178484115	0.50205217158397	0.150032986417961	0.264368859473847	0.836446920605001	0.334801145395432
chr8:18083826:18086126	0.429987993145908	0.385409829154546	0.415472489206617	0.207732924229094	0.17329216301145	0.796981646253371	0.345686599414819
chr8:18083842:18086142	0.397538818868131	0.334187664829219	0.359104439421837	0.281321886535779	0.199933650552969	0.738526094325305	0.333849936267808
chr8:18084502:18086802	0.0317117018940608	0.135235028165999	0.123734604031557	0.128977188642806	0.217186715410594	0.0325247141178563	0.0447679578817635
chr8:18084517:18086817	0.0161082481326193	0.161668842136498	0.128573714798652	0.0701490737895532	0.243422976881046	0.0400944724538229	0.0771351601623713
chr8:18084544:18086844	0.0511168921202711	0.0977130183137144	0.0856305781677816	0.0395205467465808	0.216261193515093	0.040560793197985	0.0430807156555641
chr8:18084551:18086851	0.0230530472806595	0.151958794548425	0.113816742279205	-0.0285929098924471	0.165707703726467	0.0539214764806368	0.0123721327461672
chr8:18084617:18086917	0.00221505755671275	0.0842018750343054	0.113053347099147	0.0527837674664393	0.288906389306939	0.114698685750908	-0.0126451232502701
chr8:18084629:18086929	-0.0112463346191437	0.107250671883785	0.101423952169388	-0.0107105355360238	0.277092153159787	0.0660394066244733	0.0577942319743454
chr8:18084644:18086944	-0.0483905263909477	0.0608086836943436	0.0783116431208026	-0.0262291736160043	0.353275044424546	0.0625239782555902	0.09581102978718
chr8:18084660:18086960	0.0416962585451232	0.0808500320939243	0.0574035006336581	-0.0207883955177286	0.351381343587756	0.141349774624986	0.103651364581077
chr8:18084661:18086961	0.0957831237082234	0.0789805923877198	0.0493380599913141	0.0428682027063859	0.344938383662429	0.0315300878238601	0.066620276754454
chr8:18084671:18086971	-0.00708151261860393	0.0672196570156466	0.099150557919938	0.0213704888193068	0.353305086807198	0.103456980296516	0.075985805139742
chr8:18084680:18086980	-0.00799378952202244	0.0786949685389636	0.024967323997828	0.0360508162437426	0.336922316516221	0.117289168322317	0.0659177676042721
chr8:18084685:18086985	0.0339549434477141	0.0854587761178866	0.086301131966839	0.0255993797153793	0.299717944913094	0.0354730376354303	0.0847233761592642
chr8:18084698:18086998	0.0113573974449524	0.0497424039437615	0.0815758131343154	0.0057603581587041	0.189523128876763	-0.0773758530765326	0.00432057772644986
chr8:19937252:19939552	1.59081118714616	0.728813243128963	-0.0824542739384787	0.0775236500971826	0.282719607290231	0.454416793224696	0.375884335346143
chr8:19937255:19939555	1.38978337974774	0.871348269813876	-0.0791950929947418	0.00247597024759632	0.263576568811352	0.605299363229386	0.375386699848104
chr8:19954004:19956304	0.729361799014456	0.624041071416307	0.111807057166596	-0.0376488595435986	-0.0804157195084062	-0.0931019593528736	0.127502815906532
chr8:22095565:22097865	-0.00725655656502247	0.0867475878518443	0.011440273171849	0.0321541975427598	-0.141788254175116	-0.150575340879392	0.0285652054563027
chr8:22095934:22098234	-0.0594557038760497	0.0234191706992897	0.111088026609141	0.184714914334016	-0.141717632343385	-0.113736710574241	-0.0548692206800072
chr8:22100526:22102826	-0.173261705147777	-0.188465383965079	0.0453674377374914	0.146350279408538	0.140574800138458	-0.0433882748321646	0.00916376047867583
chr8:27323551:27325851	0.943820257002523	0.0774939950218963	0.167581466978513	0.133631641908195	0.0636415034145139	-0.0735592236379738	0.136112452795415
chr8:27323563:27325863	0.454747052630108	0.0964894535139271	0.178383735063291	0.105340619644171	0.0191138586246144	-0.0137407452608225	0.102995922073066
chr8:27420275:27422575	0.0689752180354517	0.0768993040716407	-0.0156304855370663	0.11564189015756	0.332455471320703	-0.15254795695555	-0.0110383442172499
chr8:27428886:27431186	0.152410037120133	0.18079764665202	0.076674658989532	0.0597892986371815	-0.00284590614321063	-0.0574379935796833	0.0643715519948006
chr8:27428898:27431198	0.0847143937595248	0.211331584258903	0.146176272949731	0.104813153337525	-0.00844651893814158	-0.0429535843587937	0.153215427225022
chr8:27430102:27432402	0.13933566585477	0.105836282566716	0.0976238575764492	-0.0113068362379548	0.0816999829090153	-0.069600774711969	0.0648134702120116
chr8:27435454:27437754	0.000417091926752349	0.198087358421688	0.122698530807373	-0.0400387375515317	0.0754275205754144	-0.220707661380641	0.0988354814474077
chr8:27450856:27453156	0.162758544317278	-0.0114858150353171	0.126724896790512	0.135501470180674	-0.037896016411755	0.0646792343877079	0.108881570057043
chr8:56445730:56448030	0.0340815398488054	0.0765978020187126	0.0120893125156652	0.0378259211509526	-0.124191352867071	-0.0381037956205786	0.141693036193308
chr8:56446272:56448572	0.0622259904219373	0.195014017194888	-0.0753891643533884	-0.0595393362173543	-0.0642594969679024	-0.0296014736597823	0.156934400146894
chr8:56446341:56448641	0.154259126729387	0.146614839698397	-0.068149163343915	0.10120536013515	-0.11336040327628	-0.104958656051964	0.125105592255128
chr8:56446363:56448663	0.099572198611645	0.127326634543543	-0.0639876408661462	0.0992442130486736	-0.108475728317027	-0.0489684396166215	0.14230873622158
chr8:56446371:56448671	0.0516955252024362	0.13521015586074	-0.0484177154210673	0.105849477426588	-0.0810257187452989	-0.0214365483427091	0.105255642625015
chr8:70643828:70646128	0.108986209346927	0.0506811470648139	0.161168058107061	0.0426310037680552	-0.0102576018539124	0.0115767303557264	-0.0148591010235337
chr8:70643952:70646252	0.180444884294178	0.0846530307516068	-0.0083074724837283	0.105936666545015	-0.0083108306664551	0.0206937058546725	-0.0819126621533397
chr8:70668885:70671185	0.131760018224771	0.123949623819883	0.269031595887678	0.258645704037784	0.0090962935481047	0.217625993110205	0.144583265909936
chr8:80029932:80032232	-0.0469334303750254	0.112972299536261	0.0679452513364258	0.00397874725817637	-0.274253303211732	0.352372145850588	0.0196353543765582
chr8:80029954:80032254	-0.0314504237763875	0.0921759306252929	0.169004037829845	0.106867374236349	-0.312332573380225	0.483851109850925	-0.0348718170650588
chr8:80029959:80032259	-0.029100451449731	0.0304828613955667	0.172495816438824	-0.0515266909699052	-0.259851222001664	0.404086362161935	-0.0367633900080298
chr8:80029989:80032289	-0.0608297839849765	0.0422311083803281	0.0870796097384685	-0.0690817524773364	-0.224300253420768	0.45808193694153	0.0398092733246978
chr8:81482933:81485233	1.01479374169941	0.383127331736003	-0.0232818005797273	-0.0801972633693297	-0.00710580245092571	0.134147853126223	-0.011835226629253
chr8:81482936:81485236	0.964153718495174	0.395701978995078	-0.0126749964519704	-0.141169587777113	-0.0154858474870624	0.199704398771186	-0.00179406361096573
chr8:89999445:90001745	-0.0225693571502946	0.100342674527821	-0.0748792402049292	0.0322427572411154	0.176496339295344	0.30091077701984	-0.0995666771580696
chr8:89999457:90001757	-0.155990020422151	0.145641117148121	-0.160905648042454	0.00742842946478763	0.159469007075569	0.321929024428147	-0.0557414153486042
chr8:89999462:90001762	-0.0677058995900802	0.0824699101862669	-0.0478774371081922	-0.0536580484499173	0.109026730554137	0.411352364377926	-0.027066869500339
chr8:89999475:90001775	-0.0593572916174111	0.137634302528888	-0.0625265250909679	-0.0969212236696858	0.179636500936807	0.359079383374813	-0.044145765881593
chr8:89999476:90001776	-0.0620832158912943	0.138324862565284	-0.0633024478870942	-0.094637897497387	0.17852137567858	0.361061144468824	-0.0433836331779088
chr8:89999477:90001777	-0.0582078728172349	0.136783361396422	-0.0547542068119311	-0.0933106976332412	0.179988147143176	0.36549644966865	-0.040493186962414
chr8:89999479:90001779	-0.0826979821800992	0.0876257163224477	0.0292822216618612	-0.0891421369774227	0.185226544665191	0.331162055469292	-0.0813362070135631
chr8:89999487:90001787	-0.0639551607097407	0.100128117035238	0.00600045537971859	-0.114032547678179	0.184319349141475	0.397956177702858	-0.00302671562178081
chr9:112378103:112380403	0.0835909609369916	0.0232845985420396	-0.0693443095525749	0.053508659810426	0.253561808776457	0.116130117689152	-0.17081599450758
chr9:112378107:112380407	0.0990630439400077	0.052089979930654	-0.0627074928607918	0.0577508410064566	0.236753199505032	0.146749152358881	-0.185123543307031
chr9:112378121:112380421	0.100522251029701	0.0513641678991563	-0.05983043272045	0.137048372685888	0.298158994429534	0.0931026502348448	-0.129693257488274
chr9:113376699:113378999	0.0560846089959392	-0.0588602244108096	-0.0663740513328899	0.10020093022939	-0.165632172480884	0.0305580929224727	0.0997718186884442
chr9:114165714:114168014	0.504238874195259	0.012796751244879	-0.00437959151024524	0.0414491667961683	-0.0779719689188906	-0.0948327200531303	0.11877303495915
chr9:114166607:114168907	-0.0725674158771946	0.109329030429919	0.11709409248186	0.0152094775395351	0.164618239909991	-0.208698669663564	-0.056677309737475
chr9:114298361:114300661	0.299126387524618	0.263144326466654	-0.047978475566922	-0.0102519442563453	0.253110018814285	-0.0183592586614513	0.138993720926444
chr9:114377335:114379635	0.118965144549547	-0.000943889816240011	0.0825230588918359	-0.100382703920846	0.0770900371297128	-0.204514348433657	-0.0212699288950231
chr9:121369950:121372250	0.191150613924354	0.110355526098077	0.230934557063925	0.168496959324943	0.147494695063449	0.641890952576625	0.167528280209133
chr9:121369953:121372253	0.224866332858951	0.227527176407936	0.236528933799758	0.167678687809416	0.167952469613711	0.599817416649715	0.212340363034189
chr9:127107744:127110044	0.244588338163489	0.0682799875789799	-0.0705251193650647	0.0353315069740368	0.233632082366787	-0.116935963337818	0.0335466614044315
chr9:127107747:127110047	0.479682938238507	0.115385477907165	-0.104458732753132	-0.0904796568163039	0.266997474337052	-0.148707823714967	-0.0324206833592034
chr9:127122334:127124634	0.171394368662685	0.096053368588962	0.14082689157129	0.305863901184567	0.261392489363332	0.938008606048303	0.0731525686426322
chr9:127122335:127124635	0.184791656575566	0.0805738779631552	0.133909396148264	0.224077919403391	0.265819725892704	0.900194609265453	0.107236472382787
chr9:127732574:127734874	0.0259642909871111	0.111215952068062	0.181684625083576	0.116354992805941	0.0233821381413645	-0.100109742508125	0.0953083821770553
chr9:127899281:127901581	0.221984562759549	-0.114461910904618	0.196439271356372	0.059003461747154	-0.127520451460868	0.166463489635652	-0.030088238572334
chr9:127899291:127901591	0.260697493420875	-0.0872746740911399	0.221352280485225	0.0166817259414333	0.010445075721736	0.191678529686582	0.0023513772345624
chr9:127916696:127918996	0.102255126378739	-0.0264493378448424	0.0952805242369187	0.175595038479289	0.0767855464266777	0.125497892156541	0.213437714375473
chr9:127916718:127919018	0.107291939706793	-0.0726230306443669	0.171947859435829	0.195459539202055	0.191515795367602	0.134446710485221	0.264835414624475
chr9:127916738:127919038	0.103418708016285	-0.0524114706972574	0.053733220281056	0.215922127909051	0.172610501165677	0.150579611216343	0.281650033108827
chr9:127916741:127919041	0.124680576957125	-0.121834644010069	0.0768779999181442	0.20579193544023	0.226988401604656	0.148941327964166	0.305490218766291
chr9:128158313:128160613	0.220313635523543	0.282961769174527	0.223690215727195	0.148858745177159	0.515947170511328	0.192365968189881	0.115852228635868
chr9:128723809:128726109	-0.0333637974019139	0.161646161203452	0.0881029209124118	0.0638075604139343	0.184054733607816	0.000212289494799028	0.135507494750904
chr9:128723821:128726121	-0.0342320989719178	0.154698362422632	0.11982305466626	0.115074863711991	0.197466365579243	0.00199171415297269	0.127519644292566
chr9:128723823:128726123	0.00629418187719721	0.133716221031555	0.140388918203773	0.0824432666184673	0.167843812710838	-0.0268134818298859	0.142216868018815
chr9:128723827:128726127	-0.0764463861335019	0.105454971786824	0.117767087232802	0.0820092368474777	0.220284065917352	0.0051570318518104	0.071066750939415
chr9:129034620:129036920	-0.139250842890951	-0.0368002461747485	-0.158691502312043	0.00873832740232492	0.11237084194331	0.0474094637817597	0.127190623100539
chr9:129034643:129036943	-0.0711294648751585	0.0320345623066196	-0.118726090903549	0.0546849843172969	0.1200569166047	0.0408688790201298	0.13536703200702
chr9:129034645:129036945	-0.0296351568029388	0.0221409401388981	-0.119411686461844	0.0867237351749086	0.0992067818989186	0.0123946957002576	0.144452806217043
chr9:129098071:129100371	0.272746245266404	0.253805205879435	0.13624988549604	0.123359024317281	0.125892827304771	-0.14850055727965	0.122015643263299
chr9:129110372:129112672	0.0265298437644512	-0.229757079872806	0.164505264449544	-0.166672942681043	0.18653063769853	0.112313475394489	0.095697700819488
chr9:129110411:129112711	0.0212413414589783	-0.129685430296322	0.156437202349001	-0.0810710548380845	0.268948610444151	0.186310343030276	0.156269636814921
chr9:129110469:129112769	0.0413118124009781	-0.106101840587295	0.0710008963602963	-0.0110728433134101	0.189609014831918	0.219502363898709	0.0096365805541307
chr9:129110482:129112782	0.0528022889032724	-0.107175724427827	0.0735664422064015	-0.12172598607317	0.219434654788676	0.161634433359125	0.0748163162062159
chr9:129110493:129112793	0.0683656069782125	-0.01606606374414	0.0371331843592206	0.0292232178688546	0.157214446350526	0.201548868787398	0.0387391720070788
chr9:130442960:130445260	0.16393592797124	0.374352419519207	0.0416754983601277	0.121821586683525	0.395350682042233	0.26613848846948	0.083056719637468
chr9:130442961:130445261	0.185370590658229	0.385583005939014	0.131093196104799	0.117702022200749	0.436946346129598	0.211926923787065	0.0642593709731815
chr9:130442987:130445287	0.161799872917081	0.492435075378234	0.0843687926774803	0.150491180995357	0.292714972344016	0.250934827720718	-0.00945078088018847
chr9:130442991:130445291	0.328070305622787	0.313990069071242	0.0852172959623999	0.0881812421067492	0.198761316153253	0.302467787063167	0.00600641783096296
chr9:131287722:131290022	0.0245450289558628	-0.0759427192097682	-0.0260746112736308	-0.0195415623069869	0.0831766820553259	0.012520332635833	-0.122400874502022
chr9:131287811:131290111	0.152290392031675	0.0290513142011838	0.108581085554668	-0.0227850681918391	0.183070931332858	0.138657682674153	-0.0108276381625642
chr9:133354549:133356849	0.0792648531655814	0.210331659911614	0.172525291378308	0.15943481011301	0.00137406843735986	-0.116395101313701	0.129861281137938
chr9:133354577:133356877	0.0490901359262765	0.218503997455409	0.160415461404893	0.0164440754977699	0.01789140039387	-0.0197653306698263	0.228718313358944
chr9:133355047:133357347	-0.0547690604325398	0.0546355833938986	0.112871426410267	0.0638036480429287	0.188625999686919	-0.0123487388575837	-0.1340590760869
chr9:133478775:133481075	0.032403397011037	0.0898180134895528	0.379623382846047	0.225627590123811	0.207398783454357	0.442101955909917	0.285131927154923
chr9:133478796:133481096	0.0362891260687773	0.155336670636511	0.437979549359234	0.240406839903787	0.225447690068883	0.526152201436363	0.409363968818816
chr9:133478799:133481099	0.01624520925931	0.19609240939357	0.427354677724032	0.242277057546502	0.242796163510394	0.561177652868618	0.395465026755918
chr9:135499569:135501869	0.00360816696661772	-0.0664950215637668	-0.0195262455076115	-0.165208553560608	0.103801670056904	0.0829089524270165	0.0788746521052718
chr9:136687065:136689365	0.143568332617053	0.384138038628291	0.629413152457675	0.031107791292037	0.211039106907886	0.607542680602502	0.292858641852309
chr9:136687096:136689396	0.184608075494484	0.503737515686542	0.636956367935388	0.224793248202106	0.301057197746692	0.637177746573299	0.29235404892867
chr9:136687098:136689398	0.253617973368283	0.42432507859186	0.628874385034791	0.218310088919431	0.283396221523029	0.662683131505912	0.297071268707907
chr9:136805942:136808242	0.100517249473625	-0.0758002372925509	-0.080252255688711	-0.03508597817345	0.217650584677696	0.326265505506231	0.136303136362561
chr9:136805947:136808247	0.0781890890454966	-0.0329140667195762	-0.0684975801734846	-0.0139002179873119	0.17554176170913	0.403445178142248	0.134583606953131
chr9:136805960:136808260	0.0590724793245484	-0.0485602859567377	-0.0286492832583932	-0.0120368770196795	0.207296633724468	0.343206834426379	0.0427795701479798
chr9:136805966:136808266	0.0810609839266181	-0.105357201424883	-0.137984702472848	0.021265740448556	0.196333492622908	0.381483210832028	0.145876447208219
chr9:136806158:136808458	-0.165123745214138	-0.0410585663675263	0.0535610564373524	-0.128610784564334	0.0908521506962474	0.331250249711486	0.233008719684284
chr9:136865966:136868266	0.168826419372378	0.0478985265040964	0.0625126811202717	0.0435310315604694	-0.135409998419341	0.192254450555754	-0.0511130016786185
chr9:136865985:136868285	0.197551422614764	0.042183097299434	0.0711086301623351	0.0388029372314369	-0.108132544134873	0.121758202303547	-0.131229902573316
chr9:136866008:136868308	0.289863810339003	0.0326903668464665	0.124701422686224	-0.0501451526126023	-0.0604352403478855	0.174726420566566	-0.0302630321359499
chr9:136944320:136946620	0.124970366882424	0.130889649490994	-0.100819274549478	-0.0443448382623852	-0.101025032869574	0.385562156939003	0.0916047488443866
chr9:136944387:136946687	0.116924741211855	0.0670787418807783	-0.00778283554892238	0.0114339775137588	-0.0675701930471289	0.435969623889044	0.125256477551994
chr9:136944388:136946688	0.105513319732966	0.106368063816213	0.0561240574346795	-0.0331321575861313	0.00495118454545216	0.520034920777096	0.0408784398406827
chr9:136944396:136946696	0.135313980080618	0.086740471737797	0.0185707511075524	-0.0483002412661283	-0.0613518261934382	0.388625540407785	0.0922483625411296
chr9:136944438:136946738	0.136914458012085	0.0709940257976045	-0.170327407382219	0.0814574275953403	-0.10940866608268	0.290252793829186	0.107679233705393
chr9:136990421:136992721	-0.1264418800738	0.0529709664806234	-0.0392689891074028	0.0572308913486139	0.134852596960457	0.206393062425282	-0.0301655715796167
chr9:136990441:136992741	-0.082578723555197	0.036612499775427	-0.0371807503538082	0.0116093919298163	0.122822366373743	0.120834691036405	0.0732303706642328
chr9:136990446:136992746	-0.10978606711271	0.0378213091025102	-0.0638301152735498	-0.0160249751921297	0.108188595182866	0.215924740274329	-0.0426110369723682
chr9:137009278:137011578	-0.00378422575127804	0.0956538504131919	0.0234305451467737	0.095364109077117	0.0564428783990912	-0.0807397385223789	0.0394548250924206
chr9:137020505:137022805	-0.104583402367527	-0.0483562048707193	-0.00492483868692862	-0.0329491839072891	-0.041282663551261	-0.0124962948741787	0.0332243793265183
chr9:137112812:137115112	-0.0146202086188716	0.135411821307014	0.075120845986294	0.0622394100681042	0.213461121804785	0.0454267478523823	0.0623534682712485
chr9:137112949:137115249	0.123858692801416	0.00308877393383521	-0.0235439662445371	0.0629665559602774	0.195273631976599	-0.0130247765565057	-0.00445507946500051
chr9:137113115:137115415	0.125129744968668	0.118603988128007	0.026578550912241	0.19606941757257	0.0382385838422628	0.00971434635972906	0.134835073811952
chr9:137114192:137116492	0.030780221153626	0.102552103240549	0.124300581573909	0.0425988878595242	0.217973936530654	-0.0525374451139104	0.145742556517717
chr9:137114391:137116691	-0.050727113862414	0.104802153147356	0.0787341772839124	0.0408761061137672	0.150977824845425	-0.0357349601565446	0.10283594476201
chr9:137114403:137116703	-0.0933812366008577	0.05324710805736	0.0977303042048808	0.0209575252347763	0.0826287303724273	0.0192224831440982	0.0970829367616873
chr9:137114404:137116704	-0.150235923772242	0.107696974935452	0.0542286202868286	-0.0145845015390974	0.0459218435258101	-0.0408590272543892	0.148590309381266
chr9:137114418:137116718	-0.151963381875219	0.0705511598805205	0.0595067348063553	-0.00513111755135649	0.106892399530084	-0.0377748090502313	0.133677502306295
chr9:137114426:137116726	-0.147066866159366	0.0216756519371901	0.0940215482976723	0.010794030058843	0.096285094154518	-0.00128675528784474	0.179209390623322
chr9:137114433:137116733	-0.0969166202736934	0.049470380165473	0.0826534759193741	-0.00677721501941888	0.0976627239439081	-0.0227655882268463	0.212323009951328
chr9:137175772:137178072	-0.0400754397807046	0.085106702350978	0.0731924041919723	0.127158460065513	-0.0356947070500656	-0.11603535243814	-0.120189459902714
chr9:137175809:137178109	-0.0360698534019801	0.0711649379561688	0.124824475121286	0.0427881043282443	0.128573804781308	-0.10826730223707	-0.0234004688361805
chr9:137186209:137188509	-0.0690246532028932	0.402611852874552	0.163517658018104	-0.0335438176428282	-0.0108749793766432	0.185768804268446	-0.0964080122514351
chr9:137186659:137188959	-0.109629519874768	0.264120948587364	0.0855355581356055	0.0228549643071776	-0.0252184950602087	0.103808960512225	-0.0473011299195904
chr9:137186675:137188975	-0.128773032311066	0.236688460640878	-0.0248534683302421	-0.00207254206369058	-0.0260899461910893	0.151470168641915	0.0125727405199269
chr9:137186698:137188998	-0.160392312963345	0.223033869389189	0.00374838051000955	-0.0457018601474723	-0.0242829722972388	0.218154789794735	-0.0881714708592555
chr9:137186705:137189005	-0.157281627383683	0.302534899362914	0.0385703291946742	0.0742909103986228	-0.0450642112150291	0.19046812646602	-0.123264811943664
chr9:137188249:137190549	-0.0370914259479145	0.177873908182778	0.0491243386481032	0.0905156116873139	-0.0228536277274586	0.225988155604251	-0.0141484556894706
chr9:137188260:137190560	-0.053361863767475	0.179286836098343	0.0730679349909902	0.134263830681693	0.017907843835809	0.181017857032844	-0.0073900931571327
chr9:137253326:137255626	0.00376079961878441	0.237909220633265	0.118328421404226	0.00733088772980545	-0.0673316055351589	0.350089649618175	0.0582135688978253
chr9:137253365:137255665	-0.0827789772503659	0.333599278325707	0.211227857167223	0.047978666043219	0.0888838840866567	0.30771029274684	0.111311613940153
chr9:137549878:137552178	-0.0883882100746373	0.0355736214402511	-0.0970965378095219	-0.0259364318344711	-0.00796118022703053	0.33554537839238	-0.020392641208002
chr9:19407008:19409308	0.0555457310692421	0.134255603541166	-0.00425868095743537	-0.00454132680885802	-0.0624198954931138	-0.132097650578633	-0.0607985885321531
chr9:33394934:33397234	0.50906837869382	0.230475983833443	-0.0564923747983016	-0.0513260347871993	0.0502574249998911	0.353696852811107	-0.0249603383661303
chr9:33394935:33397235	0.503775730920825	0.227782176327278	-0.0557026191735535	-0.0526022032101067	0.050057003901773	0.352489805769277	-0.0172169463918534
chr9:33394945:33397245	0.553340362126068	0.249979748630406	0.0228784873139858	-0.158451746374891	0.115690793232332	0.359041499389249	-0.0448826189969887
chr9:33394968:33397268	0.700709248480173	0.172153129683004	-0.0379986416729349	-0.158791610244636	0.183833795119582	0.41084722376299	-0.100781368627846
chr9:33401580:33403880	0.321930291335008	0.187057444188446	-0.0659761390494454	-0.0175745724219833	0.0411572532431286	0.390946299064489	-0.0350426368127251
chr9:33402166:33404466	0.0634032568040933	-0.0934576159134346	0.0426926704073191	0.153165082427742	0.0467168170385865	0.452370397558072	0.00589907284541253
chr9:33402196:33404496	0.156121235031656	-0.100937098231513	-0.00971480416378626	-0.0929082512440094	0.0895482071744099	0.326076619250705	-0.0112557988740807
chr9:33402208:33404508	0.096806425010372	-0.138536862913411	0.00215904746404402	0.0942726453995727	0.08530191344254	0.38721429279062	-0.003551331845023
chr9:33402214:33404514	0.0931663967477254	-0.0694749335674382	-0.0258024606974458	0.0677831684711568	0.0455522645042185	0.360805397902039	0.0459104231579008
chr9:33402254:33404554	0.0281303667174324	-0.0116598164427125	-0.0278766689346098	0.0428249125318592	0.0490706874023609	0.388130699084122	0.033780292616531
chr9:33402268:33404568	0.0927009554272674	-0.0404901705959916	-0.0265515973724991	-0.0273974324224044	0.110801385659331	0.371505010146757	-0.0178207602264648
chr9:33402286:33404586	0.0233635694729488	-0.0906347444141048	0.00439821719330086	-0.0217556880367585	0.086352100638451	0.208097243603042	0.0664320575182295
chr9:33402345:33404645	-0.0594354880722178	0.0891811577755745	-0.019821123332695	-0.0823833068944341	-0.0399361897912932	0.271976035785489	0.273298516961873
chr9:33402352:33404652	-0.1043624357941	0.0706194502193941	-0.0450896181898855	-0.0830918072948354	0.0429350241196215	0.411266958571935	0.107161071924102
chr9:33402380:33404680	-0.0917539701411237	0.241196064191483	-0.0674534843733152	-0.127183369368646	-0.0131679720638444	0.350352219568511	0.138647037446466
chr9:33402382:33404682	-0.0837421411143425	0.0832518840895647	-0.0647994061412562	-0.0111821678985639	0.00426598440171003	0.378367582750664	0.133876646238724
chr9:33447282:33449582	0.258523101699496	0.476389797255457	0.506252537638128	0.137391877063192	0.0333180228524204	0.528273181633612	-0.0489280029458648
chr9:33447293:33449593	0.258556741941888	0.558256115067678	0.541433721662891	0.133981417073273	0.0182369377234227	0.361410249689543	0.00512007368891939
chr9:33447296:33449596	0.234086355892464	0.503263704758584	0.435100820035045	0.0239604890806087	0.0330701340692156	0.319380264791952	-0.0100121708891301
chr9:35685166:35687466	-0.12268503261054	0.114209003198625	0.176135324701134	-0.0717641324419449	-0.0221972594112318	-0.233903633078507	-0.0544757438198417
chr9:35689600:35691900	0.0854162386492056	0.166255607153148	0.301169797996153	0.196381200496859	0.634129399445019	0.274719065207222	0.225533273249165
chr9:35689613:35691913	0.10641092061739	0.235205047122933	0.28675606038895	0.186250666555651	0.624140255129325	0.364790382781359	0.180296766356169
chr9:35689625:35691925	-0.0460591633897634	0.198144461633059	0.257506975858458	0.185561724216194	0.658666971129758	0.326361415285293	0.145770483213353
chr9:36134535:36136835	0.0661607899258485	0.371432880930713	0.22106063141628	0.27200555605034	0.105056675440288	0.438813413694856	0.0437225896069551
chr9:36134732:36137032	0.000146192917311815	0.338332639578754	0.435160440699095	0.0305252539253757	0.0966809210988273	0.461202981877516	0.210842645309394
chr9:36134741:36137041	0.0149447467525994	0.343105871460866	0.435468803680487	0.0367531924733076	0.105815720786524	0.463627696162837	0.220790851462629
chr9:36134784:36137084	0.0934770427563449	0.24935421575146	0.383777126807283	0.158190157617488	0.207643332340648	0.566859922306974	0.0975573643694373
chr9:37420713:37423013	0.26523679182363	0.152657594068663	0.288291063498703	0.168824930344287	0.189509460194302	0.432036446200105	0.199001167853476
chr9:37420724:37423024	0.313132120710196	0.108698485694993	0.256943485098116	0.0870718887012205	0.155884487610224	0.414849398738339	0.201700231814496
chr9:38390701:38393001	0.325994876929085	0.262826061500485	0.112265684354073	0.361013773506892	0.137246510644654	0.586345797701303	0.328959311283388
chr9:4790943:4793243	0.0361011492978052	-0.0595472440483363	-0.0707008548417241	-0.0115539747630467	0.179683204364739	0.295916419703868	0.24352995833632
chr9:4790975:4793275	0.101574606647885	-0.0844479431825368	-0.0560125912745672	0.0202043704184177	0.191540926913124	0.276446932971212	0.179196786316882
chr9:4790979:4793279	0.0753609304580082	-0.0715671956277963	-0.129811709462414	0.0165585272130706	0.222423593269879	0.176619234574322	0.263132214976931
chr9:4791086:4793386	0.0529675650254237	0.142003218664736	-0.0380038899544643	0.0769699501205684	0.297647160952727	0.349428803994739	0.179787943350346
chr9:730441:732741	0.266153523630708	0.317830595938477	0.0877860548207857	0.00807783046910607	0.0318146555330102	-0.201230863643056	0.158245819652928
chr9:81620239:81622539	-0.00202566966794714	0.0615296991031116	0.0844200548080014	0.0753631866812564	0.248441965187398	-0.21242909816228	0.0586000256329071
chr9:81620257:81622557	-0.0382766114466965	0.0664622097217478	0.0890235303376926	0.0819325798995084	0.294217778338662	-0.25839516963564	0.107024804054063
chr9:81688148:81690448	0.0144784567992156	0.259286075817913	0.235772144753386	-0.0530007766659334	0.00474493040321626	0.256682915005737	0.197168954422182
chr9:89603011:89605311	-0.0225179621251255	0.0297982007275807	0.082358739946403	0.089927096791134	-0.0200233129706492	0.190101969181505	-0.0227063404602787
chr9:89603037:89605337	-0.0614958308512207	0.143779306827115	0.172424352167548	0.165419460903228	0.0473180057943415	0.148942938603424	-0.0419977125294594
chr9:89603091:89605391	-0.0721393531382051	0.0346850770496659	0.127377581899353	0.0202518685931962	0.233101503727044	0.200856981021343	-0.0130500760043706
chrX:100591623:100593923	0.105289255868285	0.0380037174230946	0.0756587539909397	-0.0545830005557815	0.0742766905789881	-0.170630256929758	0.0130951901597795
chrX:109659213:109661513	0.57556548992581	0.121657083320718	-0.039688418029269	0.409653248977518	-0.144319733248276	-0.222256197401401	0.0670754941353943
chrX:109732920:109735220	0.322879198815264	0.0192898517892835	0.174452095905437	0.181727796373744	0.422432725754453	0.555078895478175	0.270799884348308
chrX:109732931:109735231	0.347145156166432	0.0381468924546042	0.106425252453573	0.14551440272292	0.491981136788367	0.330193848906942	0.265736578013943
chrX:109732957:109735257	0.42228180681645	0.0274820971440392	0.142037511086803	0.19602380234658	0.474029423071358	0.332231670837084	0.0817897403582596
chrX:109732969:109735269	0.334620927672999	0.0133621654939383	0.0689170285143959	0.18688886960246	0.490594178987011	0.466136338065175	0.0509633215147426
chrX:109733092:109735392	0.385514379097076	0.137006099236147	0.341796513299556	0.184944119016716	0.428369485910049	0.439192643787266	-0.114818002631961
chrX:109733103:109735403	0.335102622423722	0.229183681127069	0.322278318441727	0.14708458070985	0.319336119816448	0.358884924175516	-0.0557368483880157
chrX:118493897:118496197	0.0557780574096912	0.0509096925465065	-0.097479206377597	0.131319723128761	0.0640861167816211	0.249604975192683	0.158768379092367
chrX:118493908:118496208	0.106314574335898	0.112395706015405	0.0153857851011076	0.0936664053503305	0.0174601336337783	0.30590191695252	0.1230497698224
chrX:118681102:118683402	0.00864537957825728	0.339983255704227	-0.082238589152471	0.0348211307173147	-0.150167175866039	-0.112484241243385	-0.154813815910637
chrX:118972613:118974913	0.0314506852914463	0.007048448930548	-0.158805465568036	0.110797266549105	0.114205449089574	0.284242100952719	0.0718305673990869
chrX:118972617:118974917	-0.0176765602052861	-0.00674276188163007	-0.207733766437124	0.0590816868173248	0.0457911265569905	0.118793842861812	0.0374112247808869
chrX:119234284:119236584	-0.044487521192689	0.192855594297125	-0.0682307075082149	-0.0482627147260862	0.0800059335726096	0.167692479669733	-0.0870008608460132
chrX:119466421:119468721	-0.0150516452631102	0.155910852610344	0.237286520795989	0.157151952391015	0.345422543069166	0.353368745407869	0.197089560776124
chrX:119466443:119468743	-0.0490288682232147	0.0855617658643481	0.23407588767359	0.140303930090014	0.331245407250483	0.44116734338165	0.130334099933475
chrX:136145532:136147832	0.398017015340424	0.181562404494848	-0.0921388632068599	0.0800466583653627	0.209448286534098	0.432788839089479	0.345165824825408
chrX:136145535:136147835	0.367529515108106	0.113735423570414	-0.0699784690219664	0.0974103668470966	0.174906928134351	0.3481211187564	0.397453053819851
chrX:136166193:136168493	0.306118813985975	0.195257318187992	0.139308116548301	0.210437909966251	-0.059309729275603	-0.121630189807257	-0.0263010280024551
chrX:136167675:136169975	0.379456643428007	0.310030114385535	0.242832190535471	0.195257324244987	0.0822924663244459	-0.0773230854972562	0.268845227955463
chrX:136202720:136205020	0.633323719335577	0.172957690117467	0.190990170625575	0.100171150388099	0.325290076236897	0.332739733643338	0.155871565236345
chrX:136207167:136209467	0.320883590647564	0.0432958307256971	-0.175042378361812	0.0899778019834257	-0.232797610089117	0.519463379697182	-0.0580386770984044
chrX:1391803:1394103	0.163257139947667	0.0545239104307213	-0.0419068475861302	0.106589065163341	0.248538227252346	0.271559610699125	0.0411469992863168
chrX:1391813:1394113	0.174412898159389	0.123250355425586	0.00860510352744787	0.0762483252329626	0.148279064420221	0.352252068623218	0.0787502417912083
chrX:153722855:153725155	-0.105336830537754	0.00730044631629254	-0.0189186458094545	-0.0138120939346596	0.00542384051783293	0.1302318215225	-0.0955007330542193
chrX:153794035:153796335	0.349382446362045	0.257046217066822	0.336812789973377	0.182922169156384	0.276190019924104	0.32649422711672	0.500028323226204
chrX:153794046:153796346	0.2834477854127	0.243975492950176	0.293406738338594	0.177264936963822	0.304853947894514	0.307938717265757	0.671279011329585
chrX:153794056:153796356	0.269489253681797	0.24540711821082	0.384442464063938	0.149196790594458	0.336021001967865	0.354596775826143	0.612013114721374
chrX:153794059:153796359	0.329341070549507	0.27179700937128	0.315058381295697	0.152452073874745	0.317085907037322	0.338271388022618	0.6025247678699
chrX:153794075:153796375	0.351737650113149	0.262775087881742	0.367486919953727	0.171692321960887	0.305343355398936	0.338547261339754	0.551161270795889
chrX:153794081:153796381	0.273041990538656	0.303397015992051	0.369460762988668	0.145788544616376	0.288830547886808	0.312242632957265	0.445105644519663
chrX:154515521:154517821	0.00936159520216031	0.0584700621581159	-0.0520326143227894	0.0776199792284161	-0.026064791166121	0.143173412551715	0.075504658051437
chrX:154515816:154518116	0.167458507635224	0.215346084014112	0.189124469182816	0.0310899110527891	-0.13498064562269	0.366177490196644	0.118631891891801
chrX:154515858:154518158	0.0519321253616836	0.200411388623227	0.291069371157756	0.117502508947461	-0.00611416440156232	0.351166034042879	0.187220824642084
chrX:154515860:154518160	0.111837316462098	0.234485558247312	0.258268229856243	0.0845468055739965	0.0152863637455903	0.400999082705689	0.131135278196459
chrX:154515865:154518165	0.0639937057447834	0.19897373938547	0.297147710716962	0.148256220585983	0.00391454909087206	0.355711737065597	0.181866177927016
chrX:154515870:154518170	0.119684923835782	0.240597435216329	0.283357972021	0.0915570433094145	0.016759743396404	0.406703341116141	0.0868551976714246
chrX:154515909:154518209	0.116563795596724	0.177378628305113	0.254472883915526	0.101835875399601	0.0653536506849044	0.246331690010506	0.0667122212076828
chrX:154515915:154518215	0.129771206241229	0.185031170193244	0.258334410510694	0.098449219639267	0.0777017554925447	0.21519103456861	0.125131229312687
chrX:154515917:154518217	0.168597050727645	0.216108628775273	0.335194402671301	0.083615286322802	0.0731996987259022	0.277041742932232	0.0761824436436713
chrX:154515929:154518229	0.138655726768398	0.184292388780361	0.286177038499343	0.148236024226404	0.101955388946983	0.202100810894537	0.0594714188457592
chrX:154515930:154518230	0.142447846038639	0.171342717709854	0.219978018781658	0.156766791266885	0.170778672120034	0.244920658619684	0.11881592476138
chrX:154515936:154518236	0.163824615315561	0.191767278186627	0.203826287767462	0.113165219263424	0.180993336127107	0.22801368919638	0.12241344903939
chrX:154515937:154518237	0.204517178916019	0.19694305548943	0.247069444898789	0.091591311721546	0.128186831056932	0.201898472958123	0.171671572862635
chrX:154515938:154518238	0.158869330276639	0.199727165108886	0.25322750863073	0.157076668507575	0.114889928688354	0.206831137200934	0.0770500435895994
chrX:154515939:154518239	0.194422150998263	0.19137533414922	0.247453473071272	0.0600862111169829	0.134852093350685	0.205892361784668	0.205753411609159
chrX:154515942:154518242	0.140481663845949	0.253800036742302	0.212151599282074	0.0926951026528824	0.0872060580039991	0.151070386564984	0.0971219576666853
chrX:154545358:154547658	-0.0940544020129198	0.0979348697515952	-0.185482282959334	0.0696448270761565	0.146450811580874	0.29015948973413	0.0176650255974146
chrX:154545637:154547937	-0.171750287562403	0.18985290131433	-0.0527530425918527	0.036009544378102	0.198447593778034	0.22406606640116	-0.00889289501794886
chrX:154545640:154547940	-0.229536578472431	0.19803686436675	-0.0417331059047991	0.0639539425977872	0.232551075078974	0.23854871106625	0.00768626806623995
chrX:154545641:154547941	-0.185217582141272	0.213852861535322	-0.0443969886415065	0.023871028336651	0.160345185681654	0.26304911829659	0.0268929720992489
chrX:154545689:154547989	-0.204717149882245	0.164231314626996	-0.0618879115345095	0.0250168847165487	0.306357441940694	0.198255446062077	-0.0904897945310602
chrX:154546532:154548832	0.0664385764454784	0.173426709904016	0.349558377456715	0.17496602809022	0.276665289606671	0.572946065533264	0.305456992729944
chrX:154546538:154548838	0.171945700001907	0.148904769289247	0.374743394409367	0.191318765792959	0.287412653303024	0.624837239234528	0.36890409321851
chrX:154546546:154548846	0.181508067581248	0.171248968103175	0.322143559397369	0.173283932047902	0.246512881103128	0.569515611256851	0.259622501265941
chrX:154547257:154549557	-0.130118432602262	0.142512124199074	-0.0305152122660111	0.00805810241484721	0.0319912511644762	0.33121547273199	-0.0873553612284721
chrX:154547272:154549572	-0.0968613921360614	0.24970298827133	-0.00868686787069204	0.0198214531787345	0.0646428916112922	0.334934094562139	-0.0712166312557952
chrX:154549990:154552290	0.00855893810691132	0.0942135837656704	0.0569222196782947	0.0776187013467118	0.204880415306952	-0.0873842993218579	0.0290427713039476
chrX:154550170:154552470	-0.13885290552652	0.0779825189460496	-0.074382477245231	0.121957579929562	0.0472144349269266	-0.200399502023937	0.0455495034627015
chrX:155070836:155073136	-0.103490156053838	-0.143493242336855	0.0240942771114734	0.088161383648397	-0.172592749545374	0.300724824140256	0.14557982184562
chrX:15673545:15675845	-0.135175196843517	0.00269177186415607	0.133328892750671	-0.00380490035941524	0.0345182501405609	0.365965547694315	-0.0346028695148377
chrX:15673714:15676014	-0.120941796422921	0.131225468594843	0.116262141542317	-0.0525698262239608	0.0110703027013907	0.236776792069213	-0.0947924245755945
chrX:15736269:15738569	0.115073050377382	0.246789534246801	-0.302601734283452	-0.0174957051259921	0.117374611380722	0.0655675320619158	0.125982117958827
chrX:15736288:15738588	0.137197362058815	0.384023957600375	-0.28858706531765	0.0863600905336022	0.149200101176769	0.244568352087125	0.169836096188199
chrX:15736305:15738605	0.0551222126151482	0.303559181648581	-0.312838812107639	0.00437541640546613	0.199448555218642	0.135453706529218	0.0523330272744069
chrX:15736309:15738609	0.0554564465815581	0.313504031396513	-0.319206677378802	0.108763829027003	0.185976830412063	0.192611583451338	0.0792310138462223
chrX:15747902:15750202	0.279415235300862	0.183523188746961	0.0606805684315783	-0.0591372900362957	0.0867631713224292	-0.197843576952337	0.0402831812909666
chrX:15747919:15750219	0.235165571221868	0.182075937126451	0.0324151190711675	0.0464123803108699	0.163011512782189	-0.13034946499362	0.0252003912077259
chrX:16784431:16786731	-0.155458042260157	0.100878838632561	-0.12727843435731	-0.0693323377665082	0.105238333157729	0.198524321309177	-0.000220846209769541
chrX:16784465:16786765	0.0206542871750953	0.133920517261125	-0.0672383592891857	0.0022349295119338	0.0542756161840274	0.255183591437909	0.0553351060951302
chrX:19341921:19344221	0.149045998057435	0.219164096915378	0.224984758918966	0.163183600003513	0.111596606671602	0.532620483532834	0.303513947889448
chrX:19341926:19344226	0.227490859441355	0.295010785741695	0.297781588309471	0.144791808394369	0.199235647799013	0.585513965981538	0.274725505864271
chrX:19341929:19344229	0.210567979529607	0.237377097756056	0.309802816384564	0.193376979890836	0.232222227847145	0.608850172425294	0.309130804627126
chrX:19341935:19344235	0.236049572075879	0.219496124947228	0.366010382490304	0.264820410468796	0.211951547074222	0.586778366331618	0.355983110020219
chrX:19341949:19344249	0.160179563159704	0.190880139214641	0.373745610167551	0.144151020365581	0.224492522105936	0.545543434216445	0.324991799436205
chrX:19341967:19344267	0.176114240572725	0.245921268009844	0.194880495928167	0.11144695898062	0.130822622413623	0.441950673889396	0.339916250456978
chrX:19353317:19355617	0.278409736955349	0.201846117575322	0.159047226117613	-0.0697347275501401	0.0343515790819	-0.0497574935745644	0.0661048234558194
chrX:30651477:30653777	0.0264887473229255	0.0418042862551606	0.137089040250154	0.0930986489429928	0.14006856431111	0.104254939673584	0.213241814626563
chrX:30651488:30653788	0.0420349631811568	0.0440278924539093	0.175419562744742	0.0838657473621952	0.180167613343844	0.190210974118106	0.174708743769046
chrX:30651495:30653795	0.053963090479575	0.0419151292031589	0.104429390663095	0.102301241744813	0.200532261370573	0.280921342369499	0.130252065966062
chrX:30651499:30653799	0.0492581815518755	0.0100460740657544	0.159478278638024	0.0520367032563737	0.229347361241822	0.229831831398223	0.146338618626392
chrX:30651506:30653806	0.0574491273081392	0.0311411089603117	0.0992103886386038	0.129016543981289	0.192135464386245	0.207132526659623	0.102481328701066
chrX:30651537:30653837	0.00808681852882626	-0.00418321527041877	0.113745639552168	0.0892033186682352	0.154257913687105	0.186158267139271	0.0982412425600399
chrX:47143220:47145520	0.0849887704864809	0.0976883011628172	-0.11331105120486	0.157536234679818	0.157140101643394	0.196847735281008	0.157640237354902
chrX:47143278:47145578	0.112972277295791	0.159134671190238	-0.0870677166278124	0.0370151310475576	0.118696907459956	0.203873371723664	0.236187746131113
chrX:47143446:47145746	0.00754980956510742	0.148657175276621	-0.0284839540983247	0.100928700511058	0.0836754957515398	0.256766616080228	0.0933627439392707
chrX:47559221:47561521	0.163595154372306	-0.048895178670251	0.31215197786593	0.106615861772179	0.130118424497957	0.339124802610394	0.01817134341299
chrX:48524848:48527148	-0.102822254107837	0.0388757836041021	0.155638295833253	-0.070013135695508	0.206616749157067	0.121417054026124	0.0256000167220789
chrX:48595808:48598108	0.00335970826076052	0.137040719771557	-0.166089566060989	0.126798685802756	-0.0301958420445591	0.341309566067017	0.197577109723255
chrX:48598581:48600881	0.0123757670940595	0.103308795792159	-0.0262280498851324	0.038572731718438	0.0720438140907909	-0.105459496360023	-0.0383250811191929
chrX:49234892:49237192	-0.0769295222645264	0.0265900940402533	-0.00762605099923848	-0.08182725528825	0.0910654293266363	0.284267235897067	0.0809422651773254
chrX:53432022:53434322	0.212108456901616	0.166895760926362	0.0210991843419527	-0.106399931995595	0.143850048077237	-0.15079996959479	0.0834885537536965
chrX:53434036:53436336	0.177593524501604	0.449946364462548	0.0572593401927617	0.186700465565148	0.282571661798695	0.119109578095072	0.356431600610489
chrX:53434050:53436350	0.213846436011255	0.573261860300647	0.12212201710178	0.298534523937444	0.266480867976999	0.179617042120579	0.287188504329878
chrX:53434056:53436356	0.168729815096712	0.447570568947	0.0161905034673379	0.243861743141038	0.280216414512842	0.136695821731646	0.288791405276715
chrX:54998234:55000534	0.0475494164743839	0.259797986884679	-0.393653323092648	0.0575502222708235	0.104172182744955	0.247114803735753	0.134055964491311
chrX:57120290:57122590	0.0872527910835271	0.194478059868953	-0.0303816945883695	-0.0622997086734508	0.080870605757293	0.293061561853356	0.042829662069832
chrX:57121191:57123491	0.158225269991	-0.152070644952422	0.139039967866507	0.0973951792993391	-0.0671549280130222	0.107855050984757	0.112381326659671
chrX:57121243:57123543	0.230713023502302	-0.116501744060086	0.114316357046869	0.0598457346752502	-0.110438697622791	0.109122870596026	0.0990385345055668
chrX:57121246:57123546	0.109797058957703	-0.10322911965876	0.00836622079081691	0.0941418013288024	-0.0408683376977384	0.122649762277502	0.11495048207805
chrX:68827020:68829320	0.148493314864623	0.0930745506729799	-0.0556304904857001	0.1254020805793	0.0289575930817872	0.372826308369699	0.316557810535845
