promoter_id	logfc	pred_logfc	prediction_error	max_shap	Chr	Start	End	Strand	beige	white	logratio	transcript_id	transcript_biotype	ensembl_gene_id	gene_name	gene_biotype	promoter_start	promoter_end	promoter_id.1	cluster
chr1:103108179:103110479	-1.35481575582794	-1.34296602926724	0.0118497265606967	0.562045248411703	chr1	103108180	103108479	-	7.0671683424833	21.1905933250739	-1.35481575582794	ENST00000512756.5	protein_coding	ENSG00000060718	COL11A1	protein_coding	103108179	103110479	chr1:103108179:103110479	1
chr1:103108185:103110485	-1.35159464045243	-1.20598866014411	0.145605980308319	0.634396323027308	chr1	103108186	103108485	-	6.96372000542202	20.874879291879	-1.35159464045243	ENST00000461720.6	protein_coding	ENSG00000060718	COL11A1	protein_coding	103108185	103110485	chr1:103108185:103110485	1
chr1:103108196:103110496	-1.35082654460509	-1.55651796336763	-0.205691418762542	0.575154441250259	chr1	103108197	103108496	-	6.86828636596266	20.6192925348329	-1.35082654460509	ENST00000353414.8,ENST00000358392.6	protein_coding	ENSG00000060718	COL11A1	protein_coding	103108196	103110496	chr1:103108196:103110496	1
chr1:103108222:103110522	-1.33893670527538	-1.02692573527361	0.312010970001773	0.533887184655111	chr1	103108223	103108522	-	6.61967477326187	19.8047439139675	-1.33893670527538	ENST00000370096.9,ENST00000644186.1,ENST00000647280.1	protein_coding	ENSG00000060718	COL11A1	protein_coding	103108222	103110522	chr1:103108222:103110522	1
chr1:110390722:110393022	-0.558115651676126	-0.61606886080676	-0.0579532091306338	0.278416754265775	chr1	110390723	110391022	-	0.321337884535293	1.41780996286435	-0.558115651676126	ENST00000497687.1	lncRNA	ENSG00000168679	SLC16A4	protein_coding	110390722	110393022	chr1:110390722:110393022	2
chr1:110390726:110393026	-0.558115651676126	-0.504206113486699	0.0539095381894275	0.313008011681973	chr1	110390727	110391026	-	0.321337884535293	1.41780996286435	-0.558115651676126	ENST00000369779.9,ENST00000472422.6	protein_coding	ENSG00000168679	SLC16A4	protein_coding	110390726	110393026	chr1:110390726:110393026	2
chr1:110390747:110393047	-0.558115651676126	-0.524252464486508	0.0338631871896177	0.284474844560877	chr1	110390748	110391047	-	0.321337884535293	1.41780996286435	-0.558115651676126	ENST00000528649.5	nonsense_mediated_decay	ENSG00000168679	SLC16A4	protein_coding	110390747	110393047	chr1:110390747:110393047	2
chr1:110390748:110393048	-0.558115651676126	-0.519421546878322	0.038694104797804	0.258224249438261	chr1	110390749	110391048	-	0.321337884535293	1.41780996286435	-0.558115651676126	ENST00000369781.8,ENST00000492412.2	protein_coding,nonsense_mediated_decay	ENSG00000168679	SLC16A4	protein_coding	110390748	110393048	chr1:110390748:110393048	2
chr1:110390761:110393061	-0.558115651676126	-0.475969611877316	0.0821460397988102	0.289396206949147	chr1	110390762	110391061	-	0.321337884535293	1.41780996286435	-0.558115651676126	ENST00000461647.6	nonsense_mediated_decay	ENSG00000168679	SLC16A4	protein_coding	110390761	110393061	chr1:110390761:110393061	2
chr1:110390782:110393082	-0.558115651676126	-0.562913376818814	-0.00479772514268761	0.272322235392247	chr1	110390783	110391082	-	0.321337884535293	1.41780996286435	-0.558115651676126	ENST00000437429.6,ENST00000541986.5	protein_coding	ENSG00000168679	SLC16A4	protein_coding	110390782	110393082	chr1:110390782:110393082	2
chr1:113977440:113979740	-1.20487492291734	-1.20681385392602	-0.0019389310086797	0.567170779228904	chr1	113979441	113979740	+	14.1979589646393	35.3390949677009	-1.20487492291734	ENST00000369551.5	protein_coding	ENSG00000116774	OLFML3	protein_coding	113977440	113979740	chr1:113977440:113979740	1
chr1:113977473:113979773	-1.2048912891871	-1.24148577809677	-0.036594488909675	0.580949432674684	chr1	113979474	113979773	+	14.1979589646393	35.3395185535246	-1.2048912891871	ENST00000320334.5	protein_coding	ENSG00000116774	OLFML3	protein_coding	113977473	113979773	chr1:113977473:113979773	1
chr1:113977490:113979790	-1.20452400182208	-0.888874030787404	0.315649971034676	0.565878055369216	chr1	113979491	113979790	+	14.2020832340531	35.3395185535246	-1.20452400182208	ENST00000491700.1	lncRNA	ENSG00000116774	OLFML3	protein_coding	113977490	113979790	chr1:113977490:113979790	3
chr1:150270779:150273079	-1.07671749634064	-0.673991425522344	0.402726070818296	0.243110739850003	chr1	150272780	150273079	+	0.741088293886522	3.78158996866186	-1.07671749634064	ENST00000369098.3	protein_coding	ENSG00000118292	C1orf54	protein_coding	150270779	150273079	chr1:150270779:150273079	3
chr1:150506075:150508375	-1.90159521290603	-1.87687158671161	0.0247236261944241	0.46197417058254	chr1	150508076	150508375	+	1.76891858070344	12.0816632468866	-1.90159521290603	ENST00000369049.8	protein_coding	ENSG00000143369	ECM1	protein_coding	150506075	150508375	chr1:150506075:150508375	3
chr1:150506081:150508381	-1.90159521290603	-1.82767563350272	0.0739195794033098	0.449503065348618	chr1	150508082	150508381	+	1.76891858070344	12.0816632468866	-1.90159521290603	ENST00000498579.5	lncRNA	ENSG00000143369	ECM1	protein_coding	150506081	150508381	chr1:150506081:150508381	3
chr1:150506093:150508393	-1.90159521290603	-1.70418318526273	0.197412027643298	0.480546962141851	chr1	150508094	150508393	+	1.76891858070344	12.0816632468866	-1.90159521290603	ENST00000496744.5	lncRNA	ENSG00000143369	ECM1	protein_coding	150506093	150508393	chr1:150506093:150508393	3
chr1:150506106:150508406	-1.90159521290603	-1.718276194194	0.183319018712029	0.412010499883929	chr1	150508107	150508406	+	1.76891858070344	12.0816632468866	-1.90159521290603	ENST00000346569.6	protein_coding	ENSG00000143369	ECM1	protein_coding	150506106	150508406	chr1:150506106:150508406	3
chr1:150506108:150508408	-1.90159521290603	-1.82322925362088	0.0783659592851549	0.470031373745677	chr1	150508109	150508408	+	1.76891858070344	12.0816632468866	-1.90159521290603	ENST00000369047.9	protein_coding	ENSG00000143369	ECM1	protein_coding	150506108	150508408	chr1:150506108:150508408	3
chr1:153545502:153547802	-2.88608313285663	-2.86557985009021	0.0205032827664247	0.705234539231124	chr1	153545503	153545802	-	55.4523031018415	422.722272437269	-2.88608313285663	ENST00000354332.8	protein_coding	ENSG00000196154	S100A4	protein_coding	153545502	153547802	chr1:153545502:153547802	1
chr1:153545506:153547806	-2.88342168661072	-2.61591061613549	0.267511070475232	0.708333570180282	chr1	153545507	153545806	-	55.2752490219623	420.632999340678	-2.88342168661072	ENST00000368716.9,ENST00000468373.1	protein_coding,lncRNA	ENSG00000196154	S100A4	protein_coding	153545506	153547806	chr1:153545506:153547806	1
chr1:153988761:153991061	-1.96066493487476	-1.74788559520029	0.212779339674465	0.377015339773417	chr1	153990762	153991061	+	130.841067748019	515.072349621108	-1.96066493487476	ENST00000392558.4,ENST00000651669.1	retained_intron,protein_coding	ENSG00000177954	RPS27	protein_coding	153988761	153991061	chr1:153988761:153991061	3
chr1:153988762:153991062	-1.96066493487476	-1.73045468117441	0.230210253700345	0.322803431550128	chr1	153990763	153991062	+	130.841067748019	515.072349621108	-1.96066493487476	ENST00000493224.5,ENST00000643794.1	retained_intron,nonsense_mediated_decay	ENSG00000177954	RPS27	protein_coding	153988762	153991062	chr1:153988762:153991062	4
chr1:155187467:155189767	-0.602282953276376	-0.393132976637729	0.209149976638647	0.187766372669751	chr1	155187468	155187767	-	0.340914309940065	1.55378173789267	-0.602282953276376	ENST00000485118.5	protein_coding	ENSG00000185499	MUC1	protein_coding	155187467	155189767	chr1:155187467:155189767	2
chr1:155187531:155189831	-0.605685447828464	-0.141174986154855	0.464510461673609	0.148837077081557	chr1	155187532	155187831	-	0.354244629191054	1.58245774046634	-0.605685447828464	ENST00000468978.2	retained_intron	ENSG00000185499	MUC1	protein_coding	155187531	155189831	chr1:155187531:155189831	2
chr1:155192567:155194867	-0.735430743283826	-0.69246443407179	0.0429663092120363	0.489775999724107	chr1	155192568	155192867	-	0.165730592789246	1.60571290966285	-0.735430743283826	ENST00000342482.8,ENST00000343256.9,ENST00000368389.6,ENST00000368390.7,ENST00000368396.8,ENST00000368398.7,ENST00000467134.5,ENST00000471283.5,ENST00000498431.5	protein_coding,nonsense_mediated_decay	ENSG00000185499	MUC1	protein_coding	155192567	155194867	chr1:155192567:155194867	1
chr1:155192568:155194868	-0.735430743283826	-0.707017351317167	0.0284133919666594	0.472926899373687	chr1	155192569	155192868	-	0.165730592789246	1.60571290966285	-0.735430743283826	ENST00000337604.6	protein_coding	ENSG00000185499	MUC1	protein_coding	155192568	155194868	chr1:155192568:155194868	1
chr1:155192593:155194893	-0.735430743283826	-0.802942260688987	-0.0675115174051609	0.58458797646801	chr1	155192594	155192893	-	0.165730592789246	1.60571290966285	-0.735430743283826	ENST00000368392.7,ENST00000368393.7,ENST00000438413.5,ENST00000457295.6,ENST00000462215.5,ENST00000610468.4	protein_coding,nonsense_mediated_decay	ENSG00000185499	MUC1	protein_coding	155192593	155194893	chr1:155192593:155194893	1
chr1:155192609:155194909	-0.728894064478765	-0.721419873448863	0.0074741910299021	0.548619704082558	chr1	155192610	155192909	-	0.165730592789246	1.58941281019622	-0.728894064478765	ENST00000620770.1	retained_intron	ENSG00000185499	MUC1	protein_coding	155192609	155194909	chr1:155192609:155194909	1
chr1:155192615:155194915	-0.728894064478765	-0.655562474381177	0.0733315900975884	0.484772650703993	chr1	155192616	155192915	-	0.165730592789246	1.58941281019622	-0.728894064478765	ENST00000338684.9,ENST00000610359.4,ENST00000611571.4,ENST00000611577.4,ENST00000612778.4,ENST00000614519.4,ENST00000615517.4,ENST00000620103.4	protein_coding	ENSG00000185499	MUC1	protein_coding	155192615	155194915	chr1:155192615:155194915	1
chr1:155192616:155194916	-0.728894064478765	-0.591305965041727	0.137588099437038	0.517012891374666	chr1	155192617	155192916	-	0.165730592789246	1.58941281019622	-0.728894064478765	ENST00000466913.1	lncRNA	ENSG00000185499	MUC1	protein_coding	155192616	155194916	chr1:155192616:155194916	1
chr1:155207597:155209897	-1.38228730522322	-1.32097570553571	0.0613115996875142	0.306994279043516	chr1	155207598	155207897	-	1.3696342344229	6.78400760928723	-1.38228730522322	ENST00000368378.7	protein_coding	ENSG00000169231	THBS3	protein_coding	155207597	155209897	chr1:155207597:155209897	2
chr1:155207599:155209899	-1.38311461720119	-1.24258669882945	0.140527918371739	0.299090350544087	chr1	155207600	155207899	-	1.36770247509447	6.78400760928723	-1.38311461720119	ENST00000428962.2,ENST00000541990.5	nonsense_mediated_decay,protein_coding	ENSG00000169231	THBS3	protein_coding	155207599	155209899	chr1:155207599:155209899	2
chr1:155207617:155209917	-1.38264167378511	-1.15101481162205	0.231626862163061	0.322104986040308	chr1	155207618	155207917	-	1.36352806471672	6.77024393108614	-1.38264167378511	ENST00000457183.6	protein_coding	ENSG00000169231	THBS3	protein_coding	155207617	155209917	chr1:155207617:155209917	2
chr1:158997967:159000267	-0.558098815751555	-0.120123503358379	0.437975312393176	0.242518988665711	chr1	158999968	159000267	+	0.473825005075905	1.64228109012211	-0.558098815751555	ENST00000566111.5	protein_coding	ENSG00000163565	IFI16	protein_coding	158997967	159000267	chr1:158997967:159000267	1
chr1:159007917:159010217	-1.65850613201136	-1.28495021076452	0.373555921246842	0.455135064976411	chr1	159009918	159010217	+	4.18877022113623	17.5372958085581	-1.65850613201136	ENST00000368132.7,ENST00000483916.2,ENST00000493884.5	protein_coding,retained_intron	ENSG00000163565	IFI16	protein_coding	159007917	159010217	chr1:159007917:159010217	1
chr1:159007926:159010226	-1.65850613201136	-1.4932570877334	0.165249044277964	0.486583688317292	chr1	159009927	159010226	+	4.18877022113623	17.5372958085581	-1.65850613201136	ENST00000295809.11	protein_coding	ENSG00000163565	IFI16	protein_coding	159007926	159010226	chr1:159007926:159010226	1
chr1:159030503:159032803	-1.05213392006351	-0.631926103385213	0.420207816678297	0.551531770929441	chr1	159032504	159032803	+	2.77424183826534	7.89984246376686	-1.05213392006351	ENST00000562225.1	retained_intron	ENSG00000163565	IFI16	protein_coding	159030503	159032803	chr1:159030503:159032803	3
chr1:159959217:159961517	-1.38293595530889	-1.17656876297337	0.206367192335521	0.54184201897654	chr1	159961218	159961517	+	2.29458133793161	9.20020668765601	-1.38293595530889	ENST00000443364.6	lncRNA	ENSG00000224259	LINC01133	lncRNA	159959217	159961517	chr1:159959217:159961517	1
chr1:159959298:159961598	-1.37774743266968	-1.03648883933432	0.341258593335362	0.4269552184851	chr1	159961299	159961598	+	2.29649952721771	9.16498315112079	-1.37774743266968	ENST00000635112.1	lncRNA	ENSG00000224259	LINC01133	lncRNA	159959298	159961598	chr1:159959298:159961598	1
chr1:160121957:160124257	-0.550157519123515	-0.18297407963389	0.367183439489625	0.269437177501846	chr1	160123958	160124257	+	0.358322991394053	1.45316396757251	-0.550157519123515	ENST00000468587.1	retained_intron	ENSG00000018625	ATP1A2	protein_coding	160121957	160124257	chr1:160121957:160124257	3
chr1:172144268:172146568	-0.933373916160918	-0.824802164777631	0.108571751383287	0.381786193440436	chr1	172144269	172144568	-	3.6118066334353	8.71707435910433	-0.933373916160918	ENST00000650416.1	lncRNA	ENSG00000230630	DNM3OS	lncRNA	172144268	172146568	chr1:172144268:172146568	1
chr1:172144282:172146582	-0.931852049907628	-0.74467916224348	0.187172887664148	0.419717779281717	chr1	172144283	172144582	-	3.64693144150804	8.77278354141329	-0.931852049907628	ENST00000648228.1	lncRNA	ENSG00000230630	DNM3OS	lncRNA	172144282	172146582	chr1:172144282:172146582	1
chr1:172144319:172146619	-0.938490038473818	-0.935531259740934	0.0029587787328843	0.431258623182368	chr1	172144320	172144619	-	3.65923235604131	8.84603939934634	-0.938490038473818	ENST00000648909.1	lncRNA	ENSG00000230630	DNM3OS	lncRNA	172144319	172146619	chr1:172144319:172146619	1
chr1:172144441:172146741	-0.952380968638939	-0.655229253952349	0.29715171468659	0.43557919917074	chr1	172144442	172144741	-	3.26350010214826	8.18520734496329	-0.952380968638939	ENST00000650189.1	lncRNA	ENSG00000230630	DNM3OS	lncRNA	172144441	172146741	chr1:172144441:172146741	1
chr1:172144540:172146840	-0.817681791312239	-0.771278272981222	0.0464035183310169	0.435437140514041	chr1	172144541	172144840	-	2.73865913845516	6.35222559565157	-0.817681791312239	ENST00000417354.3	lncRNA	ENSG00000230630	DNM3OS	lncRNA	172144540	172146840	chr1:172144540:172146840	1
chr1:183278385:183280685	-0.709298308379762	-0.302023708483382	0.40727459989638	0.313967119573491	chr1	183278386	183278685	-	0.715756611282995	2.44028567406808	-0.709298308379762	ENST00000464047.1	lncRNA	ENSG00000157064	NMNAT2	protein_coding	183278385	183280685	chr1:183278385:183280685	1
chr1:19594976:19597276	-0.86118385920358	-0.742776082436019	0.118407776767561	0.260722570510382	chr1	19596977	19597276	+	24.0562719802578	45.3319560117658	-0.86118385920358	ENST00000617872.4	protein_coding	ENSG00000173436	MICOS10	protein_coding	19594976	19597276	chr1:19594976:19597276	5
chr1:19594978:19597278	-0.86118385920358	-0.816921061061568	0.0442627981420121	0.307722414207794	chr1	19596979	19597278	+	24.0562719802578	45.3319560117658	-0.86118385920358	ENST00000322753.7	protein_coding	ENSG00000173436	MICOS10	protein_coding	19594978	19597278	chr1:19594978:19597278	6
chr1:19594982:19597282	-0.860869069716564	-0.841589795791201	0.0192792739253627	0.251785351105434	chr1	19596983	19597282	+	24.0619579604328	45.3319560117658	-0.860869069716564	ENST00000486890.5	lncRNA	ENSG00000173436	MICOS10	protein_coding	19594982	19597282	chr1:19594982:19597282	6
chr1:19594990:19597290	-0.860869069716564	-0.921477525402119	-0.0606084556855547	0.285201072603282	chr1	19596991	19597290	+	24.0619579604328	45.3319560117658	-0.860869069716564	ENST00000498067.1	lncRNA	ENSG00000173436	MICOS10	protein_coding	19594990	19597290	chr1:19594990:19597290	5
chr1:19594994:19597294	-0.860869069716564	-0.911833029809706	-0.0509639600931424	0.271341499856159	chr1	19596995	19597294	+	24.0619579604328	45.3319560117658	-0.860869069716564	ENST00000462646.5	lncRNA	ENSG00000173436	MICOS10	protein_coding	19594994	19597294	chr1:19594994:19597294	6
chr1:19595000:19597300	-0.860869069716564	-0.770325102985618	0.0905439667309464	0.262031759202447	chr1	19597001	19597300	+	24.0619579604328	45.3319560117658	-0.860869069716564	ENST00000467029.5	lncRNA	ENSG00000173436	MICOS10	protein_coding	19595000	19597300	chr1:19595000:19597300	5
chr1:19595038:19597338	-0.860396450126444	-0.830875871703981	0.029520578422463	0.248585195058113	chr1	19597039	19597338	+	24.0616273485947	45.3158526040927	-0.860396450126444	ENST00000481464.5	lncRNA	ENSG00000173436	MICOS10	protein_coding	19595038	19597338	chr1:19595038:19597338	6
chr1:19595040:19597340	-0.860396450126444	-0.880402348332807	-0.0200058982063634	0.26723769812567	chr1	19597041	19597340	+	24.0616273485947	45.3158526040927	-0.860396450126444	ENST00000498642.5	lncRNA	ENSG00000173436	MICOS10	protein_coding	19595040	19597340	chr1:19595040:19597340	6
chr1:19595051:19597351	-0.860606304788011	-0.861340890403435	-0.000734585615423611	0.257980829150957	chr1	19597052	19597351	+	24.0578366956297	45.3158526040927	-0.860606304788011	ENST00000479642.1	lncRNA	ENSG00000173436	MICOS10	protein_coding	19595051	19597351	chr1:19595051:19597351	6
chr1:19595069:19597369	-0.859601257097885	-0.636891656098348	0.222709600999537	0.308474254774804	chr1	19597070	19597369	+	24.0625918480719	45.2915300835687	-0.859601257097885	ENST00000485362.1	lncRNA	ENSG00000173436	MICOS10	protein_coding	19595069	19597369	chr1:19595069:19597369	6
chr1:203182505:203184805	-0.582540573954438	-0.352653134984473	0.229887438969965	0.246036121426451	chr1	203182506	203182805	-	0.0963870190326553	1.13930598717126	-0.582540573954438	ENST00000404436.2	protein_coding	ENSG00000133048	CHI3L1	protein_coding	203182505	203184805	chr1:203182505:203184805	6
chr1:203182541:203184841	-0.661100559709764	-0.393638992227951	0.267461567481813	0.241512918345278	chr1	203182542	203182841	-	0.118254649418315	1.34957161003068	-0.661100559709764	ENST00000472064.1	retained_intron	ENSG00000133048	CHI3L1	protein_coding	203182541	203184841	chr1:203182541:203184841	6
chr1:203350786:203353086	-1.57720701519929	-1.49113826251815	0.0860687526811377	0.374973923628686	chr1	203350787	203351086	-	6.79777243142269	24.2518156008518	-1.57720701519929	ENST00000461936.1	lncRNA	ENSG00000122176	FMOD	protein_coding	203350786	203353086	chr1:203350786:203353086	2
chr1:203350788:203353088	-1.57689528219221	-1.61284722259791	-0.0359519404056987	0.356955157705178	chr1	203350789	203351088	-	6.79967363181548	24.2518156008518	-1.57689528219221	ENST00000493296.1	lncRNA	ENSG00000122176	FMOD	protein_coding	203350788	203353088	chr1:203350788:203353088	6
chr1:203859598:203861898	-1.32457897606209	-0.936306046853271	0.388272929208819	0.265821204726468	chr1	203861599	203861898	+	10.8096505630793	30.0830232582403	-1.32457897606209	ENST00000414487.7	protein_coding	ENSG00000182004	SNRPE	protein_coding	203859598	203861898	chr1:203859598:203861898	5
chr1:203859602:203861902	-1.32422115491003	-1.19864288177474	0.125578273135292	0.352600618636495	chr1	203861603	203861902	+	10.816275989354	30.0916568393924	-1.32422115491003	ENST00000475035.5,ENST00000483099.5	lncRNA	ENSG00000182004	SNRPE	protein_coding	203859602	203861902	chr1:203859602:203861902	5
chr1:215003774:215006074	-1.17083611485144	-0.764634599981448	0.406201514869992	0.4862696393246	chr1	215005775	215006074	+	1.34870711985293	5.53935088566734	-1.17083611485144	ENST00000486921.5	nonsense_mediated_decay	ENSG00000082482	KCNK2	protein_coding	215003774	215006074	chr1:215003774:215006074	3
chr1:215003849:215006149	-1.00738702797449	-0.99860068680016	0.0087863411743303	0.543346488473715	chr1	215005850	215006149	+	1.18674990332958	4.40621771373629	-1.00738702797449	ENST00000467031.5	nonsense_mediated_decay	ENSG00000082482	KCNK2	protein_coding	215003849	215006149	chr1:215003849:215006149	3
chr1:215003854:215006154	-0.98445891549538	-1.03011469974791	-0.0456557842525325	0.506125642667223	chr1	215005855	215006154	+	1.16138151123053	4.25501812008886	-0.98445891549538	ENST00000391895.6	protein_coding	ENSG00000082482	KCNK2	protein_coding	215003854	215006154	chr1:215003854:215006154	1
chr1:25906117:25908417	-0.790577548689807	-0.774901373399647	0.0156761752901601	0.385235075856276	chr1	25906118	25906417	-	1.43257372602383	3.93755205292133	-0.790577548689807	ENST00000465604.1	lncRNA	ENSG00000117632	STMN1	protein_coding	25906117	25908417	chr1:25906117:25908417	2
chr1:25906119:25908419	-0.790577548689807	-0.71988811541899	0.0706894332708169	0.369306717379699	chr1	25906120	25906419	-	1.43257372602383	3.93755205292133	-0.790577548689807	ENST00000455785.7	protein_coding	ENSG00000117632	STMN1	protein_coding	25906119	25908419	chr1:25906119:25908419	2
chr1:25906166:25908466	-0.790577548689807	-0.371800874183049	0.418776674506758	0.255568585729274	chr1	25906167	25906466	-	1.43257372602383	3.93755205292133	-0.790577548689807	ENST00000426559.6	protein_coding	ENSG00000117632	STMN1	protein_coding	25906166	25908466	chr1:25906166:25908466	2
chr1:44806481:44808781	-0.665556794555067	-0.509164535275797	0.15639225927927	0.419468763816622	chr1	44808482	44808781	+	0.899773376507823	2.59956348099095	-0.665556794555067	ENST00000450269.5	protein_coding	ENSG00000222009	BTBD19	protein_coding	44806481	44808781	chr1:44806481:44808781	1
chr1:44806522:44808822	-0.664134660458151	-0.536906487271332	0.127228173186819	0.384715848066745	chr1	44808523	44808822	+	0.933152899306871	2.64792548006536	-0.664134660458151	ENST00000409335.6	protein_coding	ENSG00000222009	BTBD19	protein_coding	44806522	44808822	chr1:44806522:44808822	1
chr1:44806566:44808866	-0.692980376565142	-0.811141277840736	-0.118160901275594	0.524686440717917	chr1	44808567	44808866	+	0.972051935495951	2.80467785194142	-0.692980376565142	ENST00000439563.2	nonsense_mediated_decay	ENSG00000222009	BTBD19	protein_coding	44806566	44808866	chr1:44806566:44808866	1
chr1:44806595:44808895	-0.696065368281976	-0.741458020483083	-0.045392652201107	0.411308859548359	chr1	44808596	44808895	+	1.00986194297996	2.87621819359587	-0.696065368281976	ENST00000485668.5	retained_intron	ENSG00000222009	BTBD19	protein_coding	44806595	44808895	chr1:44806595:44808895	1
chr1:53238199:53240499	-1.66817516170024	-1.44633564785064	0.221839513849601	0.430310902563706	chr1	53238200	53238499	-	6.54473007846271	25.1562069674942	-1.66817516170024	ENST00000371466.4	protein_coding	ENSG00000162385	MAGOH	protein_coding	53238199	53240499	chr1:53238199:53240499	6
chr1:53238208:53240508	-1.66817516170024	-1.55822017203945	0.109954989660786	0.458977280992684	chr1	53238209	53238508	-	6.54473007846271	25.1562069674942	-1.66817516170024	ENST00000462941.1	lncRNA	ENSG00000162385	MAGOH	protein_coding	53238208	53240508	chr1:53238208:53240508	6
chr1:53238218:53240518	-1.66759655260092	-1.37371840911023	0.293878143490686	0.404880206016995	chr1	53238219	53238518	-	6.54473007846271	25.1453178485003	-1.66759655260092	ENST00000371470.8	protein_coding	ENSG00000162385	MAGOH	protein_coding	53238218	53240518	chr1:53238218:53240518	6
chr1:78647830:78650130	-0.511352986422399	-0.528640613953511	-0.0172876275311123	0.364135896562592	chr1	78649831	78650130	+	0.370088060176544	1.37829110518443	-0.511352986422399	ENST00000370747.9	protein_coding	ENSG00000137965	IFI44	protein_coding	78647830	78650130	chr1:78647830:78650130	2
chr1:78647831:78650131	-0.511352986422399	-0.528082871855065	-0.0167298854326661	0.36534222920661	chr1	78649832	78650131	+	0.370088060176544	1.37829110518443	-0.511352986422399	ENST00000438486.1	protein_coding	ENSG00000137965	IFI44	protein_coding	78647831	78650131	chr1:78647831:78650131	2
chr1:78647832:78650132	-0.511352986422399	-0.503931095566046	0.00742189085635281	0.317585130569686	chr1	78649833	78650132	+	0.370088060176544	1.37829110518443	-0.511352986422399	ENST00000495254.5	lncRNA	ENSG00000137965	IFI44	protein_coding	78647832	78650132	chr1:78647832:78650132	2
chr1:78647841:78650141	-0.511352986422399	-0.192269324397293	0.319083662025106	0.287495466649799	chr1	78649842	78650141	+	0.370088060176544	1.37829110518443	-0.511352986422399	ENST00000467790.5	lncRNA	ENSG00000137965	IFI44	protein_coding	78647841	78650141	chr1:78647841:78650141	2
chr1:78647857:78650157	-0.511352986422399	-0.0609206793124456	0.450432307109953	0.282115900124799	chr1	78649858	78650157	+	0.370088060176544	1.37829110518443	-0.511352986422399	ENST00000472152.5	lncRNA	ENSG00000137965	IFI44	protein_coding	78647857	78650157	chr1:78647857:78650157	2
chr10:101783075:101785375	-0.576941870090708	-0.52228638011832	0.0546554899723884	0.331702672769991	chr10	101783076	101783375	-	3.21401507725623	5.7776624581546	-0.576941870090708	ENST00000462391.5	lncRNA	ENSG00000107833	NPM3	protein_coding	101783075	101785375	chr10:101783075:101785375	2
chr10:101783084:101785384	-0.576369012816968	-0.381968788111847	0.194400224705121	0.332929277159809	chr10	101783085	101783384	-	3.21608584028259	5.7776624581546	-0.576369012816968	ENST00000474993.5	lncRNA	ENSG00000107833	NPM3	protein_coding	101783084	101785384	chr10:101783084:101785384	2
chr10:101783113:101785413	-0.579919758708844	-0.253301245643505	0.326618513065339	0.253745916039873	chr10	101783114	101783413	-	3.20326384970805	5.7776624581546	-0.579919758708844	ENST00000370110.5	protein_coding	ENSG00000107833	NPM3	protein_coding	101783113	101785413	chr10:101783113:101785413	2
chr10:44384743:44387043	-0.889202163959447	-0.514350438896874	0.374851725062573	0.598653270449582	chr10	44384744	44385043	-	1.51531381769392	4.51089399846578	-0.889202163959447	ENST00000374426.6	protein_coding	ENSG00000107562	CXCL12	protein_coding	44384743	44387043	chr10:44384743:44387043	3
chr10:44384749:44387049	-0.889202163959447	-0.930627435906112	-0.0414252719466649	0.567993947024567	chr10	44384750	44385049	-	1.51531381769392	4.51089399846578	-0.889202163959447	ENST00000395794.2	protein_coding	ENSG00000107562	CXCL12	protein_coding	44384749	44387049	chr10:44384749:44387049	3
chr10:44384770:44387070	-0.883559288222894	-0.780672580888796	0.102886707334098	0.614749442937148	chr10	44384771	44385070	-	1.51531381769392	4.48547739508618	-0.883559288222894	ENST00000488591.1	retained_intron	ENSG00000107562	CXCL12	protein_coding	44384770	44387070	chr10:44384770:44387070	3
chr10:44384792:44387092	-0.883559288222894	-0.859717908048546	0.0238413801743479	0.629039121493398	chr10	44384793	44385092	-	1.51531381769392	4.48547739508618	-0.883559288222894	ENST00000343575.10,ENST00000374429.6,ENST00000395793.7	protein_coding	ENSG00000107562	CXCL12	protein_coding	44384792	44387092	chr10:44384792:44387092	3
chr10:44384797:44387097	-0.883559288222894	-0.94211092207805	-0.0585516338551557	0.564987368827035	chr10	44384798	44385097	-	1.51531381769392	4.48547739508618	-0.883559288222894	ENST00000395795.5	protein_coding	ENSG00000107562	CXCL12	protein_coding	44384797	44387097	chr10:44384797:44387097	3
chr11:102724481:102726781	-0.620277787058999	-0.159555029502602	0.460722757556397	0.319095246430963	chr11	102724482	102724781	-	0.0467704609857577	1.1462364643527	-0.620277787058999	ENST00000438475.2	protein_coding	ENSG00000118113	MMP8	protein_coding	102724481	102726781	chr11:102724481:102726781	2
chr11:111910496:111912796	-0.916211968753879	-0.595329016399639	0.32088295235424	0.26072296575407	chr11	111910497	111910796	-	0.560364975775158	2.83180237184088	-0.916211968753879	ENST00000533280.6	protein_coding	ENSG00000109846	CRYAB	protein_coding	111910496	111912796	chr11:111910496:111912796	3
chr11:111910530:111912830	-0.907806872214931	-0.576195863502762	0.331611008712169	0.178170627328084	chr11	111910531	111910830	-	0.542364379542195	2.76996172188945	-0.907806872214931	ENST00000526167.5	protein_coding	ENSG00000109846	CRYAB	protein_coding	111910530	111912830	chr11:111910530:111912830	3
chr11:111910552:111912852	-0.934004602742501	-0.908038818293007	0.0259657844494937	0.276441616652379	chr11	111910553	111910852	-	0.548371539137828	2.86884722724027	-0.934004602742501	ENST00000651650.1	protein_coding	ENSG00000109846	CRYAB	protein_coding	111910552	111912852	chr11:111910552:111912852	2
chr11:111910593:111912893	-0.91323616232263	-1.00762207660535	-0.0943859142827216	0.260458531825799	chr11	111910594	111910893	-	0.544199037287254	2.79140147168541	-0.91323616232263	ENST00000525823.1	protein_coding	ENSG00000109846	CRYAB	protein_coding	111910593	111912893	chr11:111910593:111912893	2
chr11:111910608:111912908	-1.10398608292463	-0.654460401336106	0.449525681588524	0.175203351155308	chr11	111910609	111910908	-	0.676184287767872	3.75239820812871	-1.10398608292463	ENST00000528961.6	protein_coding	ENSG00000109846	CRYAB	protein_coding	111910608	111912908	chr11:111910608:111912908	1
chr11:111911683:111913983	-1.48274645482476	-1.02839197828219	0.454354476542573	0.569296625900539	chr11	111911684	111911983	-	114.417662390346	323.364400713422	-1.48274645482476	ENST00000651164.1	protein_coding	ENSG00000109846	CRYAB	protein_coding	111911683	111913983	chr11:111911683:111913983	3
chr11:111911710:111914010	-1.44542105421601	-1.22703587103354	0.218385183182471	0.575592417376307	chr11	111911711	111912010	-	108.197006809813	298.113057911162	-1.44542105421601	ENST00000227251.7	protein_coding	ENSG00000109846	CRYAB	protein_coding	111911710	111914010	chr11:111911710:111914010	3
chr11:111912850:111915150	-0.991078149878883	-0.979002917947306	0.0120752319315772	0.539074153844827	chr11	111912851	111913150	-	6.59033848470928	15.0747568464302	-0.991078149878883	ENST00000652606.1	retained_intron	ENSG00000109846	CRYAB	protein_coding	111912850	111915150	chr11:111912850:111915150	3
chr11:111912884:111915184	-1.10205690401589	-1.17592059965856	-0.0738636956426717	0.536356534385955	chr11	111912885	111913184	-	5.87522715007415	14.9050038615242	-1.10205690401589	ENST00000533971.2	protein_coding	ENSG00000109846	CRYAB	protein_coding	111912884	111915184	chr11:111912884:111915184	3
chr11:111912888:111915188	-1.10339937714691	-1.17955228288195	-0.0761529057350421	0.467910981182239	chr11	111912889	111913188	-	5.85336828933326	14.8737757927109	-1.10339937714691	ENST00000526180.6	protein_coding	ENSG00000109846	CRYAB	protein_coding	111912888	111915188	chr11:111912888:111915188	3
chr11:111912897:111915197	-1.11982322561122	-1.0694481249231	0.0503751006881232	0.554713096130633	chr11	111912898	111913197	-	5.75482512440387	14.8528125180527	-1.11982322561122	ENST00000531198.5	protein_coding	ENSG00000109846	CRYAB	protein_coding	111912897	111915197	chr11:111912897:111915197	3
chr11:111912913:111915213	-1.13841152971766	-1.24510707846776	-0.1066955487501	0.520504416863216	chr11	111912914	111913213	-	5.65573984105654	14.8532314297979	-1.13841152971766	ENST00000616970.5	protein_coding	ENSG00000109846	CRYAB	protein_coding	111912913	111915213	chr11:111912913:111915213	3
chr11:111912918:111915218	-1.13877014263389	-1.21725078075866	-0.0784806381247727	0.517292308211367	chr11	111912919	111913218	-	5.65383707857329	14.8532314297979	-1.13877014263389	ENST00000652223.1	retained_intron	ENSG00000109846	CRYAB	protein_coding	111912918	111915218	chr11:111912918:111915218	3
chr11:114293824:114296124	-0.659951359417445	-0.722194174472897	-0.062242815055452	0.411927397380819	chr11	114295825	114296124	+	0.412499391447128	1.81181985018916	-0.659951359417445	ENST00000299964.3	protein_coding	ENSG00000166741	NNMT	protein_coding	114293824	114296124	chr11:114293824:114296124	1
chr11:114296150:114298450	-1.11606511589016	-1.06309764834126	0.0529674675488985	0.637534684689764	chr11	114298151	114298450	+	41.4671294197936	92.2171660988624	-1.11606511589016	ENST00000545255.1	lncRNA	ENSG00000166741	NNMT	protein_coding	114296150	114298450	chr11:114296150:114298450	3
chr11:122100100:122102400	-1.23646416335767	-1.23740004114436	-0.000935877786689465	0.589921053467457	chr11	122100101	122100400	-	3.08528543768714	9.98196748365156	-1.23646416335767	ENST00000669306.1	lncRNA	ENSG00000255248	MIR100HG	lncRNA	122100100	122102400	chr11:122100100:122102400	5
chr11:122100147:122102447	-1.25404884455176	-0.995463797440805	0.258585047110955	0.492197696660092	chr11	122100148	122100447	-	3.10357243594291	10.172522932488	-1.25404884455176	ENST00000524376.1	lncRNA	ENSG00000255248	MIR100HG	lncRNA	122100147	122102447	chr11:122100147:122102447	5
chr11:122100148:122102448	-1.25404884455176	-0.98498410341757	0.26906474113419	0.494156025909397	chr11	122100149	122100448	-	3.10357243594291	10.172522932488	-1.25404884455176	ENST00000636654.1	lncRNA	ENSG00000255248	MIR100HG	lncRNA	122100148	122102448	chr11:122100148:122102448	5
chr11:122100170:122102470	-1.25422944846519	-1.30058693064262	-0.0463574821774346	0.552484800308499	chr11	122100171	122100470	-	3.1054843303968	10.1786074737618	-1.25422944846519	ENST00000656682.1	lncRNA	ENSG00000255248	MIR100HG	lncRNA	122100170	122102470	chr11:122100170:122102470	5
chr11:122100175:122102475	-1.25422944846519	-1.27501795283168	-0.0207885043664897	0.51019510815236	chr11	122100176	122100475	-	3.1054843303968	10.1786074737618	-1.25422944846519	ENST00000647591.1	lncRNA	ENSG00000255248	MIR100HG	lncRNA	122100175	122102475	chr11:122100175:122102475	5
chr11:122100182:122102482	-1.25422944846519	-1.25052025194106	0.00370919652412605	0.527981581758226	chr11	122100183	122100482	-	3.1054843303968	10.1786074737618	-1.25422944846519	ENST00000660148.1	lncRNA	ENSG00000255248	MIR100HG	lncRNA	122100182	122102482	chr11:122100182:122102482	5
chr11:122100192:122102492	-1.25339027124412	-1.28205214230483	-0.0286618710607116	0.583745079958838	chr11	122100193	122100492	-	3.11083279234958	10.1842763491782	-1.25339027124412	ENST00000532319.2	lncRNA	ENSG00000255248	MIR100HG	lncRNA	122100192	122102492	chr11:122100192:122102492	5
chr11:122100232:122102532	-1.25893111816863	-1.2572602593081	0.00167085886053209	0.6432528648097	chr11	122100233	122100532	-	3.1132928907993	10.2370489980624	-1.25893111816863	ENST00000667484.1	lncRNA	ENSG00000255248	MIR100HG	lncRNA	122100232	122102532	chr11:122100232:122102532	5
chr11:122100239:122102539	-1.2595992940258	-1.16665142543386	0.0929478685919409	0.49225003648836	chr11	122100240	122100539	-	3.1132928907993	10.2427178291137	-1.2595992940258	ENST00000649544.1	lncRNA	ENSG00000255248	MIR100HG	lncRNA	122100239	122102539	chr11:122100239:122102539	5
chr11:125590818:125593118	-0.819404182938543	-0.546827933310503	0.27257624962804	0.312065289949014	chr11	125592819	125593118	+	8.11118627360092	15.8429783653653	-0.819404182938543	ENST00000534472.5	retained_intron	ENSG00000134910	STT3A	protein_coding	125590818	125593118	chr11:125590818:125593118	5
chr11:125590835:125593135	-0.819861886719933	-0.743469014667683	0.0763928720522502	0.300705550243827	chr11	125592836	125593135	+	8.11118627360092	15.8486400568926	-0.819861886719933	ENST00000529196.5	protein_coding	ENSG00000134910	STT3A	protein_coding	125590835	125593135	chr11:125590835:125593135	5
chr11:125590851:125593151	-0.819861886719933	-0.749960709424389	0.0699011772955437	0.315600576287917	chr11	125592852	125593151	+	8.11118627360092	15.8486400568926	-0.819861886719933	ENST00000392708.9	protein_coding	ENSG00000134910	STT3A	protein_coding	125590851	125593151	chr11:125590851:125593151	5
chr11:125590857:125593157	-0.819861886719933	-0.748445560903371	0.0714163258165618	0.323919150996219	chr11	125592858	125593157	+	8.11118627360092	15.8486400568926	-0.819861886719933	ENST00000649491.1	protein_coding	ENSG00000134910	STT3A	protein_coding	125590857	125593157	chr11:125590857:125593157	5
chr11:125590866:125593166	-0.819861886719933	-0.448933251674582	0.370928635045351	0.318728111852137	chr11	125592867	125593166	+	8.11118627360092	15.8486400568926	-0.819861886719933	ENST00000531491.5	protein_coding	ENSG00000134910	STT3A	protein_coding	125590866	125593166	chr11:125590866:125593166	5
chr11:35174574:35176874	-0.610087823325682	-0.378953301483768	0.231134521841914	0.172425813553186	chr11	35176575	35176874	+	19.55296031673	30.8974067156932	-0.610087823325682	ENST00000526000.6	protein_coding	ENSG00000026508	CD44	protein_coding	35174574	35176874	chr11:35174574:35176874	2
chr11:35174627:35176927	-0.641545169256613	-0.529899841370501	0.111645327886112	0.265099200686415	chr11	35176628	35176927	+	17.2131735241785	27.9725328344021	-0.641545169256613	ENST00000279452.10	protein_coding	ENSG00000026508	CD44	protein_coding	35174627	35176927	chr11:35174627:35176927	6
chr11:35174640:35176940	-0.65919255867693	-0.80397223109475	-0.14477967241782	0.242512560704876	chr11	35176641	35176940	+	15.9970987908668	26.4209920868861	-0.65919255867693	ENST00000527889.6	protein_coding	ENSG00000026508	CD44	protein_coding	35174640	35176940	chr11:35174640:35176940	3
chr11:35174661:35176961	-0.712331670289028	-0.387117359488412	0.325214310800616	0.168692398199866	chr11	35176662	35176961	+	14.3537117790167	24.794739490604	-0.712331670289028	ENST00000531118.5	retained_intron	ENSG00000026508	CD44	protein_coding	35174661	35176961	chr11:35174661:35176961	2
chr11:35174698:35176998	-0.719558286511024	-0.365353801928203	0.354204484582821	0.221542742966258	chr11	35176699	35176998	+	12.9008856975254	22.5369575288064	-0.719558286511024	ENST00000528455.5	protein_coding	ENSG00000026508	CD44	protein_coding	35174698	35176998	chr11:35174698:35176998	2
chr11:35178278:35180578	-1.06495980889543	-0.644431964434527	0.420527844460903	0.297908238649252	chr11	35180279	35180578	+	16.2415596448418	36.1633784619978	-1.06495980889543	ENST00000531873.5	protein_coding	ENSG00000026508	CD44	protein_coding	35178278	35180578	chr11:35178278:35180578	2
chr11:35178357:35180657	-1.12842727821031	-0.633987469983806	0.494439808226504	0.255779316614199	chr11	35180358	35180657	+	11.972210994702	28.5460876761068	-1.12842727821031	ENST00000525209.5	lncRNA	ENSG00000026508	CD44	protein_coding	35178357	35180657	chr11:35178357:35180657	2
chr11:35178382:35180682	-1.00200646280393	-0.621842275090046	0.380164187713884	0.230443677080969	chr11	35180383	35180682	+	10.1757673229696	22.3854256899772	-1.00200646280393	ENST00000639002.1	protein_coding	ENSG00000026508	CD44	protein_coding	35178382	35180682	chr11:35178382:35180682	2
chr11:35184842:35187142	-1.1126494587322	-1.07014209436477	0.0425073643674339	0.470153493308705	chr11	35186843	35187142	+	11.9214615191636	28.1041031234816	-1.1126494587322	ENST00000531110.6	protein_coding	ENSG00000026508	CD44	protein_coding	35184842	35187142	chr11:35184842:35187142	6
chr11:35184861:35187161	-1.0689679154673	-0.942737558041425	0.126230357425875	0.456751197012572	chr11	35186862	35187161	+	11.4455516869686	26.207853115996	-1.0689679154673	ENST00000525685.6	protein_coding	ENSG00000026508	CD44	protein_coding	35184861	35187161	chr11:35184861:35187161	6
chr11:35187834:35190134	-1.31024196826435	-0.832989331188087	0.477252637076263	0.363570907792013	chr11	35189835	35190134	+	21.1012365786627	55.2871691059113	-1.31024196826435	ENST00000534296.5	retained_intron	ENSG00000026508	CD44	protein_coding	35187834	35190134	chr11:35187834:35190134	5
chr11:35187881:35190181	-1.30676978812309	-1.2779116176741	0.0288581704489927	0.53736705250546	chr11	35189882	35190181	+	19.5107211003027	51.21473123617	-1.30676978812309	ENST00000525688.5	protein_coding	ENSG00000026508	CD44	protein_coding	35187881	35190181	chr11:35187881:35190181	5
chr11:35187890:35190190	-1.29304495439526	-1.25190357926459	0.0411413751306684	0.535394717574153	chr11	35189891	35190190	+	19.1363085174223	49.7934041902844	-1.29304495439526	ENST00000278385.10	protein_coding	ENSG00000026508	CD44	protein_coding	35187890	35190190	chr11:35187890:35190190	5
chr11:35187899:35190199	-1.28685042537415	-1.26087698171072	0.0259734436634322	0.493483346768858	chr11	35189900	35190199	+	18.8104403918607	48.7763932534799	-1.28685042537415	ENST00000533222.5	protein_coding	ENSG00000026508	CD44	protein_coding	35187899	35190199	chr11:35187899:35190199	5
chr11:35187925:35190225	-1.24379500130475	-1.26537107428635	-0.0215760729816032	0.494573135827435	chr11	35189926	35190225	+	17.5493452526764	44.2968902360216	-1.24379500130475	ENST00000525241.1	retained_intron	ENSG00000026508	CD44	protein_coding	35187925	35190225	chr11:35187925:35190225	5
chr11:35525297:35527597	-1.05933123758101	-1.03489966910921	0.0244315684718002	0.473608510797764	chr11	35525298	35525597	-	0.512728156119438	3.23643822037516	-1.05933123758101	ENST00000534803.1	lncRNA	ENSG00000149090	PAMR1	protein_coding	35525297	35527597	chr11:35525297:35527597	1
chr11:35525303:35527603	-1.05933123758101	-1.00713637498093	0.052194862600077	0.481153384808121	chr11	35525304	35525603	-	0.512728156119438	3.23643822037516	-1.05933123758101	ENST00000529303.1	protein_coding	ENSG00000149090	PAMR1	protein_coding	35525303	35527603	chr11:35525303:35527603	3
chr11:35525323:35527623	-1.06749247943834	-1.00135747244264	0.0661350069957045	0.435084669515155	chr11	35525324	35525623	-	0.515793448574109	3.27256859212656	-1.06749247943834	ENST00000622144.4	protein_coding	ENSG00000149090	PAMR1	protein_coding	35525323	35527623	chr11:35525323:35527623	1
chr11:35525435:35527735	-1.07600577276468	-0.793348105738021	0.282657667026659	0.423682087394529	chr11	35525436	35525735	-	0.515793448574109	3.30377381617447	-1.07600577276468	ENST00000527605.5	protein_coding	ENSG00000149090	PAMR1	protein_coding	35525435	35527735	chr11:35525435:35527735	3
chr11:57426179:57428479	-0.555809067715384	-0.441562113596825	0.114246954118559	0.269652906437365	chr11	57426180	57426479	-	0.748149606013321	2.03976007517022	-0.555809067715384	ENST00000528098.5	lncRNA	ENSG00000134802	SLC43A3	protein_coding	57426179	57428479	chr11:57426179:57428479	1
chr11:57426352:57428652	-0.569965458372774	-0.543451072168668	0.0265143862041062	0.373129001136416	chr11	57426353	57426652	-	0.524093239204884	1.74698619503071	-0.569965458372774	ENST00000529112.5	protein_coding	ENSG00000134802	SLC43A3	protein_coding	57426352	57428652	chr11:57426352:57428652	1
chr11:57426355:57428655	-0.574139057989394	-0.599893556959265	-0.0257544989698709	0.367450634254852	chr11	57426356	57426655	-	0.524093239204884	1.75784161621938	-0.574139057989394	ENST00000529896.1	protein_coding	ENSG00000134802	SLC43A3	protein_coding	57426355	57428655	chr11:57426355:57428655	1
chr11:57426452:57428752	-0.581987085397506	-0.180153228750284	0.401833856647222	0.321373756707015	chr11	57426453	57426752	-	0.521105787969505	1.7738674233908	-0.581987085397506	ENST00000529554.5	protein_coding	ENSG00000134802	SLC43A3	protein_coding	57426452	57428752	chr11:57426452:57428752	1
chr11:57595680:57597980	-0.926842682923867	-0.77412010395957	0.152722578964297	0.303703901310735	chr11	57597681	57597980	+	8.76185113049747	18.4594723445276	-0.926842682923867	ENST00000457869.1	protein_coding	ENSG00000149131	SERPING1	protein_coding	57595680	57597980	chr11:57595680:57597980	1
chr11:57595682:57597982	-0.926472566594451	-0.865755549905916	0.0607170166885347	0.356494684890049	chr11	57597683	57597982	+	8.76185113049747	18.4542242405657	-0.926472566594451	ENST00000340687.10	protein_coding	ENSG00000149131	SERPING1	protein_coding	57595682	57597982	chr11:57595682:57597982	1
chr11:57595687:57597987	-0.927694020307693	-0.818576765990671	0.109117254317022	0.309931838267568	chr11	57597688	57597987	+	8.76754938348077	18.4823884904274	-0.927694020307693	ENST00000378323.8	protein_coding	ENSG00000149131	SERPING1	protein_coding	57595687	57597987	chr11:57595687:57597987	1
chr11:57595689:57597989	-0.929277603758098	-0.813431388612984	0.115846215145114	0.308405551652098	chr11	57597690	57597989	+	8.76754938348077	18.5048834589341	-0.929277603758098	ENST00000378324.6	protein_coding	ENSG00000149131	SERPING1	protein_coding	57595689	57597989	chr11:57595689:57597989	1
chr11:57595802:57598102	-0.744033197151659	-0.545825302164043	0.198207894987616	0.307146744036069	chr11	57597803	57598102	+	0.141040110438449	1.58592426999821	-0.744033197151659	ENST00000403558.1	protein_coding	ENSG00000149131	SERPING1	protein_coding	57595802	57598102	chr11:57595802:57598102	1
chr11:57596232:57598532	-1.25056606112264	-1.22820894431281	0.0223571168098304	0.492378412872601	chr11	57598233	57598532	+	11.9006686482798	31.0745228152874	-1.25056606112264	ENST00000531797.5	nonsense_mediated_decay	ENSG00000149131	SERPING1	protein_coding	57596232	57598532	chr11:57596232:57598532	1
chr11:57596270:57598570	-1.25034038196599	-1.21464075824744	0.0356996237185481	0.538506091519688	chr11	57598271	57598570	+	11.8940398477463	31.0535796559539	-1.25034038196599	ENST00000531133.5,ENST00000619430.1	nonsense_mediated_decay,protein_coding	ENSG00000149131	SERPING1	protein_coding	57596270	57598570	chr11:57596270:57598570	1
chr11:61792294:61794594	-1.98044994650175	-1.91531216746234	0.0651377790394059	0.483359766997733	chr11	61792295	61792594	-	10.3467234369613	46.7221628448314	-1.98044994650175	ENST00000545210.5	nonsense_mediated_decay	ENSG00000134825	TMEM258	protein_coding	61792294	61794594	chr11:61792294:61794594	4
chr11:61792299:61794599	-1.98093201795898	-1.96935196104982	0.0115800569091622	0.50834681655437	chr11	61792300	61792599	-	10.3425985120943	46.7221628448314	-1.98093201795898	ENST00000537328.6	protein_coding	ENSG00000134825	TMEM258	protein_coding	61792299	61794599	chr11:61792299:61794599	4
chr11:61792301:61794601	-1.98093201795898	-2.03842481977813	-0.0574928018191534	0.49463211341112	chr11	61792302	61792601	-	10.3425985120943	46.7221628448314	-1.98093201795898	ENST00000257262.12	nonsense_mediated_decay	ENSG00000134825	TMEM258	protein_coding	61792301	61794601	chr11:61792301:61794601	2
chr11:61792302:61794602	-1.98093201795898	-1.97511701460369	0.00581500335529372	0.494512583408398	chr11	61792303	61792602	-	10.3425985120943	46.7221628448314	-1.98093201795898	ENST00000540434.1	retained_intron	ENSG00000134825	TMEM258	protein_coding	61792302	61794602	chr11:61792302:61794602	4
chr11:61792316:61794616	-1.97963846256041	-1.55716927330473	0.422469189255682	0.425818367518571	chr11	61792317	61792616	-	10.3467234369613	46.6947654155158	-1.97963846256041	ENST00000535297.1	nonsense_mediated_decay	ENSG00000134825	TMEM258	protein_coding	61792316	61794616	chr11:61792316:61794616	4
chr11:69645956:69648256	-0.641766166925375	-0.341006753235256	0.300759413690119	0.294227063655984	chr11	69647957	69648256	+	7.37071521555925	12.6205464848768	-0.641766166925375	ENST00000542367.1	retained_intron	ENSG00000110092	CCND1	protein_coding	69645956	69648256	chr11:69645956:69648256	2
chr11:75397514:75399814	-1.57914431817239	-1.51893383740543	0.0602104807669626	0.327450139564283	chr11	75399515	75399814	+	196.237457467848	590.318812237602	-1.57914431817239	ENST00000529173.5	retained_intron	ENSG00000149273	RPS3	protein_coding	75397514	75399814	chr11:75397514:75399814	6
chr11:75397517:75399817	-1.57914431817239	-1.49622127204134	0.082923046131046	0.361681324056454	chr11	75399518	75399817	+	196.237457467848	590.318812237602	-1.57914431817239	ENST00000528439.5,ENST00000531188.6	nonsense_mediated_decay,protein_coding	ENSG00000149273	RPS3	protein_coding	75397517	75399817	chr11:75397517:75399817	6
chr11:75397518:75399818	-1.57914431817239	-1.54395081067324	0.0351935074991543	0.348998449720588	chr11	75399519	75399818	+	196.237457467848	590.318812237602	-1.57914431817239	ENST00000530164.5,ENST00000530721.5	protein_coding,nonsense_mediated_decay	ENSG00000149273	RPS3	protein_coding	75397518	75399818	chr11:75397518:75399818	6
chr11:75397519:75399819	-1.57914431817239	-1.55508841965985	0.0240558985125425	0.349908146900699	chr11	75399520	75399819	+	196.237457467848	590.318812237602	-1.57914431817239	ENST00000422465.6	protein_coding	ENSG00000149273	RPS3	protein_coding	75397519	75399819	chr11:75397519:75399819	6
chr11:75397529:75399829	-1.57916231131525	-1.6648977608265	-0.0857354495112463	0.415211801910227	chr11	75399530	75399829	+	196.240786647656	590.336147088715	-1.57916231131525	ENST00000278572.10,ENST00000532872.5	protein_coding,nonsense_mediated_decay	ENSG00000149273	RPS3	protein_coding	75397529	75399829	chr11:75397529:75399829	6
chr11:75397530:75399830	-1.57916231131525	-1.43666165166255	0.142500659652701	0.364775409467681	chr11	75399531	75399830	+	196.240786647656	590.336147088715	-1.57916231131525	ENST00000527446.5,ENST00000534440.5	protein_coding	ENSG00000149273	RPS3	protein_coding	75397530	75399830	chr11:75397530:75399830	6
chr11:75397536:75399836	-1.57914853172137	-1.57690522727055	0.00224330445082499	0.457668962887888	chr11	75399537	75399836	+	196.242680111276	590.336147088715	-1.57914853172137	ENST00000526608.5	protein_coding	ENSG00000149273	RPS3	protein_coding	75397536	75399836	chr11:75397536:75399836	6
chr11:75397541:75399841	-1.57911276018029	-1.17897060651442	0.400142153665869	0.35291587152771	chr11	75399542	75399841	+	196.251231934621	590.3470119845	-1.57911276018029	ENST00000527273.5	protein_coding	ENSG00000149273	RPS3	protein_coding	75397541	75399841	chr11:75397541:75399841	6
chr11:75397542:75399842	-1.57911276018029	-1.24290013844813	0.336212621732165	0.35417985343692	chr11	75399543	75399842	+	196.251231934621	590.3470119845	-1.57911276018029	ENST00000524851.5	protein_coding	ENSG00000149273	RPS3	protein_coding	75397542	75399842	chr11:75397542:75399842	6
chr11:75398691:75400991	-1.62980821009961	-1.23406000131188	0.39574820878773	0.494879260847784	chr11	75400692	75400991	+	232.326214764637	723.173684074789	-1.62980821009961	ENST00000525690.1,ENST00000525933.1	nonsense_mediated_decay,protein_coding	ENSG00000149273	RPS3	protein_coding	75398691	75400991	chr11:75398691:75400991	6
chr11:75398694:75400994	-1.62980821009961	-1.38695223617983	0.242855973919783	0.463199616903013	chr11	75400695	75400994	+	232.326214764637	723.173684074789	-1.62980821009961	ENST00000530170.1	nonsense_mediated_decay	ENSG00000149273	RPS3	protein_coding	75398694	75400994	chr11:75398694:75400994	6
chr11:9662076:9664376	-0.607430116926956	-0.601023134471085	0.00640698245587124	0.614769466084643	chr11	9664077	9664376	+	2.07177381455685	4.20352205482426	-0.607430116926956	ENST00000318950.11,ENST00000447399.6	protein_coding	ENSG00000133789	SWAP70	protein_coding	9662076	9664376	chr11:9662076:9664376	1
chr11:9662080:9664380	-0.607430116926956	-0.556586498105787	0.0508436188211688	0.633574067244518	chr11	9664081	9664380	+	2.07177381455685	4.20352205482426	-0.607430116926956	ENST00000526358.5	nonsense_mediated_decay	ENSG00000133789	SWAP70	protein_coding	9662080	9664380	chr11:9662080:9664380	1
chr11:9662101:9664401	-0.607430116926956	-0.256973852474354	0.350456264452602	0.544945762168938	chr11	9664102	9664401	+	2.07177381455685	4.20352205482426	-0.607430116926956	ENST00000531814.5	retained_intron	ENSG00000133789	SWAP70	protein_coding	9662101	9664401	chr11:9662101:9664401	1
chr11:9773644:9775944	-0.866942340858396	-0.905410602527299	-0.0384682616689033	0.433771149254357	chr11	9775645	9775944	+	0.200440926343195	2.01314972516243	-0.866942340858396	ENST00000525636.5	lncRNA	ENSG00000246273	SBF2-AS1	lncRNA	9773644	9775944	chr11:9773644:9775944	1
chr11:9773730:9776030	-0.862950753378407	-0.561303507761752	0.301647245616655	0.414862418705188	chr11	9775731	9776030	+	0.200440926343195	2.00206165869878	-0.862950753378407	ENST00000534671.1	lncRNA	ENSG00000246273	SBF2-AS1	lncRNA	9773730	9776030	chr11:9773730:9776030	1
chr12:101875682:101877982	-0.528061752718003	-0.367698540194633	0.16036321252337	0.60427643798504	chr12	101877683	101877982	+	0.634532268643316	1.79897074755949	-0.528061752718003	ENST00000544152.5	protein_coding	ENSG00000136048	DRAM1	protein_coding	101875682	101877982	chr12:101875682:101877982	1
chr12:101875690:101877990	-0.528061752718003	-0.533714700221805	-0.00565294750380174	0.539728747078291	chr12	101877691	101877990	+	0.634532268643316	1.79897074755949	-0.528061752718003	ENST00000551403.1	nonsense_mediated_decay	ENSG00000136048	DRAM1	protein_coding	101875690	101877990	chr12:101875690:101877990	1
chr12:101875796:101878096	-0.530113023066902	-0.413500284675863	0.116612738391039	0.322583061111268	chr12	101877797	101878096	+	0.634532268643316	1.80437608855248	-0.530113023066902	ENST00000549365.1	nonsense_mediated_decay	ENSG00000136048	DRAM1	protein_coding	101875796	101878096	chr12:101875796:101878096	3
chr12:101906313:101908613	-0.584519330049901	-0.210904007668073	0.373615322381828	0.259054831559944	chr12	101908314	101908613	+	0.906417748941651	2.35828762807012	-0.584519330049901	ENST00000549066.1	protein_coding	ENSG00000136048	DRAM1	protein_coding	101906313	101908613	chr12:101906313:101908613	3
chr12:10210921:10213221	-0.619188846266506	-0.496656091834932	0.122532754431574	0.347689404755121	chr12	10212922	10213221	+	8.02280026224235	13.3951346383309	-0.619188846266506	ENST00000537201.5	nonsense_mediated_decay	ENSG00000139112	GABARAPL1	protein_coding	10210921	10213221	chr12:10210921:10213221	1
chr12:10210927:10213227	-0.618657782960988	-0.751863071922841	-0.133205288961853	0.367988023531418	chr12	10212928	10213227	+	8.02280026224235	13.3894686546906	-0.618657782960988	ENST00000545887.1	protein_coding	ENSG00000139112	GABARAPL1	protein_coding	10210927	10213227	chr12:10210927:10213227	1
chr12:130951978:130954278	-0.609136108593334	-0.367311952733036	0.241824155860298	0.371534976146714	chr12	130953979	130954278	+	0.589715027749011	1.95021030003314	-0.609136108593334	ENST00000543826.5	lncRNA	ENSG00000111452	ADGRD1	protein_coding	130951978	130954278	chr12:130951978:130954278	3
chr12:13194782:13197082	-1.79300933851513	-1.75845991417052	0.0345494243446092	0.721488476126142	chr12	13196783	13197082	+	17.1855309842767	64.484960758599	-1.79300933851513	ENST00000538364.5	protein_coding	ENSG00000134531	EMP1	protein_coding	13194782	13197082	chr12:13194782:13197082	1
chr12:13194785:13197085	-1.79269881902141	-1.75142580813991	0.0412730108815027	0.635813788330999	chr12	13196786	13197085	+	17.1855309842767	64.4706523606552	-1.79269881902141	ENST00000396301.7,ENST00000535134.5,ENST00000541935.5	protein_coding,lncRNA,retained_intron	ENSG00000134531	EMP1	protein_coding	13194785	13197085	chr12:13194785:13197085	1
chr12:42464780:42467080	-0.534235646353382	-0.251026477746645	0.283209168606737	0.29884573651227	chr12	42464781	42465080	-	1.03284140517342	2.39208417525061	-0.534235646353382	ENST00000640361.1	lncRNA	ENSG00000139174	PRICKLE1	protein_coding	42464780	42467080	chr12:42464780:42467080	2
chr12:53045703:53048003	-0.875061081436044	-0.737985020955337	0.137076060480707	0.358355261692424	chr12	53045704	53046003	-	1.22593832605915	3.91664747248377	-0.875061081436044	ENST00000607643.1	lncRNA	ENSG00000257337	AC068888.1	lncRNA	53045703	53048003	chr12:53045703:53048003	3
chr12:53045731:53048031	-1.09825953934134	-0.924338466618956	0.173921072722384	0.371438261845278	chr12	53045732	53046031	-	1.57906215454379	5.66263792657583	-1.09825953934134	ENST00000658354.1	lncRNA	ENSG00000257337	AC068888.1	lncRNA	53045731	53048031	chr12:53045731:53048031	3
chr12:53045750:53048050	-1.14321639593384	-0.987262782333763	0.155953613600077	0.431895757449775	chr12	53045751	53046050	-	1.6705171478592	6.10717754498774	-1.14321639593384	ENST00000656120.1	lncRNA	ENSG00000257337	AC068888.1	lncRNA	53045750	53048050	chr12:53045750:53048050	3
chr12:53045761:53048061	-1.16916173159647	-0.867910156141293	0.301251575455177	0.444984485026303	chr12	53045762	53046061	-	1.68468329465216	6.2861523950597	-1.16916173159647	ENST00000546767.5	lncRNA	ENSG00000257337	AC068888.1	lncRNA	53045761	53048061	chr12:53045761:53048061	3
chr12:53046736:53049036	-1.18989655906803	-0.729996774406344	0.459899784661686	0.607159770196608	chr12	53046737	53047036	-	1.61442819513443	6.2458258320631	-1.18989655906803	ENST00000660006.1	lncRNA	ENSG00000257337	AC068888.1	lncRNA	53046736	53049036	chr12:53046736:53049036	3
chr12:53046750:53049050	-1.18906506712135	-0.986584336893001	0.202480730228349	0.590732984139399	chr12	53046751	53047050	-	1.61651195787269	6.2458258320631	-1.18906506712135	ENST00000670565.1	lncRNA	ENSG00000257337	AC068888.1	lncRNA	53046750	53049050	chr12:53046750:53049050	3
chr12:53046769:53049069	-1.18906506712135	-1.21651886718838	-0.0274538000670328	0.574642414631866	chr12	53046770	53047069	-	1.61651195787269	6.2458258320631	-1.18906506712135	ENST00000667771.1	lncRNA	ENSG00000257337	AC068888.1	lncRNA	53046769	53049069	chr12:53046769:53049069	3
chr12:53046771:53049071	-1.18906506712135	-1.1684728872622	0.0205921798591515	0.580515422632611	chr12	53046772	53047071	-	1.61651195787269	6.2458258320631	-1.18906506712135	ENST00000546566.6,ENST00000552905.6	lncRNA	ENSG00000257337	AC068888.1	lncRNA	53046771	53049071	chr12:53046771:53049071	3
chr12:53046795:53049095	-1.18989655906803	-0.754650831078201	0.435245727989829	0.330093619529562	chr12	53046796	53047095	-	1.61442819513443	6.2458258320631	-1.18989655906803	ENST00000663863.1	lncRNA	ENSG00000257337	AC068888.1	lncRNA	53046795	53049095	chr12:53046795:53049095	3
chr12:53095666:53097966	-0.842097732955554	-0.729760754006721	0.112336978948833	0.525396842137173	chr12	53097667	53097966	+	2.23442059876598	5.59085456158126	-0.842097732955554	ENST00000301464.4,ENST00000548176.1	protein_coding,nonsense_mediated_decay	ENSG00000167779	IGFBP6	protein_coding	53095666	53097966	chr12:53095666:53097966	1
chr12:53450101:53452401	-1.03740011694697	-1.07836221830635	-0.0409621013593837	0.35716677440685	chr12	53452102	53452401	+	5.37775239411523	13.1430246192581	-1.03740011694697	ENST00000359282.9,ENST00000437231.5,ENST00000447282.5	protein_coding	ENSG00000197111	PCBP2	protein_coding	53450101	53452401	chr12:53450101:53452401	3
chr12:53450125:53452425	-1.0367830860882	-1.05415883797729	-0.01737575188909	0.454207548045663	chr12	53452126	53452425	+	5.38346572548148	13.1482711790975	-1.0367830860882	ENST00000549863.5	protein_coding	ENSG00000197111	PCBP2	protein_coding	53450125	53452425	chr12:53450125:53452425	3
chr12:53450128:53452428	-1.037427680429	-0.973066184809445	0.0643614956195545	0.4589079606967	chr12	53452129	53452428	+	5.38016753909283	13.1482711790975	-1.037427680429	ENST00000359462.9	protein_coding	ENSG00000197111	PCBP2	protein_coding	53450128	53452428	chr12:53450128:53452428	3
chr12:53450324:53452624	-1.02324757609698	-0.961438798819252	0.0618087772777282	0.304344435833601	chr12	53452325	53452624	+	5.37826310730854	12.9962389348579	-1.02324757609698	ENST00000546463.5	protein_coding	ENSG00000197111	PCBP2	protein_coding	53450324	53452624	chr12:53450324:53452624	1
chr12:53450367:53452667	-1.02197566502895	-0.554704383788445	0.467271281240505	0.220090763057809	chr12	53452368	53452667	+	5.37496496318919	12.9763262188877	-1.02197566502895	ENST00000552296.6	protein_coding	ENSG00000197111	PCBP2	protein_coding	53450367	53452667	chr12:53450367:53452667	4
chr12:53452733:53455033	-0.863670774393227	-0.93566214347838	-0.0719913690851526	0.269115810486136	chr12	53454734	53455033	+	19.0247965038272	36.2580306260312	-0.863670774393227	ENST00000552819.5	protein_coding	ENSG00000197111	PCBP2	protein_coding	53452733	53455033	chr12:53452733:53455033	5
chr12:53452735:53455035	-0.863670774393227	-0.74851096153629	0.115159812856937	0.217905202180402	chr12	53454736	53455035	+	19.0247965038272	36.2580306260312	-0.863670774393227	ENST00000550910.1	retained_intron	ENSG00000197111	PCBP2	protein_coding	53452735	53455035	chr12:53452735:53455035	2
chr12:53452736:53455036	-0.863670774393227	-0.719827939584897	0.14384283480833	0.216628683870895	chr12	53454737	53455036	+	19.0247965038272	36.2580306260312	-0.863670774393227	ENST00000455667.7	protein_coding	ENSG00000197111	PCBP2	protein_coding	53452736	53455036	chr12:53452736:53455036	2
chr12:53452778:53455078	-0.840808237779083	-0.841641588855021	-0.000833351075937849	0.293714811618812	chr12	53454779	53455078	+	18.9983800838665	35.609217073651	-0.840808237779083	ENST00000439930.7	protein_coding	ENSG00000197111	PCBP2	protein_coding	53452778	53455078	chr12:53452778:53455078	5
chr12:53452784:53455084	-0.821934088458688	-0.801163915372408	0.0207701730862796	0.296695189852128	chr12	53454785	53455084	+	18.9884025916579	35.102758637471	-0.821934088458688	ENST00000548933.5	protein_coding	ENSG00000197111	PCBP2	protein_coding	53452784	53455084	chr12:53452784:53455084	5
chr12:53452809:53455109	-0.683459206190299	-0.658105074049908	0.0253541321403906	0.327744258081061	chr12	53454810	53455109	+	18.9154580514168	31.5899302486327	-0.683459206190299	ENST00000546652.6	nonsense_mediated_decay	ENSG00000197111	PCBP2	protein_coding	53452809	53455109	chr12:53452809:53455109	5
chr12:53452859:53455159	-0.567264553216705	-0.495284598997786	0.0719799542189192	0.266922066104598	chr12	53454860	53455159	+	16.5697667745617	25.515036628236	-0.567264553216705	ENST00000562264.5	protein_coding	ENSG00000197111	PCBP2	protein_coding	53452859	53455159	chr12:53452859:53455159	5
chr12:56114631:56116931	-2.13511219879463	-2.14300962903483	-0.00789743024019618	0.611642423876921	chr12	56116632	56116931	+	212.41176428036	939.849315225714	-2.13511219879463	ENST00000546485.5	lncRNA	ENSG00000229117	RPL41	protein_coding	56114631	56116931	chr12:56114631:56116931	5
chr12:56114632:56116932	-2.13511219879463	-2.16335116051213	-0.0282389617174963	0.578932546168151	chr12	56116633	56116932	+	212.41176428036	939.849315225714	-2.13511219879463	ENST00000358888.7,ENST00000546591.6	lncRNA,protein_coding	ENSG00000229117	RPL41	protein_coding	56114632	56116932	chr12:56114632:56116932	5
chr12:56114767:56117067	-2.12108663234726	-1.82879686276503	0.292289769582226	0.42883574130229	chr12	56116768	56117067	+	212.573181897579	931.439427600356	-2.12108663234726	ENST00000546654.1	lncRNA	ENSG00000229117	RPL41	protein_coding	56114767	56117067	chr12:56114767:56117067	3
chr12:56348612:56350912	-0.756396976274801	-0.363790020713586	0.392606955561215	0.3434571286554	chr12	56348613	56348912	-	3.309074931957	6.968442611843	-0.756396976274801	ENST00000557199.1	retained_intron	ENSG00000170581	STAT2	protein_coding	56348612	56350912	chr12:56348612:56350912	2
chr12:56359796:56362096	-0.868704064784966	-0.646010988234029	0.222693076550937	0.23025840212172	chr12	56359797	56360096	-	4.54603863537561	9.95320987915936	-0.868704064784966	ENST00000652741.1	nonsense_mediated_decay	ENSG00000170581	STAT2	protein_coding	56359796	56362096	chr12:56359796:56362096	3
chr12:56359800:56362100	-0.867978655573138	-0.983485918459487	-0.115507262886349	0.318949858205438	chr12	56359801	56360100	-	4.54933091171689	9.95320987915936	-0.867978655573138	ENST00000651078.1	retained_intron	ENSG00000170581	STAT2	protein_coding	56359800	56362100	chr12:56359800:56362100	3
chr12:56359806:56362106	-0.867978655573138	-0.973433892901833	-0.105455237328695	0.28540963512835	chr12	56359807	56360106	-	4.54933091171689	9.95320987915936	-0.867978655573138	ENST00000651301.1	nonsense_mediated_decay	ENSG00000170581	STAT2	protein_coding	56359806	56362106	chr12:56359806:56362106	3
chr12:56359807:56362107	-0.867978655573138	-0.888641145501579	-0.0206624899284414	0.31774668426058	chr12	56359808	56360107	-	4.54933091171689	9.95320987915936	-0.867978655573138	ENST00000314128.9,ENST00000555646.1	protein_coding,nonsense_mediated_decay	ENSG00000170581	STAT2	protein_coding	56359807	56362107	chr12:56359807:56362107	3
chr12:56359810:56362110	-0.866612044464379	-0.68755087151984	0.179061172944539	0.251857038654029	chr12	56359811	56360110	-	4.55553778749327	9.95320987915936	-0.866612044464379	ENST00000652398.1	nonsense_mediated_decay	ENSG00000170581	STAT2	protein_coding	56359810	56362110	chr12:56359810:56362110	3
chr12:56359817:56362117	-0.863530981255299	-0.798171656660672	0.0653593245946266	0.263437478595036	chr12	56359818	56360117	-	4.56955295274978	9.95320987915936	-0.863530981255299	ENST00000652624.1	nonsense_mediated_decay	ENSG00000170581	STAT2	protein_coding	56359817	56362117	chr12:56359817:56362117	3
chr12:56359826:56362126	-0.864164685131098	-0.8068672521881	0.0572974329429982	0.294604502703262	chr12	56359827	56360126	-	4.56955295274978	9.95846148055272	-0.864164685131098	ENST00000418572.7,ENST00000557235.5	nonsense_mediated_decay,protein_coding	ENSG00000170581	STAT2	protein_coding	56359826	56362126	chr12:56359826:56362126	3
chr12:56359831:56362131	-0.864164685131098	-0.749319080746695	0.114845604384403	0.310446232375606	chr12	56359832	56360131	-	4.56955295274978	9.95846148055272	-0.864164685131098	ENST00000651915.1	protein_coding	ENSG00000170581	STAT2	protein_coding	56359831	56362131	chr12:56359831:56362131	3
chr12:56359834:56362134	-0.862896994870731	-0.814123577561803	0.0487734173089281	0.34965346972627	chr12	56359835	56360134	-	4.56955295274978	9.94795824437437	-0.862896994870731	ENST00000651805.1	retained_intron	ENSG00000170581	STAT2	protein_coding	56359834	56362134	chr12:56359834:56362134	3
chr12:56359842:56362142	-0.862896994870731	-0.847262840119582	0.0156341547511494	0.27376764167662	chr12	56359843	56360142	-	4.56955295274978	9.94795824437437	-0.862896994870731	ENST00000650805.1	nonsense_mediated_decay	ENSG00000170581	STAT2	protein_coding	56359842	56362142	chr12:56359842:56362142	3
chr12:56359855:56362155	-0.862896994870731	-0.838071925637686	0.0248250692330453	0.256445387677526	chr12	56359856	56360155	-	4.56955295274978	9.94795824437437	-0.862896994870731	ENST00000557417.5	retained_intron	ENSG00000170581	STAT2	protein_coding	56359855	56362155	chr12:56359855:56362155	3
chr12:56359861:56362161	-0.862262725721051	-0.942433120215738	-0.0801703944946868	0.264789250535288	chr12	56359862	56360161	-	4.56955295274978	9.94270657614668	-0.862262725721051	ENST00000652091.1	retained_intron	ENSG00000170581	STAT2	protein_coding	56359861	56362161	chr12:56359861:56362161	3
chr12:56359865:56362165	-0.862262725721051	-0.84402757834863	0.018235147372421	0.257857360641721	chr12	56359866	56360165	-	4.56955295274978	9.94270657614668	-0.862262725721051	ENST00000556140.6	retained_intron	ENSG00000170581	STAT2	protein_coding	56359865	56362165	chr12:56359865:56362165	3
chr12:56359867:56362167	-0.862262725721051	-0.852980850386754	0.00928187533429692	0.29580478948336	chr12	56359868	56360167	-	4.56955295274978	9.94270657614668	-0.862262725721051	ENST00000651934.1	retained_intron	ENSG00000170581	STAT2	protein_coding	56359867	56362167	chr12:56359867:56362167	3
chr12:6451202:6453502	-0.884140733600477	-0.714610893392204	0.169529840208273	0.265827063458031	chr12	6451203	6451502	-	2.86893925469294	6.9864308643838	-0.884140733600477	ENST00000399492.6	lncRNA	ENSG00000215039	CD27-AS1	lncRNA	6451202	6453502	chr12:6451202:6453502	2
chr12:6451215:6453515	-0.885252545440949	-0.822716103951902	0.0625364414890471	0.352241683527991	chr12	6451216	6451515	-	2.87133343632595	6.99778118372183	-0.885252545440949	ENST00000504270.2	retained_intron	ENSG00000215039	CD27-AS1	lncRNA	6451215	6453515	chr12:6451215:6453515	2
chr12:6451217:6453517	-0.885252545440949	-0.872780366538023	0.012472178902926	0.357679520645561	chr12	6451218	6451517	-	2.87133343632595	6.99778118372183	-0.885252545440949	ENST00000535639.5	retained_intron	ENSG00000215039	CD27-AS1	lncRNA	6451217	6453517	chr12:6451217:6453517	2
chr12:6451219:6453519	-0.885252545440949	-0.898042018970419	-0.01278947352947	0.350708419021949	chr12	6451220	6451519	-	2.87133343632595	6.99778118372183	-0.885252545440949	ENST00000537003.2,ENST00000653829.1,ENST00000655473.1,ENST00000659623.1,ENST00000667738.1	retained_intron,lncRNA	ENSG00000215039	CD27-AS1	lncRNA	6451219	6453519	chr12:6451219:6453519	2
chr12:6451234:6453534	-0.885596035813702	-0.483123416411372	0.40247261940233	0.227961909052287	chr12	6451235	6451534	-	2.87324548389886	7.00345627589781	-0.885596035813702	ENST00000536388.5	retained_intron	ENSG00000215039	CD27-AS1	lncRNA	6451234	6453534	chr12:6451234:6453534	2
chr12:7935867:7938167	-0.988442737836039	-0.780096107828939	0.2083466300071	0.564350072020526	chr12	7935868	7936167	-	2.57957182565186	7.08606392428436	-0.988442737836039	ENST00000486749.5	retained_intron	ENSG00000059804	SLC2A3	protein_coding	7935867	7938167	chr12:7935867:7938167	1
chr12:7935869:7938169	-0.988442737836039	-0.942213420701161	0.0462293171348782	0.473189068381483	chr12	7935870	7936169	-	2.57957182565186	7.08606392428436	-0.988442737836039	ENST00000495813.5	retained_intron	ENSG00000059804	SLC2A3	protein_coding	7935869	7938169	chr12:7935869:7938169	1
chr12:7935884:7938184	-0.988442737836039	-0.942008607272713	0.0464341305633265	0.456666325864819	chr12	7935885	7936184	-	2.57957182565186	7.08606392428436	-0.988442737836039	ENST00000541671.1	retained_intron	ENSG00000059804	SLC2A3	protein_coding	7935884	7938184	chr12:7935884:7938184	1
chr12:7935886:7938186	-0.988442737836039	-0.998867795716922	-0.010425057880883	0.552369291955987	chr12	7935887	7936186	-	2.57957182565186	7.08606392428436	-0.988442737836039	ENST00000544291.1	protein_coding	ENSG00000059804	SLC2A3	protein_coding	7935886	7938186	chr12:7935886:7938186	1
chr12:7935887:7938187	-0.988442737836039	-0.989419412679364	-0.00097667484332542	0.522373246360859	chr12	7935888	7936187	-	2.57957182565186	7.08606392428436	-0.988442737836039	ENST00000075120.12,ENST00000476634.1,ENST00000544936.1	protein_coding,retained_intron,nonsense_mediated_decay	ENSG00000059804	SLC2A3	protein_coding	7935887	7938187	chr12:7935887:7938187	1
chr12:89603466:89605766	-0.515292165391899	-0.111092133342994	0.404200032048905	0.376631601277034	chr12	89603467	89603766	-	1.58433398049179	3.12302963121644	-0.515292165391899	ENST00000552275.1	retained_intron	ENSG00000070961	ATP2B1	protein_coding	89603466	89605766	chr12:89603466:89605766	3
chr12:89630454:89632754	-0.596788437800535	-0.395470315031908	0.201318122768627	0.27399331081554	chr12	89630455	89630754	-	2.99866647043563	5.55971426620083	-0.596788437800535	ENST00000393164.6	protein_coding	ENSG00000070961	ATP2B1	protein_coding	89630454	89632754	chr12:89630454:89632754	6
chr12:89655767:89658067	-0.639542135636215	-0.367030051922292	0.272512083713923	0.372798588807993	chr12	89655768	89656067	-	2.25192581461828	4.62379746923931	-0.639542135636215	ENST00000261173.6	protein_coding	ENSG00000070961	ATP2B1	protein_coding	89655767	89658067	chr12:89655767:89658067	2
chr12:89655811:89658111	-0.591685636163589	-0.128010204661479	0.46367543150211	0.193304287017614	chr12	89655812	89656111	-	2.12105274718004	4.21045326221451	-0.591685636163589	ENST00000359142.7	protein_coding	ENSG00000070961	ATP2B1	protein_coding	89655811	89658111	chr12:89655811:89658111	2
chr12:91111186:91113486	-1.66474638001682	-1.48538491925012	0.179361460766704	0.454181236039893	chr12	91111187	91111486	-	18.0992646950383	61.7263090175579	-1.66474638001682	ENST00000548071.1	lncRNA	ENSG00000139329	LUM	protein_coding	91111186	91113486	chr12:91111186:91113486	3
chr12:91111194:91113494	-1.66666184176615	-1.44281722940187	0.223844612364277	0.45269307396727	chr12	91111195	91111494	-	18.1052843938856	61.8300857224101	-1.66666184176615	ENST00000266718.5	protein_coding	ENSG00000139329	LUM	protein_coding	91111194	91113494	chr12:91111194:91113494	3
chr12:91179195:91181495	-2.36629043515892	-2.37126570461498	-0.00497526945606008	0.717429287021123	chr12	91179196	91179495	-	37.6104257736938	202.236759003596	-2.36629043515892	ENST00000550099.5	protein_coding	ENSG00000011465	DCN	protein_coding	91179195	91181495	chr12:91179195:91181495	3
chr12:91179213:91181513	-2.36646355851417	-2.33204849212264	0.0344150663915319	0.697749608129652	chr12	91179214	91179513	-	37.6083655157182	202.250644632191	-2.36646355851417	ENST00000546391.5	protein_coding	ENSG00000011465	DCN	protein_coding	91179213	91181513	chr12:91179213:91181513	3
chr12:91179233:91181533	-2.36659388247885	-2.34515810427763	0.0214357782012189	0.750184528205229	chr12	91179234	91179533	-	37.6037753357055	202.245423606761	-2.36659388247885	ENST00000551354.1	protein_coding	ENSG00000011465	DCN	protein_coding	91179233	91181533	chr12:91179233:91181533	3
chr12:91180181:91182481	-0.627424489693974	-0.72607520706233	-0.0986507173683558	0.544416147630823	chr12	91180182	91180481	-	0.222024871911884	1.43259453928602	-0.627424489693974	ENST00000548768.1	lncRNA	ENSG00000011465	DCN	protein_coding	91180181	91182481	chr12:91180181:91182481	1
chr12:91182505:91184805	-3.05752736038151	-2.77006781153474	0.287459548846774	0.726949570295776	chr12	91182506	91182805	-	16.9194333527911	155.512698886701	-3.05752736038151	ENST00000547568.6	protein_coding	ENSG00000011465	DCN	protein_coding	91182505	91184805	chr12:91182505:91184805	1
chr12:91182517:91184817	-3.05806235212355	-3.07561129939665	-0.0175489472731036	0.862601891709224	chr12	91182518	91182817	-	16.9265466250143	155.630362960473	-3.05806235212355	ENST00000052754.10	protein_coding	ENSG00000011465	DCN	protein_coding	91182517	91184817	chr12:91182517:91184817	1
chr12:9869054:9871354	-0.941430870235387	-1.21350463852181	-0.272073768286425	0.514813606073153	chr12	9869055	9869354	-	1.23066502065618	4.20427244143901	-0.941430870235387	ENST00000539028.1	retained_intron	ENSG00000110852	CLEC2B	protein_coding	9869054	9871354	chr12:9869054:9871354	6
chr12:9869086:9871386	-0.945340081679245	-0.643078813275404	0.302261268403841	0.477965003088417	chr12	9869087	9869386	-	1.23483257332998	4.2291319182942	-0.945340081679245	ENST00000540743.1	retained_intron	ENSG00000110852	CLEC2B	protein_coding	9869086	9871386	chr12:9869086:9871386	6
chr13:101450592:101452892	-0.788899558346024	-0.714109152953834	0.0747904053921902	0.309011284719773	chr13	101452593	101452892	+	4.32165499155767	8.92227786482054	-0.788899558346024	ENST00000618057.4	protein_coding	ENSG00000198542	ITGBL1	protein_coding	101450592	101452892	chr13:101450592:101452892	3
chr13:101450661:101452961	-0.729974598383166	-0.863045189353962	-0.133070590970796	0.388880989015497	chr13	101452662	101452961	+	4.31736020249019	8.4780360987259	-0.729974598383166	ENST00000622834.4	protein_coding	ENSG00000198542	ITGBL1	protein_coding	101450661	101452961	chr13:101450661:101452961	3
chr13:101450666:101452966	-0.726840436727907	-0.696707689405995	0.030132747321912	0.362737979859089	chr13	101452667	101452966	+	4.31736020249019	8.45529795059635	-0.726840436727907	ENST00000545560.6	protein_coding	ENSG00000198542	ITGBL1	protein_coding	101450666	101452966	chr13:101450666:101452966	3
chr13:101450674:101452974	-0.709550891580812	-0.748332746008771	-0.0387818544279588	0.431162078722855	chr13	101452675	101452974	+	4.29989937053407	8.3021937737728	-0.709550891580812	ENST00000376180.8	protein_coding	ENSG00000198542	ITGBL1	protein_coding	101450674	101452974	chr13:101450674:101452974	3
chr13:101596144:101598444	-1.23656581231046	-1.14478769939733	0.0917781129131261	0.363611671944993	chr13	101598145	101598444	+	15.9432185840231	40.2808538180313	-1.23656581231046	ENST00000490242.2	protein_coding	ENSG00000198542	ITGBL1	protein_coding	101596144	101598444	chr13:101596144:101598444	2
chr13:101596145:101598445	-1.23656581231046	-1.18927144217266	0.0472943701378017	0.430600929777775	chr13	101598146	101598445	+	15.9432185840231	40.2808538180313	-1.23656581231046	ENST00000474233.1	retained_intron	ENSG00000198542	ITGBL1	protein_coding	101596145	101598445	chr13:101596145:101598445	2
chr14:24159264:24161564	-0.690579796017693	-0.738356783871286	-0.0477769878535933	0.255149696826876	chr14	24161265	24161564	+	1.2391502895347	3.22776831006512	-0.690579796017693	ENST00000396864.8	protein_coding	ENSG00000213928	IRF9	protein_coding	24159264	24161564	chr14:24159264:24161564	3
chr14:24159272:24161572	-0.687646515033783	-0.740211282694334	-0.0525647676605507	0.272090861791154	chr14	24161273	24161572	+	1.2391502895347	3.21715003352955	-0.687646515033783	ENST00000557894.5	protein_coding	ENSG00000213928	IRF9	protein_coding	24159272	24161572	chr14:24159272:24161572	1
chr14:24159276:24161576	-0.687646515033783	-0.632341271479569	0.0553052435542142	0.257068142586134	chr14	24161277	24161576	+	1.2391502895347	3.21715003352955	-0.687646515033783	ENST00000561342.5	nonsense_mediated_decay	ENSG00000213928	IRF9	protein_coding	24159276	24161576	chr14:24159276:24161576	3
chr14:24159289:24161589	-0.688505760244764	-0.733056107346585	-0.0445503471018212	0.258586476092441	chr14	24161290	24161589	+	1.23722167978803	3.21715003352955	-0.688505760244764	ENST00000560365.5,ENST00000561009.5,ENST00000561415.1	retained_intron	ENSG00000213928	IRF9	protein_coding	24159289	24161589	chr14:24159289:24161589	3
chr14:24159292:24161592	-0.688505760244764	-0.721035595221255	-0.0325298349764915	0.273427634667124	chr14	24161293	24161592	+	1.23722167978803	3.21715003352955	-0.688505760244764	ENST00000559284.5	protein_coding	ENSG00000213928	IRF9	protein_coding	24159292	24161592	chr14:24159292:24161592	3
chr14:24159300:24161600	-0.688505760244764	-0.678396512503453	0.0101092477413107	0.310320032976232	chr14	24161301	24161600	+	1.23722167978803	3.21715003352955	-0.688505760244764	ENST00000560275.5	protein_coding	ENSG00000213928	IRF9	protein_coding	24159300	24161600	chr14:24159300:24161600	3
chr14:24159303:24161603	-0.688505760244764	-0.635374504519108	0.0531312557256561	0.257301400064308	chr14	24161304	24161603	+	1.23722167978803	3.21715003352955	-0.688505760244764	ENST00000561412.1	retained_intron	ENSG00000213928	IRF9	protein_coding	24159303	24161603	chr14:24159303:24161603	3
chr14:24159316:24161616	-0.687036770680889	-0.364963975769151	0.322072794911738	0.284379784275425	chr14	24161317	24161616	+	1.23722167978803	3.21184049946418	-0.687036770680889	ENST00000560852.1	nonsense_mediated_decay	ENSG00000213928	IRF9	protein_coding	24159316	24161616	chr14:24159316:24161616	3
chr14:24160995:24163295	-0.691060245381521	-0.801822173635297	-0.110761928253776	0.278300443608068	chr14	24162996	24163295	+	1.80518111878954	4.14334910978953	-0.691060245381521	ENST00000324076.4	protein_coding	ENSG00000213928	IRF9	protein_coding	24160995	24163295	chr14:24160995:24163295	3
chr14:35290316:35292616	-0.848269535034891	-0.447210116084252	0.401059418950639	0.215684918629706	chr14	35292317	35292616	+	41.6366810688326	76.5608702995166	-0.848269535034891	ENST00000622405.4,ENST00000627895.2,ENST00000628955.1	protein_coding	ENSG00000100902	PSMA6	protein_coding	35290316	35292616	chr14:35290316:35292616	5
chr14:35290381:35292681	-0.846877567373711	-0.819892284488619	0.0269852828850923	0.36198202824711	chr14	35292382	35292681	+	41.7187043052403	76.6326356249081	-0.846877567373711	ENST00000261479.9	protein_coding	ENSG00000100902	PSMA6	protein_coding	35290381	35292681	chr14:35290381:35292681	1
chr14:35290387:35292687	-0.846752534115098	-0.850617189059273	-0.00386465494417465	0.303689661174612	chr14	35292388	35292687	+	41.7224934143628	76.6326356249081	-0.846752534115098	ENST00000554843.5	retained_intron	ENSG00000100902	PSMA6	protein_coding	35290387	35292687	chr14:35290387:35292687	5
chr14:35290392:35292692	-0.846752534115098	-0.865027812725239	-0.0182752786101413	0.394704350215167	chr14	35292393	35292692	+	41.7224934143628	76.6326356249081	-0.846752534115098	ENST00000554620.5,ENST00000554961.5	nonsense_mediated_decay	ENSG00000100902	PSMA6	protein_coding	35290392	35292692	chr14:35290392:35292692	5
chr14:35290394:35292694	-0.846752534115098	-0.832085896569248	0.0146666375458504	0.322092029417885	chr14	35292395	35292694	+	41.7224934143628	76.6326356249081	-0.846752534115098	ENST00000556167.1	retained_intron	ENSG00000100902	PSMA6	protein_coding	35290394	35292694	chr14:35290394:35292694	5
chr14:35290397:35292697	-0.846752534115098	-0.852379708747299	-0.00562717463220086	0.335487481374987	chr14	35292398	35292697	+	41.7224934143628	76.6326356249081	-0.846752534115098	ENST00000553809.5	protein_coding	ENSG00000100902	PSMA6	protein_coding	35290397	35292697	chr14:35290397:35292697	5
chr14:35290442:35292742	-0.840026955978702	-0.668751289537071	0.171275666441631	0.293187801439656	chr14	35292443	35292742	+	41.7466926062382	76.3102364763867	-0.840026955978702	ENST00000553688.5	nonsense_mediated_decay	ENSG00000100902	PSMA6	protein_coding	35290442	35292742	chr14:35290442:35292742	1
chr14:35290450:35292750	-0.831666666684375	-0.662885501339767	0.168781165344608	0.289500035350184	chr14	35292451	35292750	+	41.7406777513696	75.8470430817959	-0.831666666684375	ENST00000555764.5	protein_coding	ENSG00000100902	PSMA6	protein_coding	35290450	35292750	chr14:35290450:35292750	1
chr14:35290472:35292772	-0.813766565899734	-0.700295108309442	0.113471457590292	0.292913516287471	chr14	35292473	35292772	+	41.7436722665716	74.8923944056794	-0.813766565899734	ENST00000556506.1	protein_coding	ENSG00000100902	PSMA6	protein_coding	35290472	35292772	chr14:35290472:35292772	1
chr14:49586051:49588351	-2.16931849692422	-1.71354511513163	0.455773381792592	0.45793463338845	chr14	49586052	49586351	-	42.9338294676339	200.117245278712	-2.16931849692422	ENST00000557367.2	retained_intron	ENSG00000213741	RPS29	protein_coding	49586051	49588351	chr14:49586051:49588351	2
chr15:24952926:24955226	-0.901346290008875	-0.705564783355085	0.19578150665379	0.386470057887961	chr15	24954927	24955226	+	12.1722139306687	24.470976908823	-0.901346290008875	ENST00000390687.8	protein_coding	ENSG00000128739	SNRPN	protein_coding	24952926	24955226	chr15:24952926:24955226	3
chr15:24952934:24955234	-0.901041495912167	-0.92818974429766	-0.0271482483854935	0.470410369023614	chr15	24954935	24955234	+	12.1782365195431	24.4766317155628	-0.901041495912167	ENST00000346403.10,ENST00000584968.5	protein_coding	ENSG00000128739	SNRPN	protein_coding	24952934	24955234	chr15:24952934:24955234	3
chr15:24952947:24955247	-0.901041495912167	-0.751770646630635	0.149270849281532	0.450278116988658	chr15	24954948	24955247	+	12.1782365195431	24.4766317155628	-0.901041495912167	ENST00000554227.6	protein_coding	ENSG00000128739	SNRPN	protein_coding	24952947	24955247	chr15:24952947:24955247	3
chr15:24953002:24955302	-0.90062183617119	-0.887615936960029	0.0130058992111608	0.412150460851683	chr15	24955003	24955302	+	12.1823613694742	24.4766317155628	-0.90062183617119	ENST00000579070.5	protein_coding	ENSG00000128739	SNRPN	protein_coding	24953002	24955302	chr15:24953002:24955302	3
chr15:24953004:24955304	-0.90062183617119	-0.832418139785648	0.0682036963855424	0.369145623680873	chr15	24955005	24955304	+	12.1823613694742	24.4766317155628	-0.90062183617119	ENST00000577565.1	protein_coding	ENSG00000128739	SNRPN	protein_coding	24953004	24955304	chr15:24953004:24955304	3
chr15:32682415:32684715	-0.67270083465644	-0.222942495767287	0.449758338889153	0.373359809923396	chr15	32684416	32684715	+	0.596495341398716	2.13895473718441	-0.67270083465644	ENST00000498607.2	retained_intron	ENSG00000166922	SCG5	protein_coding	32682415	32684715	chr15:32682415:32684715	1
chr15:32682439:32684739	-0.667773114935257	-0.417471808041119	0.250301306894138	0.534925381748267	chr15	32684440	32684739	+	0.598615170478377	2.12820929525312	-0.667773114935257	ENST00000475752.1	retained_intron	ENSG00000166922	SCG5	protein_coding	32682439	32684739	chr15:32682439:32684739	1
chr15:49421236:49423536	-1.54651276757819	-1.44807481294469	0.098437954633497	0.540385676487367	chr15	49423237	49423536	+	10.5476187421982	34.6528750168672	-1.54651276757819	ENST00000560270.1	protein_coding	ENSG00000140285	FGF7	protein_coding	49421236	49423536	chr15:49421236:49423536	6
chr15:49421241:49423541	-1.54651276757819	-1.49957950594508	0.0469332616331055	0.454387331101702	chr15	49423242	49423541	+	10.5476187421982	34.6528750168672	-1.54651276757819	ENST00000267843.9	protein_coding	ENSG00000140285	FGF7	protein_coding	49421241	49423541	chr15:49421241:49423541	6
chr15:49421257:49423557	-1.54437754288202	-1.54377598212114	0.000601560760880915	0.492993557032629	chr15	49423258	49423557	+	10.5476187421982	34.5986679701128	-1.54437754288202	ENST00000560765.6	nonsense_mediated_decay	ENSG00000140285	FGF7	protein_coding	49421257	49423557	chr15:49421257:49423557	6
chr15:49421259:49423559	-1.54437754288202	-1.41607257206959	0.128304970812433	0.469263531587179	chr15	49423260	49423559	+	10.5476187421982	34.5986679701128	-1.54437754288202	ENST00000560979.1	protein_coding	ENSG00000140285	FGF7	protein_coding	49421259	49423559	chr15:49421259:49423559	6
chr16:18790034:18792334	-2.13145415875818	-1.91666740306255	0.21478675569563	0.507063939478415	chr16	18790035	18790334	-	42.9037133949878	194.749616011565	-2.13145415875818	ENST00000322989.8,ENST00000562935.5,ENST00000569365.6,ENST00000572008.5	protein_coding,nonsense_mediated_decay	ENSG00000134419	RPS15A	protein_coding	18790034	18792334	chr16:18790034:18792334	5
chr16:18790040:18792340	-2.13141275399647	-2.11509726169915	0.0163154922973177	0.531498406111302	chr16	18790041	18790340	-	42.9037133949878	194.743969458524	-2.13141275399647	ENST00000573554.1	lncRNA	ENSG00000134419	RPS15A	protein_coding	18790040	18792340	chr16:18790040:18792340	5
chr16:18790062:18792362	-2.13185510701087	-1.82178243761526	0.310072669395613	0.45980680511903	chr16	18790063	18790362	-	42.8899473200188	194.743969458524	-2.13185510701087	ENST00000574723.5,ENST00000576008.5	nonsense_mediated_decay	ENSG00000134419	RPS15A	protein_coding	18790062	18792362	chr16:18790062:18792362	5
chr16:28596747:28599047	-0.549317343443519	-0.518479312587041	0.0308380308564783	0.570276532396637	chr16	28596748	28597047	-	0.600827107181374	1.80603239510427	-0.549317343443519	ENST00000533150.5	protein_coding	ENSG00000197165	SULT1A2	protein_coding	28596747	28599047	chr16:28596747:28599047	4
chr16:28596750:28599050	-0.549317343443519	-0.490246182602032	0.0590711608414868	0.569597824484068	chr16	28596751	28597050	-	0.600827107181374	1.80603239510427	-0.549317343443519	ENST00000335715.9	protein_coding	ENSG00000197165	SULT1A2	protein_coding	28596750	28599050	chr16:28596750:28599050	4
chr16:3063296:3065596	-0.609373938014534	-0.467028132187511	0.142345805827023	0.506190377930394	chr16	3065297	3065596	+	0.745847872677198	2.18905735316467	-0.609373938014534	ENST00000325568.9	protein_coding	ENSG00000008517	IL32	protein_coding	3063296	3065596	chr16:3063296:3065596	3
chr16:3063311:3065611	-0.608270892192178	-0.707473431410612	-0.0992025392184345	0.559744479036625	chr16	3065312	3065611	+	0.747948076879778	2.18905735316467	-0.608270892192178	ENST00000534507.5,ENST00000613483.4	protein_coding	ENSG00000008517	IL32	protein_coding	3063311	3065611	chr16:3063311:3065611	3
chr16:3063321:3065621	-0.610850723697696	-0.611146942282443	-0.000296218584747376	0.613779569733845	chr16	3065322	3065621	+	0.750048099940255	2.19976200953305	-0.610850723697696	ENST00000396887.7,ENST00000531965.5	protein_coding	ENSG00000008517	IL32	protein_coding	3063321	3065621	chr16:3063321:3065621	3
chr16:3063354:3065654	-0.622690899559189	-0.621280128723652	0.00141077083553676	0.514019596105293	chr16	3065355	3065654	+	0.825976874079588	2.35128212193957	-0.622690899559189	ENST00000532086.1	retained_intron	ENSG00000008517	IL32	protein_coding	3063354	3065654	chr16:3063354:3065654	3
chr16:3063357:3065657	-0.590442963110479	-0.670801186188671	-0.080358223078192	0.497031820891386	chr16	3065358	3065657	+	0.959671871881343	2.45640453686494	-0.590442963110479	ENST00000529699.5	protein_coding	ENSG00000008517	IL32	protein_coding	3063357	3065657	chr16:3063357:3065657	3
chr16:3063368:3065668	-0.702072575827204	-0.657639205960994	0.0444333698662098	0.470894583905525	chr16	3065369	3065668	+	1.00224211073546	2.88416825672663	-0.702072575827204	ENST00000440815.7,ENST00000526464.6	protein_coding	ENSG00000008517	IL32	protein_coding	3063368	3065668	chr16:3063368:3065668	3
chr16:3063376:3065676	-0.717270377131323	-0.792322257206509	-0.0750518800751864	0.491371303134913	chr16	3065377	3065676	+	1.00403104407714	2.93883269986107	-0.717270377131323	ENST00000529550.5	protein_coding	ENSG00000008517	IL32	protein_coding	3063376	3065676	chr16:3063376:3065676	3
chr16:3063379:3065679	-0.72152196746341	-0.692487287808494	0.0290346796549164	0.487847241052545	chr16	3065380	3065679	+	1.01496054692175	2.97143068045643	-0.72152196746341	ENST00000551122.5	protein_coding	ENSG00000008517	IL32	protein_coding	3063379	3065679	chr16:3063379:3065679	3
chr16:3063383:3065683	-0.73583518811238	-0.74794052007783	-0.0121053319654501	0.565837302449628	chr16	3065384	3065683	+	1.02604126596443	3.03945196165012	-0.73583518811238	ENST00000525643.6	protein_coding	ENSG00000008517	IL32	protein_coding	3063383	3065683	chr16:3063383:3065683	3
chr16:3063391:3065691	-0.738989196645279	-0.672672563595161	0.0663166330501176	0.54406514535339	chr16	3065392	3065691	+	1.02604126596443	3.05048122347794	-0.738989196645279	ENST00000548807.5	protein_coding	ENSG00000008517	IL32	protein_coding	3063391	3065691	chr16:3063391:3065691	3
chr16:3063403:3065703	-0.744478647370621	-0.685041123514037	0.0594375238565835	0.452944345436937	chr16	3065404	3065703	+	1.03130435546708	3.07855251327162	-0.744478647370621	ENST00000528163.6	protein_coding	ENSG00000008517	IL32	protein_coding	3063403	3065703	chr16:3063403:3065703	3
chr16:3063609:3065909	-0.599208581307813	-0.767730155456078	-0.168521574148265	0.471944818251508	chr16	3065610	3065909	+	1.07455763246957	2.6576022181446	-0.599208581307813	ENST00000444393.7,ENST00000530890.5	protein_coding	ENSG00000008517	IL32	protein_coding	3063609	3065909	chr16:3063609:3065909	3
chr16:3063613:3065913	-0.598419195924117	-0.701230073145709	-0.102810877221592	0.481606284497966	chr16	3065614	3065913	+	1.07246541111819	2.65188671874406	-0.598419195924117	ENST00000533097.6	protein_coding	ENSG00000008517	IL32	protein_coding	3063613	3065913	chr16:3063613:3065913	3
chr16:3063630:3065930	-0.597635682065533	-0.522354775273252	0.0752809067922808	0.469884369624644	chr16	3065631	3065930	+	1.06331282128524	2.63551099378886	-0.597635682065533	ENST00000008180.13,ENST00000534748.6	protein_coding,retained_intron	ENSG00000008517	IL32	protein_coding	3063630	3065930	chr16:3063630:3065930	3
chr16:3063638:3065938	-0.597635682065533	-0.59745228159997	0.000183400465563088	0.529636268146471	chr16	3065639	3065938	+	1.06331282128524	2.63551099378886	-0.597635682065533	ENST00000396890.6,ENST00000532247.5	protein_coding,retained_intron	ENSG00000008517	IL32	protein_coding	3063638	3065938	chr16:3063638:3065938	3
chr16:3063639:3065939	-0.597635682065533	-0.554782565672183	0.0428531163933501	0.529818340130599	chr16	3065640	3065939	+	1.06331282128524	2.63551099378886	-0.597635682065533	ENST00000525228.5,ENST00000548652.5	protein_coding	ENSG00000008517	IL32	protein_coding	3063639	3065939	chr16:3063639:3065939	3
chr16:3063640:3065940	-0.597635682065533	-0.602838518037193	-0.00520283597166049	0.489501763578977	chr16	3065641	3065940	+	1.06331282128524	2.63551099378886	-0.597635682065533	ENST00000525377.6	protein_coding	ENSG00000008517	IL32	protein_coding	3063640	3065940	chr16:3063640:3065940	3
chr16:3063652:3065952	-0.592716736675177	-0.546821688970799	0.0458950477043784	0.513987497096563	chr16	3065653	3065952	+	1.06122028812949	2.61657717055234	-0.592716736675177	ENST00000530538.6	protein_coding	ENSG00000008517	IL32	protein_coding	3063652	3065952	chr16:3063652:3065952	3
chr16:3063653:3065953	-0.590929120812127	-0.588135169656111	0.00279395115601599	0.540325487626614	chr16	3065654	3065953	+	1.06122028812949	2.61086040047989	-0.590929120812127	ENST00000549213.5	protein_coding	ENSG00000008517	IL32	protein_coding	3063653	3065953	chr16:3063653:3065953	3
chr16:3063661:3065961	-0.583074753138838	-0.611512837016516	-0.0284380838776778	0.499982648933935	chr16	3065662	3065961	+	1.06122028812949	2.5858260113708	-0.583074753138838	ENST00000548476.5,ENST00000552936.5	protein_coding	ENSG00000008517	IL32	protein_coding	3063661	3065961	chr16:3063661:3065961	3
chr16:3063662:3065962	-0.583074753138838	-0.564019039463108	0.0190557136757298	0.481286910297139	chr16	3065663	3065962	+	1.06122028812949	2.5858260113708	-0.583074753138838	ENST00000552664.5	protein_coding	ENSG00000008517	IL32	protein_coding	3063662	3065962	chr16:3063662:3065962	3
chr16:3063676:3065976	-0.580471960898248	-0.70080478568879	-0.120332824790542	0.52883694783175	chr16	3065677	3065976	+	1.06122028812949	2.57756009822958	-0.580471960898248	ENST00000552356.5	protein_coding	ENSG00000008517	IL32	protein_coding	3063676	3065976	chr16:3063676:3065976	3
chr16:3063711:3066011	-0.583802914361105	-0.647593453778373	-0.0637905394172682	0.583780680529124	chr16	3065712	3066011	+	1.05416057023327	2.57756009822958	-0.583802914361105	ENST00000551513.5	protein_coding	ENSG00000008517	IL32	protein_coding	3063711	3066011	chr16:3063711:3066011	3
chr16:3063783:3066083	-0.577004052565098	-0.477680066663862	0.0993239859012365	0.334236317668008	chr16	3065784	3066083	+	1.05206783201673	2.5529167467029	-0.577004052565098	ENST00000382213.7	protein_coding	ENSG00000008517	IL32	protein_coding	3063783	3066083	chr16:3063783:3066083	3
chr16:3063811:3066111	-0.521031037498665	-0.447353493794114	0.0736775437045505	0.333432508719647	chr16	3065812	3066111	+	0.926810761608015	2.19991609440398	-0.521031037498665	ENST00000548246.1	protein_coding	ENSG00000008517	IL32	protein_coding	3063811	3066111	chr16:3063811:3066111	3
chr16:30894606:30896906	-0.978515233349434	-0.697339556562426	0.281175676787008	0.29681952729481	chr16	30896607	30896906	+	0.482389218536318	2.89139024182677	-0.978515233349434	ENST00000279804.2	protein_coding	ENSG00000150281	CTF1	protein_coding	30894606	30896906	chr16:30894606:30896906	2
chr16:30894637:30896937	-0.980079979720422	-0.873780713494257	0.106299266226165	0.244306093511133	chr16	30896638	30896937	+	0.482389218536318	2.89669831945914	-0.980079979720422	ENST00000395019.3	protein_coding	ENSG00000150281	CTF1	protein_coding	30894637	30896937	chr16:30894637:30896937	3
chr16:55476829:55479129	-0.777084741485911	-0.358998284353086	0.418086457132825	0.418941948505599	chr16	55478830	55479129	+	0.189659226638429	1.75234142471859	-0.777084741485911	ENST00000568715.5	protein_coding	ENSG00000087245	MMP2	protein_coding	55476829	55479129	chr16:55476829:55479129	1
chr16:56680469:56682769	-1.59451226611266	-1.3387366561177	0.255775609994961	0.646898261449891	chr16	56682470	56682769	+	3.81066691893554	15.5477727673175	-1.59451226611266	ENST00000394485.5,ENST00000562939.1,ENST00000568370.1	protein_coding,retained_intron	ENSG00000187193	MT1X	protein_coding	56680469	56682769	chr16:56680469:56682769	3
chr16:56680480:56682780	-1.59451226611266	-1.3827264758	0.211785790312662	0.658388914743472	chr16	56682481	56682780	+	3.81066691893554	15.5477727673175	-1.59451226611266	ENST00000564974.1	nonsense_mediated_decay	ENSG00000187193	MT1X	protein_coding	56680480	56682780	chr16:56680480:56682780	3
chr16:66550562:66552862	-1.04555354107746	-1.02638623813449	0.0191673029429698	0.314579184707962	chr16	66552563	66552862	+	2.96818283613951	8.25511531112467	-1.04555354107746	ENST00000534692.1	nonsense_mediated_decay	ENSG00000217555	CKLF	protein_coding	66550562	66552862	chr16:66550562:66552862	3
chr16:66550566:66552866	-1.04555354107746	-1.10229054461092	-0.0567370035334553	0.316534402429607	chr16	66552567	66552866	+	2.96818283613951	8.25511531112467	-1.04555354107746	ENST00000264001.8	protein_coding	ENSG00000217555	CKLF	protein_coding	66550566	66552866	chr16:66550566:66552866	3
chr16:66550568:66552868	-1.04555354107746	-1.00293696667127	0.0426165744061948	0.299744921810988	chr16	66552569	66552868	+	2.96818283613951	8.25511531112467	-1.04555354107746	ENST00000345436.8,ENST00000351137.8,ENST00000362093.4	protein_coding	ENSG00000217555	CKLF	protein_coding	66550568	66552868	chr16:66550568:66552868	3
chr16:66550572:66552872	-1.04555354107746	-0.923839249711044	0.121714291366416	0.281850306057676	chr16	66552573	66552872	+	2.96818283613951	8.25511531112467	-1.04555354107746	ENST00000526149.1	retained_intron	ENSG00000217555	CKLF	protein_coding	66550572	66552872	chr16:66550572:66552872	3
chr16:66550581:66552881	-1.04555354107746	-0.640308411326265	0.405245129751195	0.272150517836249	chr16	66552582	66552881	+	2.96818283613951	8.25511531112467	-1.04555354107746	ENST00000417030.2	protein_coding	ENSG00000217555	CKLF	protein_coding	66550581	66552881	chr16:66550581:66552881	3
chr17:19386890:19389190	-0.729047961288816	-0.461672791132875	0.267375170155941	0.216666630943463	chr17	19386891	19387190	-	11.9721637483861	21.1594889289217	-0.729047961288816	ENST00000395592.6,ENST00000571210.1	protein_coding,retained_intron	ENSG00000166482	MFAP4	protein_coding	19386890	19389190	chr17:19386890:19389190	1
chr17:27629147:27631447	-0.577827506066353	-0.366149482586262	0.211678023480091	0.329092030248739	chr17	27631148	27631447	+	0.0980523981736578	1.13155282464192	-0.577827506066353	ENST00000313648.10	protein_coding	ENSG00000168961	LGALS9	protein_coding	27629147	27631447	chr17:27629147:27631447	2
chr17:27629166:27631466	-0.577827506066353	-0.540995133249183	0.0368323728171704	0.39870970076082	chr17	27631167	27631466	+	0.0980523981736578	1.13155282464192	-0.577827506066353	ENST00000580779.5	nonsense_mediated_decay	ENSG00000168961	LGALS9	protein_coding	27629166	27631466	chr17:27629166:27631466	3
chr17:27629187:27631487	-0.577827506066353	-0.417459735395782	0.160367770670571	0.341952685918662	chr17	27631188	27631487	+	0.0980523981736578	1.13155282464192	-0.577827506066353	ENST00000395473.7,ENST00000579930.5	protein_coding,retained_intron	ENSG00000168961	LGALS9	protein_coding	27629187	27631487	chr17:27629187:27631487	3
chr17:27629192:27631492	-0.577827506066353	-0.602415185931907	-0.0245876798655544	0.354312381168581	chr17	27631193	27631492	+	0.0980523981736578	1.13155282464192	-0.577827506066353	ENST00000577392.5	protein_coding	ENSG00000168961	LGALS9	protein_coding	27629192	27631492	chr17:27629192:27631492	3
chr17:27629194:27631494	-0.577827506066353	-0.598153564468407	-0.0203260584020539	0.422932758473002	chr17	27631195	27631494	+	0.0980523981736578	1.13155282464192	-0.577827506066353	ENST00000584661.5	protein_coding	ENSG00000168961	LGALS9	protein_coding	27629194	27631494	chr17:27629194:27631494	2
chr17:27629208:27631508	-0.577827506066353	-0.605524092059499	-0.027696585993146	0.419887262917855	chr17	27631209	27631508	+	0.0980523981736578	1.13155282464192	-0.577827506066353	ENST00000448970.6	lncRNA	ENSG00000168961	LGALS9	protein_coding	27629208	27631508	chr17:27629208:27631508	2
chr17:27629210:27631510	-0.577827506066353	-0.550969538648552	0.0268579674178011	0.485436515325432	chr17	27631211	27631510	+	0.0980523981736578	1.13155282464192	-0.577827506066353	ENST00000579402.1	retained_intron	ENSG00000168961	LGALS9	protein_coding	27629210	27631510	chr17:27629210:27631510	3
chr17:27629213:27631513	-0.577827506066353	-0.693892881359734	-0.116065375293381	0.477131925128198	chr17	27631214	27631513	+	0.0980523981736578	1.13155282464192	-0.577827506066353	ENST00000467111.5	nonsense_mediated_decay	ENSG00000168961	LGALS9	protein_coding	27629213	27631513	chr17:27629213:27631513	3
chr17:27629225:27631525	-0.577827506066353	-0.62549816294063	-0.0476706568742767	0.461136473975154	chr17	27631226	27631525	+	0.0980523981736578	1.13155282464192	-0.577827506066353	ENST00000584386.5	retained_intron	ENSG00000168961	LGALS9	protein_coding	27629225	27631525	chr17:27629225:27631525	3
chr17:34253217:34255517	-1.91274951691931	-1.56528096484772	0.347468552071593	0.496798143959936	chr17	34255218	34255517	+	3.74116785919185	19.6169900998478	-1.91274951691931	ENST00000624362.1	TEC	ENSG00000108691	CCL2	protein_coding	34253217	34255517	chr17:34253217:34255517	1
chr17:34253284:34255584	-1.91227551881224	-1.44189670421372	0.470378814598518	0.476438808696871	chr17	34255285	34255584	+	3.7444480487729	19.6222357042604	-1.91227551881224	ENST00000225831.4,ENST00000580907.5	protein_coding	ENSG00000108691	CCL2	protein_coding	34253284	34255584	chr17:34253284:34255584	1
chr17:35352831:35355131	-0.508225529455842	-0.178568690640348	0.329656838815494	0.197873973904917	chr17	35352832	35353131	-	0.494973634134676	1.54860033708194	-0.508225529455842	ENST00000592108.1	protein_coding	ENSG00000172716	SLFN11	protein_coding	35352831	35355131	chr17:35352831:35355131	3
chr17:35373307:35375607	-0.726363518811806	-0.741293347538334	-0.0149298287265277	0.504824198094052	chr17	35373308	35373607	-	0.692321828540812	2.4543483649972	-0.726363518811806	ENST00000308377.8	protein_coding	ENSG00000172716	SLFN11	protein_coding	35373307	35375607	chr17:35373307:35375607	3
chr17:35373320:35375620	-0.726363518811806	-0.710431443089828	0.0159320757219776	0.487916212259674	chr17	35373321	35373620	-	0.692321828540812	2.4543483649972	-0.726363518811806	ENST00000394566.5,ENST00000427966.5,ENST00000430814.5,ENST00000498396.2,ENST00000588579.1,ENST00000589811.5	protein_coding,retained_intron	ENSG00000172716	SLFN11	protein_coding	35373320	35375620	chr17:35373320:35375620	3
chr17:35373322:35375622	-0.726363518811806	-0.724373514035922	0.00199000477588451	0.479053417467482	chr17	35373323	35373622	-	0.692321828540812	2.4543483649972	-0.726363518811806	ENST00000591682.5	protein_coding	ENSG00000172716	SLFN11	protein_coding	35373322	35375622	chr17:35373322:35375622	3
chr17:35373395:35375695	-0.724105903083628	-0.699669387075912	0.0244365160077165	0.427170370271062	chr17	35373396	35373695	-	0.696538233396071	2.4543483649972	-0.724105903083628	ENST00000441608.6	protein_coding	ENSG00000172716	SLFN11	protein_coding	35373395	35375695	chr17:35373395:35375695	3
chr17:35373401:35375701	-0.724105903083628	-0.52746868134495	0.196637221738678	0.46176162108142	chr17	35373402	35373701	-	0.696538233396071	2.4543483649972	-0.724105903083628	ENST00000592122.1	protein_coding	ENSG00000172716	SLFN11	protein_coding	35373401	35375701	chr17:35373401:35375701	3
chr17:48604686:48606986	-1.04865633752811	-0.699394809776384	0.349261527751726	0.285864872993373	chr17	48604687	48604986	-	0.735850064393325	3.65938585965567	-1.04865633752811	ENST00000225648.4	protein_coding	ENSG00000108511	HOXB6	protein_coding	48604686	48606986	chr17:48604686:48606986	5
chr17:48604692:48606992	-1.04730555222944	-0.798217591063348	0.249087961166092	0.319119241430373	chr17	48604693	48604992	-	0.735850064393325	3.6540894960314	-1.04730555222944	ENST00000484302.3	protein_coding	ENSG00000108511	HOXB6	protein_coding	48604692	48606992	chr17:48604692:48606992	5
chr17:50197875:50200175	-1.34839406222318	-0.894660490145439	0.453733572077741	0.523579407189534	chr17	50199876	50200175	+	0.302461601958719	3.86272407533965	-1.34839406222318	ENST00000509943.2	lncRNA	ENSG00000249406	AC015909.1	lncRNA	50197875	50200175	chr17:50197875:50200175	1
chr17:51151589:51153889	-0.697283888137206	-0.463254274126317	0.234029614010889	0.616145889631229	chr17	51153590	51153889	+	27.4390924695135	45.7339950267477	-0.697283888137206	ENST00000393193.6	protein_coding	ENSG00000011052	NME1-NME2	protein_coding	51151589	51153889	chr17:51151589:51153889	6
chr17:51151603:51153903	-0.698071174548907	-0.71305333468293	-0.0149821601340225	0.42193894007136	chr17	51153604	51153903	+	27.4526897774695	45.7821102119857	-0.698071174548907	ENST00000376392.10	protein_coding	ENSG00000011052	NME1-NME2	protein_coding	51151603	51153903	chr17:51151603:51153903	4
chr17:51151635:51153935	-0.699828666064965	-0.413687547753872	0.286141118311093	0.288446936606676	chr17	51153636	51153935	+	27.4681822848232	45.8655185252011	-0.699828666064965	ENST00000555572.1	protein_coding	ENSG00000011052	NME1-NME2	protein_coding	51151635	51153935	chr17:51151635:51153935	4
chr17:58351836:58354136	-0.78055961436906	-0.32658347547505	0.45397613889401	0.215058841191185	chr17	58351837	58352136	-	12.4327131912286	22.7924724142017	-0.78055961436906	ENST00000579289.1	nonsense_mediated_decay	ENSG00000213246	SUPT4H1	protein_coding	58351836	58354136	chr17:58351836:58354136	3
chr17:58351867:58354167	-0.78055961436906	-0.552962781940875	0.227596832428185	0.280569621192522	chr17	58351868	58352167	-	12.4327131912286	22.7924724142017	-0.78055961436906	ENST00000581166.5	lncRNA	ENSG00000213246	SUPT4H1	protein_coding	58351867	58354167	chr17:58351867:58354167	3
chr17:58351901:58354201	-0.779925438270219	-0.375216543154253	0.404708895115966	0.161854487153106	chr17	58351902	58352201	-	12.4327131912286	22.7815765992131	-0.779925438270219	ENST00000225504.8	protein_coding	ENSG00000213246	SUPT4H1	protein_coding	58351901	58354201	chr17:58351901:58354201	3
chr17:58352793:58355093	-0.639896880983031	-0.155987571566465	0.483909309416566	0.262094903239144	chr17	58352794	58353093	-	0.0161222123798578	1.1415574762585	-0.639896880983031	ENST00000580947.1	protein_coding	ENSG00000213246	SUPT4H1	protein_coding	58352793	58355093	chr17:58352793:58355093	3
chr17:60087956:60090256	-1.10920952466519	-0.979345052165604	0.129864472499586	0.394196107796143	chr17	60087957	60088256	-	1.44432628360128	5.43035603735203	-1.10920952466519	ENST00000588180.5	lncRNA	ENSG00000261040	WFDC21P	transcribed_unitary_pseudogene	60087956	60090256	chr17:60087956:60090256	3
chr17:60087957:60090257	-1.10920952466519	-1.11568561411906	-0.0064760894538658	0.416167928276544	chr17	60087958	60088257	-	1.44432628360128	5.43035603735203	-1.10920952466519	ENST00000589987.5	lncRNA	ENSG00000261040	WFDC21P	transcribed_unitary_pseudogene	60087957	60090257	chr17:60087957:60090257	3
chr17:60087986:60090286	-1.10928662181186	-0.929724478859671	0.179562142952189	0.36864504248788	chr17	60087987	60088286	-	1.45412259570593	5.45188758394015	-1.10928662181186	ENST00000645235.1	transcribed_unitary_pseudogene	ENSG00000261040	WFDC21P	transcribed_unitary_pseudogene	60087986	60090286	chr17:60087986:60090286	1
chr17:60087993:60090293	-1.10928662181186	-1.05145779968356	0.0578288221283025	0.424515269552057	chr17	60087994	60088293	-	1.45412259570593	5.45188758394015	-1.10928662181186	ENST00000566140.5	lncRNA	ENSG00000261040	WFDC21P	transcribed_unitary_pseudogene	60087993	60090293	chr17:60087993:60090293	3
chr17:60088013:60090313	-1.10818507685493	-1.14855421004493	-0.0403691331900042	0.341693475574298	chr17	60088014	60088313	-	1.45412259570593	5.44619999509486	-1.10818507685493	ENST00000590012.5	lncRNA	ENSG00000261040	WFDC21P	transcribed_unitary_pseudogene	60088013	60090313	chr17:60088013:60090313	3
chr17:60088015:60090315	-1.10818507685493	-1.11748899519743	-0.00930391834249944	0.448099605100142	chr17	60088016	60088315	-	1.45412259570593	5.44619999509486	-1.10818507685493	ENST00000592556.5	lncRNA	ENSG00000261040	WFDC21P	transcribed_unitary_pseudogene	60088015	60090315	chr17:60088015:60090315	3
chr17:64447114:64449414	-0.945284103821602	-0.812796980008801	0.132487123812801	0.377977734718679	chr17	64449115	64449414	+	0.841834601799989	3.47214589222131	-0.945284103821602	ENST00000619286.5	protein_coding	ENSG00000271605	MILR1	protein_coding	64447114	64449414	chr17:64447114:64449414	6
chr17:64447129:64449429	-0.940274903126909	-0.836302583024569	0.10397232010234	0.389572292520357	chr17	64449130	64449429	+	0.841834601799989	3.45317892825841	-0.940274903126909	ENST00000617071.4	non_stop_decay	ENSG00000271605	MILR1	protein_coding	64447129	64449429	chr17:64447129:64449429	6
chr17:64447168:64449468	-0.937121459686805	-0.616207055149032	0.320914404537773	0.312077727374675	chr17	64449169	64449468	+	0.839739398564336	3.43726069057764	-0.937121459686805	ENST00000612535.4,ENST00000616498.4	protein_coding	ENSG00000271605	MILR1	protein_coding	64447168	64449468	chr17:64447168:64449468	6
chr17:64463451:64465751	-0.512277476984206	-0.196569500304537	0.315707976679669	0.323878208750603	chr17	64465452	64465751	+	0.625550483236986	1.74482269277037	-0.512277476984206	ENST00000605096.1,ENST00000620304.4	protein_coding	ENSG00000271605	MILR1	protein_coding	64463451	64465751	chr17:64463451:64465751	3
chr17:68426875:68429175	-0.68813608005328	-0.319576060449437	0.368560019603843	0.276086431956186	chr17	68426876	68427175	-	2.82027312097231	5.76642669890716	-0.68813608005328	ENST00000585393.1	protein_coding	ENSG00000070540	WIPI1	protein_coding	68426875	68429175	chr17:68426875:68429175	2
chr17:68541691:68543991	-0.682904775689072	-0.78661531385196	-0.103710538162888	0.401041973006233	chr17	68541692	68541991	-	0.227835495461296	1.57649762363601	-0.682904775689072	ENST00000375556.8	retained_intron	ENSG00000108950	FAM20A	protein_coding	68541691	68543991	chr17:68541691:68543991	2
chr17:68928815:68931115	-0.518160845916759	-0.0956451720265193	0.42251567389024	0.23769194230496	chr17	68928816	68929115	-	0.363231471070865	1.38445090583444	-0.518160845916759	ENST00000589533.5	non_stop_decay	ENSG00000141338	ABCA8	protein_coding	68928815	68931115	chr17:68928815:68931115	2
chr17:68955025:68957325	-1.05881696516576	-0.636626773754534	0.422190191411226	0.521669360134001	chr17	68955026	68955325	-	0.873863312655026	3.98689683739122	-1.05881696516576	ENST00000541225.5	retained_intron	ENSG00000141338	ABCA8	protein_coding	68955025	68957325	chr17:68955025:68957325	6
chr17:68955051:68957351	-1.06085575089711	-0.950391929252543	0.110463821644567	0.65978003342752	chr17	68955052	68955351	-	0.873863312655026	3.99536337272535	-1.06085575089711	ENST00000269080.6,ENST00000428549.8	protein_coding,retained_intron	ENSG00000141338	ABCA8	protein_coding	68955051	68957351	chr17:68955051:68957351	6
chr17:68955083:68957383	-1.06085575089711	-0.89190825742259	0.16894749347452	0.450527033765551	chr17	68955084	68955383	-	0.873863312655026	3.99536337272535	-1.06085575089711	ENST00000615593.4	protein_coding	ENSG00000141338	ABCA8	protein_coding	68955083	68957383	chr17:68955083:68957383	6
chr17:68955092:68957392	-1.06085575089711	-0.662037388451252	0.398818362445858	0.316549326575544	chr17	68955093	68955392	-	0.873863312655026	3.99536337272535	-1.06085575089711	ENST00000430352.6,ENST00000585850.1,ENST00000586539.6	protein_coding,retained_intron	ENSG00000141338	ABCA8	protein_coding	68955092	68957392	chr17:68955092:68957392	6
chr17:69060606:69062906	-0.597744135906421	-0.460901613896824	0.136842522009597	0.332476100403169	chr17	69060607	69060906	-	0.165280633518796	1.27682392729189	-0.597744135906421	ENST00000495634.5	protein_coding	ENSG00000154258	ABCA9	protein_coding	69060606	69062906	chr17:69060606:69062906	1
chr17:69060624:69062924	-0.600194271026516	-0.559338910785876	0.0408553602406397	0.390293340691678	chr17	69060625	69060924	-	0.165280633518796	1.28239369954093	-0.600194271026516	ENST00000453985.6	protein_coding	ENSG00000154258	ABCA9	protein_coding	69060624	69062924	chr17:69060624:69062924	1
chr17:69060627:69062927	-0.600194271026516	-0.56786752525661	0.0323267457699062	0.399167403482607	chr17	69060628	69060927	-	0.165280633518796	1.28239369954093	-0.600194271026516	ENST00000340001.9	protein_coding	ENSG00000154258	ABCA9	protein_coding	69060627	69062927	chr17:69060627:69062927	1
chr17:69060649:69062949	-0.603789757534019	-0.570879667455082	0.0329100900789373	0.297676963797636	chr17	69060650	69060949	-	0.165280633518796	1.29058428756014	-0.603789757534019	ENST00000585714.1	protein_coding	ENSG00000154258	ABCA9	protein_coding	69060649	69062949	chr17:69060649:69062949	1
chr17:69141588:69143888	-0.710130935297129	-0.599781630272982	0.110349305024147	0.480325535664748	chr17	69141589	69141888	-	0.394036879905492	1.91653082282632	-0.710130935297129	ENST00000590645.1	protein_coding	ENSG00000154262	ABCA6	protein_coding	69141588	69143888	chr17:69141588:69143888	1
chr17:69141595:69143895	-0.710130935297129	-0.732454528054804	-0.0223235927576746	0.557155006516281	chr17	69141596	69141895	-	0.394036879905492	1.91653082282632	-0.710130935297129	ENST00000284425.7	protein_coding	ENSG00000154262	ABCA6	protein_coding	69141595	69143895	chr17:69141595:69143895	1
chr17:7242147:7244447	-0.800168308158929	-0.797036853961923	0.00313145419700633	0.381497251787255	chr17	7242148	7242447	-	76.3457181298025	134.423732681096	-0.800168308158929	ENST00000573928.1	protein_coding	ENSG00000170296	GABARAP	protein_coding	7242147	7244447	chr17:7242147:7244447	5
chr17:7242149:7244449	-0.800092753023705	-0.776924896576969	0.0231678564467365	0.40619905932504	chr17	7242150	7242449	-	76.3438241988321	134.413290506852	-0.800092753023705	ENST00000302386.10	protein_coding	ENSG00000170296	GABARAP	protein_coding	7242149	7244449	chr17:7242149:7244449	5
chr17:8382009:8384309	-0.940363532237456	-0.932343129804784	0.00802040243267232	0.410029948442745	chr17	8382010	8382309	-	230.383156296495	443.946003459117	-0.940363532237456	ENST00000582485.5	protein_coding	ENSG00000161970	RPL26	protein_coding	8382009	8384309	chr17:8382009:8384309	6
chr17:8382015:8384315	-0.940327678888971	-0.81930178949684	0.121025889392131	0.327974292486452	chr17	8382016	8382315	-	230.408142828101	443.982869359688	-0.940327678888971	ENST00000584906.6	nonsense_mediated_decay	ENSG00000161970	RPL26	protein_coding	8382015	8384315	chr17:8382015:8384315	6
chr17:8382864:8385164	-0.89429865284275	-0.921935085357886	-0.0276364325151363	0.311011617333785	chr17	8382865	8383164	-	193.692066673631	361.734034158133	-0.89429865284275	ENST00000584164.6	protein_coding	ENSG00000161970	RPL26	protein_coding	8382864	8385164	chr17:8382864:8385164	5
chr17:8382866:8385166	-0.894250610384709	-0.90370667414358	-0.00945606375887065	0.302571610075653	chr17	8382867	8383166	-	193.686220368946	361.711055636453	-0.894250610384709	ENST00000582556.5	protein_coding	ENSG00000161970	RPL26	protein_coding	8382866	8385166	chr17:8382866:8385166	5
chr17:8382892:8385192	-0.894246019332867	-0.858671902712265	0.0355741166206018	0.332867027803379	chr17	8382893	8383192	-	193.560721145676	361.476640550525	-0.894246019332867	ENST00000585176.1	lncRNA	ENSG00000161970	RPL26	protein_coding	8382892	8385192	chr17:8382892:8385192	4
chr17:8382893:8385193	-0.894246019332867	-0.88505481854601	0.00919120078685709	0.325348035969083	chr17	8382894	8383193	-	193.560721145676	361.476640550525	-0.894246019332867	ENST00000578115.1,ENST00000578812.5,ENST00000648839.1	retained_intron,protein_coding	ENSG00000161970	RPL26	protein_coding	8382893	8385193	chr17:8382893:8385193	4
chr17:8382913:8385213	-0.893806089359368	-0.518485235784355	0.375320853575013	0.272291436456858	chr17	8382914	8383213	-	193.485280440719	361.225646024159	-0.893806089359368	ENST00000583011.6	protein_coding	ENSG00000161970	RPL26	protein_coding	8382913	8385213	chr17:8382913:8385213	5
chr18:34708283:34710583	-0.51570880927222	-0.647789960660239	-0.132081151388019	0.50277804652756	chr18	34710284	34710583	+	0.13976395095257	1.05921279641175	-0.51570880927222	ENST00000348997.9	protein_coding	ENSG00000134769	DTNA	protein_coding	34708283	34710583	chr18:34708283:34710583	1
chr18:34708296:34710596	-0.510492553553745	-0.423987606672102	0.0865049468816434	0.525165911363721	chr18	34710297	34710596	+	0.13976395095257	1.04817177800433	-0.510492553553745	ENST00000588949.5,ENST00000597599.5	protein_coding	ENSG00000134769	DTNA	protein_coding	34708296	34710596	chr18:34708296:34710596	1
chr18:34815961:34818261	-0.845947699889953	-0.446705122079564	0.399242577810389	0.204565385404074	chr18	34817962	34818261	+	0.300154084159107	2.13440066860539	-0.845947699889953	ENST00000590727.1,ENST00000601125.5	protein_coding	ENSG00000134769	DTNA	protein_coding	34815961	34818261	chr18:34815961:34818261	5
chr18:3592093:3594393	-0.577699455397625	-0.552431192865982	0.0252682625316427	0.23348677295711	chr18	3594094	3594393	+	0.472418435636319	1.69000400740764	-0.577699455397625	ENST00000575606.5	lncRNA	ENSG00000177337	DLGAP1-AS1	lncRNA	3592093	3594393	chr18:3592093:3594393	1
chr18:3592102:3594402	-0.577699455397625	-0.502081678444293	0.0756177769533318	0.2901240038922	chr18	3594103	3594402	+	0.472418435636319	1.69000400740764	-0.577699455397625	ENST00000317114.2	lncRNA	ENSG00000177337	DLGAP1-AS1	lncRNA	3592102	3594402	chr18:3592102:3594402	1
chr18:3592111:3594411	-0.576464826949809	-0.587610899328669	-0.0111460723788596	0.281913020525309	chr18	3594112	3594411	+	0.474535185581709	1.69000400740764	-0.576464826949809	ENST00000573355.2,ENST00000576606.5	lncRNA	ENSG00000177337	DLGAP1-AS1	lncRNA	3592111	3594411	chr18:3592111:3594411	1
chr18:3592126:3594426	-0.582637043804867	-0.715008358093353	-0.132371314288486	0.40032983642919	chr18	3594127	3594426	+	0.480607471556616	1.71491836163104	-0.582637043804867	ENST00000574411.5	lncRNA	ENSG00000177337	DLGAP1-AS1	lncRNA	3592126	3594426	chr18:3592126:3594426	1
chr18:49486952:49489252	-0.703506446154104	-0.229300970159764	0.47420547599434	0.284457473648992	chr18	49486953	49487252	-	5.63539046214048	10.4339121199388	-0.703506446154104	ENST00000613385.4	protein_coding	ENSG00000177576	C18orf32	protein_coding	49486952	49489252	chr18:49486952:49489252	5
chr18:63773374:63775674	-0.711106173556914	-0.511071462223918	0.200034711332996	0.370736670630927	chr18	63775375	63775674	+	0.135498348603388	1.49593644147555	-0.711106173556914	ENST00000540675.5	protein_coding	ENSG00000166396	SERPINB7	protein_coding	63773374	63775674	chr18:63773374:63775674	1
chr18:63773417:63775717	-0.730401512322463	-0.463924492487104	0.266477019835359	0.296777455591757	chr18	63775418	63775717	+	0.135498348603388	1.54300694801409	-0.730401512322463	ENST00000398019.7	protein_coding	ENSG00000166396	SERPINB7	protein_coding	63773417	63775717	chr18:63773417:63775717	1
chr19:35743618:35745918	-1.93114475027321	-1.59485423742233	0.336290512850875	0.352808406810581	chr19	35745619	35745918	+	10.2639278766639	44.7694307106619	-1.93114475027321	ENST00000222266.2	protein_coding	ENSG00000205155	PSENEN	protein_coding	35743618	35745918	chr19:35743618:35745918	3
chr19:35746566:35748866	-0.592306100865451	-0.44937685551147	0.142929245353981	0.35456253943106	chr19	35748567	35748866	+	2.14395851919053	4.24765878332737	-0.592306100865451	ENST00000591076.1	lncRNA	ENSG00000267796	LIN37	protein_coding	35746566	35748866	chr19:35746566:35748866	5
chr19:35746575:35748875	-0.592306100865451	-0.558033524311329	0.034272576554122	0.377551600156993	chr19	35748576	35748875	+	2.14395851919053	4.24765878332737	-0.592306100865451	ENST00000301159.14,ENST00000587108.5	protein_coding,retained_intron	ENSG00000267796	LIN37	protein_coding	35746575	35748875	chr19:35746575:35748875	5
chr19:35746606:35748906	-0.592306100865451	-0.519463975569354	0.0728421252960968	0.334154568482261	chr19	35748607	35748906	+	2.14395851919053	4.24765878332737	-0.592306100865451	ENST00000595455.1	nonsense_mediated_decay	ENSG00000267796	LIN37	protein_coding	35746606	35748906	chr19:35746606:35748906	5
chr19:35746621:35748921	-0.592306100865451	-0.495075402302301	0.0972306985631504	0.310984725020205	chr19	35748622	35748921	+	2.14395851919053	4.24765878332737	-0.592306100865451	ENST00000592871.1	retained_intron	ENSG00000267796	LIN37	protein_coding	35746621	35748921	chr19:35746621:35748921	5
chr19:35756709:35759009	-0.819333335246711	-0.794370927170464	0.0249624080762469	0.246857495829193	chr19	35756710	35757009	-	3.96318213448008	8.5225739037643	-0.819333335246711	ENST00000587965.1	protein_coding	ENSG00000004776	HSPB6	protein_coding	35756709	35759009	chr19:35756709:35759009	1
chr19:36013288:36015588	-0.647731282512904	-0.274897806145505	0.372833476367399	0.23380960625273	chr19	36013289	36013588	-	2.84130197186433	5.58488005508802	-0.647731282512904	ENST00000468004.5	retained_intron	ENSG00000239382	ALKBH6	protein_coding	36013288	36015588	chr19:36013288:36015588	2
chr19:36013883:36016183	-0.595908741357381	-0.61598223320872	-0.020073491851339	0.267324746254354	chr19	36013884	36014183	-	2.17006188505462	4.30273294536168	-0.595908741357381	ENST00000490483.5	nonsense_mediated_decay	ENSG00000239382	ALKBH6	protein_coding	36013883	36016183	chr19:36013883:36016183	5
chr19:36013890:36016190	-0.595908741357381	-0.618794413005465	-0.0228856716480842	0.269937899347962	chr19	36013891	36014190	-	2.17006188505462	4.30273294536168	-0.595908741357381	ENST00000497999.1	nonsense_mediated_decay	ENSG00000239382	ALKBH6	protein_coding	36013890	36016190	chr19:36013890:36016190	5
chr19:36013899:36016199	-0.596571084538601	-0.615362245214342	-0.0187911606757413	0.328527203638398	chr19	36013900	36014199	-	2.16814784358923	4.30273294536168	-0.596571084538601	ENST00000592353.1	retained_intron	ENSG00000239382	ALKBH6	protein_coding	36013899	36016199	chr19:36013899:36016199	5
chr19:36013902:36016202	-0.595928299192792	-0.584269909080466	0.0116583901123264	0.30324556806239	chr19	36013903	36014202	-	2.16623376783207	4.29703240077465	-0.595928299192792	ENST00000481257.5	nonsense_mediated_decay	ENSG00000239382	ALKBH6	protein_coding	36013902	36016202	chr19:36013902:36016202	5
chr19:36013908:36016208	-0.593996948512758	-0.655988607372448	-0.0619916588596898	0.230312788883142	chr19	36013909	36014208	-	2.16623376783207	4.28860813885658	-0.593996948512758	ENST00000490986.5	nonsense_mediated_decay	ENSG00000239382	ALKBH6	protein_coding	36013908	36016208	chr19:36013908:36016208	5
chr19:36013912:36016212	-0.596448042738437	-0.631225356555787	-0.0347773138173504	0.232477575489755	chr19	36013913	36014212	-	2.15916147510231	4.28860813885658	-0.596448042738437	ENST00000471323.1	retained_intron	ENSG00000239382	ALKBH6	protein_coding	36013912	36016212	chr19:36013912:36016212	5
chr19:36013913:36016213	-0.596448042738437	-0.621904144474773	-0.0254561017363365	0.254480993925958	chr19	36013914	36014213	-	2.15916147510231	4.28860813885658	-0.596448042738437	ENST00000392183.7,ENST00000466196.5,ENST00000590666.5	retained_intron	ENSG00000239382	ALKBH6	protein_coding	36013913	36016213	chr19:36013913:36016213	5
chr19:36013918:36016218	-0.596448042738437	-0.598246622960388	-0.0017985802219509	0.262417419196283	chr19	36013919	36014218	-	2.15916147510231	4.28860813885658	-0.596448042738437	ENST00000470859.1	retained_intron	ENSG00000239382	ALKBH6	protein_coding	36013918	36016218	chr19:36013918:36016218	5
chr19:36013922:36016222	-0.597112155685549	-0.593927859095568	0.00318429658998065	0.280659157975437	chr19	36013923	36014222	-	2.15724733714812	4.28860813885658	-0.597112155685549	ENST00000495116.6	lncRNA	ENSG00000239382	ALKBH6	protein_coding	36013922	36016222	chr19:36013922:36016222	5
chr19:36013927:36016227	-0.593960636379803	-0.403572788980772	0.190387847399031	0.314038213791069	chr19	36013928	36014227	-	2.15724733714812	4.27488587702314	-0.593960636379803	ENST00000252984.11	protein_coding	ENSG00000239382	ALKBH6	protein_coding	36013927	36016227	chr19:36013927:36016227	5
chr19:36013935:36016235	-0.593960636379803	-0.60371168947347	-0.00975105309366675	0.250886676797056	chr19	36013936	36014235	-	2.15724733714812	4.27488587702314	-0.593960636379803	ENST00000475223.5	retained_intron	ENSG00000239382	ALKBH6	protein_coding	36013935	36016235	chr19:36013935:36016235	5
chr19:36013937:36016237	-0.593960636379803	-0.577617432249656	0.0163432041301472	0.291873826975228	chr19	36013938	36014237	-	2.15724733714812	4.27488587702314	-0.593960636379803	ENST00000486389.5	protein_coding	ENSG00000239382	ALKBH6	protein_coding	36013937	36016237	chr19:36013937:36016237	5
chr19:36013939:36016239	-0.593960636379803	-0.583184588346257	0.0107760480335458	0.287754660169788	chr19	36013940	36014239	-	2.15724733714812	4.27488587702314	-0.593960636379803	ENST00000378875.7,ENST00000485128.5	protein_coding	ENSG00000239382	ALKBH6	protein_coding	36013939	36016239	chr19:36013939:36016239	5
chr19:43184635:43186935	-0.694414393857955	-0.336218894185001	0.358195499672954	0.434862090942748	chr19	43184636	43184935	-	0.917415142866023	2.72104124694332	-0.694414393857955	ENST00000489220.1	lncRNA	ENSG00000204941	PSG5	protein_coding	43184635	43186935	chr19:43184635:43186935	1
chr19:43186190:43188490	-1.21383122286353	-1.26093225535521	-0.0471010324916838	0.380565627686894	chr19	43186191	43186490	-	1.291734950621	5.63527118115168	-1.21383122286353	ENST00000407356.5	protein_coding	ENSG00000204941	PSG5	protein_coding	43186190	43188490	chr19:43186190:43188490	6
chr19:43186194:43188494	-1.21383122286353	-1.2864175144405	-0.0725862915769666	0.41335652317327	chr19	43186195	43186494	-	1.291734950621	5.63527118115168	-1.21383122286353	ENST00000404580.1,ENST00000407568.5,ENST00000600817.5	protein_coding,retained_intron	ENSG00000204941	PSG5	protein_coding	43186194	43188494	chr19:43186194:43188494	6
chr19:43186201:43188501	-1.21383122286353	-1.26962643431067	-0.0557952114471405	0.431947222676434	chr19	43186202	43186501	-	1.291734950621	5.63527118115168	-1.21383122286353	ENST00000599812.5	protein_coding	ENSG00000204941	PSG5	protein_coding	43186201	43188501	chr19:43186201:43188501	6
chr19:43186206:43188506	-1.21383122286353	-1.25905267653043	-0.0452214536668998	0.380302754671348	chr19	43186207	43186506	-	1.291734950621	5.63527118115168	-1.21383122286353	ENST00000401992.1	lncRNA	ENSG00000204941	PSG5	protein_coding	43186206	43188506	chr19:43186206:43188506	6
chr19:43186236:43188536	-1.2154286067272	-1.12522102575112	0.0902075809760783	0.358817032580452	chr19	43186237	43186536	-	1.291734950621	5.64372980422928	-1.2154286067272	ENST00000342951.11,ENST00000366175.7	protein_coding	ENSG00000204941	PSG5	protein_coding	43186236	43188536	chr19:43186236:43188536	6
chr19:45691640:45693940	-1.63639694726891	-1.58658733154485	0.049809615724062	0.441785869759618	chr19	45691641	45691940	-	29.0598334264952	94.5614298936901	-1.63639694726891	ENST00000587367.5	protein_coding	ENSG00000125743	SNRPD2	protein_coding	45691640	45693940	chr19:45691640:45693940	6
chr19:45691641:45693941	-1.63639694726891	-1.65837215471518	-0.0219752074462678	0.422130205277145	chr19	45691642	45691941	-	29.0598334264952	94.5614298936901	-1.63639694726891	ENST00000391932.7	protein_coding	ENSG00000125743	SNRPD2	protein_coding	45691641	45693941	chr19:45691641:45693941	6
chr19:46624737:46627037	-0.720983099982018	-0.663702763740021	0.0572803362419968	0.478774115695701	chr19	46624738	46625037	-	0.177044832231306	1.58843358006267	-0.720983099982018	ENST00000596260.1	protein_coding	ENSG00000160013	PTGIR	protein_coding	46624737	46627037	chr19:46624737:46627037	1
chr19:46624772:46627072	-0.714822795756837	-0.810990116700051	-0.0961673209432135	0.427583548087985	chr19	46624773	46625072	-	0.170827596394133	1.56293941001526	-0.714822795756837	ENST00000594275.1,ENST00000597185.1,ENST00000598865.5	protein_coding	ENSG00000160013	PTGIR	protein_coding	46624772	46627072	chr19:46624772:46627072	2
chr19:46624789:46627089	-0.714822795756837	-0.433234359445201	0.281588436311636	0.503445570578932	chr19	46624790	46625089	-	0.170827596394133	1.56293941001526	-0.714822795756837	ENST00000291294.7	protein_coding	ENSG00000160013	PTGIR	protein_coding	46624789	46627089	chr19:46624789:46627089	1
chr19:48323543:48325843	-2.28609797158972	-2.29319046472601	-0.00709249313629456	0.73590456486272	chr19	48325544	48325843	+	10.4207134712962	58.5801864716762	-2.28609797158972	ENST00000594198.1	protein_coding	ENSG00000142227	EMP3	protein_coding	48323543	48325843	chr19:48323543:48325843	1
chr19:48323546:48325846	-2.28737926436253	-2.30528477555955	-0.0179055111970161	0.602002328899776	chr19	48325547	48325846	+	10.4047039620694	58.5558597324603	-2.28737926436253	ENST00000597529.1	retained_intron	ENSG00000142227	EMP3	protein_coding	48323546	48325846	chr19:48323546:48325846	1
chr19:48323551:48325851	-2.28672724071245	-2.27624392964783	0.0104833110646201	0.693736951423245	chr19	48325552	48325851	+	10.4026410894998	58.5184320505772	-2.28672724071245	ENST00000270221.11	protein_coding	ENSG00000142227	EMP3	protein_coding	48323551	48325851	chr19:48323551:48325851	1
chr19:48323560:48325860	-2.28687124737153	-2.14965873859072	0.137212508780813	0.700441555853282	chr19	48325561	48325860	+	10.3969458741806	58.4966807093801	-2.28687124737153	ENST00000599255.5	nonsense_mediated_decay	ENSG00000142227	EMP3	protein_coding	48323560	48325860	chr19:48323560:48325860	1
chr19:48323580:48325880	-2.28767642170762	-2.10469908851489	0.18297733319273	0.718873759830362	chr19	48325581	48325880	+	10.3806072692422	58.4506772357554	-2.28767642170762	ENST00000597279.5	protein_coding	ENSG00000142227	EMP3	protein_coding	48323580	48325880	chr19:48323580:48325880	1
chr19:48323607:48325907	-2.2856234241309	-2.16537194037265	0.120251483758248	0.684929711451052	chr19	48325608	48325907	+	10.3683943685461	58.3051682971126	-2.2856234241309	ENST00000593437.1	protein_coding	ENSG00000142227	EMP3	protein_coding	48323607	48325907	chr19:48323607:48325907	1
chr19:7627808:7630108	-1.8302631162427	-1.76576700160535	0.0644961146373464	0.588677616404035	chr19	7629809	7630108	+	7.22317432246453	30.7977850328406	-1.8302631162427	ENST00000623154.1	TEC	ENSG00000229833	PET100	protein_coding	7627808	7630108	chr19:7627808:7630108	3
chr19:7627813:7630113	-1.82862015191377	-1.83224476277836	-0.00362461086459498	0.631051173793954	chr19	7629814	7630113	+	7.22978207435866	30.7839261959199	-1.82862015191377	ENST00000456958.7	protein_coding	ENSG00000229833	PET100	protein_coding	7627813	7630113	chr19:7627813:7630113	3
chr19:7627823:7630123	-1.82703623729337	-1.50430291324895	0.322733324044417	0.585237557220713	chr19	7629824	7630123	+	7.23358269332457	30.7614378133616	-1.82703623729337	ENST00000601406.5,ENST00000601829.1	protein_coding,retained_intron	ENSG00000229833	PET100	protein_coding	7627823	7630123	chr19:7627823:7630123	3
chr19:7627838:7630138	-1.82821235346546	-1.53960108523245	0.288611268233012	0.549310463289532	chr19	7629839	7630138	+	7.21359671572354	30.71718696814	-1.82821235346546	ENST00000598540.6	nonsense_mediated_decay	ENSG00000229833	PET100	protein_coding	7627838	7630138	chr19:7627838:7630138	3
chr2:101000282:101002582	-1.63140431693428	-1.48404904427212	0.147355272662164	0.343578301384184	chr2	101002283	101002582	+	85.959186448579	270.510247574297	-1.63140431693428	ENST00000409028.8	protein_coding	ENSG00000071082	RPL31	protein_coding	101000282	101002582	chr2:101000282:101002582	3
chr2:101000288:101002588	-1.63138806893257	-1.69887068416437	-0.0674826152317975	0.431188042442806	chr2	101002289	101002588	+	85.9629739949018	270.518912743953	-1.63138806893257	ENST00000264258.8	protein_coding	ENSG00000071082	RPL31	protein_coding	101000288	101002588	chr2:101000288:101002588	3
chr2:101000292:101002592	-1.63128693342138	-1.50114933991874	0.130137593502637	0.40805727219047	chr2	101002293	101002592	+	85.9799274680811	270.552329380751	-1.63128693342138	ENST00000409038.5,ENST00000409320.7,ENST00000409650.5,ENST00000409733.5	protein_coding	ENSG00000071082	RPL31	protein_coding	101000292	101002592	chr2:101000292:101002592	3
chr2:102335147:102337447	-0.709779291718413	-0.389914374969355	0.319864916749058	0.445850561475548	chr2	102337148	102337447	+	0.583492922350913	2.22544188733059	-0.709779291718413	ENST00000311734.6	protein_coding	ENSG00000115602	IL1RL1	protein_coding	102335147	102337447	chr2:102335147:102337447	3
chr2:102335249:102337549	-0.708053093100309	-0.716604828549237	-0.00855173544892796	0.543054216004524	chr2	102337250	102337549	+	0.581510940293039	2.21715136642042	-0.708053093100309	ENST00000463990.1	retained_intron	ENSG00000115602	IL1RL1	protein_coding	102335249	102337549	chr2:102335249:102337549	1
chr2:102335257:102337557	-0.708053093100309	-0.706590885673008	0.00146220742730074	0.47701272034755	chr2	102337258	102337557	+	0.581510940293039	2.21715136642042	-0.708053093100309	ENST00000409584.5	protein_coding	ENSG00000115602	IL1RL1	protein_coding	102335257	102337557	chr2:102335257:102337557	1
chr2:102335280:102337580	-0.708053093100309	-0.731446951174709	-0.0233938580744004	0.483566690885554	chr2	102337281	102337580	+	0.581510940293039	2.21715136642042	-0.708053093100309	ENST00000482701.5	lncRNA	ENSG00000115602	IL1RL1	protein_coding	102335280	102337580	chr2:102335280:102337580	1
chr2:102335287:102337587	-0.708053093100309	-0.707278386735336	0.000774706364972566	0.447963355126237	chr2	102337288	102337587	+	0.581510940293039	2.21715136642042	-0.708053093100309	ENST00000427077.1	nonsense_mediated_decay	ENSG00000115602	IL1RL1	protein_coding	102335287	102337587	chr2:102335287:102337587	1
chr2:111494657:111496957	-1.08953379309979	-0.745999167726312	0.343534625373478	0.4512508592787	chr2	111494658	111494957	-	3.07732787491043	8.80482065119887	-1.08953379309979	ENST00000642191.1	lncRNA	ENSG00000172965	MIR4435-2HG	lncRNA	111494657	111496957	chr2:111494657:111496957	1
chr2:111494682:111496982	-1.09262111900423	-1.18547922683233	-0.0928581078281046	0.501346544899173	chr2	111494683	111494982	-	3.08322400938263	8.84054157829841	-1.09262111900423	ENST00000669875.1	lncRNA	ENSG00000172965	MIR4435-2HG	lncRNA	111494682	111496982	chr2:111494682:111496982	1
chr2:111494688:111496988	-1.09554723721628	-1.2376927078796	-0.142145470663321	0.568541880714044	chr2	111494689	111494988	-	3.08736950746454	8.87140969468459	-1.09554723721628	ENST00000308604.5	lncRNA	ENSG00000172965	MIR4435-2HG	lncRNA	111494688	111496988	chr2:111494688:111496988	1
chr2:111494720:111497020	-1.10032104854451	-1.01160508869173	0.0887159598527794	0.471844224642184	chr2	111494721	111495020	-	3.09271665575955	8.91890668419663	-1.10032104854451	ENST00000431385.6	lncRNA	ENSG00000172965	MIR4435-2HG	lncRNA	111494720	111497020	chr2:111494720:111497020	1
chr2:111494725:111497025	-1.1036449880052	-1.04890903267294	0.0547359553322593	0.575265594917082	chr2	111494726	111495025	-	3.09271665575955	8.94409262159681	-1.1036449880052	ENST00000441075.1	lncRNA	ENSG00000172965	MIR4435-2HG	lncRNA	111494725	111497025	chr2:111494725:111497025	1
chr2:111494729:111497029	-1.1043937034296	-1.09389043035542	0.0105032730741788	0.588516583851653	chr2	111494730	111495029	-	3.09271665575955	8.94977375122592	-1.1043937034296	ENST00000670715.1	lncRNA	ENSG00000172965	MIR4435-2HG	lncRNA	111494729	111497029	chr2:111494729:111497029	1
chr2:111494733:111497033	-1.10733956500439	-1.08167508170902	0.0256644832953661	0.672711659079329	chr2	111494734	111495033	-	3.09271665575955	8.97215510820153	-1.10733956500439	ENST00000444301.5	lncRNA	ENSG00000172965	MIR4435-2HG	lncRNA	111494733	111497033	chr2:111494733:111497033	1
chr2:111494734:111497034	-1.10659237443443	-1.090682055215	0.0159103192194303	0.567744347818749	chr2	111494735	111495034	-	3.09271665575955	8.96647395732603	-1.10659237443443	ENST00000604981.5	lncRNA	ENSG00000172965	MIR4435-2HG	lncRNA	111494734	111497034	chr2:111494734:111497034	1
chr2:111494739:111497039	-1.10659237443443	-1.09154646400576	0.0150459104286667	0.633004816746174	chr2	111494740	111495039	-	3.09271665575955	8.96647395732603	-1.10659237443443	ENST00000659933.1,ENST00000664422.1,ENST00000666144.1	lncRNA	ENSG00000172965	MIR4435-2HG	lncRNA	111494739	111497039	chr2:111494739:111497039	1
chr2:111494740:111497040	-1.10733956500439	-1.1002069028024	0.00713266220198627	0.640559066467513	chr2	111494741	111495040	-	3.09271665575955	8.97215510820153	-1.10733956500439	ENST00000662335.1	lncRNA	ENSG00000172965	MIR4435-2HG	lncRNA	111494740	111497040	chr2:111494740:111497040	1
chr2:111494742:111497042	-1.10733956500439	-1.07967801525189	0.0276615497525021	0.509711008937388	chr2	111494743	111495042	-	3.09271665575955	8.97215510820153	-1.10733956500439	ENST00000661945.1	lncRNA	ENSG00000172965	MIR4435-2HG	lncRNA	111494742	111497042	chr2:111494742:111497042	1
chr2:111494745:111497045	-1.10733956500439	-1.1127868711829	-0.0054473061785052	0.682972936775221	chr2	111494746	111495045	-	3.09271665575955	8.97215510820153	-1.10733956500439	ENST00000653568.1	lncRNA	ENSG00000172965	MIR4435-2HG	lncRNA	111494745	111497045	chr2:111494745:111497045	1
chr2:111494746:111497046	-1.10733956500439	-1.17212378219661	-0.0647842171922188	0.635730854028819	chr2	111494747	111495046	-	3.09271665575955	8.97215510820153	-1.10733956500439	ENST00000645030.1	lncRNA	ENSG00000172965	MIR4435-2HG	lncRNA	111494746	111497046	chr2:111494746:111497046	1
chr2:111494748:111497048	-1.10733956500439	-1.10100082912365	0.00633873588074052	0.536084674839565	chr2	111494749	111495048	-	3.09271665575955	8.97215510820153	-1.10733956500439	ENST00000443467.5,ENST00000661559.1,ENST00000666683.1,ENST00000667670.1,ENST00000669515.1	lncRNA	ENSG00000172965	MIR4435-2HG	lncRNA	111494748	111497048	chr2:111494748:111497048	1
chr2:111494750:111497050	-1.10733956500439	-1.11047297903105	-0.00313341402665612	0.534656996799611	chr2	111494751	111495050	-	3.09271665575955	8.97215510820153	-1.10733956500439	ENST00000659791.1	lncRNA	ENSG00000172965	MIR4435-2HG	lncRNA	111494750	111497050	chr2:111494750:111497050	1
chr2:111494751:111497051	-1.10733956500439	-1.12282289055711	-0.0154833255527238	0.68893229479582	chr2	111494752	111495051	-	3.09271665575955	8.97215510820153	-1.10733956500439	ENST00000419736.5,ENST00000609220.2	lncRNA	ENSG00000172965	MIR4435-2HG	lncRNA	111494751	111497051	chr2:111494751:111497051	1
chr2:111494754:111497054	-1.10733956500439	-1.04173295257849	0.065606612425898	0.512200043092682	chr2	111494755	111495054	-	3.09271665575955	8.97215510820153	-1.10733956500439	ENST00000453478.1	lncRNA	ENSG00000172965	MIR4435-2HG	lncRNA	111494754	111497054	chr2:111494754:111497054	1
chr2:111494766:111497066	-1.10792686407139	-1.11075459427902	-0.00282773020763494	0.525192766976899	chr2	111494767	111495066	-	3.09064391068608	8.97215510820153	-1.10792686407139	ENST00000659458.1	lncRNA	ENSG00000172965	MIR4435-2HG	lncRNA	111494766	111497066	chr2:111494766:111497066	1
chr2:111494767:111497067	-1.10792686407139	-1.11290113068707	-0.0049742666156769	0.54698118724916	chr2	111494768	111495067	-	3.09064391068608	8.97215510820153	-1.10792686407139	ENST00000609902.6,ENST00000645051.1,ENST00000654473.1,ENST00000656416.1,ENST00000661655.1,ENST00000664999.1,ENST00000669658.1,ENST00000670295.1	lncRNA	ENSG00000172965	MIR4435-2HG	lncRNA	111494767	111497067	chr2:111494767:111497067	1
chr2:111494768:111497068	-1.10792686407139	-1.11075459427902	-0.00282773020763494	0.525192766976899	chr2	111494769	111495068	-	3.09064391068608	8.97215510820153	-1.10792686407139	ENST00000439362.6	lncRNA	ENSG00000172965	MIR4435-2HG	lncRNA	111494768	111497068	chr2:111494768:111497068	1
chr2:111494775:111497075	-1.10792686407139	-1.08908642190741	0.0188404421639818	0.54287739291669	chr2	111494776	111495075	-	3.09064391068608	8.97215510820153	-1.10792686407139	ENST00000664009.1	lncRNA	ENSG00000172965	MIR4435-2HG	lncRNA	111494775	111497075	chr2:111494775:111497075	1
chr2:111494786:111497086	-1.10792686407139	-1.07685863690544	0.0310682271659497	0.489493468193123	chr2	111494787	111495086	-	3.09064391068608	8.97215510820153	-1.10792686407139	ENST00000409569.2	lncRNA	ENSG00000172965	MIR4435-2HG	lncRNA	111494786	111497086	chr2:111494786:111497086	1
chr2:111494792:111497092	-1.10792686407139	-1.12460170672392	-0.0166748426525296	0.560074959491567	chr2	111494793	111495092	-	3.09064391068608	8.97215510820153	-1.10792686407139	ENST00000660442.1	lncRNA	ENSG00000172965	MIR4435-2HG	lncRNA	111494792	111497092	chr2:111494792:111497092	1
chr2:111494797:111497097	-1.10792686407139	-1.11305770828922	-0.00513084421782684	0.555902620731364	chr2	111494798	111495097	-	3.09064391068608	8.97215510820153	-1.10792686407139	ENST00000659079.1	lncRNA	ENSG00000172965	MIR4435-2HG	lncRNA	111494797	111497097	chr2:111494797:111497097	1
chr2:111494800:111497100	-1.10792686407139	-1.11412681343176	-0.00619994936037349	0.554847611818569	chr2	111494801	111495100	-	3.09064391068608	8.97215510820153	-1.10792686407139	ENST00000432818.5	lncRNA	ENSG00000172965	MIR4435-2HG	lncRNA	111494800	111497100	chr2:111494800:111497100	1
chr2:111494802:111497102	-1.10792686407139	-1.11044621924373	-0.00251935517234148	0.502803674294255	chr2	111494803	111495102	-	3.09064391068608	8.97215510820153	-1.10792686407139	ENST00000653687.1	lncRNA	ENSG00000172965	MIR4435-2HG	lncRNA	111494802	111497102	chr2:111494802:111497102	1
chr2:111494804:111497104	-1.10792686407139	-1.09224337216292	0.015683491908467	0.510793009323289	chr2	111494805	111495104	-	3.09064391068608	8.97215510820153	-1.10792686407139	ENST00000669917.1	lncRNA	ENSG00000172965	MIR4435-2HG	lncRNA	111494804	111497104	chr2:111494804:111497104	1
chr2:111494815:111497115	-1.10792686407139	-1.12892807144664	-0.0210012073752539	0.58341476573213	chr2	111494816	111495115	-	3.09064391068608	8.97215510820153	-1.10792686407139	ENST00000662635.1	lncRNA	ENSG00000172965	MIR4435-2HG	lncRNA	111494815	111497115	chr2:111494815:111497115	1
chr2:111494820:111497120	-1.1069991606592	-1.12633300491272	-0.0193338442535191	0.581143882887939	chr2	111494821	111495120	-	3.09391842561742	8.97215510820153	-1.1069991606592	ENST00000643013.1,ENST00000658936.1,ENST00000666390.1	lncRNA	ENSG00000172965	MIR4435-2HG	lncRNA	111494820	111497120	chr2:111494820:111497120	1
chr2:111494838:111497138	-1.10904764245256	-1.09948232504021	0.00956531741235223	0.512411482803121	chr2	111494839	111495138	-	3.08649836891934	8.97174022978742	-1.10904764245256	ENST00000656760.1	lncRNA	ENSG00000172965	MIR4435-2HG	lncRNA	111494838	111497138	chr2:111494838:111497138	1
chr2:111494859:111497159	-1.10792194234642	-1.08208099461007	0.0258409477363495	0.595768292004616	chr2	111494860	111495159	-	3.08649836891934	8.96318258489783	-1.10792194234642	ENST00000664443.1	lncRNA	ENSG00000172965	MIR4435-2HG	lncRNA	111494859	111497159	chr2:111494859:111497159	1
chr2:111494861:111497161	-1.10792194234642	-1.10092999231742	0.00699195002900077	0.537455186687502	chr2	111494862	111495161	-	3.08649836891934	8.96318258489783	-1.10792194234642	ENST00000666204.1	lncRNA	ENSG00000172965	MIR4435-2HG	lncRNA	111494861	111497161	chr2:111494861:111497161	1
chr2:147842615:147844915	-0.780651720269211	-0.413756823464231	0.36689489680498	0.20816231172288	chr2	147844616	147844915	+	0.794664168779206	2.80097241574217	-0.780651720269211	ENST00000404590.1	protein_coding	ENSG00000121989	ACVR2A	protein_coding	147842615	147844915	chr2:147842615:147844915	5
chr2:157255704:157258004	-0.57519094780321	-0.956587566444921	-0.381396618641711	0.487291491088187	chr2	157257705	157258004	+	0.486308935824729	1.70428863648305	-0.57519094780321	ENST00000259056.5	protein_coding	ENSG00000136542	GALNT5	protein_coding	157255704	157258004	chr2:157255704:157258004	3
chr2:171517416:171519716	-0.552474411206409	-0.221677249867672	0.330797161338737	0.134306963189138	chr2	171517417	171517716	-	0.130448171301447	1.1245130501964	-0.552474411206409	ENST00000433675.1	processed_pseudogene	ENSG00000233762	AC007969.1	processed_pseudogene	171517416	171519716	chr2:171517416:171519716	3
chr2:182426731:182429031	-0.650137667999242	-0.552690536554396	0.0974471314448462	0.349692940901831	chr2	182426732	182427031	-	1.03654369986458	2.76530250237951	-0.650137667999242	ENST00000409365.5	protein_coding	ENSG00000115252	PDE1A	protein_coding	182426731	182429031	chr2:182426731:182429031	3
chr2:182426748:182429048	-0.654253732316639	-0.47426154562609	0.179992186690549	0.368423015924885	chr2	182426749	182427048	-	1.00497040900086	2.72922740864832	-0.654253732316639	ENST00000351439.9	protein_coding	ENSG00000115252	PDE1A	protein_coding	182426748	182429048	chr2:182426748:182429048	3
chr2:200853695:200855995	-0.97582027878234	-0.750068905777929	0.225751373004411	0.315669900694313	chr2	200853696	200853995	-	1.77852931233518	5.43145701244461	-0.97582027878234	ENST00000472679.1	retained_intron	ENSG00000013441	CLK1	protein_coding	200853695	200855995	chr2:200853695:200855995	3
chr2:200853713:200856013	-0.97684426363023	-0.79354143356905	0.18330283006118	0.30751233549619	chr2	200853714	200854013	-	1.77852931233518	5.43673352645371	-0.97684426363023	ENST00000464454.1	retained_intron	ENSG00000013441	CLK1	protein_coding	200853713	200856013	chr2:200853713:200856013	6
chr2:200864356:200866656	-1.13287371895846	-1.24510190469452	-0.112228185736055	0.331350849006887	chr2	200864357	200864656	-	2.10743319155215	7.00740061533386	-1.13287371895846	ENST00000432425.5	nonsense_mediated_decay	ENSG00000013441	CLK1	protein_coding	200864356	200866656	chr2:200864356:200866656	5
chr2:200864357:200866657	-1.13287371895846	-1.15085621356361	-0.017982494605155	0.273939388466302	chr2	200864358	200864657	-	2.10743319155215	7.00740061533386	-1.13287371895846	ENST00000492793.1	lncRNA	ENSG00000013441	CLK1	protein_coding	200864357	200866657	chr2:200864357:200866657	1
chr2:200864358:200866658	-1.13287371895846	-1.18295901981393	-0.0500853008554683	0.324378987124881	chr2	200864359	200864658	-	2.10743319155215	7.00740061533386	-1.13287371895846	ENST00000321356.9,ENST00000482590.1	protein_coding,retained_intron	ENSG00000013441	CLK1	protein_coding	200864358	200866658	chr2:200864358:200866658	5
chr2:200864362:200866662	-1.13287371895846	-1.08807140955544	0.0448023094030163	0.315523736868438	chr2	200864363	200864662	-	2.10743319155215	7.00740061533386	-1.13287371895846	ENST00000409403.6	nonsense_mediated_decay	ENSG00000013441	CLK1	protein_coding	200864362	200866662	chr2:200864362:200866662	5
chr2:200864391:200866691	-1.13287371895846	-0.91187231864108	0.22100140031738	0.36864661646491	chr2	200864392	200864691	-	2.10743319155215	7.00740061533386	-1.13287371895846	ENST00000473565.5	retained_intron	ENSG00000013441	CLK1	protein_coding	200864391	200866691	chr2:200864391:200866691	5
chr2:203495053:203497353	-0.538211960637549	-0.525030091762711	0.0131818688748384	0.257376001677616	chr2	203495054	203495353	-	0.526810069484167	1.669361864877	-0.538211960637549	ENST00000374493.7,ENST00000418114.5,ENST00000419464.5,ENST00000423104.5,ENST00000439222.5	protein_coding	ENSG00000173166	RAPH1	protein_coding	203495053	203497353	chr2:203495053:203497353	6
chr2:206213071:206215371	-1.42053130563385	-1.13627348303749	0.284257822596358	0.431850158734766	chr2	206213072	206213371	-	1.74567418070889	8.02657323162406	-1.42053130563385	ENST00000442134.1	protein_coding	ENSG00000183671	GPR1	protein_coding	206213071	206215371	chr2:206213071:206215371	1
chr2:206213325:206215625	-1.39992189793486	-1.2410478438769	0.158874054057962	0.493326536966347	chr2	206213326	206213625	-	1.6774931195092	7.7044371501846	-1.39992189793486	ENST00000451790.5	protein_coding	ENSG00000183671	GPR1	protein_coding	206213325	206215625	chr2:206213325:206215625	1
chr2:206213328:206215628	-1.39989677961501	-1.28656622665222	0.113330552962793	0.478675245025477	chr2	206213329	206213628	-	1.67556345034699	7.69917612756853	-1.39989677961501	ENST00000621141.4	protein_coding	ENSG00000183671	GPR1	protein_coding	206213328	206215628	chr2:206213328:206215628	1
chr2:216496843:216499143	-1.28779245571663	-1.02698927996433	0.260803175752297	0.397993430565581	chr2	216498844	216499143	+	213.658338494671	524.538839966096	-1.28779245571663	ENST00000487233.1,ENST00000491306.6	retained_intron,protein_coding	ENSG00000197756	RPL37A	protein_coding	216496843	216499143	chr2:216496843:216499143	5
chr2:216496849:216499149	-1.28780242712494	-0.899421987114231	0.388380440010708	0.403396221019655	chr2	216498850	216499149	+	213.660397809818	524.547507171403	-1.28780242712494	ENST00000600880.5	protein_coding	ENSG00000197756	RPL37A	protein_coding	216496849	216499149	chr2:216496849:216499149	5
chr2:216496854:216499154	-1.28805659380134	-1.3028415563066	-0.0147849625052632	0.459338247136549	chr2	216498855	216499154	+	213.665786352785	524.653438567329	-1.28805659380134	ENST00000446558.5	protein_coding	ENSG00000197756	RPL37A	protein_coding	216496854	216499154	chr2:216496854:216499154	5
chr2:216496861:216499161	-1.28796296711536	-1.27378680979197	0.0141761573233909	0.462630278829062	chr2	216498862	216499161	+	213.682094981903	524.659084314932	-1.28796296711536	ENST00000420712.1	nonsense_mediated_decay	ENSG00000197756	RPL37A	protein_coding	216496861	216499161	chr2:216496861:216499161	5
chr2:216496866:216499166	-1.2879983885598	-0.82286592467845	0.46513246388135	0.46172615348427	chr2	216498867	216499166	+	213.686047720178	524.681667305241	-1.2879983885598	ENST00000359681.3	retained_intron	ENSG00000197756	RPL37A	protein_coding	216496866	216499166	chr2:216496866:216499166	5
chr2:223050199:223052499	-0.593531237781569	-0.283837188550562	0.309694049231007	0.323310972497038	chr2	223052200	223052499	+	2.59222614103871	4.92937352435256	-0.593531237781569	ENST00000488477.2	lncRNA	ENSG00000152049	KCNE4	protein_coding	223050199	223052499	chr2:223050199:223052499	1
chr2:224038986:224041286	-0.586283333425554	-0.628427390358714	-0.04214405693316	0.423096247784677	chr2	224038987	224039286	-	5.87931097798463	9.82979205748998	-0.586283333425554	ENST00000258405.9	protein_coding	ENSG00000135919	SERPINE2	protein_coding	224038986	224041286	chr2:224038986:224041286	3
chr2:224038988:224041288	-0.586283333425554	-0.595916520550228	-0.00963318712467442	0.445121937154042	chr2	224038989	224039288	-	5.87931097798463	9.82979205748998	-0.586283333425554	ENST00000409304.5	protein_coding	ENSG00000135919	SERPINE2	protein_coding	224038988	224041288	chr2:224038988:224041288	3
chr2:224038990:224041290	-0.586283333425554	-0.642063719671074	-0.0557803862455196	0.5004483862655	chr2	224038991	224039290	-	5.87931097798463	9.82979205748998	-0.586283333425554	ENST00000489065.1	retained_intron	ENSG00000135919	SERPINE2	protein_coding	224038990	224041290	chr2:224038990:224041290	3
chr2:33132596:33134896	-1.36684542137055	-1.16631922652931	0.200526194841236	0.368662030439509	chr2	33134597	33134896	+	2.05522786222839	8.45867658349186	-1.36684542137055	ENST00000418533.6	protein_coding	ENSG00000049323	LTBP1	protein_coding	33132596	33134896	chr2:33132596:33134896	3
chr2:33132624:33134924	-1.36519545656073	-1.20364095987103	0.161554496689704	0.415315102670274	chr2	33134625	33134924	+	2.11977571899786	8.61300468661556	-1.36519545656073	ENST00000402934.5	protein_coding	ENSG00000049323	LTBP1	protein_coding	33132624	33134924	chr2:33132624:33134924	3
chr2:33132638:33134938	-1.36407295909223	-1.33915106716186	0.0249218919303702	0.414974980524833	chr2	33134639	33134938	+	2.14238786509109	8.66295650793439	-1.36407295909223	ENST00000404525.5	protein_coding	ENSG00000049323	LTBP1	protein_coding	33132638	33134938	chr2:33132638:33134938	3
chr2:33132656:33134956	-1.36316960618569	-1.16332561526403	0.199843990921658	0.401093166229774	chr2	33134657	33134956	+	2.20327177634698	8.81290562009555	-1.36316960618569	ENST00000407925.5	protein_coding	ENSG00000049323	LTBP1	protein_coding	33132656	33134956	chr2:33132656:33134956	3
chr2:36694689:36696989	-1.55165110832895	-1.22968462101485	0.321966487314101	0.445703806781426	chr2	36696690	36696989	+	0.819081051629593	6.26420513783935	-1.55165110832895	ENST00000379242.7,ENST00000389975.7	protein_coding	ENSG00000205221	VIT	protein_coding	36694689	36696989	chr2:36694689:36696989	1
chr2:36694763:36697063	-1.55165110832895	-1.54736075274123	0.00429035558772073	0.486854489398507	chr2	36696764	36697063	+	0.819081051629593	6.26420513783935	-1.55165110832895	ENST00000457137.6	protein_coding	ENSG00000205221	VIT	protein_coding	36694763	36697063	chr2:36694763:36697063	1
chr2:36694804:36697104	-1.54830756668584	-1.53739085241439	0.0109167142714517	0.559494141223762	chr2	36696805	36697104	+	0.819081051629593	6.24507447002835	-1.54830756668584	ENST00000497382.5	protein_coding	ENSG00000205221	VIT	protein_coding	36694804	36697104	chr2:36694804:36697104	1
chr2:36694825:36697125	-1.51844104419866	-1.45154509831454	0.0668959458841243	0.578949937812794	chr2	36696826	36697125	+	0.819081051629593	6.07614045747241	-1.51844104419866	ENST00000404084.5	protein_coding	ENSG00000205221	VIT	protein_coding	36694825	36697125	chr2:36694825:36697125	1
chr2:36694865:36697165	-1.43443525118476	-1.32870778682897	0.105727464355795	0.588965108811309	chr2	36696866	36697165	+	0.799695842585092	5.56691559796124	-1.43443525118476	ENST00000379241.7	protein_coding	ENSG00000205221	VIT	protein_coding	36694865	36697165	chr2:36694865:36697165	1
chr2:36694876:36697176	-1.40911571169953	-1.29018872686183	0.118926984837696	0.617317906065296	chr2	36696877	36697176	+	0.765860952989653	5.3454167298939	-1.40911571169953	ENST00000401530.5	protein_coding	ENSG00000205221	VIT	protein_coding	36694876	36697176	chr2:36694876:36697176	1
chr2:55917480:55919780	-0.803187584347515	-0.741576068499068	0.0616115158484468	0.449276470460393	chr2	55917481	55917780	-	18.4104911259447	33.6153330608847	-0.803187584347515	ENST00000634374.1	protein_coding	ENSG00000115380	EFEMP1	protein_coding	55917480	55919780	chr2:55917480:55919780	3
chr2:55923476:55925776	-0.908533258149837	-0.892994201632451	0.0155390565173855	0.642836326396997	chr2	55923477	55923776	-	18.763555672622	36.9760199966539	-0.908533258149837	ENST00000452161.5,ENST00000635671.1	lncRNA,nonsense_mediated_decay	ENSG00000115380	EFEMP1	protein_coding	55923476	55925776	chr2:55923476:55925776	3
chr2:55923481:55925781	-0.908729282649443	-0.92442606590951	-0.0156967832600668	0.675971112910855	chr2	55923482	55923781	-	18.7516969386593	36.9590526950508	-0.908729282649443	ENST00000438672.5	protein_coding	ENSG00000115380	EFEMP1	protein_coding	55923481	55925781	chr2:55923481:55925781	3
chr2:55923482:55925782	-0.908729282649443	-0.865755221713534	0.0429740609359085	0.613526506731904	chr2	55923483	55923782	-	18.7516969386593	36.9590526950508	-0.908729282649443	ENST00000355426.8,ENST00000424207.5,ENST00000429909.5,ENST00000440439.5,ENST00000497698.1	protein_coding,lncRNA	ENSG00000115380	EFEMP1	protein_coding	55923482	55925782	chr2:55923482:55925782	3
chr2:55923485:55925785	-0.90831034312423	-0.898078020839771	0.0102323222844592	0.680884492961692	chr2	55923486	55923785	-	18.7516969386593	36.947741144769	-0.90831034312423	ENST00000452337.5	protein_coding	ENSG00000115380	EFEMP1	protein_coding	55923485	55925785	chr2:55923485:55925785	3
chr2:55923495:55925795	-0.90526469711266	-0.978117766360612	-0.0728530692479523	0.629824287533612	chr2	55923496	55923795	-	18.7227234293633	36.8113418975076	-0.90526469711266	ENST00000421664.1,ENST00000439193.5	protein_coding	ENSG00000115380	EFEMP1	protein_coding	55923495	55925795	chr2:55923495:55925795	3
chr2:55923497:55925797	-0.904065786314506	-0.909680355987661	-0.00561456967315543	0.553613238072158	chr2	55923498	55923797	-	18.7227234293633	36.7791022303194	-0.904065786314506	ENST00000480016.1	retained_intron	ENSG00000115380	EFEMP1	protein_coding	55923497	55925797	chr2:55923497:55925797	3
chr2:70293411:70295711	-1.50582349546597	-1.25788463051492	0.247938864951047	0.38050930616609	chr2	70293412	70293711	-	11.4309557131105	36.1421313490234	-1.50582349546597	ENST00000454893.1	protein_coding	ENSG00000143977	SNRPG	protein_coding	70293411	70295711	chr2:70293411:70295711	4
chr2:70293419:70295719	-1.50488725927458	-1.24337334214812	0.261513917126463	0.409664569292183	chr2	70293420	70293719	-	11.4309557131105	36.1173870626198	-1.50488725927458	ENST00000480370.1	retained_intron	ENSG00000143977	SNRPG	protein_coding	70293419	70295719	chr2:70293419:70295719	4
chr2:70293430:70295730	-1.50614155239787	-1.46692410769651	0.0392174447013554	0.352759145666484	chr2	70293431	70293730	-	11.4162433749733	36.1087508009823	-1.50614155239787	ENST00000488400.1	retained_intron	ENSG00000143977	SNRPG	protein_coding	70293430	70295730	chr2:70293430:70295730	4
chr2:70293440:70295740	-1.50809895890415	-1.3987878882734	0.109311070630748	0.355892093746786	chr2	70293441	70293740	-	11.3980529506113	36.1087508009823	-1.50809895890415	ENST00000272348.7,ENST00000429728.1	protein_coding,lncRNA	ENSG00000143977	SNRPG	protein_coding	70293440	70295740	chr2:70293440:70295740	3
chr2:87453367:87455667	-1.82419572318951	-1.42604389630271	0.398151826886797	0.780908717444471	chr2	87455368	87455667	+	4.33331882811915	20.426886348615	-1.82419572318951	ENST00000642451.1	lncRNA	ENSG00000222041	CYTOR	lncRNA	87453367	87455667	chr2:87453367:87455667	6
chr2:87453408:87455708	-1.82150287190357	-1.63379931586399	0.187703556039583	0.741005220284282	chr2	87455409	87455708	+	4.34746933915204	20.4350795281142	-1.82150287190357	ENST00000646386.1	lncRNA	ENSG00000222041	CYTOR	lncRNA	87453408	87455708	chr2:87453408:87455708	6
chr2:87453426:87455726	-1.82233676958527	-1.86412076760574	-0.0417839980204684	0.77249707905963	chr2	87455427	87455726	+	4.34540145657007	20.4407379224976	-1.82233676958527	ENST00000644478.1	lncRNA	ENSG00000222041	CYTOR	lncRNA	87453426	87455726	chr2:87453426:87455726	6
chr2:87453428:87455728	-1.82233676958527	-1.82613581243842	-0.00379904285314647	0.87358621032897	chr2	87455429	87455728	+	4.34540145657007	20.4407379224976	-1.82233676958527	ENST00000331944.10,ENST00000409139.6	lncRNA	ENSG00000222041	CYTOR	lncRNA	87453428	87455728	chr2:87453428:87455728	6
chr2:87453461:87455761	-1.823010001569	-1.69771006446423	0.12529993710477	0.81360340009642	chr2	87455462	87455761	+	4.34540145657007	20.451212310814	-1.823010001569	ENST00000643743.1,ENST00000644125.1,ENST00000644577.1	lncRNA	ENSG00000222041	CYTOR	lncRNA	87453461	87455761	chr2:87453461:87455761	6
chr2:87453475:87455775	-1.82309337233475	-1.79835544120229	0.0247379311324605	0.859125789051083	chr2	87455476	87455775	+	4.34746933915204	20.4598267402836	-1.82309337233475	ENST00000409898.2	lncRNA	ENSG00000222041	CYTOR	lncRNA	87453475	87455775	chr2:87453475:87455775	6
chr2:87453478:87455778	-1.82309337233475	-1.84384709331511	-0.0207537209803614	0.827028483996328	chr2	87455479	87455778	+	4.34746933915204	20.4598267402836	-1.82309337233475	ENST00000419680.6,ENST00000645257.1	lncRNA	ENSG00000222041	CYTOR	lncRNA	87453478	87455778	chr2:87453478:87455778	6
chr2:87453481:87455781	-1.82309337233475	-1.84483125162802	-0.0217378792932705	0.683243383626797	chr2	87455482	87455781	+	4.34746933915204	20.4598267402836	-1.82309337233475	ENST00000644976.1	lncRNA	ENSG00000222041	CYTOR	lncRNA	87453481	87455781	chr2:87453481:87455781	6
chr2:87453486:87455786	-1.82268256819593	-1.84287580184326	-0.0201932336473329	0.69738320013282	chr2	87455487	87455786	+	4.35075754951248	20.4650639265734	-1.82268256819593	ENST00000643070.1	lncRNA	ENSG00000222041	CYTOR	lncRNA	87453486	87455786	chr2:87453486:87455786	6
chr2:87453495:87455795	-1.82454061911255	-1.75588631497091	0.0686543041416365	0.761607362187842	chr2	87455496	87455795	+	4.3441811897974	20.47072229842	-1.82454061911255	ENST00000414584.1	lncRNA	ENSG00000222041	CYTOR	lncRNA	87453495	87455795	chr2:87453495:87455795	6
chr2:87453504:87455804	-1.82410737904228	-1.87507644744061	-0.0509690683983306	0.732438129394795	chr2	87455505	87455804	+	4.34608662799606	20.47072229842	-1.82410737904228	ENST00000455131.5	lncRNA	ENSG00000222041	CYTOR	lncRNA	87453504	87455804	chr2:87453504:87455804	6
chr2:87453505:87455805	-1.82410737904228	-1.81450555008385	0.00960182895842965	0.718546106100681	chr2	87455506	87455805	+	4.34608662799606	20.47072229842	-1.82410737904228	ENST00000646636.1	lncRNA	ENSG00000222041	CYTOR	lncRNA	87453505	87455805	chr2:87453505:87455805	6
chr2:87453514:87455814	-1.82355503103527	-1.55719513466527	0.266359896369996	0.612268415876575	chr2	87455515	87455814	+	4.34004544245179	20.4407379224976	-1.82355503103527	ENST00000642293.1	lncRNA	ENSG00000222041	CYTOR	lncRNA	87453514	87455814	chr2:87453514:87455814	6
chr20:44712882:44715182	-0.761787927039242	-0.597385648135305	0.164402278903937	0.488867953356764	chr20	44714883	44715182	+	0.0704805711026959	1.51068752405997	-0.761787927039242	ENST00000372865.4	protein_coding	ENSG00000064205	CCN5	protein_coding	44712882	44715182	chr20:44712882:44715182	3
chr20:44712921:44715221	-0.761787927039242	-0.529783844548092	0.23200408249115	0.452137960717974	chr20	44714922	44715221	+	0.0704805711026959	1.51068752405997	-0.761787927039242	ENST00000497421.1	lncRNA	ENSG00000064205	CCN5	protein_coding	44712921	44715221	chr20:44712921:44715221	3
chr20:49276639:49278939	-1.79276686298592	-1.51437540323407	0.278391459751847	0.532942392901518	chr20	49278640	49278939	+	23.2692809915142	85.5526883250372	-1.79276686298592	ENST00000428008.6	lncRNA	ENSG00000177410	ZFAS1	lncRNA	49276639	49278939	chr20:49276639:49278939	3
chr20:49276641:49278941	-1.79276686298592	-1.61027282026224	0.182494042723681	0.584023203700039	chr20	49278642	49278941	+	23.2692809915142	85.5526883250372	-1.79276686298592	ENST00000326677.9,ENST00000620594.2,ENST00000652916.1,ENST00000663883.1,ENST00000667889.1	lncRNA,retained_intron	ENSG00000177410	ZFAS1	lncRNA	49276641	49278941	chr20:49276641:49278941	3
chr20:49277173:49279473	-1.29525022827533	-0.923217611011055	0.372032617264275	0.320270783215479	chr20	49279174	49279473	+	26.49477521854	67.9317515541722	-1.29525022827533	ENST00000623640.1	lncRNA	ENSG00000177410	ZFAS1	lncRNA	49277173	49279473	chr20:49277173:49279473	3
chr21:16535263:16537563	-0.650400866944893	-0.425348456337513	0.22505241060738	0.227442692765521	chr21	16537264	16537563	+	0.296454010792233	1.60452400999889	-0.650400866944893	ENST00000665504.1	lncRNA	ENSG00000215386	MIR99AHG	lncRNA	16535263	16537563	chr21:16535263:16537563	4
chr21:16535280:16537580	-0.650400866944893	-0.513847465683299	0.136553401261594	0.235904876857675	chr21	16537281	16537580	+	0.296454010792233	1.60452400999889	-0.650400866944893	ENST00000441820.5	lncRNA	ENSG00000215386	MIR99AHG	lncRNA	16535280	16537580	chr21:16535280:16537580	4
chr21:34859278:34861578	-0.542267021628567	-0.114267969541551	0.427999052087016	0.353376749544677	chr21	34859279	34859578	-	1.20280876372307	2.66411926740254	-0.542267021628567	ENST00000467577.1	lncRNA	ENSG00000159216	RUNX1	protein_coding	34859278	34861578	chr21:34859278:34861578	5
chr21:8393606:8395906	-0.607094368790984	-0.303585030256292	0.303509338534692	0.194850505391862	chr21	8395607	8395906	+	0.489852988884014	1.79251511672867	-0.607094368790984	ENST00000613359.1	rRNA	ENSG00000275215	RNA5-8SN3	rRNA	8393606	8395906	chr21:8393606:8395906	3
chr22:31292179:31294479	-0.898694204108826	-0.782343839758545	0.116350364350281	0.193656953792661	chr22	31292180	31292479	-	0.330227630115955	2.34442455667884	-0.898694204108826	ENST00000402249.7	protein_coding	ENSG00000100100	PIK3IP1	protein_coding	31292179	31294479	chr22:31292179:31294479	2
chr22:31292188:31294488	-0.898694204108826	-0.778978161155374	0.119716042953452	0.221281007342296	chr22	31292189	31292488	-	0.330227630115955	2.34442455667884	-0.898694204108826	ENST00000215912.10,ENST00000443175.1	protein_coding	ENSG00000100100	PIK3IP1	protein_coding	31292188	31294488	chr22:31292188:31294488	3
chr22:36251070:36253370	-1.07472518502945	-1.14790758630569	-0.073182401276245	0.315818472335961	chr22	36253071	36253370	+	2.29296676152416	7.04236521138474	-1.07472518502945	ENST00000422706.5,ENST00000426053.5	protein_coding	ENSG00000100342	APOL1	protein_coding	36251070	36253370	chr22:36251070:36253370	3
chr22:36251077:36253377	-1.07472518502945	-0.970274989475094	0.104450195554356	0.311245603039987	chr22	36253078	36253377	+	2.29296676152416	7.04236521138474	-1.07472518502945	ENST00000319136.8	protein_coding	ENSG00000100342	APOL1	protein_coding	36251077	36253377	chr22:36251077:36253377	3
chr22:36251130:36253430	-1.07070070121334	-1.07296594890401	-0.00226524769067171	0.428218003412042	chr22	36253131	36253430	+	2.29296676152416	7.01717614414571	-1.07070070121334	ENST00000422471.5	nonsense_mediated_decay	ENSG00000100342	APOL1	protein_coding	36251130	36253430	chr22:36251130:36253430	3
chr22:36251132:36253432	-1.07070070121334	-1.03965353055177	0.0310471706615665	0.389056772668492	chr22	36253133	36253432	+	2.29296676152416	7.01717614414571	-1.07070070121334	ENST00000427990.5,ENST00000438034.5,ENST00000439680.5,ENST00000475519.5	protein_coding,nonsense_mediated_decay,retained_intron	ENSG00000100342	APOL1	protein_coding	36251132	36253432	chr22:36251132:36253432	3
chr22:36251140:36253440	-1.07070070121334	-1.06655308309169	0.0041476181216451	0.297699299005372	chr22	36253141	36253440	+	2.29296676152416	7.01717614414571	-1.07070070121334	ENST00000397279.8	protein_coding	ENSG00000100342	APOL1	protein_coding	36251140	36253440	chr22:36251140:36253440	3
chr22:36251160:36253460	-1.0621613681316	-1.02986832952098	0.0322930386106175	0.331084239055261	chr22	36253161	36253460	+	2.29296676152416	6.9639609924477	-1.0621613681316	ENST00000433768.5	protein_coding	ENSG00000100342	APOL1	protein_coding	36251160	36253460	chr22:36251160:36253460	3
chr22:36251163:36253463	-1.06078827557409	-0.968636424046225	0.0921518515278649	0.374487064735517	chr22	36253164	36253463	+	2.29296676152416	6.95543355430845	-1.06078827557409	ENST00000431184.1	nonsense_mediated_decay	ENSG00000100342	APOL1	protein_coding	36251163	36253463	chr22:36251163:36253463	3
chr3:100490650:100492950	-1.7576501116931	-1.75855242797533	-0.000902316282233695	0.50342046391066	chr3	100492651	100492950	+	11.0298338996095	42.0599789162609	-1.7576501116931	ENST00000403410.5	protein_coding	ENSG00000181458	TMEM45A	protein_coding	100490650	100492950	chr3:100490650:100492950	1
chr3:100490659:100492959	-1.7576501116931	-1.66975190329862	0.087898208394475	0.585440446762722	chr3	100492660	100492959	+	11.0298338996095	42.0599789162609	-1.7576501116931	ENST00000449609.1	protein_coding	ENSG00000181458	TMEM45A	protein_coding	100490659	100492959	chr3:100490659:100492959	1
chr3:100832014:100834314	-0.624021022563359	-0.43866396566479	0.185357056898569	0.245862368693758	chr3	100832015	100832314	-	0.135555471911613	1.29124265265518	-0.624021022563359	ENST00000471901.5	protein_coding	ENSG00000154175	ABI3BP	protein_coding	100832014	100834314	chr3:100832014:100834314	3
chr3:100846128:100848428	-0.875138229572598	-0.823727066239253	0.0514111633333447	0.433083945772977	chr3	100846129	100846428	-	0.355658451370106	2.32071061093986	-0.875138229572598	ENST00000495591.5	protein_coding	ENSG00000154175	ABI3BP	protein_coding	100846128	100848428	chr3:100846128:100848428	2
chr3:100846130:100848430	-0.875138229572598	-0.682671894589076	0.192466334983522	0.48119624070309	chr3	100846131	100846430	-	0.355658451370106	2.32071061093986	-0.875138229572598	ENST00000466947.5	protein_coding	ENSG00000154175	ABI3BP	protein_coding	100846130	100848430	chr3:100846130:100848430	2
chr3:100866620:100868920	-1.01074565670231	-0.575551651636034	0.435194005066276	0.274527756958736	chr3	100866621	100866920	-	0.384252118621995	2.80415419192611	-1.01074565670231	ENST00000533855.5	protein_coding	ENSG00000154175	ABI3BP	protein_coding	100866620	100868920	chr3:100866620:100868920	1
chr3:100993150:100995450	-2.04209536004475	-1.88434762858578	0.157747731458971	0.433820814525072	chr3	100993151	100993450	-	0.689218276042996	9.07536407442794	-2.04209536004475	ENST00000475896.5	retained_intron	ENSG00000154175	ABI3BP	protein_coding	100993150	100995450	chr3:100993150:100995450	1
chr3:100993153:100995453	-2.04209536004475	-1.881088255293	0.161007104751753	0.434848139279055	chr3	100993154	100993453	-	0.689218276042996	9.07536407442794	-2.04209536004475	ENST00000495063.5	protein_coding	ENSG00000154175	ABI3BP	protein_coding	100993153	100995453	chr3:100993153:100995453	1
chr3:100993160:100995460	-2.04376948089143	-1.77413470707125	0.269634773820183	0.429267490793006	chr3	100993161	100993460	-	0.686099484387304	9.07536407442794	-2.04376948089143	ENST00000486770.6	protein_coding	ENSG00000154175	ABI3BP	protein_coding	100993160	100995460	chr3:100993160:100995460	1
chr3:100993192:100995492	-2.04376948089143	-1.69459520642196	0.349174274469471	0.369591284924354	chr3	100993193	100993492	-	0.686099484387304	9.07536407442794	-2.04376948089143	ENST00000530539.1	protein_coding	ENSG00000154175	ABI3BP	protein_coding	100993192	100995492	chr3:100993192:100995492	1
chr3:125001720:125004020	-0.550522111711538	-0.17625058648393	0.374271525227608	0.433173612900979	chr3	125001721	125002020	-	1.49188381292704	3.11426766233929	-0.550522111711538	ENST00000487661.1	protein_coding	ENSG00000173706	HEG1	protein_coding	125001720	125004020	chr3:125001720:125004020	1
chr3:136955982:136958282	-1.33353475585812	-1.00313804781539	0.330396708042733	0.444686818896353	chr3	136957983	136958282	+	2.47545682457451	9.27901913782195	-1.33353475585812	ENST00000329582.9	protein_coding	ENSG00000174564	IL20RB	protein_coding	136955982	136958282	chr3:136955982:136958282	1
chr3:136956008:136958308	-1.33026845758153	-1.10123366499255	0.229034792588977	0.46112489491677	chr3	136958009	136958308	+	2.47353764907828	9.24868628036954	-1.33026845758153	ENST00000469964.5	nonsense_mediated_decay	ENSG00000174564	IL20RB	protein_coding	136956008	136958308	chr3:136956008:136958308	1
chr3:172523130:172525430	-0.539103902440848	-0.783764371670542	-0.244660469229694	0.532692470064024	chr3	172523131	172523430	-	0.0962065421114292	1.04593420169004	-0.539103902440848	ENST00000241261.7	protein_coding	ENSG00000121858	TNFSF10	protein_coding	172523130	172525430	chr3:172523130:172525430	3
chr3:172523165:172525465	-0.539103902440848	-0.552248692743348	-0.0131447903024999	0.460787820753458	chr3	172523166	172523465	-	0.0962065421114292	1.04593420169004	-0.539103902440848	ENST00000472804.1	retained_intron	ENSG00000121858	TNFSF10	protein_coding	172523165	172525465	chr3:172523165:172525465	3
chr3:172523167:172525467	-0.539103902440848	-0.508933256546759	0.0301706458940891	0.412677211059664	chr3	172523168	172523467	-	0.0962065421114292	1.04593420169004	-0.539103902440848	ENST00000466777.1,ENST00000494851.5	retained_intron	ENSG00000121858	TNFSF10	protein_coding	172523167	172525467	chr3:172523167:172525467	3
chr3:172523175:172525475	-0.539103902440848	-0.349522175534584	0.189581726906264	0.314244235125744	chr3	172523176	172523475	-	0.0962065421114292	1.04593420169004	-0.539103902440848	ENST00000420541.6	protein_coding	ENSG00000121858	TNFSF10	protein_coding	172523175	172525475	chr3:172523175:172525475	3
chr3:183842094:183844394	-0.526621212982316	-0.276313030087687	0.250308182894629	0.264031095411564	chr3	183842095	183842394	-	3.09350993774024	5.33746325357491	-0.526621212982316	ENST00000450375.5	protein_coding	ENSG00000175193	PARL	protein_coding	183842094	183844394	chr3:183842094:183844394	3
chr3:186105642:186107942	-0.565996857053679	-0.104634189685196	0.461362667368483	0.28925488751941	chr3	186105643	186105942	-	0.28509272135973	1.38287428218194	-0.565996857053679	ENST00000472868.6	lncRNA	ENSG00000244405	ETV5	protein_coding	186105642	186107942	chr3:186105642:186107942	2
chr3:187252901:187255201	-0.777967108719089	-0.476790761122969	0.30117634759612	0.267826164873349	chr3	187252902	187253201	-	0.504535269742669	2.29455913574826	-0.777967108719089	ENST00000483719.1	retained_intron	ENSG00000127241	MASP1	protein_coding	187252901	187255201	chr3:187252901:187255201	2
chr3:187291397:187293697	-1.41167173242405	-1.37337818943621	0.0382935429878366	0.617656813718594	chr3	187291398	187291697	-	1.46749019119999	7.22509350231201	-1.41167173242405	ENST00000425937.1	protein_coding	ENSG00000127241	MASP1	protein_coding	187291397	187293697	chr3:187291397:187293697	1
chr3:187291454:187293754	-1.43285362331137	-1.3290126937316	0.103840929579766	0.685421504349831	chr3	187291455	187291754	-	1.50734077697359	7.46912575955101	-1.43285362331137	ENST00000495249.1	lncRNA	ENSG00000127241	MASP1	protein_coding	187291454	187293754	chr3:187291454:187293754	1
chr3:187291558:187293858	-1.55257280211075	-1.52654740516109	0.0260253969496562	0.714870469192966	chr3	187291559	187291858	-	1.54000944826968	8.38425645245597	-1.55257280211075	ENST00000296280.10	protein_coding	ENSG00000127241	MASP1	protein_coding	187291558	187293858	chr3:187291558:187293858	1
chr3:187291582:187293882	-1.56376731036644	-1.41194365502779	0.151823655338649	0.690742385654882	chr3	187291583	187291882	-	1.54000944826968	8.46514590906196	-1.56376731036644	ENST00000392470.6	protein_coding	ENSG00000127241	MASP1	protein_coding	187291582	187293882	chr3:187291582:187293882	1
chr3:187291657:187293957	-1.50304171155853	-1.49345607401615	0.00958563754238106	0.672344752520057	chr3	187291658	187291957	-	1.49064878923742	7.89388355085205	-1.50304171155853	ENST00000169293.10	protein_coding	ENSG00000127241	MASP1	protein_coding	187291657	187293957	chr3:187291657:187293957	1
chr3:187291658:187293958	-1.50221178475688	-1.43460759517478	0.0676041895821038	0.664773893204108	chr3	187291659	187291958	-	1.49064878923742	7.88819361808148	-1.50221178475688	ENST00000439271.1	protein_coding	ENSG00000127241	MASP1	protein_coding	187291658	187293958	chr3:187291658:187293958	1
chr3:187291677:187293977	-1.40121179874352	-1.3092479806121	0.0919638181314195	0.689301838598181	chr3	187291678	187291977	-	1.2961884850402	6.70600314237617	-1.40121179874352	ENST00000392472.6	protein_coding	ENSG00000127241	MASP1	protein_coding	187291677	187293977	chr3:187291677:187293977	1
chr3:187291680:187293980	-1.38783841023401	-1.28807832733314	0.0997600829008682	0.606373107667307	chr3	187291681	187291980	-	1.24344099946854	6.48764082030864	-1.38783841023401	ENST00000392475.2	protein_coding	ENSG00000127241	MASP1	protein_coding	187291680	187293980	chr3:187291680:187293980	1
chr3:187291722:187294022	-0.936428905632774	-1.33859918595873	-0.40217028032596	0.619557003906854	chr3	187291723	187292022	-	0.502355783169214	2.78897143761339	-0.936428905632774	ENST00000337774.9	protein_coding	ENSG00000127241	MASP1	protein_coding	187291722	187294022	chr3:187291722:187294022	1
chr3:195583654:195585954	-1.9707602773845	-1.65766586647922	0.313094410905275	0.826130651471415	chr3	195583655	195583954	-	1.59798940358539	12.1032056170032	-1.9707602773845	ENST00000458447.5	nonsense_mediated_decay	ENSG00000189058	APOD	protein_coding	195583654	195585954	chr3:195583654:195585954	3
chr3:4978231:4980531	-0.698571135113453	-0.250615047849785	0.447956087263668	0.602565328052003	chr3	4980232	4980531	+	1.5399315660898	3.74494310622253	-0.698571135113453	ENST00000460806.1	retained_intron	ENSG00000134107	BHLHE40	protein_coding	4978231	4980531	chr3:4978231:4980531	1
chr3:99636593:99638893	-1.58185654400248	-1.62182508036762	-0.0399685363651361	0.762240807682408	chr3	99638594	99638893	+	6.47322445129296	23.3650065835418	-1.58185654400248	ENST00000652472.1	protein_coding	ENSG00000144810	COL8A1	protein_coding	99636593	99638893	chr3:99636593:99638893	1
chr3:99636595:99638895	-1.58185654400248	-1.55971213899854	0.022144405003943	0.750605825745782	chr3	99638596	99638895	+	6.47322445129296	23.3650065835418	-1.58185654400248	ENST00000273342.8	protein_coding	ENSG00000144810	COL8A1	protein_coding	99636595	99638895	chr3:99636595:99638895	1
chr3:99636621:99638921	-1.57522011858436	-1.39165967354959	0.18356044503477	0.708654146429163	chr3	99638622	99638921	+	6.46008792112004	23.2094506520957	-1.57522011858436	ENST00000621757.1	protein_coding	ENSG00000144810	COL8A1	protein_coding	99636621	99638921	chr3:99636621:99638921	1
chr4:108618565:108620865	-1.51532066934169	-1.3713005412896	0.144020128052093	0.552314114663209	chr4	108620566	108620865	+	44.8899727351329	132.040782576889	-1.51532066934169	ENST00000394667.7	protein_coding	ENSG00000109475	RPL34	protein_coding	108618565	108620865	chr4:108618565:108620865	6
chr4:108618568:108620868	-1.51538145123445	-1.49764940193905	0.0177320492954038	0.516759003085285	chr4	108620569	108620868	+	44.8899727351329	132.046429940932	-1.51538145123445	ENST00000502534.5	protein_coding	ENSG00000109475	RPL34	protein_coding	108618568	108620868	chr4:108618568:108620868	6
chr4:108618589:108620889	-1.5152700296365	-1.30515209586682	0.210117933769677	0.561415314332934	chr4	108620590	108620889	+	44.8966240818964	132.055090754365	-1.5152700296365	ENST00000394665.5	protein_coding	ENSG00000109475	RPL34	protein_coding	108618589	108620889	chr4:108618589:108620889	4
chr4:108618625:108620925	-1.02112268393769	-1.11918574090427	-0.098063056966579	0.601735593573239	chr4	108620626	108620925	+	2.84226481043564	7.82736515174756	-1.02112268393769	ENST00000503574.1	retained_intron	ENSG00000109475	RPL34	protein_coding	108618625	108620925	chr4:108618625:108620925	4
chr4:108618632:108620932	-1.02112268393769	-0.914544421235446	0.106578262702244	0.658631160007523	chr4	108620633	108620932	+	2.84226481043564	7.82736515174756	-1.02112268393769	ENST00000506397.5	protein_coding	ENSG00000109475	RPL34	protein_coding	108618632	108620932	chr4:108618632:108620932	4
chr4:108618655:108620955	-1.02112268393769	-0.523911541885912	0.497211142051778	0.536796967247536	chr4	108620656	108620955	+	2.84226481043564	7.82736515174756	-1.02112268393769	ENST00000394668.2	protein_coding	ENSG00000109475	RPL34	protein_coding	108618655	108620955	chr4:108618655:108620955	4
chr4:14109967:14112267	-0.677896643509402	-0.959970745300046	-0.282074101790644	0.398937006288177	chr4	14111968	14112267	+	0.401751971127279	1.84233635041459	-0.677896643509402	ENST00000502759.1	lncRNA	ENSG00000248698	LINC01085	transcribed_processed_pseudogene	14109967	14112267	chr4:14109967:14112267	1
chr4:14109976:14112276	-0.677896643509402	-0.482158880507068	0.195737763002334	0.252208905339815	chr4	14111977	14112276	+	0.401751971127279	1.84233635041459	-0.677896643509402	ENST00000511200.5	lncRNA	ENSG00000248698	LINC01085	transcribed_processed_pseudogene	14109976	14112276	chr4:14109976:14112276	1
chr4:14109989:14112289	-0.675735941861408	-0.450146476427245	0.225589465434163	0.28452087746707	chr4	14111990	14112289	+	0.401751971127279	1.83658605090023	-0.675735941861408	ENST00000512754.1	lncRNA	ENSG00000248698	LINC01085	transcribed_processed_pseudogene	14109989	14112289	chr4:14109989:14112289	1
chr4:14110019:14112319	-0.665228351954307	-0.417050440411302	0.248177911543005	0.312452055553015	chr4	14112020	14112319	+	0.396737898942353	1.80079311946683	-0.665228351954307	ENST00000506739.1	lncRNA	ENSG00000248698	LINC01085	transcribed_processed_pseudogene	14110019	14112319	chr4:14110019:14112319	1
chr4:158172723:158175023	-0.563943347660129	-0.533337260692107	0.0306060869680223	0.309853883986954	chr4	158172724	158173023	-	0.35583456440225	1.48264055386755	-0.563943347660129	ENST00000589306.1	lncRNA	ENSG00000164125	GASK1B	protein_coding	158172723	158175023	chr4:158172723:158175023	6
chr4:158172746:158175046	-0.565182490377339	-0.589032440106348	-0.0238499497290089	0.368183043094049	chr4	158172747	158173046	-	0.353811987315266	1.48264055386755	-0.565182490377339	ENST00000592057.1	protein_coding	ENSG00000164125	GASK1B	protein_coding	158172746	158175046	chr4:158172746:158175046	6
chr4:158172750:158175050	-0.566423333156288	-0.489093766216262	0.0773295669400265	0.279463213164252	chr4	158172751	158173050	-	0.351788375358056	1.48264055386755	-0.566423333156288	ENST00000393807.9,ENST00000585682.5	protein_coding	ENSG00000164125	GASK1B	protein_coding	158172750	158175050	chr4:158172750:158175050	6
chr4:173334058:173336358	-0.690978984953234	-0.318330075642909	0.372648909310325	0.193353089743568	chr4	173334059	173334358	-	2.28996961618198	4.92563528440726	-0.690978984953234	ENST00000296503.10	protein_coding	ENSG00000164104	HMGB2	protein_coding	173334058	173336358	chr4:173334058:173336358	1
chr4:173334091:173336391	-0.688341800988178	-0.765285617509062	-0.0769438165208837	0.319976510439422	chr4	173334092	173334391	-	2.29781866626034	4.92563528440726	-0.688341800988178	ENST00000446922.6	protein_coding	ENSG00000164104	HMGB2	protein_coding	173334091	173336391	chr4:173334091:173336391	3
chr5:122076874:122079174	-0.702214380637034	-0.540099272749668	0.162115107887366	0.542176733373603	chr5	122076875	122077174	-	25.2342754362473	42.3101701160566	-0.702214380637034	ENST00000513319.5	lncRNA	ENSG00000113083	LOX	protein_coding	122076874	122079174	chr5:122076874:122079174	1
chr5:122076923:122079223	-0.602469143420566	-0.345195250105449	0.257273893315117	0.501196604941415	chr5	122076924	122077223	-	22.6850224524371	35.4795881733132	-0.602469143420566	ENST00000503759.5	retained_intron	ENSG00000113083	LOX	protein_coding	122076923	122079223	chr5:122076923:122079223	1
chr5:122078060:122080360	-1.44453997544949	-1.3423784941948	0.102161481254689	0.722357497692075	chr5	122078061	122078360	-	18.0602863754841	52.5992894847951	-1.44453997544949	ENST00000639739.1	protein_coding	ENSG00000113083	LOX	protein_coding	122078060	122080360	chr5:122078060:122080360	1
chr5:154850290:154852590	-0.599571285725179	-0.435470701953296	0.164100583771883	0.36093133941622	chr5	154850291	154850590	-	0.473079963722834	1.74737452819668	-0.599571285725179	ENST00000517448.5	retained_intron	ENSG00000170271	FAXDC2	protein_coding	154850290	154852590	chr5:154850290:154852590	1
chr5:154850297:154852597	-0.599571285725179	-0.571004725412628	0.0285665603125511	0.378141617356658	chr5	154850298	154850597	-	0.473079963722834	1.74737452819668	-0.599571285725179	ENST00000520581.5	nonsense_mediated_decay	ENSG00000170271	FAXDC2	protein_coding	154850297	154852597	chr5:154850297:154852597	1
chr5:154850303:154852603	-0.599571285725179	-0.634231581876317	-0.0346602961511384	0.359500142736315	chr5	154850304	154850603	-	0.473079963722834	1.74737452819668	-0.599571285725179	ENST00000326080.10,ENST00000518651.5,ENST00000519501.5,ENST00000521518.5	protein_coding,nonsense_mediated_decay	ENSG00000170271	FAXDC2	protein_coding	154850303	154852603	chr5:154850303:154852603	1
chr5:154850309:154852609	-0.599571285725179	-0.640297047646762	-0.0407257619215829	0.421987642521511	chr5	154850310	154850609	-	0.473079963722834	1.74737452819668	-0.599571285725179	ENST00000423554.5,ENST00000517938.5	retained_intron,protein_coding	ENSG00000170271	FAXDC2	protein_coding	154850309	154852609	chr5:154850309:154852609	1
chr5:154850313:154852613	-0.602703155979271	-0.637231293346465	-0.0345281373671935	0.387010244488269	chr5	154850314	154850613	-	0.473079963722834	1.75551834137405	-0.602703155979271	ENST00000520461.1	protein_coding	ENSG00000170271	FAXDC2	protein_coding	154850313	154852613	chr5:154850313:154852613	1
chr5:159161060:159163360	-0.697886641031047	-0.653737646888508	0.0441489941425386	0.508539659089193	chr5	159161061	159161360	-	2.92585743702689	5.99036560010051	-0.697886641031047	ENST00000519985.1	lncRNA	ENSG00000145860	RNF145	protein_coding	159161060	159163360	chr5:159161060:159163360	3
chr5:159162728:159165028	-0.688313695213469	-0.836132964055145	-0.147819268841676	0.444220146513186	chr5	159162729	159163028	-	2.42121567978241	5.12434217891151	-0.688313695213469	ENST00000518062.1	retained_intron	ENSG00000145860	RNF145	protein_coding	159162728	159165028	chr5:159162728:159165028	1
chr5:160419854:160422154	-0.603094150102575	-0.430531763280221	0.172562386822355	0.241630226700856	chr5	160421855	160422154	+	0.44770420439965	1.71799124884147	-0.603094150102575	ENST00000352433.10,ENST00000524244.5	protein_coding,retained_intron	ENSG00000164611	PTTG1	protein_coding	160419854	160422154	chr5:160419854:160422154	4
chr5:160419857:160422157	-0.603094150102575	-0.589968663315868	0.0131254867867076	0.273899924857675	chr5	160421858	160422157	+	0.44770420439965	1.71799124884147	-0.603094150102575	ENST00000517480.1	protein_coding	ENSG00000164611	PTTG1	protein_coding	160419857	160422157	chr5:160419857:160422157	4
chr5:160419868:160422168	-0.609539600156835	-0.250278148278965	0.35926145187787	0.18921600392516	chr5	160421869	160422168	+	0.44770420439965	1.73463907644004	-0.609539600156835	ENST00000523659.5	retained_intron	ENSG00000164611	PTTG1	protein_coding	160419868	160422168	chr5:160419868:160422168	4
chr5:39392139:39394439	-0.956599404893435	-0.591409482072926	0.365189922820509	0.283329434718854	chr5	39392140	39392439	-	7.31005191094411	16.0682968548854	-0.956599404893435	ENST00000512525.5	lncRNA	ENSG00000153071	DAB2	protein_coding	39392139	39394439	chr5:39392139:39394439	6
chr5:39424568:39426868	-0.595702678016214	-0.761012643526201	-0.165309965509987	0.917550439652973	chr5	39424569	39424868	-	7.18093638622577	11.8743086866585	-0.595702678016214	ENST00000503513.5	protein_coding	ENSG00000153071	DAB2	protein_coding	39424568	39426868	chr5:39424568:39426868	1
chr5:39424570:39426870	-0.595348808247245	-0.516398627484852	0.0789501807623928	0.839486215536559	chr5	39424571	39424870	-	7.18887188296148	11.8828952090102	-0.595348808247245	ENST00000511536.5,ENST00000515269.5	lncRNA	ENSG00000153071	DAB2	protein_coding	39424570	39426870	chr5:39424570:39426870	1
chr5:39424613:39426913	-0.582134492301002	-0.679911613990494	-0.0977771216894916	0.848241761407419	chr5	39424614	39424913	-	7.31576709363285	11.9462859555149	-0.582134492301002	ENST00000507539.5	nonsense_mediated_decay	ENSG00000153071	DAB2	protein_coding	39424613	39426913	chr5:39424613:39426913	1
chr5:39424659:39426959	-0.583082897445815	-0.559574134976504	0.0235087624693112	0.763216521199459	chr5	39424660	39424959	-	7.47630657971616	12.1959527369086	-0.583082897445815	ENST00000502388.1	retained_intron	ENSG00000153071	DAB2	protein_coding	39424659	39426959	chr5:39424659:39426959	3
chr5:39424676:39426976	-0.581301718359546	-0.567688929828495	0.013612788531051	0.902451367002162	chr5	39424677	39424976	-	7.50780335489747	12.2255623870925	-0.581301718359546	ENST00000515700.5	protein_coding	ENSG00000153071	DAB2	protein_coding	39424676	39426976	chr5:39424676:39426976	3
chr5:39424680:39426980	-0.581301718359546	-0.387655924689581	0.193645793669965	0.888854600524485	chr5	39424681	39424980	-	7.50780335489747	12.2255623870925	-0.581301718359546	ENST00000320816.11,ENST00000339788.10	protein_coding	ENSG00000153071	DAB2	protein_coding	39424680	39426980	chr5:39424680:39426980	3
chr5:40834912:40837212	-1.45282740966213	-1.30512823014124	0.14769917952089	0.426814853593207	chr5	40834913	40835212	-	120.093293160228	332.223079720347	-1.45282740966213	ENST00000508493.1,ENST00000509877.5	protein_coding	ENSG00000145592	RPL37	protein_coding	40834912	40837212	chr5:40834912:40837212	2
chr5:40834922:40837222	-1.45280487776562	-1.24513561250702	0.207669265258595	0.415774962468697	chr5	40834923	40835222	-	120.093293160228	332.217859891607	-1.45280487776562	ENST00000274242.10	protein_coding	ENSG00000145592	RPL37	protein_coding	40834922	40837222	chr5:40834922:40837222	3
chr5:8455690:8457990	-1.16351572515641	-0.759259036225175	0.404256688931235	0.385863877504331	chr5	8457691	8457990	+	1.99092941198271	6.93978718006206	-1.16351572515641	ENST00000606459.1	lncRNA	ENSG00000247516	MIR4458HG	lncRNA	8455690	8457990	chr5:8455690:8457990	5
chr5:8455694:8457994	-1.16351572515641	-0.953561812898488	0.209953912257922	0.457887745458518	chr5	8457695	8457994	+	1.99092941198271	6.93978718006206	-1.16351572515641	ENST00000670196.1	lncRNA	ENSG00000247516	MIR4458HG	lncRNA	8455694	8457994	chr5:8455694:8457994	5
chr6:159688048:159690348	-0.632800474332886	-0.298812714837171	0.333987759495715	0.193551645972315	chr6	159688049	159688348	-	20.8672415135111	33.4573033276071	-0.632800474332886	ENST00000535459.5	retained_intron	ENSG00000112096	SOD2	protein_coding	159688048	159690348	chr6:159688048:159690348	3
chr6:22302509:22304809	-0.964036508027304	-0.745347359625151	0.218689148402153	0.381245583020661	chr6	22302510	22302809	-	0.162857239196964	2.21921600926131	-0.964036508027304	ENST00000651757.1	protein_coding	ENSG00000172179	PRL	protein_coding	22302509	22304809	chr6:22302509:22304809	2
chr6:30906206:30908506	-0.544380212170603	-0.407425874768305	0.136954337402298	0.207918920268922	chr6	30908207	30908506	+	3.00359767791477	5.29721521878026	-0.544380212170603	ENST00000259895.9	protein_coding	ENSG00000213780	GTF2H4	protein_coding	30906206	30908506	chr6:30906206:30908506	1
chr6:30906220:30908520	-0.544380212170603	-0.525425526605246	0.0189546855653567	0.224802520747583	chr6	30908221	30908520	+	3.00359767791477	5.29721521878026	-0.544380212170603	ENST00000376316.5	protein_coding	ENSG00000213780	GTF2H4	protein_coding	30906220	30908520	chr6:30906220:30908520	1
chr6:30906222:30908522	-0.544380212170603	-0.55451198833473	-0.0101317761641269	0.219661410999652	chr6	30908223	30908522	+	3.00359767791477	5.29721521878026	-0.544380212170603	ENST00000453897.4	lncRNA	ENSG00000213780	GTF2H4	protein_coding	30906222	30908522	chr6:30906222:30908522	1
chr6:31398699:31400999	-0.54601429233665	-0.481339495249063	0.0646747970875872	0.304769707088059	chr6	31400700	31400999	+	1.29094499956697	2.80493264542732	-0.54601429233665	ENST00000667609.1	lncRNA	ENSG00000206337	HCP5	lncRNA	31398699	31400999	chr6:31398699:31400999	5
chr6:31398701:31401001	-0.54601429233665	-0.424176069127574	0.121838223209076	0.244794684735959	chr6	31400702	31401001	+	1.29094499956697	2.80493264542732	-0.54601429233665	ENST00000414046.2	lncRNA	ENSG00000206337	HCP5	lncRNA	31398701	31401001	chr6:31398701:31401001	5
chr6:31944221:31946521	-0.814490233074504	-0.377233522891952	0.437256710182552	0.359956519676049	chr6	31946222	31946521	+	0.577298162586688	2.53263403439889	-0.814490233074504	ENST00000452035.6	retained_intron	ENSG00000243649	CFB	protein_coding	31944221	31946521	chr6:31944221:31946521	1
chr6:34425726:34428026	-0.810901903287664	-0.580611314201195	0.230290589086469	0.266424217187592	chr6	34425727	34426026	-	4.35575378246208	9.14994848912363	-0.810901903287664	ENST00000621356.3	protein_coding	ENSG00000124614	RPS10	protein_coding	34425726	34428026	chr6:34425726:34428026	4
chr6:34425750:34428050	-1.31903393911575	-1.29999885280674	0.0190350863090105	0.35795708430078	chr6	34425751	34426050	-	119.330011802636	300.717146404713	-1.31903393911575	ENST00000480942.1	retained_intron	ENSG00000124614	RPS10	protein_coding	34425750	34428050	chr6:34425750:34428050	4
chr6:34425752:34428052	-1.31903393911575	-1.25544755523893	0.0635863838768216	0.387805276550622	chr6	34425753	34426052	-	119.330011802636	300.717146404713	-1.31903393911575	ENST00000344700.8	protein_coding	ENSG00000124614	RPS10	protein_coding	34425752	34428052	chr6:34425752:34428052	4
chr6:34425767:34428067	-1.31903393911575	-1.23776753472666	0.0812664043890865	0.320349902740384	chr6	34425768	34426067	-	119.330011802636	300.717146404713	-1.31903393911575	ENST00000644700.1	protein_coding	ENSG00000124614	RPS10	protein_coding	34425767	34428067	chr6:34425767:34428067	5
chr6:34425769:34428069	-1.31903393911575	-1.39115674729955	-0.0721228081838012	0.478565085793286	chr6	34425770	34426069	-	119.330011802636	300.717146404713	-1.31903393911575	ENST00000644393.1,ENST00000648437.1	protein_coding	ENSG00000124614	RPS10	protein_coding	34425769	34428069	chr6:34425769:34428069	5
chr6:57315623:57317923	-0.549212672666284	-0.575714936313696	-0.0265022636474121	0.185552742807613	chr6	57317624	57317923	+	0.845538419128296	2.16383912912451	-0.549212672666284	ENST00000274891.10	protein_coding	ENSG00000146143	PRIM2	protein_coding	57315623	57317923	chr6:57315623:57317923	2
chr6:57315627:57317927	-0.549212672666284	-0.589380216875836	-0.0401675442095517	0.222554961654402	chr6	57317628	57317927	+	0.845538419128296	2.16383912912451	-0.549212672666284	ENST00000419977.4	retained_intron	ENSG00000146143	PRIM2	protein_coding	57315627	57317927	chr6:57315627:57317927	2
chr6:57315629:57317929	-0.549212672666284	-0.51427703711132	0.0349356355549636	0.199822747231833	chr6	57317630	57317929	+	0.845538419128296	2.16383912912451	-0.549212672666284	ENST00000615550.5,ENST00000671770.1,ENST00000672107.1	protein_coding	ENSG00000146143	PRIM2	protein_coding	57315629	57317929	chr6:57315629:57317929	2
chr6:85483396:85485696	-0.816350925963839	-0.348554221265144	0.467796704698695	0.263909333284901	chr6	85485397	85485696	+	2.57377695116698	6.05417566093975	-0.816350925963839	ENST00000437581.1	protein_coding	ENSG00000135318	NT5E	protein_coding	85483396	85485696	chr6:85483396:85485696	1
chr7:129410070:129412370	-0.648286661028806	-0.189410928652086	0.45887573237672	0.240200726605475	chr7	129410071	129410370	-	0.361241632609118	1.70078762081256	-0.648286661028806	ENST00000450566.1	processed_pseudogene	ENSG00000238072	AC009244.1	processed_pseudogene	129410070	129412370	chr7:129410070:129412370	2
chr7:135748319:135750619	-0.907775060532309	-1.08977635057055	-0.182001290038242	0.439288605739929	chr7	135748320	135748619	-	0.553694788442065	2.79111408948009	-0.907775060532309	ENST00000444083.5	nonsense_mediated_decay	ENSG00000189320	FAM180A	protein_coding	135748319	135750619	chr7:135748319:135750619	3
chr7:22725199:22727499	-1.11685813488368	-0.991227201305545	0.125630933578135	0.598136456978044	chr7	22727200	22727499	+	2.23563787115217	7.18600383115731	-1.11685813488368	ENST00000258743.10,ENST00000485300.1	protein_coding,retained_intron	ENSG00000136244	IL6	protein_coding	22725199	22727499	chr7:22725199:22727499	1
chr7:22725213:22727513	-1.13573937448064	-1.14542477913509	-0.00968540465445455	0.598585476536908	chr7	22727214	22727513	+	2.26161937927355	7.3641050615897	-1.13573937448064	ENST00000407492.5	protein_coding	ENSG00000136244	IL6	protein_coding	22725213	22727513	chr7:22725213:22727513	1
chr7:22725223:22727523	-1.13846488141166	-0.985021121864086	0.153443759547574	0.631502648695666	chr7	22727224	22727523	+	2.31552976739048	7.50049415106821	-1.13846488141166	ENST00000401630.7	protein_coding	ENSG00000136244	IL6	protein_coding	22725223	22727523	chr7:22725223:22727523	1
chr7:22725239:22727539	-1.1554082711344	-0.817209415875381	0.338198855259019	0.532539471649224	chr7	22727240	22727539	+	2.36036332726663	7.71259378114377	-1.1554082711344	ENST00000406575.1	protein_coding	ENSG00000136244	IL6	protein_coding	22725239	22727539	chr7:22725239:22727539	1
chr7:22726499:22728799	-0.811031394980404	-0.731917761452347	0.0791136335280568	0.412590436421456	chr7	22728500	22728799	+	1.70921818430313	4.50769450757966	-0.811031394980404	ENST00000464710.1	retained_intron	ENSG00000136244	IL6	protein_coding	22726499	22728799	chr7:22726499:22728799	3
chr7:22822510:22824810	-1.5498243122935	-1.13997666769524	0.409847644598262	0.294804625003329	chr7	22822511	22822810	-	52.1029657900163	156.403465499942	-1.5498243122935	ENST00000496129.1	retained_intron	ENSG00000196683	TOMM7	protein_coding	22822510	22824810	chr7:22822510:22824810	5
chr7:22822549:22824849	-1.54985565063201	-1.44494746711452	0.104908183517494	0.350939110307177	chr7	22822550	22822849	-	52.1029657900163	156.406906390219	-1.54985565063201	ENST00000463284.2	lncRNA	ENSG00000196683	TOMM7	protein_coding	22822549	22824849	chr7:22822549:22824849	4
chr7:22822551:22824851	-1.54985565063201	-1.55211955555898	-0.00226390492697348	0.33369013626467	chr7	22822552	22822851	-	52.1029657900163	156.406906390219	-1.54985565063201	ENST00000358435.8	protein_coding	ENSG00000196683	TOMM7	protein_coding	22822551	22824851	chr7:22822551:22824851	4
chr7:22822552:22824852	-1.54985565063201	-1.54308692388381	0.0067687267482035	0.366717321568509	chr7	22822553	22822852	-	52.1029657900163	156.406906390219	-1.54985565063201	ENST00000621567.1	protein_coding	ENSG00000196683	TOMM7	protein_coding	22822552	22824852	chr7:22822552:22824852	4
chr7:30920577:30922877	-0.593501731230361	-0.407246872907182	0.186254858323179	0.326000734687596	chr7	30922578	30922877	+	3.29257718874059	5.98599482100965	-0.593501731230361	ENST00000651610.1	protein_coding	ENSG00000240583	AQP1	protein_coding	30920577	30922877	chr7:30920577:30922877	1
chr7:45917097:45919397	-1.21723743121854	-0.846456005780878	0.370781425437662	0.435585142761101	chr7	45917098	45917397	-	5.18348147376649	14.7016721639559	-1.21723743121854	ENST00000428530.5	protein_coding	ENSG00000146674	IGFBP3	protein_coding	45917097	45919397	chr7:45917097:45919397	6
chr7:54758882:54761182	-2.00149174477605	-1.77000020217754	0.231491542598508	0.448671275147008	chr7	54758883	54759182	-	16.8642870301559	73.5352110641372	-2.00149174477605	ENST00000450622.1	protein_coding	ENSG00000132432	SEC61G	protein_coding	54758882	54761182	chr7:54758882:54761182	1
chr7:54758898:54761198	-2.00134672648688	-1.95108012049939	0.0502666059874877	0.400411859619323	chr7	54758899	54759198	-	16.8661833450748	73.5352110641372	-2.00134672648688	ENST00000460484.5	retained_intron	ENSG00000132432	SEC61G	protein_coding	54758898	54761198	chr7:54758898:54761198	1
chr7:54758911:54761211	-2.00134672648688	-1.99506689110353	0.00627983538334531	0.392531843857422	chr7	54758912	54759211	-	16.8661833450748	73.5352110641372	-2.00134672648688	ENST00000352861.9	protein_coding	ENSG00000132432	SEC61G	protein_coding	54758911	54761211	chr7:54758911:54761211	1
chr7:54758915:54761215	-2.00134672648688	-2.03011070503447	-0.0287639785475866	0.427507517894686	chr7	54758916	54759215	-	16.8661833450748	73.5352110641372	-2.00134672648688	ENST00000461536.1	retained_intron	ENSG00000132432	SEC61G	protein_coding	54758915	54761215	chr7:54758915:54761215	1
chr7:54758941:54761241	-2.00149174477605	-1.97360706947137	0.0278846753046755	0.446815040618968	chr7	54758942	54759241	-	16.8642870301559	73.5352110641372	-2.00149174477605	ENST00000480303.1	retained_intron	ENSG00000132432	SEC61G	protein_coding	54758941	54761241	chr7:54758941:54761241	1
chr7:54758946:54761246	-2.00149174477605	-1.93085909575913	0.0706326490169198	0.451251622950164	chr7	54758947	54759246	-	16.8642870301559	73.5352110641372	-2.00149174477605	ENST00000395535.7	protein_coding	ENSG00000132432	SEC61G	protein_coding	54758946	54761246	chr7:54758946:54761246	1
chr8:103370432:103372732	-1.14431455585324	-0.793823448521361	0.350491107331879	0.508672083450026	chr8	103372433	103372732	+	1.37735959120217	5.46535232083633	-1.14431455585324	ENST00000520337.1	protein_coding	ENSG00000164932	CTHRC1	protein_coding	103370432	103372732	chr8:103370432:103372732	1
chr8:118928773:118931073	-0.880415067416132	-0.564037701516524	0.316377365899608	0.632967573472743	chr8	118928774	118929073	-	1.07482175430771	3.66045430673527	-0.880415067416132	ENST00000521597.1	retained_intron	ENSG00000164761	TNFRSF11B	protein_coding	118928773	118931073	chr8:118928773:118931073	3
chr8:119638514:119640814	-1.87734263712071	-1.82347586015846	0.0538667769622541	0.437197265602728	chr8	119638515	119638814	-	4.08385242617814	20.3519345400556	-1.87734263712071	ENST00000520066.5	protein_coding	ENSG00000136960	ENPP2	protein_coding	119638514	119640814	chr8:119638514:119640814	3
chr8:119638524:119640824	-1.86352168758607	-1.88163437235814	-0.0181126847720743	0.438747436088561	chr8	119638525	119638824	-	4.02046342517531	19.9081571691057	-1.86352168758607	ENST00000518958.1	nonsense_mediated_decay	ENSG00000136960	ENPP2	protein_coding	119638524	119640824	chr8:119638524:119640824	3
chr8:119638530:119640830	-2.18756752356246	-1.81633712952204	0.371230394040422	0.44976320911985	chr8	119638531	119638830	-	2.65510128026341	19.2056982097518	-2.18756752356246	ENST00000259486.10	protein_coding	ENSG00000136960	ENPP2	protein_coding	119638530	119640830	chr8:119638530:119640830	3
chr8:133250160:133252460	-0.674277654578074	-0.460302292428685	0.213975362149389	0.233510829704324	chr8	133250161	133250460	-	3.47832188944968	6.74229275922609	-0.674277654578074	ENST00000522665.5	retained_intron	ENSG00000104419	NDRG1	protein_coding	133250160	133252460	chr8:133250160:133252460	2
chr8:133254582:133256882	-0.594055955381542	-0.120354779656493	0.473701175725049	0.192836286972408	chr8	133254583	133254882	-	3.49237674211108	6.29065763297253	-0.594055955381542	ENST00000521664.1	retained_intron	ENSG00000104419	NDRG1	protein_coding	133254582	133256882	chr8:133254582:133256882	2
chr8:73989425:73991725	-1.29675081160713	-1.06232916132644	0.234421650280691	0.393672438362879	chr8	73991426	73991725	+	1.14162209613961	5.71817877795616	-1.29675081160713	ENST00000518893.1	protein_coding	ENSG00000154589	LY96	protein_coding	73989425	73991725	chr8:73989425:73991725	3
chr8:79608813:79611113	-1.04352880557934	-1.24075722739177	-0.19722842181243	0.399814450784704	chr8	79610814	79611113	+	0.740403697805014	3.64869358163798	-1.04352880557934	ENST00000220876.11	protein_coding	ENSG00000104435	STMN2	protein_coding	79608813	79611113	chr8:79608813:79611113	3
chr9:110579580:110581880	-0.86946486243765	-0.634229325975408	0.235235536462242	0.471798502435237	chr9	110579581	110579880	-	0.391572873274813	2.36936798790092	-0.86946486243765	ENST00000374461.1,ENST00000401783.6	protein_coding	ENSG00000165124	SVEP1	protein_coding	110579580	110581880	chr9:110579580:110581880	1
chr9:115064612:115066912	-1.43340846386812	-0.952341890187237	0.481066573680883	0.318910613349618	chr9	115064613	115064912	-	2.59491271433182	10.4101265322456	-1.43340846386812	ENST00000544972.1	protein_coding	ENSG00000041982	TNC	protein_coding	115064612	115066912	chr9:115064612:115066912	1
chr9:115117857:115120157	-0.808927080795742	-0.94210618231848	-0.133179101522738	0.641204898979512	chr9	115117858	115118157	-	6.41459584889124	12.7415984568369	-0.808927080795742	ENST00000350763.9	protein_coding	ENSG00000041982	TNC	protein_coding	115117857	115120157	chr9:115117857:115120157	1
chr9:115117899:115120199	-0.809149347411801	-0.426972177796991	0.38217716961481	0.560582773350304	chr9	115117900	115118199	-	6.42119761697876	12.7554372465712	-0.809149347411801	ENST00000534839.1	protein_coding	ENSG00000041982	TNC	protein_coding	115117899	115120199	chr9:115117899:115120199	1
chr9:115117957:115120257	-0.814006735634355	-0.999833860509535	-0.18582712487518	0.515101707869266	chr9	115117958	115118257	-	6.42309893648073	12.8085435190398	-0.814006735634355	ENST00000535648.5	protein_coding	ENSG00000041982	TNC	protein_coding	115117957	115120257	chr9:115117957:115120257	1
chr9:127885289:127887589	-0.57565947556776	-0.0893216683216952	0.486337807246065	0.123976123790816	chr9	127885290	127885589	-	9.41490704696761	15.0123045506894	-0.57565947556776	ENST00000642314.1	lncRNA	ENSG00000257524	AL157935.2	protein_coding	127885289	127887589	chr9:127885289:127887589	3
chr9:129486856:129489156	-0.59446048287586	-0.738886297685415	-0.144425814809555	0.534860424654644	chr9	129488857	129489156	+	2.82782959748335	5.28957769970831	-0.59446048287586	ENST00000667047.1	lncRNA	ENSG00000204054	LINC00963	lncRNA	129486856	129489156	chr9:129486856:129489156	1
chr9:129486890:129489190	-0.633660597714135	-0.639861187603058	-0.00620058988892258	0.57866465530927	chr9	129488891	129489190	+	3.00754527272019	5.7691898010762	-0.633660597714135	ENST00000664811.1,ENST00000665998.1	lncRNA	ENSG00000204054	LINC00963	lncRNA	129486890	129489190	chr9:129486890:129489190	1
chr9:129486904:129489204	-0.642157776859436	-0.66219419501242	-0.0200364181529845	0.573994676061029	chr9	129488905	129489204	+	3.02429926761722	5.84123107960984	-0.642157776859436	ENST00000662047.1,ENST00000665880.1,ENST00000671609.1	lncRNA	ENSG00000204054	LINC00963	lncRNA	129486904	129489204	chr9:129486904:129489204	1
chr9:129486913:129489213	-0.63817193813565	-0.575738878715956	0.0624330594196945	0.574519350266072	chr9	129488914	129489213	+	3.05563358489479	5.86836478452061	-0.63817193813565	ENST00000608369.2	lncRNA	ENSG00000204054	LINC00963	lncRNA	129486913	129489213	chr9:129486913:129489213	1
chr9:129486933:129489233	-0.667510839490985	-0.473010525276165	0.19450031421482	0.569491210606617	chr9	129488934	129489233	+	3.1179151278401	6.12893900143667	-0.667510839490985	ENST00000671555.1	lncRNA	ENSG00000204054	LINC00963	lncRNA	129486933	129489233	chr9:129486933:129489233	1
chr9:129486972:129489272	-0.667944693957313	-0.757150229716032	-0.0892055357587191	0.588442698831174	chr9	129488973	129489272	+	3.33535415546352	6.47685278728246	-0.667944693957313	ENST00000655787.1	lncRNA	ENSG00000204054	LINC00963	lncRNA	129486972	129489272	chr9:129486972:129489272	1
chr9:129487099:129489399	-0.638114613328445	-0.574356671986331	0.0637579413421135	0.589585057261414	chr9	129489100	129489399	+	3.23016671693883	6.13967700877263	-0.638114613328445	ENST00000419300.3	lncRNA	ENSG00000204054	LINC00963	lncRNA	129487099	129489399	chr9:129487099:129489399	1
chr9:129487106:129489406	-0.633262225317294	-0.627655247558267	0.00560697775902663	0.543227662647102	chr9	129489107	129489406	+	3.2143951665983	6.0878831007987	-0.633262225317294	ENST00000423918.5	lncRNA	ENSG00000204054	LINC00963	lncRNA	129487106	129489406	chr9:129487106:129489406	1
chr9:129487112:129489412	-0.63251071566533	-0.57305191137695	0.0594588042883798	0.592582378261971	chr9	129489113	129489412	+	3.17612259892817	6.0243387124892	-0.63251071566533	ENST00000661101.1	lncRNA	ENSG00000204054	LINC00963	lncRNA	129487112	129489412	chr9:129487112:129489412	1
chr9:129487125:129489425	-0.63977613743214	-0.616164511913948	0.0236116255181918	0.559481166662534	chr9	129489126	129489425	+	3.1205166651295	5.97821235712742	-0.63977613743214	ENST00000654131.1,ENST00000666559.1,ENST00000668919.1	lncRNA	ENSG00000204054	LINC00963	lncRNA	129487125	129489425	chr9:129487125:129489425	1
chr9:129487130:129489430	-0.638457403940521	-0.708833737931407	-0.0703763339908857	0.561911093802546	chr9	129489131	129489430	+	3.10545044099838	5.94746994761503	-0.638457403940521	ENST00000653386.1	lncRNA	ENSG00000204054	LINC00963	lncRNA	129487130	129489430	chr9:129487130:129489430	1
chr9:129487153:129489453	-0.605718577809592	-0.536679241344056	0.0690393364655363	0.566529369044976	chr9	129489154	129489453	+	2.96812243524149	5.56017330237938	-0.605718577809592	ENST00000655962.1	lncRNA	ENSG00000204054	LINC00963	lncRNA	129487153	129489453	chr9:129487153:129489453	1
chr9:129500778:129503078	-0.5285315540416	-0.0952506725941488	0.433280881447451	0.356311991150723	chr9	129502779	129503078	+	0.514112128926572	1.62650678763045	-0.5285315540416	ENST00000663083.1	lncRNA	ENSG00000204054	LINC00963	lncRNA	129500778	129503078	chr9:129500778:129503078	1
chr9:18472099:18474399	-0.553874040955337	-0.67678386670087	-0.122909825745533	0.420262497663246	chr9	18474100	18474399	+	1.05041053471296	2.47807117749597	-0.553874040955337	ENST00000327883.11	protein_coding	ENSG00000178031	ADAMTSL1	protein_coding	18472099	18474399	chr9:18472099:18474399	1
chr9:18472143:18474443	-0.55654918787475	-0.647284430547563	-0.0907352426728126	0.414511005134535	chr9	18474144	18474443	+	1.05041053471296	2.48638243625756	-0.55654918787475	ENST00000431052.6	protein_coding	ENSG00000178031	ADAMTSL1	protein_coding	18472143	18474443	chr9:18472143:18474443	1
chr9:18472152:18474452	-0.55654918787475	-0.571556022290553	-0.0150068344158031	0.374991115930503	chr9	18474153	18474452	+	1.05041053471296	2.48638243625756	-0.55654918787475	ENST00000380548.9,ENST00000380570.8	protein_coding	ENSG00000178031	ADAMTSL1	protein_coding	18472152	18474452	chr9:18472152:18474452	1
chr9:18472168:18474468	-0.55654918787475	-0.519206538740688	0.037342649134062	0.365214061918712	chr9	18474169	18474468	+	1.05041053471296	2.48638243625756	-0.55654918787475	ENST00000380566.8	protein_coding	ENSG00000178031	ADAMTSL1	protein_coding	18472168	18474468	chr9:18472168:18474468	1
chr9:18472232:18474532	-0.537919088178163	-0.563083788965062	-0.0251647007868987	0.34603589278932	chr9	18474233	18474532	+	1.05041053471296	2.42882044093215	-0.537919088178163	ENST00000276935.6	protein_coding	ENSG00000178031	ADAMTSL1	protein_coding	18472232	18474532	chr9:18472232:18474532	1
chr9:18824137:18826437	-0.58264468353176	-0.453772132581997	0.128872550949763	0.40156663011623	chr9	18826138	18826437	+	0.498103627708049	1.741140138262	-0.58264468353176	ENST00000380545.9,ENST00000542621.5	protein_coding,nonsense_mediated_decay	ENSG00000178031	ADAMTSL1	protein_coding	18824137	18826437	chr9:18824137:18826437	1
chr9:18824147:18826447	-0.589992420321729	-0.730283829565017	-0.140291409243288	0.469967921939104	chr9	18826148	18826447	+	0.515492285248375	1.78641668725597	-0.589992420321729	ENST00000388710.8	nonsense_mediated_decay	ENSG00000178031	ADAMTSL1	protein_coding	18824147	18826447	chr9:18824147:18826447	3
chr9:18827922:18830222	-0.501230289758872	-0.366342642829566	0.134887646929306	0.233741672809456	chr9	18829923	18830222	+	0.375725473435274	1.36264953562042	-0.501230289758872	ENST00000380538.4	protein_coding	ENSG00000178031	ADAMTSL1	protein_coding	18827922	18830222	chr9:18827922:18830222	3
chr9:5508530:5510830	-0.567116789763052	-0.367334560794215	0.199782228968837	0.332555274676502	chr9	5510531	5510830	+	0.420274842582976	1.58578174017905	-0.567116789763052	ENST00000397747.5	protein_coding	ENSG00000197646	PDCD1LG2	protein_coding	5508530	5510830	chr9:5508530:5510830	1
chr9:92482177:92484477	-1.39274468765484	-1.21899814872275	0.173746538932089	0.364546963304999	chr9	92482178	92482477	-	0.987648743788595	5.84490093425466	-1.39274468765484	ENST00000651738.1	protein_coding	ENSG00000106819	ASPN	protein_coding	92482177	92484477	chr9:92482177:92484477	5
chr9:96654448:96656748	-0.508652260161713	-0.608080876351173	-0.0994286161894596	0.286014677082517	chr9	96654449	96654748	-	0.803404987759087	1.98846173082452	-0.508652260161713	ENST00000411939.5	protein_coding	ENSG00000158122	PRXL2C	protein_coding	96654448	96656748	chr9:96654448:96656748	3
chrX:12973243:12975543	-1.01553137438952	-0.548305032679351	0.467226341710169	0.658671423705891	chrX	12975244	12975543	+	1.36831950692743	4.80955427369689	-1.01553137438952	ENST00000380635.5	protein_coding	ENSG00000205542	TMSB4X	protein_coding	12973243	12975543	chrX:12973243:12975543	3
chrX:129736973:129739273	-0.526000808166607	-0.486483488252721	0.0395173199138863	0.545684069072098	chrX	129738974	129739273	+	0.646268114026055	1.81044646910214	-0.526000808166607	ENST00000371105.7	protein_coding	ENSG00000122121	XPNPEP2	protein_coding	129736973	129739273	chrX:129736973:129739273	1
chrX:129736978:129739278	-0.526000808166607	-0.453881821239837	0.0721189869267702	0.43449716414197	chrX	129738979	129739278	+	0.646268114026055	1.81044646910214	-0.526000808166607	ENST00000371106.4	protein_coding	ENSG00000122121	XPNPEP2	protein_coding	129736978	129739278	chrX:129736978:129739278	1
chrX:133753402:133755702	-0.837786614133639	-0.649450545853014	0.188336068280625	0.304735397870682	chrX	133753403	133753702	-	1.58807273259208	4.41298373915362	-0.837786614133639	ENST00000406757.2	protein_coding	ENSG00000147257	GPC3	protein_coding	133753402	133755702	chrX:133753402:133755702	6
chrX:133753407:133755707	-0.850619732140387	-0.647329965298882	0.203289766841505	0.372655824088749	chrX	133753408	133753707	-	1.6389106408729	4.56195798295617	-0.850619732140387	ENST00000666673.1	lncRNA	ENSG00000147257	GPC3	protein_coding	133753407	133755707	chrX:133753407:133755707	6
chrX:2750047:2752347	-1.21107015321901	-1.17416211680654	0.036908036412471	0.579374969481539	chrX	2752048	2752347	+	3.51465269118926	10.7669338765922	-1.21107015321901	ENST00000419513.7,ENST00000509484.3	protein_coding	ENSG00000124343	XG	protein_coding	2750047	2752347	chrX:2750047:2752347	1
chrX:2750051:2752351	-1.21010144677407	-1.20205240049864	0.00804904627542991	0.565494296076477	chrX	2752052	2752351	+	3.51465269118926	10.7583643178012	-1.21010144677407	ENST00000381174.10,ENST00000644266.1	protein_coding	ENSG00000124343	XG	protein_coding	2750051	2752351	chrX:2750051:2752351	1
chrX:48466760:48469060	-0.912643885283304	-0.582812353092878	0.329831532190426	0.549029759333613	chrX	48466761	48467060	-	1.23029435711994	4.08100392296976	-0.912643885283304	ENST00000497336.1	lncRNA	ENSG00000017483	SLC38A5	protein_coding	48466760	48469060	chrX:48466760:48469060	1
chrX:48468011:48470311	-0.817072652482912	-0.518576554109944	0.298496098372968	0.336322676976431	chrX	48468012	48468311	-	0.734923933055013	2.81846411265783	-0.817072652482912	ENST00000440085.5	protein_coding	ENSG00000017483	SLC38A5	protein_coding	48468011	48470311	chrX:48468011:48470311	1
chrX:48468088:48470388	-0.803631604457113	-0.65741943273963	0.146212171717483	0.438331286470916	chrX	48468089	48468388	-	0.738200261508874	2.77949956046803	-0.803631604457113	ENST00000413668.5	protein_coding	ENSG00000017483	SLC38A5	protein_coding	48468088	48470388	chrX:48468088:48470388	1
chrX:66615720:66618020	-0.841299858589413	-0.379659407959831	0.461640450629582	0.164566078715888	chrX	66615721	66616020	-	1.49466324633561	4.26126125373525	-0.841299858589413	ENST00000253392.5	protein_coding	ENSG00000131080	EDA2R	protein_coding	66615720	66618020	chrX:66615720:66618020	2
chrX:66615730:66618030	-0.860733185856855	-0.498042425482296	0.362690760374559	0.225021189912926	chrX	66615731	66616030	-	1.49466324633561	4.34617201633327	-0.860733185856855	ENST00000396050.5	protein_coding	ENSG00000131080	EDA2R	protein_coding	66615730	66618030	chrX:66615730:66618030	6
chrX:72179756:72182056	-1.40098596163369	-1.25877700131789	0.142208960315796	0.573703083434374	chrX	72181757	72182056	+	7.00147587812405	21.7712773934395	-1.40098596163369	ENST00000373669.8	protein_coding	ENSG00000102309	PIN4	protein_coding	72179756	72182056	chrX:72179756:72182056	4
chrX:72179764:72182064	-1.40098596163369	-1.31541283194494	0.085573129688753	0.517076809115979	chrX	72181765	72182064	+	7.00147587812405	21.7712773934395	-1.40098596163369	ENST00000439980.7,ENST00000496835.7,ENST00000652108.2	nonsense_mediated_decay,protein_coding	ENSG00000102309	PIN4	protein_coding	72179764	72182064	chrX:72179764:72182064	4
chrX:72179793:72182093	-1.39900150902815	-1.22641097374285	0.172590535285302	0.431525857557882	chrX	72181794	72182093	+	7.00147587812405	21.7386020578598	-1.39900150902815	ENST00000446576.2	protein_coding	ENSG00000102309	PIN4	protein_coding	72179793	72182093	chrX:72179793:72182093	4
