atac_logfc	H3K27ac	H3K27me3	H3K36me3	H3K4me1	H3K4me3	H3K9me3
chr1:103108179:103110479	-0.477587448629027	-0.562045248411703	-0.143479508363346	-0.040984315060318	-0.112900476227676	-0.220228010991291	-0.0896638887992192
chr1:103108185:103110485	-0.416143980092054	-0.634396323027308	-0.184176876188701	-0.0343124692229114	-0.0629175886885341	-0.133724704582145	-0.0463221838107338
chr1:103108196:103110496	-0.567616236194833	-0.575154441250259	-0.220993398129728	-0.113970767012913	-0.121860695225224	-0.186617599149061	-0.0757010556600109
chr1:103108222:103110522	-0.509935219141372	-0.533887184655111	0.0133403650516589	0.00183049776009741	-0.00926293999707652	-0.226888406684849	-0.0698846450105493
chr1:110390722:110393022	-0.0305131385640735	-0.208386602106204	-0.00198757555867821	-0.191210083908874	-0.0870422303121086	-0.278416754265775	-0.123908705345448
chr1:110390726:110393026	0.00644793721877169	-0.198024369869996	-0.0682993057916513	-0.144300637195209	-0.00599840454449628	-0.313008011681973	-0.0849461888374937
chr1:110390747:110393047	-0.038640532599985	-0.160545798387265	0.00155895235981071	-0.179874791020329	-0.0734704040495425	-0.284474844560877	-0.09656684363192
chr1:110390748:110393048	-0.0857152844128452	-0.188349319985036	-0.0255222173632233	-0.140694940654725	-0.0818827036299879	-0.258224249438261	-0.0450382968625404
chr1:110390761:110393061	-0.0483746422252409	-0.124108909230206	0.0100031592552481	-0.14463451266394	-0.0603335787304693	-0.289396206949147	-0.124521150587968
chr1:110390782:110393082	-0.116249309102991	-0.172844397374692	0.0182446582453455	-0.12702452455709	-0.113533839025024	-0.272322235392247	-0.0851891950804108
chr1:113977440:113979740	-0.37548609496492	-0.567170779228904	-0.111882023901841	-0.22451424501672	-0.0999120101946902	-0.0383623902551025	-0.0976926558160551
chr1:113977473:113979773	-0.381863435733736	-0.580949432674684	-0.0137782395668606	-0.30036176347037	-0.122521282667961	-0.0149677427179151	-0.132748761294927
chr1:113977490:113979790	-0.191665733985005	-0.565878055369216	0.0785549152000502	-0.133145757982447	-0.164140006477177	-0.0645685649718821	-0.155792624605348
chr1:150270779:150273079	-0.0676972076747719	-0.243110739850003	-0.0490550921019861	-0.111972530407273	-0.173065218280444	-0.172530310356686	-0.16226520688084
chr1:150506075:150508375	-0.108252523010117	-0.46197417058254	-0.198760097029544	-0.292695985351497	-0.42957458742968	-0.425193802941694	-0.268626765818744
chr1:150506081:150508381	-0.166191481370546	-0.449503065348618	-0.233970443705927	-0.255269406622205	-0.327654695282747	-0.378091148696766	-0.324509368519684
chr1:150506093:150508393	-0.203480872769833	-0.480546962141851	-0.182777575239799	-0.277153617613745	-0.249891874987097	-0.320159572303831	-0.297975249261136
chr1:150506106:150508406	-0.246378347744727	-0.412010499883929	-0.272880740753728	-0.260598640255643	-0.302169025278674	-0.31306865643157	-0.218684259889518
chr1:150506108:150508408	-0.277571317558058	-0.470031373745677	-0.21483418272248	-0.270389976611626	-0.295573071291019	-0.332908102919362	-0.269723767827197
chr1:153545502:153547802	-0.705234539231124	-0.676917430946121	-0.483804517757503	-0.266024421936211	-0.328671631747542	-0.415678294317281	-0.296762990198111
chr1:153545506:153547806	-0.62812029159481	-0.708333570180282	-0.495702154267387	-0.206167558075551	-0.169781838988512	-0.337390883091745	-0.376419785405497
chr1:153988761:153991061	-0.262483425098847	-0.377015339773417	-0.313066283572526	-0.230830283704052	-0.328918852619543	-0.253960683687592	-0.289372524147903
chr1:153988762:153991062	-0.245285003414748	-0.294882435394344	-0.306225623135332	-0.312121012702477	-0.322803431550128	-0.246602741540822	-0.308061099574021
chr1:155187467:155189767	-0.0099770207497572	-0.182912449922402	-0.0646460736319362	-0.138052914631159	-0.081007031815364	-0.187766372669751	-0.0365329106209554
chr1:155187531:155189831	-0.0155833608038394	-0.0174152492160322	-0.127744882391469	-0.148837077081557	-0.049463006308503	-0.131559983304868	0.0439019068139215
chr1:155192567:155194867	-0.196389305436906	-0.489775999724107	-0.0619844555019406	-0.0554882783046425	-0.140379074471997	-0.114038873050687	0.057829755014911
chr1:155192568:155194868	-0.134711128726405	-0.472926899373687	-0.08385185125669	-0.0540980859565221	-0.127623021246378	-0.153286327869568	0.0134965033754019
chr1:155192593:155194893	-0.204170488803568	-0.58458797646801	-0.0142125474627324	-0.172429069991705	-0.0196292847999677	-0.125260970083016	0.0116431968903382
chr1:155192609:155194909	-0.197455965579251	-0.548619704082558	-0.0681569808467519	-0.115593583440138	-0.00476556091649318	-0.0731800288967931	-0.0214505887414447
chr1:155192615:155194915	-0.249849364975659	-0.484772650703993	-0.0758233582152077	-0.107470361172283	0.0312255663640271	-0.0573351413271636	-0.0169333936053124
chr1:155192616:155194916	-0.26182615146846	-0.517012891374666	-0.0753312517891073	-0.0157600557185542	-0.00179213413582644	0.00669745046428202	-0.0337949070631133
chr1:155207597:155209897	-0.255245847914107	-0.235490989416797	-0.270630025978656	-0.222080696192895	-0.180818892463922	-0.306994279043516	-0.155419854555459
chr1:155207599:155209899	-0.26440527314689	-0.208070091277489	-0.299090350544087	-0.182005743311428	-0.148068909972794	-0.274739451722444	-0.173720854898031
chr1:155207617:155209917	-0.248770684721296	-0.188549034013194	-0.322104986040308	-0.184390163137419	-0.1274176672851	-0.254924174289777	-0.132660641189513
chr1:158997967:159000267	-0.242518988665711	-0.155669906208919	-0.0405386159983987	0.0191713014916139	-0.100391005106932	0.0579138961187621	0.0359263552745189
chr1:159007917:159010217	-0.455135064976411	-0.291981084761138	-0.100155116652065	-0.136782889408712	-0.281346249823713	-0.0951791368871278	-0.232173207309899
chr1:159007926:159010226	-0.486583688317292	-0.348546174000999	-0.0973278172214505	-0.177592998130937	-0.395586326622107	-0.135897189503289	-0.155645761152644
chr1:159030503:159032803	-0.0660378776975802	-0.551531770929441	0.00704184698630888	-0.0150456693080863	-0.00637530911282758	-0.20498547763317	-0.100975305427099
chr1:159959217:159961517	-0.363715561797746	-0.54184201897654	-0.179906476428513	-0.151378519341563	0.0594262516280859	-0.193497968127858	-0.111050699183675
chr1:159959298:159961598	-0.289647918982063	-0.4269552184851	-0.088245564697565	-0.11607313218304	-0.0495167614768404	-0.152051530566482	-0.221801251997803
chr1:160121957:160124257	0.0654829169424377	-0.269437177501846	0.0155600141194081	-0.0301319595120244	-0.105181749237107	-0.159498803908097	-0.00797366598884246
chr1:172144268:172146568	-0.197346752422725	-0.381786193440436	-0.054115048636158	-0.132443230819401	-0.180788566669995	-0.126606831738278	-0.0594773384542513
chr1:172144282:172146582	-0.33514050455636	-0.419717779281717	-0.0831493323663509	-0.0430563707244372	0.0699655640577765	-0.130107542074212	-0.108869426552591
chr1:172144319:172146619	-0.187467778750247	-0.431258623182368	-0.0635791307086664	-0.117087257632251	-0.133530227152896	-0.163668166004493	-0.146701873713627
chr1:172144441:172146741	-0.171765545396826	-0.43557919917074	-0.029700891168022	0.111545349041168	-0.0515420520385808	-0.175297075392611	-0.208895305295026
chr1:172144540:172146840	-0.165563667187164	-0.435437140514041	-0.161172744563877	-0.0703396705288877	-0.0695159418546732	0.0117150075404881	-0.188766654927632
chr1:183278385:183280685	-0.313967119573491	-0.296092856220592	0.0382388692534136	0.00119567800479611	0.023425387849497	-0.0637848082706676	0.0029556750053511
chr1:19594976:19597276	-0.0759059907532988	-0.0740873836711773	-0.113357864822623	-0.22379945223079	-0.170537556522632	-0.130370729393446	-0.260722570510382
chr1:19594978:19597278	-0.307722414207794	0.0252907385532676	-0.099633313663708	-0.175378102799138	-0.269153718276251	-0.096001479425516	-0.202125310296986
chr1:19594982:19597282	-0.210395722544146	-0.0611546287407021	-0.0538435992272655	-0.20364063984097	-0.251785351105434	-0.161444788270498	-0.204851732199663
chr1:19594990:19597290	-0.11834329813332	-0.115263925751714	-0.159205447562481	-0.200771059827909	-0.285201072603282	-0.130519992990976	-0.21756895778685
chr1:19594994:19597294	-0.222104330020769	-0.0582366123197287	-0.10677461390199	-0.203948196261435	-0.271341499856159	-0.1294159029891	-0.225716754490193
chr1:19595000:19597300	-0.128525509723993	-0.105060916620348	-0.0747498055103157	-0.207911213319222	-0.262031759202447	-0.0803944140998032	-0.219857829961681
chr1:19595038:19597338	-0.238856776124104	-0.133856705374147	-0.0896752429950172	-0.181116303314981	-0.129501273195691	-0.1149892556716	-0.248585195058113
chr1:19595040:19597340	-0.26723769812567	-0.154375265328791	-0.0154614824114251	-0.156333905804417	-0.18853057049481	-0.178840905032667	-0.225149187272498
chr1:19595051:19597351	-0.257980829150957	-0.124462432929877	-0.0529377816928747	-0.191357452872953	-0.225502642424309	-0.120232524560068	-0.194263456026806
chr1:19595069:19597369	-0.308474254774804	-0.0978487724405607	0.00917084733605794	-0.155933931982426	-0.162230376167449	0.00643546672497261	-0.236216980246336
chr1:203182505:203184805	-0.142593310958365	-0.0571217397336371	-0.0381713398833039	-0.00436593585932001	-0.246036121426451	-0.171878693124039	0.0015085405323225
chr1:203182541:203184841	-0.134058550614268	-0.0589429654465174	-0.0637537874149669	-0.038161748391573	-0.241512918345278	-0.17810361681527	0.013132797396332
chr1:203350786:203353086	-0.269783424489994	-0.240152163521464	-0.282813620650699	-0.300562597159231	-0.267222908020226	-0.374973923628686	-0.0611562911853333
chr1:203350788:203353088	-0.321791963563186	-0.178834971096056	-0.304519276428778	-0.283339747712562	-0.356955157705178	-0.349261813634608	-0.124149757925808
chr1:203859598:203861898	-0.191694931221264	-0.19929959652983	-0.203614827997492	-0.22836007826783	-0.0749670062416714	-0.0803101992723205	-0.265821204726468
chr1:203859602:203861902	-0.266958002183439	-0.231366758902993	-0.173721870637741	-0.268124288253431	-0.0991704302480877	-0.114907258364752	-0.352600618636495
chr1:215003774:215006074	-0.128256355716451	-0.4862696393246	0.0388403094567107	-0.138276067227471	-0.0616477144737732	-0.175244238931596	-0.121583432818831
chr1:215003849:215006149	-0.118095109102303	-0.543346488473715	-0.10567462904402	-0.140907391693397	-0.133599957336648	-0.252277016391056	-0.012461892162624
chr1:215003854:215006154	-0.191833843906478	-0.506125642667223	-0.0863065431355388	-0.132052670333073	-0.17708090278152	-0.233413015642601	-0.00928554101814988
chr1:25906117:25908417	-0.123887086273082	-0.0707679403992161	-0.192242611453214	-0.0706886847208685	-0.096999629794612	-0.385235075856276	-0.142594320946094
chr1:25906119:25908419	-0.11878789308153	-0.0103866660555325	-0.228300210097304	-0.0803682793755173	-0.0943970167622217	-0.369306717379699	-0.12226419988253
chr1:25906166:25908466	-0.0360147285356888	-0.0728223388432213	-0.120281874738006	-0.0839316402954277	-0.0288920814784807	-0.255568585729274	-0.0798162907004286
chr1:44806481:44808781	-0.397924856252357	-0.419468763816622	-0.0245723578663954	0.0391793917055341	0.0424715673080847	-0.0289976455969451	-0.0276544098116745
chr1:44806522:44808822	-0.384715848066745	-0.334959631897696	-0.0215664113499792	-0.0054889123009555	0.0585925183885422	-0.0373767219889369	-0.115314347270925
chr1:44806566:44808866	-0.331225788330207	-0.524686440717917	-0.00923892382192435	-0.123848114496125	0.00684467573727027	-0.0829371400782998	-0.05356352217724
chr1:44806595:44808895	-0.411308859548359	-0.400095877237787	-0.0813473330295064	-0.125235724129739	0.0739371411130086	-0.076108256919427	-0.0270039907609175
chr1:53238199:53240499	-0.316293762527473	-0.0114878793721817	-0.18020134663947	-0.415952774681453	-0.430310902563706	-0.159816191348909	-0.237669019971897
chr1:53238208:53240508	-0.299160689877544	-0.0355018557136393	-0.214314464467453	-0.458977280992684	-0.406066427303486	-0.172529883390866	-0.279183546337532
chr1:53238218:53240518	-0.268687550255406	-0.0778563381935811	-0.14033902446133	-0.362289422286849	-0.404880206016995	-0.149787141345161	-0.27380159376625
chr1:78647830:78650130	0.0110732586784437	-0.0553782235998944	-0.0923188661817381	-0.0877804969949193	-0.207427917661682	-0.364135896562592	-0.0401864476748564
chr1:78647831:78650131	0.0133964345823339	-0.0556620924581612	-0.0928872606088166	-0.0842087210074633	-0.20523009394295	-0.36534222920661	-0.045662885257124
chr1:78647832:78650132	-0.00850778061043772	-0.0197390885301005	-0.088804776297378	-0.102713959972128	-0.179725125216285	-0.317585130569686	-0.0925601143997033
chr1:78647841:78650141	0.0151606825126332	0.00891217967058183	-0.0447783888700208	-0.0521018016177854	-0.124411846823464	-0.287495466649799	-0.0153572216740045
chr1:78647857:78650157	0.0296604224847135	0.0502328368075908	-0.0666670794857959	0.0195761944448752	-0.0545179493806446	-0.282115900124799	-0.0648917431129535
chr10:101783075:101785375	-0.0582613772153183	-0.162618731599326	-0.130404846683238	-0.177699445594025	0.0742598253454642	-0.331702672769991	-0.0418645970701882
chr10:101783084:101785384	-0.0469124788736536	-0.120371322956257	-0.123624963980206	-0.114731643845072	0.0481701294562519	-0.332929277159809	0.00303453999248546
chr10:101783113:101785413	-0.0313619199254139	-0.0180259211314661	-0.190118113937063	-0.0421440117358023	-0.0610347430697104	-0.253745916039873	0.0374245001661621
chr10:44384743:44387043	-0.0821313522333505	-0.598653270449582	-0.00502854849956281	0.0264146752563269	0.0847184575810813	-0.151424405406519	-0.0960485341998264
chr10:44384749:44387049	-0.0691640189642468	-0.567993947024567	-0.138382145881865	-0.0606932691408318	-0.0433680917280733	-0.204951270062992	-0.149997560318857
chr10:44384770:44387070	-0.0644089030547687	-0.614749442937148	-0.04509709352231	-0.01439008047367	-0.0702274309057694	-0.135390126811438	-0.144171300587283
chr10:44384792:44387092	-0.0558189467949609	-0.629039121493398	-0.115563588385501	-0.0327473474645519	-0.0215522142557305	-0.175602851129534	-0.134790067779309
chr10:44384797:44387097	-0.111108129231099	-0.564987368827035	-0.127196501326469	-0.0459941823713972	-0.0657606021013836	-0.216390688043463	-0.118187426220907
chr11:102724481:102726781	-0.128890990609136	0.14961610189583	0.086707373510005	-0.129702470243094	-0.100977208159552	-0.319095246430963	-0.0231960492023859
chr11:111910496:111912796	-0.120296199867039	-0.26072296575407	-0.173065471711455	0.0554650992549765	-0.123312558634168	-0.150725967104205	-0.128676418052004
chr11:111910530:111912830	-0.132327554288944	-0.178170627328084	-0.107667919369911	0.0259034813999954	-0.167444635932374	-0.15838107385573	-0.164112999596032
chr11:111910552:111912852	-0.276441616652379	-0.179827016138584	-0.239260876905117	-0.0402621917878934	-0.140583080179963	-0.209057575984697	-0.130812806096547
chr11:111910593:111912893	-0.260458531825799	-0.171160982172819	-0.253961490082966	-0.12157065514234	-0.14640798602366	-0.176837337784992	-0.182929973602441
chr11:111910608:111912908	-0.175203351155308	-0.15251546497945	-0.154609342681254	-0.103435227261658	-0.0938701821358075	-0.161616367379508	-0.121416811195305
chr11:111911683:111913983	-0.0323253024695067	-0.569296625900539	-0.0924973109624989	-0.0386530393556696	-0.317753982709132	-0.21799313575079	-0.0673865571777427
chr11:111911710:111914010	-0.0951938869971717	-0.575592417376307	-0.0641711223844601	-0.127348560819842	-0.37107545734882	-0.200591316854503	-0.0985897753899528
chr11:111912850:111915150	-0.201330449831399	-0.539074153844827	-0.0659076846247192	-0.00287750484206847	-0.260015148053248	-0.220315469888302	0.00659462592192012
chr11:111912884:111915184	-0.156992618654712	-0.536356534385955	-0.0801192764171292	-0.0973970690276394	-0.360373366870771	-0.24094144690016	-0.00766315461754152
chr11:111912888:111915188	-0.227333908620392	-0.467910981182239	-0.108455342690592	-0.122587396488444	-0.372440640985459	-0.195749802374058	0.00671944400705622
chr11:111912897:111915197	-0.142431310288456	-0.554713096130633	-0.122575126470657	-0.00608504221506917	-0.414590530975928	-0.184754633726363	0.0503053856296174
chr11:111912913:111915213	-0.272075574456849	-0.520504416863216	-0.0865036977703285	-0.107040149656719	-0.366027497253026	-0.189098769357514	-0.0120633185622909
chr11:111912918:111915218	-0.261408337337065	-0.517292308211367	-0.0623430225423453	-0.115663217006146	-0.365240333901436	-0.189555131383434	-0.0139547758290545
chr11:114293824:114296124	-0.411927397380819	-0.281467254792359	-0.0688803264410333	-0.17171232519726	-0.0455651409064703	-0.0416997998685517	-0.00694739535471773
chr11:114296150:114298450	-0.0251001679018977	-0.637534684689764	-0.0283437375682321	-0.140854673749162	-0.345823898443578	-0.185059627445312	-0.00814265594690553
chr11:122100100:122102400	-0.364093822345216	-0.0378653376922692	-0.22468963001147	-0.589921053467457	-0.121873705275897	-0.0271113880700224	-0.179647643336562
chr11:122100147:122102447	-0.395058147360907	-0.180065679160278	-0.0947720286772811	-0.492197696660092	-0.0801455550202054	-0.0178287965759229	-0.0414013594544596
chr11:122100148:122102448	-0.395871138462151	-0.177490252386275	-0.0952599918131371	-0.494156025909397	-0.0807527638965925	-0.018061824044685	-0.029397572373671
chr11:122100170:122102470	-0.443022935089928	-0.130883360764744	-0.181012331261532	-0.552484800308499	-0.0456748888250289	-0.135364821565207	-0.118127252564369
chr11:122100175:122102475	-0.380057055433337	-0.186767679414097	-0.198716768122217	-0.51019510815236	-0.11958723224352	-0.0905768721703474	-0.0945134665501541
chr11:122100182:122102482	-0.371861611646291	-0.159572819068164	-0.194959190256216	-0.527981581758226	-0.116051212926588	-0.0997546146527312	-0.0857354508872164
chr11:122100192:122102492	-0.343038654947972	-0.133155978988387	-0.163284480730499	-0.583745079958838	-0.134492846004126	-0.132066000825301	-0.100475446301905
chr11:122100232:122102532	-0.285494669537581	-0.196101781917581	-0.183821540658161	-0.6432528648097	-0.186240768582915	-0.0540331709018249	-0.0138421290378452
chr11:122100239:122102539	-0.331394972105079	-0.230228333353348	-0.143264213132983	-0.49225003648836	-0.109547599525116	-0.058447867319157	-0.107523868978133
chr11:125590818:125593118	-0.168977408260812	-0.0619952302556686	-0.0449728376461319	-0.194318166548463	-0.312065289949014	0.0990823690502053	-0.168977598955031
chr11:125590835:125593135	-0.178135907274326	-0.112882552710483	-0.0535917333690197	-0.141754283633441	-0.300705550243827	-0.0558128042685002	-0.208100159211791
chr11:125590851:125593151	-0.131620168975182	-0.111375394486736	-0.066508640248867	-0.162484812659136	-0.315600576287917	-0.0998171204162544	-0.166476863565642
chr11:125590857:125593157	-0.137549944207612	-0.169267118895622	-0.059722548553545	-0.149538958278269	-0.323919150996219	-0.0849125981108477	-0.129518701597941
chr11:125590866:125593166	-0.0343159633010053	-0.0983283641839581	-0.028127101112716	-0.126205371672452	-0.318728111852137	0.000348690399733446	-0.147499897167386
chr11:35174574:35176874	-0.142887659545711	-0.0320511126771636	-0.0763808492397162	-0.12562379313267	-0.0366939870782859	-0.172425813553186	-0.0984167523945235
chr11:35174627:35176927	-0.141238424375109	0.0293833376831321	-0.0957865081073695	-0.126398359849493	-0.12349757851182	-0.112659336777815	-0.265099200686415
chr11:35174640:35176940	-0.146468554188278	-0.126199054943985	-0.113341558554279	-0.110326519988473	-0.17798151297147	-0.193125929480075	-0.242512560704876
chr11:35174661:35176961	-0.164439732120702	-0.0317773771718847	-0.168692398199866	-0.0459514922866665	-0.0807154896684571	-0.150213938628543	-0.0492497986276227
chr11:35174698:35176998	-0.105564987983202	-0.0960744094227934	-0.11538222594364	-0.0209120048028575	-0.0167705918000457	-0.221542742966258	-0.0951123044777205
chr11:35178278:35180578	-0.131379668985906	-0.200299446629868	-0.0751974341467247	-0.297908238649252	-0.0829766614527215	-0.26238227466894	0.10178889288356
chr11:35178357:35180657	-0.0406542115359035	-0.187345284785547	-0.0462707391044331	-0.225912981018904	-0.0905169263090952	-0.255779316614199	-0.0953105496702743
chr11:35178382:35180682	-0.116896200372036	-0.230443677080969	-0.00133710132348045	-0.20426391127298	-0.0461417951045047	-0.205923373715904	-0.124638755274734
chr11:35184842:35187142	-0.318319015951548	-0.0786548857019165	-0.103441325914096	-0.470153493308705	0.0303516963331668	-0.28851053572231	-0.148928510143106
chr11:35184861:35187161	-0.249291370887397	-0.0505156829340706	-0.0372414134974023	-0.456751197012572	-0.0344111708145636	-0.24205212437987	-0.180680943967735
chr11:35187834:35190134	-0.0564736364949405	-0.177511588748887	0.0857409566550531	-0.363570907792013	-0.249290356948427	-0.340493903123097	-0.0391924337903626
chr11:35187881:35190181	-0.170825993375931	-0.252307054615261	-0.0544786362921328	-0.53736705250546	-0.198822703037815	-0.276687092832411	-0.0956294304672961
chr11:35187890:35190190	-0.10215959496038	-0.156401865408582	-0.0814556465465861	-0.535394717574153	-0.304950949627905	-0.290188554317445	-0.0868789169670435
chr11:35187899:35190199	-0.088822654649694	-0.30068567685937	-0.0455462617816463	-0.493483346768858	-0.290595884603755	-0.222872494119538	-0.126632460331465
chr11:35187925:35190225	-0.0914240995939985	-0.242699361774927	-0.0414591790483873	-0.494573135827435	-0.251902740683528	-0.361713421323235	-0.0891131120785772
chr11:35525297:35527597	-0.310272917893957	-0.473608510797764	-0.0898264654655427	-0.0524364004904798	-0.106140042587443	-0.249049063282288	-0.0595717340600396
chr11:35525303:35527603	-0.225933630198418	-0.481153384808121	-0.0407961061502098	-0.114546088926045	-0.0301076082983624	-0.299576983023984	-0.118945440791172
chr11:35525323:35527623	-0.219026098662011	-0.435084669515155	-0.0727702428318411	-0.114860882822555	-0.133201725946196	-0.292618320380456	-0.0415573296880212
chr11:35525435:35527735	-0.135370255212935	-0.423682087394529	-0.0480978016913937	-0.027761381048023	0.0185144670405301	-0.415284322000906	-0.0655895926461444
chr11:57426179:57428479	-0.203923500305647	-0.269652906437365	0.0277576269634095	-0.0286648729700277	-0.0662386959630336	-0.142105880668782	-0.0647393496836885
chr11:57426352:57428652	-0.335883019675733	-0.373129001136416	0.0550838219402735	0.0422905019001442	-0.0248402883789792	-0.073306809442653	-0.141180253418993
chr11:57426355:57428655	-0.367450634254852	-0.313995322067301	-0.0334324105837899	-0.0152206203135798	-0.0432053252878148	-0.0764506517226436	-0.0561440581975551
chr11:57426452:57428752	-0.0968235021338847	-0.321373756707015	-0.0932816872990774	0.0103866840012605	0.000658887607854102	0.00523405821883407	0.00724354850716975
chr11:57595680:57597980	-0.259277226964057	-0.303703901310735	0.0492235742176974	-0.153693625687783	-0.0184289205044199	-0.1771680275059	-0.217055435941079
chr11:57595682:57597982	-0.259908794878016	-0.356494684890049	0.034094120096715	-0.220381763864897	-0.0215362865963551	-0.249632222037679	-0.0974225838731103
chr11:57595687:57597987	-0.266744238432183	-0.309931838267568	0.022341742640659	-0.109593385791878	-0.136625992521839	-0.170342147720831	-0.153664365633724
chr11:57595689:57597989	-0.264865347551133	-0.308405551652098	0.0226288435223495	-0.112337757298979	-0.12941004955393	-0.173463056177534	-0.153561929638353
chr11:57595802:57598102	-0.164056366033579	-0.307146744036069	0.0390116706010168	-0.138017495465274	-0.0291260995269534	-0.199423902246704	-0.0530498251931869
chr11:57596232:57598532	-0.492378412872601	-0.469196734045397	-0.148528549091386	-0.0384435862561132	-0.0817927915291888	-0.234399057714342	-0.0712316102073592
chr11:57596270:57598570	-0.399772200448738	-0.538506091519688	-0.204673700830072	-0.0463240470010492	-0.0530756607457252	-0.219264144612819	-0.0608274521439529
chr11:61792294:61794594	-0.483359766997733	-0.192378415429171	-0.42118642991551	-0.231369156654345	-0.368057896945534	-0.270434336120511	-0.25392239465395
chr11:61792299:61794599	-0.50834681655437	-0.206178874054233	-0.424773451314277	-0.187900197539614	-0.387739181141727	-0.258443235271988	-0.304176550625779
chr11:61792301:61794601	-0.49463211341112	-0.231675043047528	-0.444248189068162	-0.171692254421757	-0.338736280261872	-0.390179906351154	-0.273244492953202
chr11:61792302:61794602	-0.494512583408398	-0.19908602323157	-0.421706045077662	-0.244763205200798	-0.384314831324387	-0.254782300575298	-0.284158371237753
chr11:61792316:61794616	-0.425818367518571	-0.0555159425882897	-0.422192407938734	-0.211784265563274	-0.323156633522156	-0.172847277481661	-0.25406072414422
chr11:69645956:69648256	-0.0552227139195772	-0.294227063655984	0.0187170771606303	-0.199008455723268	-0.0516840577721425	-0.14518616142768	0.0796211623660683
chr11:75397514:75399814	-0.313627631272578	-0.0837608475411016	-0.327450139564283	-0.258623254532542	-0.28343681713982	-0.242300186323702	-0.313657828246717
chr11:75397517:75399817	-0.290862574093736	-0.0864065623541392	-0.281655515434	-0.238366031936931	-0.310438675327439	-0.232337254976097	-0.361681324056454
chr11:75397518:75399818	-0.291005136588136	-0.0586455560966265	-0.296581815425279	-0.250167323072812	-0.343791226881896	-0.260287969025341	-0.348998449720588
chr11:75397519:75399819	-0.349908146900699	-0.0618346368578879	-0.276932761368545	-0.293854776602297	-0.317112288725237	-0.244771936758515	-0.314596739662002
chr11:75397529:75399829	-0.249859357948199	-0.0602813912028363	-0.282715356604743	-0.288173588287659	-0.398685500442211	-0.277484740474343	-0.415211801910227
chr11:75397530:75399830	-0.183677815974762	-0.0741010277464602	-0.280663592132826	-0.289412104559882	-0.364775409467681	-0.250435923910558	-0.299579237607082
chr11:75397536:75399836	-0.297347352414192	-0.0774279914062525	-0.247806502768475	-0.264640330779114	-0.457668962887888	-0.125388642968525	-0.4141394200898
chr11:75397541:75399841	-0.308449345965363	0.0236032458473906	-0.169124532571215	-0.275215928099484	-0.35291587152771	-0.0631213707232587	-0.339752268943039
chr11:75397542:75399842	-0.346250225195515	0.0201202565046135	-0.184917365989082	-0.279543924594699	-0.35417985343692	-0.0702059495808366	-0.333928541623952
chr11:75398691:75400991	-0.494879260847784	-0.214571979268894	-0.155175971018733	-0.262150385930998	-0.263566556387714	-0.207256285197029	0.0580137712017793
chr11:75398694:75400994	-0.463199616903013	-0.215548411051784	-0.298772116343231	-0.259597903225429	-0.256163975811783	-0.155488733092018	-0.0441649394892931
chr11:9662076:9664376	-0.169966553042805	-0.614769466084643	-0.077102987654637	-0.0750996453661384	-0.141098124741792	0.0869363237899779	0.08409385889228
chr11:9662080:9664380	-0.145811872581705	-0.633574067244518	-0.0080842640784776	-0.0524133047026153	-0.147248660658854	0.0712549488978543	0.0538944930080992
chr11:9662101:9664401	-0.175405068327398	-0.544945762168938	0.0923300404462939	-0.0296615342165384	-0.0998591353366261	0.123580875156633	0.0691841929176426
chr11:9773644:9775944	-0.293881691907024	-0.433771149254357	-0.0432987797680233	-0.234164849175977	-0.0320123167765479	-0.14602991675043	-0.0304582443471144
chr11:9773730:9776030	-0.231254688423569	-0.414862418705188	-0.016485324397049	-0.195569598541581	0.0444101967490142	-0.0517635168030424	-0.00178362310865445
chr12:101875682:101877982	-0.0322511401770156	-0.60427643798504	-0.00610358557724434	-0.000656741544711126	-0.0721862898859567	0.089973702084865	-0.0461209143248781
chr12:101875690:101877990	-0.108278709960046	-0.539728747078291	-0.0730700789153179	0.00673994755356099	-0.0895732239218212	0.0476666079058862	-0.0856768412579966
chr12:101875796:101878096	0.0178623517413349	-0.322583061111268	-0.181938740346862	-0.113500689066102	-0.0756145539135772	-0.0328392041126667	-0.0108918533350355
chr12:101906313:101908613	-0.0916611268186928	-0.259054831559944	-0.00606551683786286	0.121132204872004	-0.188760597834227	-0.0939473489304937	-0.000308587962466225
chr12:10210921:10213221	-0.347689404755121	-0.314855354165904	-0.107024545306098	-0.138613444833326	-0.13086447565749	0.180027848786967	0.0541569386438598
chr12:10210927:10213227	-0.367988023531418	-0.301719526199845	-0.0443257197076197	-0.154047492058817	-0.153337150428238	0.0387300784435129	-0.0745714676948249
chr12:130951978:130954278	0.00154047003286228	-0.371534976146714	0.0685643063792262	-0.0277932590191767	-0.0619267705996531	-0.142828651246934	-0.138859738270133
chr12:13194782:13197082	-0.721488476126142	-0.566121143121903	-0.167974538428335	-0.269641915168013	-0.223881825471572	-0.117988415039104	0.00324016993008924
chr12:13194785:13197085	-0.635813788330999	-0.504275334414058	-0.17051152446385	-0.283143508507887	-0.288286136126281	-0.115195285389408	-0.0624065763596181
chr12:42464780:42467080	-0.035913052692099	-0.0199208766053307	-0.093131261536625	-0.0574150131412099	-0.101957958450762	-0.29884573651227	0.0483956237880313
chr12:53045703:53048003	-0.0093869818081604	-0.358355261692424	0.0306964348829691	-0.14994462991787	-0.20482149780038	-0.0919987335613541	-0.258097218273493
chr12:53045731:53048031	0.025125589392965	-0.371438261845278	-0.0960979960137619	-0.0906939062788364	-0.29279898175565	-0.165135461216909	-0.238695678155904
chr12:53045750:53048050	-0.069682295141252	-0.431895757449775	-0.0506958179742941	-0.0948848289459582	-0.206250946281364	-0.125096764039353	-0.314739832238453
chr12:53045761:53048061	-0.0145713294918341	-0.444984485026303	-0.0984158991405322	-0.0908470749907755	-0.210812546618527	-0.0353738843884738	-0.280418912528553
chr12:53046736:53049036	0.133960150920112	-0.607159770196608	-0.194009256064705	-0.143317241113623	-0.155878117191456	0.0185999582458474	-0.0899950380604713
chr12:53046750:53049050	-0.0213759072767778	-0.590732984139399	-0.311693985987003	-0.103939395253042	-0.175836124631396	-0.026721323236674	-0.0640464137723418
chr12:53046769:53049069	-0.111767108798924	-0.574642414631866	-0.31258466235713	-0.126281864203409	-0.247851527315232	-0.0712068165511317	-0.0799462707343148
chr12:53046771:53049071	-0.105655386578846	-0.580515422632611	-0.258685446055303	-0.234489286784483	-0.225317450044339	-0.027753123203826	-0.042062237431085
chr12:53046795:53049095	-0.0452206295316691	-0.330093619529562	-0.183806537980671	-0.152076754928235	-0.168732103621235	0.0205810920195781	-0.201307742974716
chr12:53095666:53097966	-0.525396842137173	-0.290325052575018	-0.00946047678388316	0.0447583963512923	-0.0803493830236271	-0.0676591967668261	-0.107311658808171
chr12:53450101:53452401	0.071860213301505	-0.35716677440685	-0.198597214823358	-0.268656754648296	-0.232440610769711	-0.198591188044568	-0.20075334865178
chr12:53450125:53452425	-0.0119865257026656	-0.454207548045663	-0.206475124555628	-0.27846265608383	-0.234303555143018	-0.173119912596476	-0.000999745104435243
chr12:53450128:53452428	0.0423598697912944	-0.4589079606967	-0.179482352224359	-0.21646781644835	-0.193335306766423	-0.153142846837983	-0.121892310681495
chr12:53450324:53452624	-0.203867486711811	-0.304344435833601	-0.224250019125878	-0.147797511379259	-0.0644341691004173	-0.17262591999784	-0.151921795725016
chr12:53450367:53452667	-0.0832671948123497	-0.203385023714048	-0.220090763057809	-0.173526853063282	-0.162207372009875	0.086987938293254	-0.103137982639684
chr12:53452733:53455033	-0.214298105731909	-0.152147350633972	-0.197223310953306	-0.269115810486136	-0.125914073286866	-0.13570823998348	-0.146960132432389
chr12:53452735:53455035	-0.157203204728025	-0.145214286705149	-0.136503616110866	-0.217905202180402	-0.0620674119903385	-0.192623800149735	-0.145199785123967
chr12:53452736:53455036	-0.155196665338427	-0.145596669583618	-0.139011029116458	-0.216628683870895	-0.0615647643955139	-0.193088211079028	-0.116948261653145
chr12:53452778:53455078	-0.191078166635279	-0.14766170525959	-0.175024086360014	-0.293714811618812	-0.130624872704498	-0.102072263427122	-0.105388550065043
chr12:53452784:53455084	-0.212085642733425	-0.144020358249933	-0.0906944720861979	-0.296695189852128	-0.123269543561909	-0.067598348883216	-0.174562157409194
chr12:53452809:53455109	-0.184950752137985	-0.125180743796722	-0.0965956142659527	-0.327744258081061	-0.0654147408524689	0.0108981713017357	-0.176878933621053
chr12:53452859:53455159	-0.249205886064931	-0.147514814841315	-0.0621002578638826	-0.266922066104598	-0.0126281726597124	0.0196264785939619	-0.0840538561010258
chr12:56114631:56116931	-0.245229130810149	-0.475081832378091	-0.307682111024585	-0.611642423876921	-0.237566552556818	-0.263474011246373	-0.310095364545515
chr12:56114632:56116932	-0.303797307850359	-0.369964198822344	-0.331129955244146	-0.578932546168151	-0.239976714522683	-0.28695555631667	-0.358578341324429
chr12:56114767:56117067	-0.167044760154173	-0.418287252544237	-0.35790122014141	-0.260659245482552	-0.231392922768382	-0.270659180108675	-0.42883574130229
chr12:56348612:56350912	-0.124536247768468	-0.0800880408389074	0.0230633824264064	-0.0348363905052979	-0.0764800105599049	-0.3434571286554	-0.0356619302642043
chr12:56359796:56362096	-0.116203321351662	-0.23025840212172	-0.120998551740631	-0.0396617494115134	-0.211654471990079	-0.218385046006105	-0.012772312827666
chr12:56359800:56362100	-0.195426332295095	-0.278668168417346	-0.141072639614447	-0.0910149642956636	-0.318949858205438	-0.228185548704437	-0.0379709459816118
chr12:56359806:56362106	-0.19693054553518	-0.28540963512835	-0.118868114676849	-0.0760050338238795	-0.270474146367826	-0.229219727594702	-0.10432922882961
chr12:56359807:56362107	-0.119568639061855	-0.253658436716571	-0.063138589256489	-0.087455050450632	-0.24429945582439	-0.31774668426058	-0.108300956068559
chr12:56359810:56362110	-0.0813098138723555	-0.195540058291743	-0.0594451312944589	-0.0764828779797282	-0.241902470689945	-0.251857038654029	-0.0864097099919911
chr12:56359817:56362117	-0.143230410014358	-0.184000892962839	-0.063500492988834	-0.105512094189192	-0.250704270359041	-0.263437478595036	-0.0937694772880701
chr12:56359826:56362126	-0.145186630672919	-0.199954309246321	-0.0446182356801419	-0.11914779791074	-0.294604502703262	-0.216982976973069	-0.0923562587383459
chr12:56359831:56362131	-0.0478093446017762	-0.276439456258342	-0.0772137539344174	-0.040720093287122	-0.310446232375606	-0.216282525674799	-0.0881694720182027
chr12:56359834:56362134	-0.0273663678728638	-0.34965346972627	-0.16519780024471	-0.0179590537399581	-0.293301250759126	-0.170964208194248	-0.0971954030683213
chr12:56359842:56362142	-0.0526308312739595	-0.27376764167662	-0.179404564434582	-0.0851582084745871	-0.270184257310495	-0.128964317324381	-0.165359365077172
chr12:56359855:56362155	-0.0964800284906124	-0.256445387677526	-0.12023630212686	-0.129100935271533	-0.221957466679808	-0.199231408402765	-0.120016626243007
chr12:56359861:56362161	-0.0468612561548129	-0.264789250535288	-0.172312567507912	-0.185466685229812	-0.200569067827538	-0.198019176284823	-0.179941782813046
chr12:56359865:56362165	-0.0539547151837313	-0.257857360641721	-0.150829784263629	-0.105125656634674	-0.248317071127946	-0.182656210241441	-0.149209647470833
chr12:56359867:56362167	-0.0540722978346281	-0.29580478948336	-0.127320230754041	-0.115753777529548	-0.172807974724226	-0.157998164409592	-0.234928495681014
chr12:6451202:6453502	-0.0584418113391771	-0.185953910290864	-0.159001953568326	-0.23688685240224	-0.0659216344219839	-0.265827063458031	-0.0479738971659899
chr12:6451215:6453515	-0.0537088469517696	-0.127625597343554	-0.204603972231243	-0.170460449805632	-0.133654520819906	-0.352241683527991	-0.0843439004871687
chr12:6451217:6453517	-0.0552849165794744	-0.13410788736295	-0.207032795426326	-0.170506860674327	-0.163492854570101	-0.357679520645561	-0.0885983984946443
chr12:6451219:6453519	-0.0604780245801077	-0.14898590486383	-0.230043626443685	-0.179175340694295	-0.11786359513679	-0.350708419021949	-0.11631377436725
chr12:6451234:6453534	0.00235473636477627	-0.0926512014028561	-0.166479563740085	-0.110735357129115	-0.174252361104491	-0.227961909052287	-0.0194032258156254
chr12:7935867:7938167	-0.168482292683419	-0.564350072020526	-0.010497462409913	-0.139477424987172	-0.0386748044248899	-0.110191681531648	-0.0566287152235608
chr12:7935869:7938169	-0.160258115164951	-0.473189068381483	-0.0876057925114585	-0.141879126524718	-0.179115573442301	-0.143214674234672	-0.0644650464852981
chr12:7935884:7938184	-0.203678990282771	-0.456666325864819	-0.0579292013320822	-0.196746034062532	-0.129374974333586	-0.140839647627237	-0.0642874098134012
chr12:7935886:7938186	-0.200357957090816	-0.552369291955987	-0.0516945467394793	-0.214047800881471	-0.0890367732828828	-0.107969852417267	-0.091153370752613
chr12:7935887:7938187	-0.236931950187669	-0.522373246360859	-0.0469846344002578	-0.18482275726317	-0.115421542019253	-0.149281067420894	-0.0390004442816916
chr12:89603466:89605766	0.00672248671257405	-0.376631601277034	0.0932523102289147	-0.0129576753171569	0.0185046306696328	-0.0700348225079636	-0.0781538073041624
chr12:89630454:89632754	-0.27399331081554	-0.108908645542587	-0.116408025360921	-0.216941851464854	0.0910992136434988	-0.121976932234699	0.0456537712748863
chr12:89655767:89658067	-0.165470462905779	0.0233904029585559	-0.13102429822518	0.0628920821244384	-0.106043815824076	-0.372798588807993	0.0164979626202531
chr12:89655811:89658111	-0.0975487748596892	0.0195330745086825	-0.113845613257717	-0.0397450902328563	-0.0737590838925666	-0.193304287017614	0.0646541046219644
chr12:91111186:91113486	-0.0441508045289338	-0.380831852698123	-0.341759025912123	-0.121437305524857	-0.189922589951774	-0.454181236039893	-0.259107570062699
chr12:91111194:91113494	-0.0469814503186911	-0.362499709405823	-0.325810719636035	-0.125459630144844	-0.184749398920409	-0.45269307396727	-0.252425786063385
chr12:91179195:91181495	-0.507670384290456	-0.717429287021123	-0.17492038464846	-0.189590495103945	-0.538859781617629	-0.346095021343677	-0.204214326633437
chr12:91179213:91181513	-0.41021203535866	-0.697749608129652	-0.199986901454737	-0.225126684955053	-0.551891852480655	-0.421152588931044	-0.134135166265027
chr12:91179233:91181533	-0.454284172245064	-0.750184528205229	-0.219022604688198	-0.110825920296575	-0.624808294687267	-0.35313400884221	-0.138294804567509
chr12:91180181:91182481	-0.230779982474449	-0.544416147630823	0.0207298462688236	-0.0428938131047972	-0.112935142533806	-0.162352444065311	0.0426496092626975
chr12:91182505:91184805	-0.49782411452026	-0.726949570295776	-0.512960884844785	-0.310077078878327	-0.34423285512969	-0.356541486993121	-0.328995796916513
chr12:91182517:91184817	-0.61805442145266	-0.862601891709224	-0.487068465722428	-0.300618379147504	-0.335624544948255	-0.436055488631352	-0.341571567521884
chr12:9869054:9871354	-0.514813606073153	-0.17078307194162	-0.14253953040972	-0.221684284467388	-0.20504193480352	-0.0856449136584001	-0.176920164383369
chr12:9869086:9871386	-0.477965003088417	-0.139951621002005	-0.0891896542111395	-0.0555221798606641	-0.0803451950687197	-0.0207909088770757	-0.0868282272111004
chr13:101450592:101452892	0.000382853208504581	-0.309011284719773	-0.0871924796426907	-0.115457622898795	-0.230021357907918	-0.123285513812313	-0.155050413318321
chr13:101450661:101452961	-0.0876894737639796	-0.388880989015497	-0.0544763032575423	-0.0968012626850478	-0.38831266074988	-0.0323721810765967	-0.12227411620901
chr13:101450666:101452966	0.0461729668099529	-0.362737979859089	-0.159516886105558	-0.0803839576907253	-0.255423887590759	-0.0486664375084196	-0.143954046515949
chr13:101450674:101452974	0.0125365483371975	-0.431162078722855	-0.0160092296097226	-0.106303759827136	-0.381127420999196	-0.0251757246130997	-0.108852877977553
chr13:101596144:101598444	-0.295376515345227	-0.00617407417816422	-0.147554711477161	-0.338398147395022	-0.199776823871279	-0.363611671944993	-0.101657552589049
chr13:101596145:101598445	-0.26102040603525	-0.00325601194775728	-0.195240353890974	-0.377864986779592	-0.0924352008765621	-0.430600929777775	-0.136367528908499
chr14:24159264:24161564	-0.152966906234876	-0.21764799081239	-0.154612164314271	-0.0778419484212006	-0.119586357146874	-0.255149696826876	-0.0683542591693849
chr14:24159272:24161572	-0.192013507297675	-0.272090861791154	-0.0431720306146692	-0.144773395422318	-0.070745855711878	-0.23070613915851	-0.0921057219525307
chr14:24159276:24161576	-0.0212040723538696	-0.233492684956834	-0.121004224109457	-0.100158054019496	-0.123974827188133	-0.257068142586134	-0.0832418053202247
chr14:24159289:24161589	-0.0637337035493337	-0.258586476092441	-0.0606242116882296	-0.0900128042439402	-0.150867093578059	-0.249094563229042	-0.165842134995177
chr14:24159292:24161592	-0.11897777945313	-0.273427634667124	-0.110691423468882	-0.0515132671249242	-0.119289163313885	-0.270596241274178	-0.0843426249737089
chr14:24159300:24161600	-0.110749391270358	-0.310320032976232	-0.0447854704935345	-0.109464130485914	-0.101226795456746	-0.191908303416046	-0.118148733856806
chr14:24159303:24161603	-0.0989405272810563	-0.251495100592399	-0.0617830205738117	-0.0580851184690092	-0.0936121640317975	-0.257301400064308	-0.121918970910312
chr14:24159316:24161616	-0.0171882662855726	-0.284379784275425	-0.00610608669758609	-0.0815432386832816	0.0196107598302416	-0.212748059278879	-0.0886147658469598
chr14:24160995:24163295	-0.0385257019391456	-0.278300443608068	-0.162558562745294	0.0457786578271788	-0.198099372871999	-0.25145898339997	-0.224641226634705
chr14:35290316:35292616	-0.215684918629706	-0.212423767653156	-0.105809900724496	-0.0804495740661618	-0.0680342011961929	0.127090214864331	-0.199700507733424
chr14:35290381:35292681	-0.30045715825256	-0.36198202824711	-0.0853590283364206	-0.0764358936931396	-0.221230399167181	0.185063759804905	-0.264887765851499
chr14:35290387:35292687	-0.272975346702704	-0.303689661174612	-0.158657661481551	-0.139961831841014	-0.0787456572165469	0.060184916069714	-0.264285922756292
chr14:35290392:35292692	-0.228043895347634	-0.312531765489436	-0.155268937569647	-0.125956329203757	-0.0842011036620257	0.127876029707855	-0.394704350215167
chr14:35290394:35292694	-0.247904736780039	-0.322092029417885	-0.174432395333036	-0.120456885190864	-0.114117044884025	0.134551129510261	-0.293639399941947
chr14:35290397:35292697	-0.230885153389567	-0.323598247970579	-0.136542818704831	-0.152586650690708	-0.0698701440299553	0.090885907383656	-0.335487481374987
chr14:35290442:35292742	-0.293187801439656	-0.287560667690647	-0.0643717192605271	-0.147080537855572	-0.0191882647597011	0.0523991749723293	-0.215466353532939
chr14:35290450:35292750	-0.289500035350184	-0.276644084004352	-0.0873506886901705	-0.140132110149008	-0.00135818657372434	0.0379169867640932	-0.211522263366059
chr14:35290472:35292772	-0.292913516287471	-0.254597626112919	-0.177217630241098	-0.0719651686020602	-0.00600070191579731	-0.0537942481554822	-0.149332883132113
chr14:49586051:49588351	-0.45793463338845	-0.0856712240269499	-0.424890192810562	-0.243694895566894	-0.253058424453032	-0.456295543694348	-0.0980056666596506
chr15:24952926:24955226	0.0408205883444736	-0.386470057887961	-0.251521513011183	-0.127475424709186	-0.186359924030139	-0.0432844790202583	-0.0551968402561817
chr15:24952934:24955234	-0.0392605065482691	-0.470410369023614	-0.28894102202527	-0.118988392950782	-0.1739191845762	-0.0928678957946571	-0.0498078388471765
chr15:24952947:24955247	-0.076613670240297	-0.450278116988658	-0.137575368670385	-0.0684241204647197	-0.166787252106781	-0.121890231353806	-0.0379636842095772
chr15:24953002:24955302	0.0036471251416004	-0.412150460851683	-0.296180350201074	-0.0972482255616282	-0.205025011618919	-0.146942675336942	-0.0391125677858085
chr15:24953004:24955304	-0.00056590791445281	-0.369145623680873	-0.249395334676014	-0.109506013429027	-0.204447235131116	-0.10982339174166	-0.0955180929491858
chr15:32682415:32684715	-0.183134461717618	-0.373359809923396	0.0130146850038012	0.168948705504414	-0.0503930586555541	-0.12445145501965	0.0189189229970103
chr15:32682439:32684739	-0.126156818124347	-0.534925381748267	0.0704564514872376	0.0541303973207664	-0.0970481997932642	-0.176439892169435	0.0865061695179277
chr15:49421236:49423536	-0.540385676487367	-0.196082745348116	-0.127804678585075	-0.234166625099461	-0.0156915046347642	-0.342863433686225	-0.296785029133353
chr15:49421241:49423541	-0.454387331101702	-0.203078384876133	-0.10977416191703	-0.168111245789158	-0.132367646961572	-0.314816376067356	-0.424806156635728
chr15:49421257:49423557	-0.492993557032629	-0.233300485288155	-0.187406173727409	-0.203985022848267	-0.0853151972055779	-0.314694618662918	-0.331607593493678
chr15:49421259:49423559	-0.469263531587179	-0.188488389708742	-0.150484923825041	-0.241745307491806	-0.042186613901294	-0.313358805322435	-0.316550465701395
chr16:18790034:18792334	-0.207956981010333	-0.382919317971101	-0.130491267493772	-0.419968428663491	-0.507063939478415	-0.175819854599781	-0.400250152900236
chr16:18790040:18792340	-0.275247512223841	-0.407937499531196	-0.264693870886628	-0.447398729290964	-0.531498406111302	-0.145203434081307	-0.351324155026094
chr16:18790062:18792362	-0.288401358931561	-0.289342564774114	-0.182666925523315	-0.45980680511903	-0.430886502433993	-0.228491859562862	-0.247713087407901
chr16:28596747:28599047	0.0172327473563919	-0.00632779879293336	-0.570276532396637	0.00633991059582678	-0.0522287175063258	-0.139855317962518	-0.0793690693491593
chr16:28596750:28599050	0.0629313734150469	0.106014101034634	-0.569597824484068	-0.0276188010952359	-0.0773898112167159	-0.148872120471761	-0.141109329038337
chr16:3063296:3065596	0.0391893532213633	-0.506190377930394	0.04396260972833	0.0173833112881352	-0.0921209098332183	-0.162183996485993	-0.112773002205412
chr16:3063311:3065611	0.00891672973911652	-0.559744479036625	-0.0684204620071507	-0.0122111136071556	-0.0702224537696224	-0.253736474397906	-0.0574514075857016
chr16:3063321:3065621	0.0556251990757776	-0.613779569733845	-0.042275881141751	-0.0246834611805469	0.0356937106613441	-0.219535204149617	-0.110398081265972
chr16:3063354:3065654	0.0267201537814895	-0.514019596105293	-0.00413993975752723	-0.0477215720225773	-0.144808641713126	-0.187658403040867	-0.0556355896024075
chr16:3063357:3065657	-0.00187542011147902	-0.497031820891386	-0.0492437057879832	-0.0289380316343875	-0.17995850461941	-0.15760894276043	-0.0639065577872029
chr16:3063368:3065668	0.0670254954885616	-0.470894583905525	-0.0539252255007486	-0.0568030884081295	-0.164858955196057	-0.213350279912527	-0.0703592346640527
chr16:3063376:3065676	0.00689664572117947	-0.491371303134913	-0.17310053170094	-0.100203676319203	-0.126944135690428	-0.161974173665338	-0.0533868798204679
chr16:3063379:3065679	0.0176252621523556	-0.487847241052545	-0.158797563850035	-0.104661767016223	-0.0621421442122008	-0.22793918380508	0.0258791207208305
chr16:3063383:3065683	0.0337929539907992	-0.565837302449628	-0.103583004262967	-0.118377871463148	-0.0847158514214721	-0.172016351224122	-0.0429079732769643
chr16:3063391:3065691	0.0220237157838228	-0.54406514535339	-0.0805523772815593	-0.0842468845343297	-0.113534570044728	-0.212990359605968	0.033179081397261
chr16:3063403:3065703	0.0324550674296191	-0.452944345436937	-0.113346313867885	-0.116692741457702	-0.125557255073317	-0.181981278527718	-0.0347360539837041
chr16:3063609:3065909	-0.0284678429647586	-0.471944818251508	-0.096324666581813	-0.0889607998291162	-0.0202145719051318	-0.254301398356362	-0.113499517304074
chr16:3063613:3065913	-0.0540241964141424	-0.481606284497966	-0.0208322433152279	-0.0716507967230035	-0.0116088724910658	-0.274754434038379	-0.0927367054026202
chr16:3063630:3065930	0.0259597447214576	-0.469884369624644	-0.00678681770409944	-0.0548097545103869	-0.0769151972842198	-0.225312451823012	-0.0224084681029114
chr16:3063638:3065938	-0.0052615540676407	-0.529636268146471	-0.0460001324230635	-0.0153314177991167	-0.0837724348392083	-0.181822205674613	-0.0411549347873167
chr16:3063639:3065939	0.00155316795259153	-0.529818340130599	-0.047386284944423	-0.0460770031026202	-0.00140829241199196	-0.207239575125781	-0.0326125833615574
chr16:3063640:3065940	-0.0354748830195921	-0.489501763578977	-0.0444179905407792	-0.0313690796089447	0.0123249642576485	-0.217706287603952	-0.102676937679277
chr16:3063652:3065952	-0.0514581174107165	-0.513987497096563	-0.0358421572699655	-0.00933657003802887	-0.00365802288483347	-0.232648145905021	-0.00587463810233343
chr16:3063653:3065953	-0.00948450341745401	-0.540325487626614	-0.0308889202069146	0.00975263889501613	-0.0435444232888961	-0.264051185662345	-0.0177996338011007
chr16:3063661:3065961	-0.0311155112877733	-0.499982648933935	0.0252392794702512	-0.0182249596404401	-0.076092421176354	-0.293084319991108	-0.0260547945117458
chr16:3063662:3065962	-0.02269727601554	-0.481286910297139	-0.0321563270304859	0.0547241948877362	-0.0929364870788935	-0.269755378619514	-0.0238337225246383
chr16:3063676:3065976	-0.0362452526986479	-0.52883694783175	0.00293131436883856	-0.0512283210619919	-0.0439324844786475	-0.228188554992428	-0.123107078048715
chr16:3063711:3066011	-0.0690366215675673	-0.583780680529124	0.029328639325021	-0.031185211421029	-0.0551313641302985	-0.186638702652781	-0.0571329725392693
chr16:3063783:3066083	-0.0331950732140751	-0.334236317668008	0.0676465062236731	-0.0661404502769386	-0.141095018915199	-0.122883971610213	-0.15378120667143
chr16:3063811:3066111	-0.016132804594851	-0.333432508719647	0.0522159512418962	-0.0659397635149998	-0.13279358387226	-0.150254584447344	-0.108777997290511
chr16:30894606:30896906	-0.135270554384876	-0.176620729387245	-0.058327820131419	-0.0725922549119225	-0.143757601246153	-0.29681952729481	-0.122157414658188
chr16:30894637:30896937	-0.235269621556728	-0.155470809712486	-0.0386548560789088	-0.0544990596511416	-0.244306093511133	-0.240599370562785	-0.21098636788938
chr16:55476829:55479129	-0.263096696125937	-0.418941948505599	-0.0480984495483803	-0.0574029447716505	0.0262404230702744	0.0527121561412888	0.0441929461325002
chr16:56680469:56682769	-0.0317300237289515	-0.646898261449891	-0.16968057915815	-0.0944512406605166	-0.221987879466576	-0.18077844248533	-0.298915109197913
chr16:56680480:56682780	-0.0756738180010434	-0.658388914743472	-0.142189868276019	-0.0700622622874885	-0.235261264506744	-0.230422330280959	-0.278934363156429
chr16:66550562:66552862	-0.19187856955989	-0.314579184707962	-0.146947518164342	-0.0759853514915548	-0.106263816074132	-0.250366893127052	-0.248571250461726
chr16:66550566:66552866	-0.163480577233171	-0.316534402429607	-0.149617777960636	-0.0558027758182802	-0.14227443449477	-0.296866004217207	-0.281637439672621
chr16:66550568:66552868	-0.171656283926415	-0.299744921810988	-0.163115912639962	-0.056566184015522	-0.139708828483736	-0.231068793144206	-0.24705950238716
chr16:66550572:66552872	-0.122321332907915	-0.281850306057676	-0.171886929264924	-0.0570033874986036	-0.125721972927224	-0.239581817029142	-0.231456963762272
chr16:66550581:66552881	-0.0157597778403114	-0.2718140404836	-0.0412005171208921	-0.0438461885109234	-0.0826014989851783	-0.272150517836249	-0.2207384096037
chr17:19386890:19389190	-0.140029654077402	-0.216666630943463	-0.13635924129323	-0.111503764236672	0.0795739300445861	-0.145548168212911	-0.0989010598173814
chr17:27629147:27631447	0.0324336300124877	-0.329092030248739	-0.131553637872393	-0.14004302375432	0.0401528560781371	-0.290713378642326	0.146961221811226
chr17:27629166:27631466	-0.0272690591172165	-0.39870970076082	-0.077140791722354	-0.0829301544178421	0.0263490764839586	-0.277787213086395	-0.00890351988293409
chr17:27629187:27631487	-0.0271104599344433	-0.341952685918662	-0.0542574661027616	-0.0408784575355715	-0.026160744611425	-0.285102047835306	0.0502403291387962
chr17:27629192:27631492	-0.0253978613397761	-0.354312381168581	-0.0768835344758765	-0.0751962732803343	-0.0201878857377119	-0.284334122724151	-0.0738649246090675
chr17:27629194:27631494	0.0164688524200037	-0.422932758473002	-0.024360641930051	-0.0995416116490623	-0.0601892647020037	-0.313696177350479	-0.00141593882755416
chr17:27629208:27631508	0.0393312945782098	-0.419887262917855	-0.0376469528397051	-0.116408503725457	-0.0580565365501587	-0.312485611699324	-0.00817305795979447
chr17:27629210:27631510	-0.0231848462305424	-0.485436515325432	-0.0304281477201046	-0.101594643046132	0.0243402740255316	-0.236020328952782	-0.00256819861442708
chr17:27629213:27631513	0.00436891509062751	-0.477131925128198	-0.0279643464585092	-0.0891255197791439	-0.00922104033108745	-0.323682557707043	-0.078938946100959
chr17:27629225:27631525	-0.0432747022766547	-0.461136473975154	-0.0353901555341562	-0.100922995007686	0.0533887742343427	-0.289165275225012	-0.0547022151859726
chr17:34253217:34255517	-0.496798143959936	-0.434670748457445	-0.169369395421583	-0.161618021885335	-0.176446049917234	-0.166585644796475	-0.265189189664108
chr17:34253284:34255584	-0.476438808696871	-0.414888896628756	-0.0829620747721081	-0.199166823094642	-0.22652539714529	-0.103689228850553	-0.242148342240842
chr17:35352831:35355131	-0.0329541652125095	-0.0856017394639715	-0.0491160673844049	0.00190503518261868	-0.197873973904917	-0.08972500299763	-0.032964574263135
chr17:35373307:35375607	-0.110977168967661	-0.504824198094052	-0.0795030372988342	-0.0353875790097411	-0.0379537323477724	-0.145816331990475	-0.13459309723342
chr17:35373320:35375620	-0.031836885685359	-0.487916212259674	-0.0616891554997608	-0.0191718599148207	-0.0440448488179268	-0.223475971446258	-0.148001389495674
chr17:35373322:35375622	9.6290590913415e-05	-0.479053417467482	-0.102108128493933	-0.0728663463164776	-0.0377868016957328	-0.232453240880969	-0.106207335240535
chr17:35373395:35375695	-0.0492518441814435	-0.427170370271062	-0.0664243611549011	-0.0820687323841031	-0.0153390526200149	-0.278078940407229	-0.0868627521946415
chr17:35373401:35375701	-0.0438721239688457	-0.46176162108142	-0.00802542090278939	-0.0733523897746522	0.0962822591627576	-0.232433242217743	-0.111820118605971
chr17:48604686:48606986	-0.193464560012079	-0.19152899138776	-0.0948734508302143	-0.154151542869376	-0.0543976747102472	-0.0333200624255145	-0.285864872993373
chr17:48604692:48606992	-0.219612676541285	-0.225125183441801	-0.172266061382204	-0.102919256849013	-0.063519102216234	-0.00136094923211283	-0.319119241430373
chr17:50197875:50200175	-0.523579407189534	-0.484477133107337	0.0328821772361811	0.0033939161019825	-0.0487126743582687	-0.11636878746734	-0.0660049268133286
chr17:51151589:51153889	-0.616145889631229	0.0521657944714179	-0.0027178844730765	-0.0389053851218251	-0.149192631164953	0.126247302587718	-0.142219556838075
chr17:51151603:51153903	-0.42193894007136	-0.0676001827236906	-0.131464846674185	0.0158838381043932	-0.152402132334355	-0.0120247400128782	-0.249032997108363
chr17:51151635:51153935	-0.288446936606676	-0.0398717013858266	-0.166955937745002	-0.0037792281237666	-0.0796781238168877	0.0440742939249308	-0.186791711404236
chr17:58351836:58354136	-0.0351011163125318	-0.215058841191185	0.0609900722566844	-0.206100864674279	-0.171904440894321	-0.0584319115196276	-0.004899240355124
chr17:58351867:58354167	-0.0775913934497272	-0.280569621192522	-0.00757387291666838	-0.140471328511752	-0.197397718585478	-0.13044548477675	-0.0248968222446861
chr17:58351901:58354201	-0.0651045238160151	-0.157631111001071	-0.0495846886081053	-0.0684681752729657	-0.161854487153106	-0.136158140008	-0.0423988770316887
chr17:58352793:58355093	-0.137843799343391	-0.262094903239144	-0.0493079318148309	0.093996989688866	-0.0763664459384739	-0.0987428815884751	0.066609603265388
chr17:60087956:60090256	-0.0831355247917892	-0.394196107796143	-0.137978970754206	-0.105455254711926	-0.190112095182418	-0.243577590738625	-0.132692047245076
chr17:60087957:60090257	-0.0733625167859668	-0.416167928276544	-0.222723670899527	-0.0924613622212024	-0.199941271505225	-0.21174245486039	-0.207492755022365
chr17:60087986:60090286	-0.159627793227303	-0.36864504248788	-0.146190810866117	-0.0693998784875362	-0.203338988310712	-0.119951824374593	-0.168553600842206
chr17:60087993:60090293	-0.0941762011110492	-0.424515269552057	-0.184103987966068	-0.079682225416138	-0.17455598540056	-0.178995376254306	-0.220955420120853
chr17:60088013:60090313	-0.118005245116644	-0.341693475574298	-0.136368038784238	-0.119529011657594	-0.230075493451455	-0.306711650094015	-0.20215475510339
chr17:60088015:60090315	-0.0889308500206563	-0.448099605100142	-0.0784912093460392	-0.0972137694763979	-0.262535089106885	-0.282384933750298	-0.167595335800616
chr17:64447114:64449414	-0.377977734718679	-0.101831191802956	-0.0115478502469822	-0.200968296539261	-0.152156363103186	-0.159875879199462	-0.116242203452834
chr17:64447129:64449429	-0.389572292520357	-0.123683616400923	-0.1509332941109	-0.275649048059148	-0.0807823419400167	-0.160736033235924	0.0393491632130416
chr17:64447168:64449468	-0.312077727374675	-0.0792113141085786	-0.0495273048912224	-0.103022741684259	-0.000734428631526627	-0.229028998321609	-0.146527407352496
chr17:64463451:64465751	0.0189199442372515	0.0160617039342672	-0.00732075002556221	0.0812177759203841	-0.0967709158040681	-0.323878208750603	-0.190325715953693
chr17:68426875:68429175	-0.1369051573878	-0.0759858750614888	-0.0941619044372077	-0.0297826616568548	-0.0317261660294521	-0.276086431956186	0.019367256049895
chr17:68541691:68543991	-0.0459382116297188	-0.37302438119833	0.0117405308401214	-0.401041973006233	0.0257214850738474	-0.28629330215186	-0.0237849272481353
chr17:68928815:68931115	-0.0574281416629383	-0.0325064061988784	-0.0292368229556311	0.00143273396624778	-0.092863273717582	-0.23769194230496	0.0487258136318819
chr17:68955025:68957325	-0.521669360134001	-0.0456145968935734	-0.0958400949724959	-0.0181675086481538	-0.0421195108640806	-0.116605907046421	-0.102314675225488
chr17:68955051:68957351	-0.65978003342752	-0.0199626290054126	-0.128968294028601	-0.0619501925834222	-0.126378591759253	-0.201285721811022	-0.0598690056918831
chr17:68955083:68957383	-0.450527033765551	0.0251911851875509	-0.130346970416406	-0.211924249926311	-0.129815844041479	-0.253399943777083	-0.0466120668207874
chr17:68955092:68957392	-0.316549326575544	0.0585764216641252	-0.0775701039284719	-0.177500887214459	-0.135895926343044	-0.220801340762623	-0.0962190925065575
chr17:69060606:69062906	-0.158747818718788	-0.332476100403169	-0.170528356695822	0.0300229063646818	-0.0601232570393734	-0.0463202638543133	-0.0287341890183513
chr17:69060624:69062924	-0.154610983410357	-0.390293340691678	-0.0953629322636759	0.0418013474468569	-0.0546398327745314	-0.128485795591296	-0.0816702407165386
chr17:69060627:69062927	-0.15827766011739	-0.399167403482607	-0.096433622695153	0.039380923475031	-0.0441687858039617	-0.13034717533678	-0.0827766685110939
chr17:69060649:69062949	-0.174340247973941	-0.297676963797636	-0.155494286106072	0.0136742364679561	-0.0703694395706805	-0.0546878919803523	-0.139499050538066
chr17:69141588:69143888	-0.205886009118978	-0.480325535664748	-0.0377213034554374	0.035455816760093	-0.00433036121280791	-0.116436775648056	-0.0944603291483831
chr17:69141595:69143895	-0.199643155308414	-0.557155006516281	-0.0615715353203901	-0.00140228783873022	-0.0144404915120674	-0.0915049577953165	-0.114498891167235
chr17:7242147:7244447	-0.0640830935344715	-0.303084438847134	-0.138756543080478	-0.218594556230946	-0.381497251787255	0.0631203811783611	-0.0601248113966981
chr17:7242149:7244449	-0.0690895058586232	-0.337867705953522	-0.116553950380439	-0.184179148579151	-0.40619905932504	0.0628193031804194	-0.033368805704335
chr17:8382009:8384309	-0.306094836149546	0.0596716811228525	-0.177745223823277	-0.182915063328984	-0.102219141544391	-0.119016063107018	-0.410029948442745
chr17:8382015:8384315	-0.327974292486452	0.05641550219488	-0.142603707186302	-0.236976201370474	-0.0590547262876288	-0.108025389295654	-0.306609641202702
chr17:8382864:8385164	-0.165924705251339	-0.159452715580893	-0.311011617333785	-0.245216808285676	-0.139391746790306	0.0417629545366378	-0.250214422696244
chr17:8382866:8385166	-0.153618202299796	-0.138735155708903	-0.287885832496153	-0.302571610075653	-0.143688226019968	0.067599920412361	-0.253013913407667
chr17:8382892:8385192	-0.125326164046285	-0.174326809029488	-0.332867027803379	-0.266050441178281	-0.153544797753066	0.0016421941689387	-0.113903737100383
chr17:8382893:8385193	-0.158326447189213	-0.135070403039521	-0.325348035969083	-0.265173409502884	-0.199744370715305	0.0698231869498532	-0.177220804548162
chr17:8382913:8385213	-0.14579247165268	-0.0592434767527636	-0.24054711468779	-0.272291436456858	-0.0524746308071376	0.144090966594058	-0.200029611075763
chr18:34708283:34710583	-0.27062866352403	-0.50277804652756	0.0142585284804708	0.0264947330991921	-0.138452782140158	-0.0172357677421904	-0.0633708295213264
chr18:34708296:34710596	-0.230981188660109	-0.525165911363721	0.0250156363254781	0.0578351912636071	0.0548060034925924	-0.00576040665666708	-0.107250907117002
chr18:34815961:34818261	-0.0960898799412967	-0.110069103346517	-0.0333493518854568	-0.204565385404074	-0.147910500163959	-0.128053123121138	-0.0344703172716826
chr18:3592093:3594393	-0.23348677295711	-0.230406024649516	0.0326565836941973	-0.106344842866957	-0.161206827995697	-0.0612881855078836	-0.0983385823196942
chr18:3592102:3594402	-0.2901240038922	-0.259863436548592	0.057566740413644	-0.0621179638012461	-0.159725454478224	0.0260174871316231	-0.121637586323858
chr18:3592111:3594411	-0.234139192379475	-0.281913020525309	-0.0268586173177357	-0.106563422047299	-0.119835763167205	0.00662001643523762	-0.130317129581298
chr18:3592126:3594426	-0.211751239715595	-0.40032983642919	-0.00668328894899085	-0.16541956181817	-0.0889513805559644	0.024525573681585	-0.174160421710635
chr18:49486952:49489252	-0.165514190804386	-0.0551503475344126	-0.0658596753580854	-0.136357591563977	0.0859174316432205	0.0846069010631578	-0.284457473648992
chr18:63773374:63775674	-0.370736670630927	-0.303188395546463	0.131585411842584	0.0164609086340019	-0.135285358893768	-0.105943314234796	-0.0521703888467433
chr18:63773417:63775717	-0.211618546284774	-0.296777455591757	0.0282234089884462	-0.0361306690392019	-0.0172782818755361	-0.112240213342102	-0.123807615371842
chr19:35743618:35745918	-0.308442449852353	-0.313473911364346	-0.258031239004303	-0.138699532086076	-0.352808406810581	-0.281317587990127	-0.249595086358251
chr19:35746566:35748866	-0.0729908444108094	0.0373252717540692	-0.16600704321627	-0.35456253943106	0.00670385526532312	-0.15536131965184	-0.0498804650752729
chr19:35746575:35748875	-0.0713383294753591	-0.10483904906116	-0.168809023044259	-0.377551600156993	0.018734266930704	-0.11256424367922	-0.0476710112933565
chr19:35746606:35748906	-0.188793668655416	0.0343040262287316	-0.134207410549946	-0.334154568482261	-0.0471121224676851	-0.0848017625812458	-0.0722124451052556
chr19:35746621:35748921	-0.125081639750796	0.0116175266024395	-0.201740404046676	-0.310984725020205	-0.0179489937286807	-0.106381402767535	-0.0484786308061859
chr19:35756709:35759009	-0.192114596358451	-0.206200729750106	-0.0458822138683148	-0.164653026789241	-0.246857495829193	-0.0913915545477205	-0.155477655479604
chr19:36013288:36015588	-0.100221180995848	0.0338231785788822	-0.172187519959183	-0.0419359976092537	-0.0933266000161971	-0.23380960625273	0.024957381054264
chr19:36013883:36016183	-0.124443181729721	-0.112309683863386	-0.0180746984405105	-0.267324746254354	-0.193801596221715	-0.0980840240071173	-0.1101506481441
chr19:36013890:36016190	-0.104033614498294	-0.106416764469475	-0.0400009514484569	-0.269937899347962	-0.194577596369797	-0.0914105622309904	-0.12062337009268
chr19:36013899:36016199	-0.172023820274522	-0.137865347670155	-0.00865341302546768	-0.328527203638398	-0.153388048141934	-0.0466857321555314	-0.0739235603379868
chr19:36013902:36016202	-0.16461259041019	-0.0707565542528542	-0.0276633257429562	-0.30324556806239	-0.148091158417129	-0.0385177667618644	-0.137388410901388
chr19:36013908:36016208	-0.167608223142034	-0.124183127178364	-0.0480326173224795	-0.230312788883142	-0.227949952307484	-0.0618258191128969	-0.101602745563542
chr19:36013912:36016212	-0.163532793029284	-0.109466009956205	-0.043658903547209	-0.232477575489755	-0.22897475558987	-0.0603285688847337	-0.0983134161962224
chr19:36013913:36016213	-0.164350147506374	-0.0954466809756319	-0.0842818226403663	-0.254480993925958	-0.159633006580327	-0.0918086933829465	-0.0796645968667736
chr19:36013918:36016218	-0.143890860999518	-0.105822174585292	-0.0739826591848466	-0.262417419196283	-0.161935306940478	-0.0915463412235473	-0.0664136582340266
chr19:36013922:36016222	-0.128958354085833	-0.0760706435066702	-0.0429565332609309	-0.280659157975437	-0.187952885550423	-0.0479490172234419	-0.135386732961135
chr19:36013927:36016227	0.00739357783334782	-0.133073380624462	-0.0266811609511121	-0.314038213791069	-0.159530552780819	-0.0262352639153619	-0.0571126747809604
chr19:36013935:36016235	-0.161360456197605	-0.118735237435269	-0.0520622143467523	-0.250886676797056	-0.148955936057149	-0.0940968041653695	-0.0853761618778763
chr19:36013937:36016237	-0.158126947504603	-0.104251209981462	-0.0367939768647222	-0.291873826975228	-0.15632891501032	-0.0415724353431935	-0.0961840966138373
chr19:36013939:36016239	-0.15729930609923	-0.125974944220227	-0.0330874277737894	-0.287754660169788	-0.151222714939104	-0.0426367290475382	-0.0927227821402899
chr19:43184635:43186935	-0.434862090942748	-0.23264481120812	-0.0138617813546343	-0.0179721383158547	0.088952312169757	-0.0890501796577598	0.0550134496721747
chr19:43186190:43188490	-0.34366070802487	-0.162521235601211	-0.15055126904725	-0.380565627686894	-0.14293680694495	-0.212856058074179	-0.173367216113347
chr19:43186194:43188494	-0.376810603693079	-0.185657263520943	-0.138027691725507	-0.41335652317327	-0.096048897901332	-0.174976603855589	-0.206936159825174
chr19:43186201:43188501	-0.431947222676434	-0.153106369846468	-0.0776274928675141	-0.388363400474015	-0.134603224094021	-0.163960679581891	-0.223940911985682
chr19:43186206:43188506	-0.380302754671348	-0.126568592956283	-0.132776727047917	-0.366655993411103	-0.158002716979614	-0.17711945188485	-0.225832785031481
chr19:43186236:43188536	-0.358817032580452	-0.202659442178774	-0.0883218127159315	-0.271322764712644	-0.201646854338917	-0.301500959180937	-0.00846613608717354
chr19:45691640:45693940	-0.441785869759618	-0.242202875703941	-0.273023939248471	-0.236394908214082	-0.326286161934427	-0.134937039065861	-0.237939997355162
chr19:45691641:45693941	-0.422130205277145	-0.193650479586664	-0.216929314803766	-0.326780113042	-0.298616761262065	-0.194548905141987	-0.313478173005153
chr19:46624737:46627037	-0.169159209308585	-0.478774115695701	0.120701480978742	-0.298084677485189	0.11016521977014	-0.163021166937558	-0.0912351750915197
chr19:46624772:46627072	-0.180875608250034	-0.427583548087985	0.137042555281805	-0.388061197843847	0.0999776743463389	-0.271513467787604	-0.0877790634132815
chr19:46624789:46627089	-0.130711331745821	-0.503445570578932	0.123433194799905	-0.145204894144562	0.182399027341764	-0.187835961888492	-0.0775737032587332
chr19:48323543:48325843	-0.568219654898265	-0.73590456486272	-0.156028047089844	-0.147492701473678	-0.32787266597444	-0.407772009683486	-0.257703359798146
chr19:48323546:48325846	-0.51536030442603	-0.602002328899776	-0.228949243883524	-0.236797184780039	-0.411911515589261	-0.354372430938908	-0.261596647071718
chr19:48323551:48325851	-0.553739263399313	-0.693736951423245	-0.173099616199288	-0.102533335485604	-0.383437204885989	-0.418782848873062	-0.25912105483356
chr19:48323560:48325860	-0.548793722427591	-0.700441555853282	-0.166085072130636	-0.121475925098213	-0.320259659340583	-0.408553542011684	-0.192255607180963
chr19:48323580:48325880	-0.55022130156214	-0.718873759830362	-0.163221772882562	-0.100266055682949	-0.221541199895939	-0.384355717273366	-0.274425626839791
chr19:48323607:48325907	-0.566436926811185	-0.684929711451052	-0.201409460147673	-0.0837720457363264	-0.311290275858082	-0.347906899239468	-0.275022850383301
chr19:7627808:7630108	-0.105842573343126	-0.588677616404035	-0.203722992493031	-0.184279227939767	-0.35986635894461	-0.179374695299632	-0.449986996917853
chr19:7627813:7630113	-0.16741591140215	-0.631051173793954	-0.223795692898878	-0.165436943734647	-0.274627715164353	-0.27993517889702	-0.398188492339533
chr19:7627823:7630123	-0.0986154176781748	-0.585237557220713	-0.192475251790534	-0.185080949120682	-0.246842229277481	-0.128867605272097	-0.374697878932975
chr19:7627838:7630138	-0.147625999243141	-0.549310463289532	-0.159977661568998	-0.220437659769875	-0.248619272108258	-0.120041409811853	-0.401102595484506
chr2:101000282:101002582	-0.243587363610412	-0.251864414344309	-0.154392511977065	-0.20669339823448	-0.343578301384184	-0.307004580952261	-0.2823247030238
chr2:101000288:101002588	-0.222606543042423	-0.295954900236555	-0.201099244002088	-0.255097778242646	-0.431188042442806	-0.314154189534042	-0.286976332115987
chr2:101000292:101002592	-0.178901081603074	-0.287515504211675	-0.135614206285521	-0.206518126070264	-0.40805727219047	-0.32175416958577	-0.266711847187363
chr2:102335147:102337447	-0.038766314745881	-0.445850561475548	0.0532717180501999	0.0682789919679268	-0.0955091918205233	-0.232220977332788	-0.00732438506492589
chr2:102335249:102337549	-0.163938114687581	-0.543054216004524	-0.0122247058221989	0.00929381463688778	-0.135341694957908	-0.105086202319945	-0.0737676854376834
chr2:102335257:102337557	-0.131774876825988	-0.47701272034755	-0.0191320405371162	0.0162099434208709	-0.0863252735566859	-0.161179290461873	-0.153382092832976
chr2:102335280:102337580	-0.179388062772999	-0.483566690885554	-0.0749689404102416	0.0039142842407575	-0.0758348135837359	-0.12027595735519	-0.106853436545225
chr2:102335287:102337587	-0.170157463261771	-0.447963355126237	-0.0477070974438439	0.00807912883212111	-0.154440723897043	-0.0961906644699879	-0.104903676836887
chr2:111494657:111496957	-0.4512508592787	-0.322618937714127	-0.133540662645027	-0.040501237147184	-0.012354250444074	-0.136785277703761	0.0435380811628505
chr2:111494682:111496982	-0.501346544899173	-0.444721481461624	-0.131887980592134	0.00752946570575716	-0.245157284300485	-0.188604522976893	0.0147862544768404
chr2:111494688:111496988	-0.568541880714044	-0.420719261048327	-0.139726134862667	-0.0753301504856684	-0.198861299504568	-0.133935547204289	-0.00878477951222983
chr2:111494720:111497020	-0.471844224642184	-0.417611649877961	-0.107602923767047	-0.0387306985036758	-0.170702296476614	-0.106631902839974	-0.00448685805257815
chr2:111494725:111497025	-0.575265594917082	-0.391649035297559	-0.127857702141443	-0.0519996066762434	-0.0579529664045835	-0.159737509903388	0.00775084361278569
chr2:111494729:111497029	-0.588516583851653	-0.409638962273592	-0.134036725396263	-0.0816688826038943	-0.0980772679135141	-0.105210699823998	0.0150523460552809
chr2:111494733:111497033	-0.672711659079329	-0.381315657596281	-0.0812809917786839	-0.0722693877447278	-0.0720900725853429	-0.0999370508551993	-0.0080537218061316
chr2:111494734:111497034	-0.567744347818749	-0.480734106193937	-0.0920778222582305	-0.0437447794556327	-0.106868349037824	-0.084376376565435	-0.0206629400226662
chr2:111494739:111497039	-0.633004816746174	-0.375500398095496	-0.0985040493511326	-0.0391637339994045	-0.0868068943728154	-0.162479484038631	-0.0017919674317942
chr2:111494740:111497040	-0.640559066467513	-0.435923348710487	-0.0888482188792588	-0.0633678238048254	-0.0429089674090682	-0.167601007073194	0.0312397321382995
chr2:111494742:111497042	-0.466252699560375	-0.509711008937388	-0.0908699281054608	-0.0303312972245707	-0.122695712265598	-0.147424437208392	-0.0183983974183831
chr2:111494745:111497045	-0.682972936775221	-0.409637325025121	-0.0761373930339342	-0.0776135470758115	-0.0311997962158697	-0.12626542202288	-0.014943910770726
chr2:111494746:111497046	-0.635730854028819	-0.471813271806444	-0.117544547437597	-0.0358338921266915	-0.0605018285818963	-0.171406475002883	0.013193110743998
chr2:111494748:111497048	-0.504638650582227	-0.536084674839565	-0.0994554295216978	0.000292791051855709	-0.0653176481794176	-0.186672580097436	-0.0130475041705404
chr2:111494750:111497050	-0.510732561996983	-0.534656996799611	-0.101806968210142	0.000552183745588242	-0.0809891838467025	-0.171875134382725	-0.0148871847558527
chr2:111494751:111497051	-0.68893229479582	-0.405455382300257	-0.0761753650866123	-0.0765343140244999	-0.0230519804379495	-0.139504128000032	-0.0191528856486089
chr2:111494754:111497054	-0.512200043092682	-0.445426445125602	-0.0841978328715272	-0.0626925463102557	-0.095363740127321	-0.148593585426988	0.00134501112151004
chr2:111494766:111497066	-0.525192766976899	-0.519959822411314	-0.100358810181582	-0.0414114903118917	-0.0870832418094579	-0.113513312653243	-0.0287618160720973
chr2:111494767:111497067	-0.54698118724916	-0.46890526171891	-0.11745288271527	-0.0446780593439487	-0.0890806659718394	-0.152917560004062	-0.000688052738452807
chr2:111494768:111497068	-0.525192766976899	-0.519959822411314	-0.100358810181582	-0.0414114903118917	-0.0870832418094579	-0.113513312653243	-0.0287618160720973
chr2:111494775:111497075	-0.44592634439885	-0.54287739291669	-0.0882333796326839	-0.0169565930905204	-0.157773340885042	-0.142793055431245	-0.000531781020655994
chr2:111494786:111497086	-0.489493468193123	-0.46699364368513	-0.111285728804111	-0.0461341626958634	-0.0917451285742178	-0.169049019805478	-0.00996002420210026
chr2:111494792:111497092	-0.472319321981039	-0.560074959491567	-0.102632647791661	-0.0218055715387811	-0.112368857638624	-0.168290036406136	0.0053757120801715
chr2:111494797:111497097	-0.490173072069461	-0.555902620731364	-0.0715830022517436	-0.0599998110738138	-0.0835917662439679	-0.160733294861315	0.00116406153885506
chr2:111494800:111497100	-0.487503983959092	-0.554847611818569	-0.0704663459500704	-0.0599779282266353	-0.0864655167630461	-0.162189157099817	-0.000438067018126025
chr2:111494802:111497102	-0.502803674294255	-0.439745576708872	-0.059683523722109	-0.0685059387773775	-0.189185372658521	-0.13554290798852	-0.0209626848307462
chr2:111494804:111497104	-0.43114319467926	-0.510793009323289	-0.102215045121984	-0.0653660597865399	-0.135180039337881	-0.150934737601876	-0.00481763176424496
chr2:111494815:111497115	-0.427748352473626	-0.58341476573213	-0.106443747449901	-0.0472907296350327	-0.109885296181132	-0.166054955465825	0.00439579944728429
chr2:111494820:111497120	-0.381338435328616	-0.581143882887939	-0.0619915366033546	-0.0394098222829238	-0.190380249861545	-0.158652338638517	-0.0194222047781133
chr2:111494838:111497138	-0.444122042651932	-0.512411482803121	-0.035447875325883	-0.0809814195406297	-0.19344572048657	-0.127649036911697	-0.0108209765747904
chr2:111494859:111497159	-0.354703157387584	-0.595768292004616	-0.0715419485879934	0.00384217185520203	-0.145149285942923	-0.183292594243072	-0.0393907555144375
chr2:111494861:111497161	-0.439978648665008	-0.537455186687502	-0.0510707014691144	-0.0248895077952455	-0.162980254092043	-0.148600445212761	-0.0416601284253874
chr2:147842615:147844915	-0.120361175736066	-0.17549298821457	-0.0431182903135558	-0.14181359436771	-0.20816231172288	0.0580054214081468	-0.0905756819211951
chr2:157255704:157258004	-0.0296654267469722	-0.487291491088187	-0.0754718879908496	-0.0637008886032782	-0.0814503739596438	-0.230615884182578	-0.296194152927986
chr2:171517416:171519716	-0.0425813908909612	-0.0984368303339319	-0.121907269824936	-0.0352124168991628	-0.0449292511296186	-0.134306963189138	-0.0500080076295791
chr2:182426731:182429031	-0.118590816638361	-0.349692940901831	-0.10331863952234	-0.00868252442044211	-0.0259629748736612	-0.210539910120919	-0.0398255972921905
chr2:182426748:182429048	-0.102141502196788	-0.368423015924885	-0.072695468531614	0.00514037811665381	0.019012087841303	-0.165711227042644	-0.0951476779177684
chr2:200853695:200855995	-0.0517950241956721	-0.166911616388744	-0.124964958889823	-0.0907416439879682	-0.315669900694313	-0.20574673531804	-0.0981618935187026
chr2:200853713:200856013	-0.095688590350356	-0.111435513979942	-0.108894027482596	-0.209768540034567	-0.30751233549619	-0.289787321823808	0.02203091955471
chr2:200864356:200866656	-0.262500931785232	-0.277300208717594	-0.212541965976695	-0.261878170829363	-0.331350849006887	-0.0822208924834621	-0.122705115149709
chr2:200864357:200866657	-0.273939388466302	-0.239083509264414	-0.202038562171642	-0.25135059528445	-0.218325740670037	-0.137121051614346	-0.136799905147004
chr2:200864358:200866658	-0.258722866234611	-0.275669825042936	-0.197084248308119	-0.276215610760791	-0.324378987124881	-0.0660308382361529	-0.0902528733608664
chr2:200864362:200866662	-0.218424276138577	-0.163464797216354	-0.161605809231118	-0.246663382525135	-0.315523736868438	-0.139716744808959	-0.148377542796535
chr2:200864391:200866691	-0.243759944580414	-0.203385242942445	-0.108048862457102	-0.191312129140813	-0.36864661646491	-0.0402667688843988	-0.0624362139076813
chr2:203495053:203497353	-0.245857521231911	-0.163670888698336	-0.0275238899932677	-0.203170435973501	0.0194224504722567	-0.257376001677616	0.0453843979360627
chr2:206213071:206215371	-0.431850158734766	-0.362711741242178	-0.0397126966538133	-0.0764060404432779	-0.14280929265159	-0.274101414101679	-0.116443936613787
chr2:206213325:206215625	-0.328147246392115	-0.493326536966347	-0.0713692661578041	-0.14844661000143	-0.162663437816906	-0.169603905571843	-0.173195721000106
chr2:206213328:206215628	-0.28868559939542	-0.478675245025477	-0.0974256980502156	-0.171522907481351	-0.158945560571434	-0.184976121575831	-0.212318554289163
chr2:216496843:216499143	-0.0245186491054502	-0.260421071782895	-0.171654075639487	-0.303452789174331	-0.149350650856264	-0.0278049582925377	-0.397993430565581
chr2:216496849:216499149	0.0305524566809811	-0.224754226733936	-0.151497122752831	-0.319639572659686	-0.133537738565884	-0.00535590751541692	-0.403396221019655
chr2:216496854:216499154	-0.100064655833127	-0.247384228610197	-0.178162221244042	-0.421138767313975	-0.140406966144347	-0.064108267427959	-0.459338247136549
chr2:216496861:216499161	-0.117897361632454	-0.206290378389121	-0.186262345254065	-0.411631767423934	-0.138913282828687	-0.0579231928382453	-0.462630278829062
chr2:216496866:216499166	0.0240624237819357	-0.0392090124020536	-0.165180839287194	-0.387132334390663	-0.105777886334283	0.00639299740840845	-0.46172615348427
chr2:223050199:223052499	-0.240534849362653	-0.323310972497038	-0.0613256042371437	0.0784398076720814	0.0102689500975659	0.0281774723337036	-0.0830659686007946
chr2:224038986:224041286	-0.0176861294531832	-0.423096247784677	-0.0893381579708925	-0.13364863730476	-0.229010717469589	-0.0149785464058504	-0.0263738339994195
chr2:224038988:224041288	0.0304698459245378	-0.445121937154042	-0.141462472561427	-0.127282374563302	-0.224904776495873	-0.00918118647127915	0.015582921034483
chr2:224038990:224041290	-0.00995470109938248	-0.5004483862655	-0.0815661503171074	-0.0980524271276658	-0.250642017583324	-0.00819543536834568	0.00126873195276154
chr2:33132596:33134896	-0.0582692296436318	-0.368662030439509	-0.163992464598925	-0.283834869882178	-0.158955993536049	-0.258876447835903	-0.179711650329829
chr2:33132624:33134924	-0.00261413343191528	-0.415315102670274	-0.186825770484551	-0.221778048120603	-0.20279683993191	-0.291711303980635	-0.190806106703309
chr2:33132638:33134938	-0.0930842623233273	-0.414974980524833	-0.2534061435623	-0.284607966757613	-0.157916365493873	-0.273447440414902	-0.169475705488615
chr2:33132656:33134956	-0.0886760833341059	-0.401093166229774	-0.20491171919738	-0.239552681477566	-0.131615965323515	-0.27801145180976	-0.125169427921593
chr2:36694689:36696989	-0.445703806781426	-0.368949893546803	0.00952343593342734	-0.347133721191512	-0.121599481253098	-0.101897293544198	-0.161437836674969
chr2:36694763:36697063	-0.486854489398507	-0.467431703970495	-0.0417959671265887	-0.294267826692055	-0.157021239848843	-0.270378180892332	-0.135594804549086
chr2:36694804:36697104	-0.531087980425641	-0.559494141223762	0.00155538660061165	-0.322345508103332	-0.0979302388585691	-0.239468091343298	-0.0964228181149562
chr2:36694825:36697125	-0.578949937812794	-0.467717323422754	0.00103350803575314	-0.268335780383894	-0.125841035715389	-0.23257460768424	-0.0851433810678536
chr2:36694865:36697165	-0.588965108811309	-0.559261588417549	0.0642362725901873	-0.198339507968527	-0.0894263582504961	-0.245439729138376	-0.0192735642364715
chr2:36694876:36697176	-0.617317906065296	-0.475370272590295	-0.000230898424127951	-0.149390862084402	-0.155337876144242	-0.232645309257938	0.0361815304891257
chr2:55917480:55919780	-0.0562617238411099	-0.449276470460393	0.0403310254087335	-0.169284965107669	-0.348621397946736	-0.0433358606756529	-0.0208315559058998
chr2:55923476:55925776	0.0186916989245175	-0.642836326396997	-0.263601447149253	-0.0463825272171392	-0.0731413876388128	-0.130213040222996	-0.0630251479754523
chr2:55923481:55925781	0.00514051475831049	-0.675971112910855	-0.283890654796042	0.0106675087763238	-0.130451302445957	-0.1043832365388	-0.0532995801560961
chr2:55923482:55925782	0.0422219426087053	-0.613526506731904	-0.22381029140078	-0.0319696002716409	-0.145931529230989	-0.167721921423726	-0.0310227807315232
chr2:55923485:55925785	0.00817082637343933	-0.680884492961692	-0.267219242021071	0.0185555295348663	-0.129667343445337	-0.103343460897054	-0.0514516348265316
chr2:55923495:55925795	-0.0429584914999889	-0.629824287533612	-0.176461139094724	-0.011390999742139	-0.205010363613842	-0.165167307695758	-0.0528318433180485
chr2:55923497:55925797	-0.00881369700937352	-0.553613238072158	-0.221649426938418	-0.0236009579756637	-0.178581519876788	-0.155797265960708	-0.0751382261982492
chr2:70293411:70295711	-0.216549183778646	-0.0963327449241898	-0.307697421422093	-0.141102771795594	-0.38050930616609	-0.159490068177221	-0.261729800388586
chr2:70293419:70295719	-0.248852045215128	-0.170606705231525	-0.350682576808781	-0.0226441157778786	-0.409664569292183	-0.125458459936932	-0.223226667289298
chr2:70293430:70295730	-0.265403428222686	-0.173316597874937	-0.329369027420432	-0.157274944722518	-0.352759145666484	-0.23447824287793	-0.260306180648204
chr2:70293440:70295740	-0.188110367526405	-0.177308951798914	-0.31413605670397	-0.109522324740182	-0.355892093746786	-0.238791121740708	-0.322540948060149
chr2:87453367:87455667	-0.780908717444471	-0.256992115707507	-0.0708412439434458	-0.282940304258485	-0.0253020262495713	-0.339901106016941	0.0233276412739762
chr2:87453408:87455708	-0.741005220284282	-0.256874958627395	-0.116825715458615	-0.174326557089775	-0.333566688296612	-0.345559722243076	0.0268455700920369
chr2:87453426:87455726	-0.77249707905963	-0.254726505720265	-0.219435605835923	-0.204205577194747	-0.385686574190125	-0.34150585612515	0.00642245447637247
chr2:87453428:87455728	-0.87358621032897	-0.263376207133505	-0.209392884499509	-0.163430141007134	-0.363275029032855	-0.267044138430502	0.00576245254185819
chr2:87453461:87455761	-0.81360340009642	-0.222692272430696	-0.176180797053596	-0.185876515249561	-0.344557282588234	-0.264549927160469	0.00422346397723802
chr2:87453475:87455775	-0.859125789051083	-0.2030463389355	-0.30306435380655	-0.183017054883004	-0.288309749978371	-0.276042368414908	0.00604386841492112
chr2:87453478:87455778	-0.827028483996328	-0.291659412010189	-0.23104288641684	-0.16497959680005	-0.329156183981937	-0.286812112502421	-0.0186950837448535
chr2:87453481:87455781	-0.683243383626797	-0.317083768957251	-0.263098106024991	-0.190074242228185	-0.273962047154063	-0.34997693294242	-0.0713156379096783
chr2:87453486:87455786	-0.69738320013282	-0.247798337157095	-0.252092721861274	-0.257819233500778	-0.282831046657449	-0.356903672440481	-0.0558093874969979
chr2:87453495:87455795	-0.761607362187842	-0.23355765724246	-0.226839057796412	-0.245214744526749	-0.331167617022455	-0.259571343103567	-0.00613487854362728
chr2:87453504:87455804	-0.732438129394795	-0.339013810087251	-0.249484048222798	-0.176898842840383	-0.39168946719809	-0.27355432009885	-0.0175244957359502
chr2:87453505:87455805	-0.718546106100681	-0.297267714144647	-0.273469554878083	-0.259451566599568	-0.274023997567088	-0.28472796030583	-0.0148211895425455
chr2:87453514:87455814	-0.612268415876575	-0.178551311840103	-0.320925236722461	-0.192488414563668	-0.341524215740243	-0.199077048575965	-0.0198744673899409
chr20:44712882:44715182	0.182510775982389	-0.488867953356764	-0.122702894083057	0.00739417202690419	-0.08672147526052	-0.285490327062711	-0.111269743785124
chr20:44712921:44715221	0.162981132023957	-0.452137960717974	-0.0453249236328082	-0.00869383521850604	-0.0586764742075744	-0.348575585488345	-0.0848828634443218
chr20:49276639:49278939	-0.204222251280867	-0.3936312300263	-0.115525751362267	-0.15735068915253	-0.532942392901518	-0.2158372289755	-0.202627656938725
chr20:49276641:49278941	-0.181243955114745	-0.326799917824461	-0.140168870487804	-0.209032773359575	-0.584023203700039	-0.269611028624098	-0.205097951181173
chr20:49277173:49279473	-0.186572457509182	-0.320270783215479	-0.0217571208294556	-0.131207848868286	-0.207921779786138	-0.166602641426153	-0.194589859406018
chr21:16535263:16537563	-0.172188431896327	-0.0398416830920561	-0.227442692765521	0.0989460088392383	-0.104286678862269	-0.0633862827934453	-0.223132155503828
chr21:16535280:16537580	-0.166974930345527	-0.113166073615862	-0.235904876857675	0.00677578793611083	-0.0636846651727793	-0.0396337070185978	-0.209465346061169
chr21:34859278:34861578	0.307915556322086	-0.289973291688774	-0.00405342712494312	-0.353376749544677	-0.076638405286938	-0.0445158674018574	0.0381678697313704
chr21:8393606:8395906	-0.029854180511799	-0.194850505391862	-0.17232867835041	-0.0610296160935261	-0.089011931056505	-0.0924102853656164	0.0301952864837564
chr22:31292179:31294479	-0.193656953792661	-0.152434791018907	-0.180331129860053	-0.0420730946226467	-0.13446436423106	-0.193169228231153	-0.192197737738758
chr22:31292188:31294488	-0.129634893802899	-0.201955607549214	-0.078639093868546	-0.120697293428179	-0.122638556281064	-0.221281007342296	-0.20965837502067
chr22:36251070:36253370	-0.123802849176742	-0.27738051762788	-0.228896177717262	-0.125440907755977	-0.315818472335961	-0.188232757632003	-0.195849880103552
chr22:36251077:36253377	-0.0722742292308838	-0.311245603039987	-0.216221496031538	-0.108164679287116	-0.173929664381104	-0.153785057996276	-0.242416056911776
chr22:36251130:36253430	0.0082353510353409	-0.428218003412042	-0.230844596502114	-0.117889145393826	-0.201223005848919	-0.209409769167937	-0.201823125066694
chr22:36251132:36253432	0.0227265981601138	-0.389056772668492	-0.221047121153054	-0.12454212139406	-0.213550719784139	-0.188231719673374	-0.231478340176241
chr22:36251140:36253440	0.00261529078667406	-0.281925076943774	-0.297699299005372	-0.0843102737922728	-0.195885110672968	-0.263804728549594	-0.253057860958115
chr22:36251160:36253460	0.0229903953693838	-0.331084239055261	-0.275733278596829	-0.0993486759874661	-0.192428390526207	-0.203507343331437	-0.256461677422828
chr22:36251163:36253463	0.00797197309078024	-0.374487064735517	-0.218580065204327	-0.126038499326388	-0.199968272105615	-0.158618222861576	-0.204921738371878
chr3:100490650:100492950	-0.318173361632576	-0.50342046391066	-0.213651953767117	-0.23454185566754	-0.311275223309172	-0.228879168036854	-0.252533268866738
chr3:100490659:100492959	-0.262952883216851	-0.585440446762722	-0.238690065107977	-0.200008000907347	-0.252185013302409	-0.242808938398971	-0.193672021070644
chr3:100832014:100834314	-0.00320604428393788	0.0364043184266428	-0.166652966074603	0.0135494202691696	-0.245862368693758	-0.204012010136755	-0.174410981309033
chr3:100846128:100848428	-0.249833909025162	-0.0582837085906042	-0.0187856154732985	-0.124334822975036	-0.0734869598994361	-0.433083945772977	-0.173679901906338
chr3:100846130:100848430	-0.136781843153067	-0.17296142468882	0.0162376524405948	-0.0980858425026349	0.0240101217017893	-0.48119624070309	-0.139420983821324
chr3:100866620:100868920	-0.229239605284552	-0.274527756958736	-0.0788120165240621	-0.0247282836091725	-0.0644692870713374	-0.125217546676967	-0.0863596945657776
chr3:100993150:100995450	-0.417621987651926	-0.433820814525072	-0.344747973758419	-0.351305412776814	-0.113442580618916	-0.315224243803257	-0.215698591495103
chr3:100993153:100995453	-0.397094857544072	-0.434848139279055	-0.344662954532361	-0.359768262512439	-0.115281419161754	-0.316747505031747	-0.220199093275299
chr3:100993160:100995460	-0.429267490793006	-0.417121370378091	-0.275124283348152	-0.254401427445319	-0.119916670263283	-0.343508812229097	-0.240778112350977
chr3:100993192:100995492	-0.369591284924354	-0.340191450079931	-0.260800910627405	-0.30884637531126	-0.166832715178305	-0.289705223366124	-0.266141222978276
chr3:125001720:125004020	-0.291416037567787	-0.433173612900979	0.124380812952339	0.133270608355857	-0.042114116191558	-0.0589798819007314	0.0862549746314302
chr3:136955982:136958282	-0.376154883184898	-0.444686818896353	-0.0136928464216588	-0.152392780105906	-0.144572386257641	-0.18718461481867	0.0116234146543961
chr3:136956008:136958308	-0.404701374644839	-0.46112489491677	-0.0202884962712115	-0.225889504018193	-0.128127409970454	-0.245142297862954	0.0780568529551738
chr3:172523130:172525430	-0.0409902733393784	-0.532692470064024	0.00997805015508163	-0.22173527252157	-0.118904235948493	-0.02376069464483	-0.163421272710946
chr3:172523165:172525465	0.0520556124333903	-0.460787820753458	0.0296331616074578	-0.166947336706666	-0.156420634689815	-0.088919672668515	-0.0647848691810657
chr3:172523167:172525467	0.0410780490743451	-0.412677211059664	-0.00500167141304647	-0.145091664146314	-0.16000296789818	-0.0869101326432741	-0.0463331239289273
chr3:172523175:172525475	-0.00462960427238429	-0.314244235125744	0.0902477365624235	-0.155874219834491	-0.130323081433738	-0.0630325440569758	-0.077649687110366
chr3:183842094:183844394	0.0302114499904152	-0.264031095411564	-0.0603349736525352	0.0282302312936526	-0.0692090999004722	-0.225862668460163	-0.0231194130015945
chr3:186105642:186107942	0.071444732085584	-0.28925488751941	0.0838012930966915	-0.0462360389635323	0.00723445236277653	-0.234485907140001	-0.00314329907561604
chr3:187252901:187255201	-0.132107842113917	-0.120264440020812	0.111542089130516	-0.267826164873349	-0.0111921941777326	-0.266786939653648	-0.0979578084685872
chr3:187291397:187293697	-0.373627215984733	-0.617656813718594	-0.0890853455283477	-0.178454479013152	-0.161983330592994	-0.199167229354023	-0.0593872349810457
chr3:187291454:187293754	-0.373052181445265	-0.685421504349831	-0.121398957150367	-0.121720074921156	-0.0660996687154867	-0.257460220331079	-0.0120664322705844
chr3:187291558:187293858	-0.297829401593817	-0.714870469192966	-0.154489915614131	-0.17245813354389	-0.124263151592107	-0.27024998193312	-0.0983918171594017
chr3:187291582:187293882	-0.234693586475158	-0.690742385654882	-0.0666841806099605	-0.127704804771332	-0.183183814268157	-0.314091928523775	-0.0987658219398785
chr3:187291657:187293957	-0.434280775471988	-0.672344752520057	-0.0429223083859048	-0.129301564543537	-0.146338466290461	-0.244252587343213	-0.129999079197666
chr3:187291658:187293958	-0.387072848929293	-0.664773893204108	-0.0723828555544007	-0.154088170348289	-0.127171319799124	-0.226619123639924	-0.110261181103217
chr3:187291677:187293977	-0.299548364640133	-0.689301838598181	-0.0785664355555406	-0.0938347711845813	-0.168910368898837	-0.247822554057443	-0.0351865148927395
chr3:187291680:187293980	-0.41791607625022	-0.606373107667307	-0.0812338329200336	-0.0801029150944629	-0.143758355571858	-0.222557918936044	-0.0415323501476405
chr3:187291722:187294022	-0.431559969766233	-0.619557003906854	-0.0912411580918633	-0.0959115856395329	-0.0773948170703879	-0.201446365380005	-0.127493751572157
chr3:195583654:195585954	-0.124606069440904	-0.826130651471415	-0.0708712432734099	-0.250205044700924	-0.314009558270039	-0.364950228979001	-0.0146548677471036
chr3:4978231:4980531	-0.195809137863619	-0.602565328052003	-0.0206626013647473	-0.0126474501471218	0.148283718574102	0.0837913684672687	0.0435981532819096
chr3:99636593:99638893	-0.226841628210805	-0.762240807682408	-0.28807268169489	-0.152475814750136	-0.157548501642981	-0.210239246460191	-0.13261274537835
chr3:99636595:99638895	-0.218331337094702	-0.750605825745782	-0.293475723320729	-0.147679767498531	-0.150438840622593	-0.133757533966527	-0.170949776887151
chr3:99636621:99638921	-0.180041282683111	-0.708654146429163	-0.243128144750321	-0.162585345000452	-0.142215248223192	-0.162326650477419	-0.0966317232013038
chr4:108618565:108620865	-0.552314114663209	-0.14235726304443	-0.241293325387031	-0.216106213195091	-0.16218324262297	-0.0336285757554051	-0.329423272089798
chr4:108618568:108620868	-0.516759003085285	-0.15913161420679	-0.223730145478273	-0.23306730596364	-0.257665851257419	-0.118457007175503	-0.294234704026542
chr4:108618589:108620889	-0.561415314332934	-0.242361773606799	-0.295103554140737	-0.0936212368663888	-0.164867478095096	0.0124977743151158	-0.268083052194566
chr4:108618625:108620925	-0.601735593573239	-0.145097201637888	-0.357002682532318	-0.0160125879697615	-0.110696662208968	0.0684325238062545	-0.263079002256706
chr4:108618632:108620932	-0.658631160007523	-0.133296430080042	-0.29365216184334	0.0112808894403276	-0.0941359770694375	0.159300384174483	-0.211114845879565
chr4:108618655:108620955	-0.536796967247536	-0.0227161683540215	-0.172014582324312	0.00843903969816191	-0.0951338471494427	0.142622722729745	-0.155825715282237
chr4:14109967:14112267	-0.290978411114269	-0.398937006288177	-0.0966231964092547	-0.140582460881078	-0.104796474470499	-0.0587992066673656	-0.177460334921576
chr4:14109976:14112276	-0.23657927956785	-0.252208905339815	-0.0234046082630834	-0.222183977264567	-0.080413170492042	-0.015732964240229	0.0423585591922241
chr4:14109989:14112289	-0.28452087746707	-0.219301000043482	0.0210344425324807	-0.162190293420701	-0.112871952135543	0.0200320351683727	-0.019842807104993
chr4:14110019:14112319	-0.176084864605459	-0.312452055553015	-0.0309328455942391	-0.140221438979351	-0.057780227050967	0.0191741096315461	-0.0244579982894789
chr4:158172723:158175023	-0.309853883986954	-0.0153986249807726	-0.0434908570223109	-0.106810621474784	-0.073449658388712	-0.182261437899251	-0.107777056968988
chr4:158172746:158175046	-0.368183043094049	-0.0190413094767964	-0.0225011154721589	-0.122890960723084	-0.0616095830153413	-0.192641679326777	-0.106087616213463
chr4:158172750:158175050	-0.279463213164252	-0.0233131144396431	0.0137003581317168	-0.108415867173192	-0.0899188084338935	-0.168984540900888	-0.138094809490511
chr4:173334058:173336358	-0.131123107810789	-0.193353089743568	-0.0893972316088789	0.0277236878454365	-0.128341002199237	0.0319891300321984	-0.141533342187715
chr4:173334091:173336391	-0.166399600915296	-0.268793759854839	-0.11308538763262	0.00572589117931871	-0.319976510439422	-0.0522617725932791	-0.156499942721244
chr5:122076874:122079174	-0.346248497638437	-0.542176733373603	0.0990173729882573	0.0494090365442947	-0.0392300562762065	-0.0332810944446437	-0.0335947660176379
chr5:122076923:122079223	-0.273568532916416	-0.501196604941415	0.101655893601742	0.0352281513930983	-0.030832703569279	0.0243787508139677	-0.00638687062464356
chr5:122078060:122080360	-0.232412051374538	-0.722357497692075	-0.106212121174473	-0.0897501951022677	-0.257485090640351	-0.175279668009795	-0.0666436676049144
chr5:154850290:154852590	-0.108788897437207	-0.36093133941622	-0.0598192292071391	0.0496816563792606	-0.074326640260985	-0.128115220378327	-0.0588759116623332
chr5:154850297:154852597	-0.106227489402358	-0.378141617356658	-0.0993125605026244	0.0492174224096543	-0.111043484856945	-0.143644307506658	-0.0878581536653381
chr5:154850303:154852603	-0.174075862057647	-0.359500142736315	-0.0918570648711553	0.0261032622302891	-0.119427586266581	-0.0906718702393588	-0.132316293979252
chr5:154850309:154852609	-0.157171385695407	-0.421987642521511	-0.0514491930092933	0.0510521040813193	-0.0281098532303891	-0.187543690820551	-0.152889925505494
chr5:154850313:154852613	-0.118294045251573	-0.387010244488269	-0.0509574752698434	-0.0118602951776287	-0.0483054807396618	-0.117935941800654	-0.208394476756334
chr5:159161060:159163360	0.0750282271892999	-0.508539659089193	-0.0344792849755935	-0.155205916686887	-0.0324063305834684	-0.160154187972788	-0.141903361985232
chr5:159162728:159165028	-0.444220146513186	-0.325696464652618	-0.111533489297388	0.0484141151567574	-0.115843028974391	-0.0302468293690518	-0.164768917808856
chr5:160419854:160422154	-0.182901702059883	0.00969777517005828	-0.196967687839845	-0.0321158390911538	-0.241630226700856	-0.00154728261770056	-0.0905934662783236
chr5:160419857:160422157	-0.217446284352297	0.0318057003827142	-0.273899924857675	-0.0500365017943661	-0.2068873640935	-0.0254262456475329	-0.152000910168539
chr5:160419868:160422168	-0.18921600392516	-0.00304263697455032	-0.170189067592793	-0.0175175880634079	-0.168814835231405	0.0274598596637301	-0.0346627561850353
chr5:39392139:39394439	-0.283329434718854	-0.124604687390458	-0.00861275294286462	-0.201063847012527	-0.0850915370752678	-0.163795452092055	-0.0327143098954946
chr5:39424568:39426868	-0.115928498307725	-0.917550439652973	-0.0345795202813384	0.0230482119306845	-0.0552362666124016	0.0554679814794858	-0.0222175718186044
chr5:39424570:39426870	-0.0351663477522104	-0.839486215536559	-0.0628490634324426	-0.0170684332144874	-0.0497019284100157	0.175106379670695	0.00525300514644354
chr5:39424613:39426913	-0.0400916959485605	-0.848241761407419	-0.166217969875093	0.0635022561419343	0.103617998165212	-0.0372251243292073	-0.0634616621895405
chr5:39424659:39426959	0.00777492141253634	-0.763216521199459	0.0150608094532948	-0.0564739029501591	0.12983634421674	-0.0440825229449166	-0.155987239008254
chr5:39424676:39426976	-0.0568485598545674	-0.902451367002162	0.077121752912797	-0.0989004672134938	0.0949388758116927	0.0432780280718635	-0.0325889899582192
chr5:39424680:39426980	-0.0442023124373455	-0.888854600524485	0.0759853407567131	0.0584281682557389	0.119073752323388	0.0190060373986846	-0.0352986559144656
chr5:40834912:40837212	-0.268928674595693	-0.345902465724314	-0.182389421307555	-0.195640450942119	-0.0412715983335826	-0.426814853593207	-0.149707431782231
chr5:40834922:40837222	-0.2472973051059	-0.415774962468697	-0.156937493304194	-0.161606239831069	-0.0786399833563176	-0.306785705966611	-0.18349015172864
chr5:8455690:8457990	-0.119533833281065	-0.113379759802111	-0.0351613759036189	-0.247877484191289	-0.385863877504331	0.00482201497045659	-0.169778696556942
chr5:8455694:8457994	-0.0603795101373518	-0.0843489023617394	-0.166393328220679	-0.286577790847656	-0.457887745458518	0.0176005562704398	-0.223781437595178
chr6:159688048:159690348	-0.0421101780056644	-0.158195628223399	-0.193551645972315	-0.0387715056390987	-0.0692756925950491	0.0212385642804286	-0.123851508711749
chr6:22302509:22304809	-0.135967213055553	-0.134123654556519	-0.133063723638838	-0.0973975322751487	-0.150833645109506	-0.381245583020661	-0.0186994677055928
chr6:30906206:30908506	-0.207918920268922	-0.129311084723331	-0.108776952660746	0.0330742785832392	-0.139217018384254	-0.0395335041853013	-0.123949018581179
chr6:30906220:30908520	-0.224802520747583	-0.145524102691029	-0.124474407045531	-0.0228349674046245	-0.145459017630051	-0.0450455087037943	-0.125491347834825
chr6:30906222:30908522	-0.219661410999652	-0.184653299198295	-0.138493860777404	-0.0330081815021637	-0.149103562069122	0.0111026149859584	-0.148496827828594
chr6:31398699:31400999	-0.304769707088059	-0.163900746801485	-0.224006063784242	-0.222257882748955	0.155866119932994	0.214939923520504	-0.242607367534214
chr6:31398701:31401001	-0.244794684735959	-0.193885834650698	-0.168295078663674	-0.188750844266607	0.103530987044608	0.186957846639096	-0.222861327709666
chr6:31944221:31946521	-0.26366205360028	-0.359956519676049	0.0639976951905227	0.0481697944469384	0.00010342082365377	-0.182880944770556	0.00919254563925024
chr6:34425726:34428026	-0.266424217187592	-0.0457871346758902	-0.192872221048218	-0.108521716836695	-0.0939799873760812	0.045831350993392	-0.222780255285435
chr6:34425750:34428050	-0.309682827260064	-0.149862172479735	-0.256706345168464	-0.175715947092416	-0.35795708430078	-0.118390029329591	-0.237080676430111
chr6:34425752:34428052	-0.309611859089031	-0.144502626756287	-0.275953819514259	-0.16982926651192	-0.387805276550622	-0.107740119932517	-0.165709466913971
chr6:34425767:34428067	-0.213847845861893	-0.183464860817858	-0.212008442241216	-0.169619465070791	-0.320349902740384	-0.15106221527405	-0.294928778764189
chr6:34425769:34428069	-0.215603170880993	-0.190256098197527	-0.239010511496437	-0.234205603965242	-0.478565085793286	-0.116799574983649	-0.224478499386004
chr6:57315623:57317923	-0.14391615188954	-0.185552742807613	0.0110055263950303	-0.167062820733625	-0.0990675103189743	-0.148555587440485	-0.1500796255622
chr6:57315627:57317927	-0.173270418125308	-0.162153108620152	0.0777905903994679	-0.194247476556033	-0.100398554612112	-0.222554961654402	-0.122308085110893
chr6:57315629:57317929	-0.167600634336562	-0.144825673169362	0.0836088802533608	-0.184404227797682	-0.10139222265761	-0.199822747231833	-0.105823871908326
chr6:85483396:85485696	-0.263909333284901	-0.227426074074242	-0.0191393190793876	0.0148314865978116	0.129466443247164	-0.244097876787406	-0.0422024150995051
chr7:129410070:129412370	-0.208603252106525	-0.0260812802046543	-0.030551623154042	0.062441899324644	-0.0291906505203333	-0.240200726605475	-0.0226215246400978
chr7:135748319:135750619	-0.241656376959151	-0.439288605739929	-0.344588244241074	-0.0634479349984257	-0.168112543362301	-0.232631952316788	0.092146767992558
chr7:22725199:22727499	-0.263729061675443	-0.598136456978044	0.00217634820960614	-0.0167427214149457	-0.180842852087866	-0.147795392182032	-0.0921405249134981
chr7:22725213:22727513	-0.378639564648754	-0.598585476536908	0.00043536251940865	-0.00297093675751463	-0.20721232825549	-0.159639710513241	-0.107018470394788
chr7:22725223:22727523	-0.274350740048696	-0.631502648695666	0.0500035217899172	0.0310713920893198	-0.171788963965033	-0.176500578711319	-0.117936564059288
chr7:22725239:22727539	-0.299493117221459	-0.532539471649224	0.128704591182482	0.0254998804499829	-0.199064695445745	-0.174783220998692	-0.0715388476610202
chr7:22726499:22728799	-0.107882828299361	-0.412590436421456	-0.0218917363767206	-0.0362540079249519	-0.15748894577941	-0.25400525578115	-0.0495663482729
chr7:22822510:22824810	-0.170894937464539	-0.278860412265899	-0.221020461387079	-0.294804625003329	-0.288198115873621	-0.0593172251345902	-0.13227711982061
chr7:22822549:22824849	-0.170200305037971	-0.291386722658546	-0.350939110307177	-0.208286773065168	-0.311886321308416	-0.15434754245357	-0.263296921538077
chr7:22822551:22824851	-0.192499443312113	-0.309053625267202	-0.312202873007481	-0.256625286435608	-0.33369013626467	-0.170700809453059	-0.283052261848537
chr7:22822552:22824852	-0.234432914618744	-0.274090222072636	-0.366717321568509	-0.310879613103904	-0.358302905182998	-0.139632724138748	-0.16679302060187
chr7:30920577:30922877	-0.111401778390465	-0.326000734687596	-0.0152709296802468	-0.0537751934261422	-0.0692778717713969	-0.146679672104077	0.0069529617005491
chr7:45917097:45919397	-0.201107384163495	-0.0800669862506359	-0.085081975901355	-0.138977700054924	-0.435585142761101	-0.183876074804837	-0.0272874079820279
chr7:54758882:54761182	-0.448671275147008	-0.420370132649079	-0.229367087439114	-0.252337319965949	-0.34618530640243	-0.0994424775121447	-0.279022832316248
chr7:54758898:54761198	-0.398845584962004	-0.400411859619323	-0.237083211674123	-0.279014754233775	-0.376013165380735	-0.20293420489264	-0.362304005874263
chr7:54758911:54761211	-0.392531843857422	-0.365218117571097	-0.260335905277229	-0.35406285348947	-0.371030882459006	-0.248324589444543	-0.311769044456946
chr7:54758915:54761215	-0.427507517894686	-0.384584148423491	-0.252602371288361	-0.368391727328859	-0.344222533416166	-0.227763922202863	-0.328961351695397
chr7:54758941:54761241	-0.417757850897732	-0.383521820931946	-0.244379833275634	-0.293233596515881	-0.446815040618968	-0.218126232384503	-0.277534492250332
chr7:54758946:54761246	-0.451251622950164	-0.447380886602815	-0.225418041702566	-0.296151287013591	-0.350518025463435	-0.184587816091697	-0.280947645189307
chr8:103370432:103372732	-0.302814532968029	-0.508672083450026	-0.0266718068520493	0.0850014255677569	-0.105440738694216	-0.127716281954606	-0.11143229738554
chr8:118928773:118931073	0.0367343466715305	-0.632967573472743	-0.120115340694139	-0.118131363632337	0.0450005059251493	-0.0330342201431804	-0.0475295216391325
chr8:119638514:119640814	-0.245490433685874	-0.437197265602728	-0.300163017238197	-0.291305740277017	-0.276856906368884	-0.289016073246032	-0.289151303769423
chr8:119638524:119640824	-0.271299914384962	-0.438747436088561	-0.251828878037545	-0.295918112410004	-0.29853754124581	-0.363784542004713	-0.267044614324016
chr8:119638530:119640830	-0.26860917321089	-0.44976320911985	-0.263519027754883	-0.297843516103368	-0.294160347384898	-0.290544684128059	-0.257423837957533
chr8:133250160:133252460	-0.196808074585508	-0.167548756156169	-0.140136744748426	0.123174784890242	-0.06563378266061	-0.233510829704324	-0.0853655556013839
chr8:133254582:133256882	0.0932818748069839	0.0548438429666862	-0.055191308262629	-0.0741902054572464	-0.152698991721325	-0.192836286972408	-0.0989599342709496
chr8:73989425:73991725	-0.142686510142245	-0.393672438362879	-0.107027478844312	-0.0840574084318255	-0.115580650133998	-0.159619763353767	-0.36719888810112
chr8:79608813:79611113	-0.241696604474358	-0.399814450784704	-0.171804409310132	-0.168973716396361	-0.0967257407271881	-0.31186198979744	-0.155406982039106
chr9:110579580:110581880	-0.242423418358907	-0.471798502435237	-0.0279197276858885	-0.104643604488819	0.0283970090661638	-0.0970326733263232	-0.026610947800991
chr9:115064612:115066912	-0.309623153999255	-0.294137170789137	-0.102501103194013	-0.318910613349618	-0.121591193426507	-0.132331155551853	0.0213562708687351
chr9:115117857:115120157	-0.321566225809763	-0.641204898979512	0.0558115378464403	-0.04657557058821	-0.00257071333686004	-0.233943182099441	-0.0580405890878221
chr9:115117899:115120199	-0.284449872298343	-0.560582773350304	0.0447513387386369	0.0918363910519737	0.0458761295112823	-0.135623844918453	0.0634179144136194
chr9:115117957:115120257	-0.353911470762664	-0.515101707869266	0.0356938005047484	-0.0489623723557257	-0.0394515121916029	-0.3208281390232	-0.0611953260271885
chr9:127885289:127887589	-0.0193573924662199	0.0325882632598045	-0.103174272154576	0.0354288921404276	-0.108670658803538	-0.107865256536435	-0.123976123790816
chr9:129486856:129489156	-0.271734720977707	-0.534860424654644	-0.146024165307339	0.0388074991081423	-0.00898376663462683	-0.126031280189352	0.00454433171569065
chr9:129486890:129489190	-0.156326440739129	-0.57866465530927	-0.149098382202201	0.108428078491677	-0.0873833918507609	-0.135035965188058	0.0526929030572188
chr9:129486904:129489204	-0.191142745747187	-0.573994676061029	-0.0524913857554913	0.0248632962645927	-0.0426871219039683	-0.103917743118861	-0.0282200479448802
chr9:129486913:129489213	-0.145793334882999	-0.574519350266072	-0.0635552543548394	0.112564379763358	-0.0307549521190838	-0.137912947444769	-0.0435699584661033
chr9:129486933:129489233	-0.156182713033009	-0.569491210606617	-0.0662991737121903	0.0610285638213916	0.0436288558755005	-0.132633945257661	0.0409336321680969
chr9:129486972:129489272	-0.160885257318729	-0.588442698831174	-0.0442315852971268	-0.058696599243486	0.000730581054271256	-0.179062705086486	-0.0347683104454736
chr9:129487099:129489399	-0.157438109688782	-0.589585057261414	-0.133133290330041	-0.0167020077631784	0.0432268815975358	-0.0258503561517444	-0.000401398526192343
chr9:129487106:129489406	-0.159798001343344	-0.543227662647102	-0.08696305495149	-0.0108147085650288	-0.0401985234110726	-0.0542044104299717	-0.0406552316624463
chr9:129487112:129489412	-0.196214268520575	-0.592582378261971	-0.135981347473904	0.00456884344747142	0.0386666038781416	-0.0192112319681691	0.0221752013845771
chr9:129487125:129489425	-0.192959076043811	-0.559481166662534	-0.0972935559818532	0.0234394739376166	-0.111224478368881	-0.0202328380225407	0.0337845901734992
chr9:129487130:129489430	-0.178463026381313	-0.561911093802546	-0.102299274994016	-0.0349590272205483	-0.041409824632162	-0.0634818381529309	-0.0345159982000782
chr9:129487153:129489453	-0.236912501841591	-0.566529369044976	-0.0408766686355496	0.0526618058138575	-0.0580541458101813	-0.0304279105630542	0.0374540832691152
chr9:129500778:129503078	-0.111136159434534	-0.356311991150723	0.0960529531317083	0.0184614694753965	-0.0320558825983159	-0.0559192705753217	0.039953328527987
chr9:18472099:18474399	-0.149759934875019	-0.420262497663246	-0.109342556503239	-0.0585105501994473	-0.0917390365912914	-0.174654060567746	0.0214793042308102
chr9:18472143:18474443	-0.209066845140861	-0.414511005134535	-0.0104680215750037	-0.0361595657955812	-0.0549780893822175	-0.120937096611262	-0.108925604311713
chr9:18472152:18474452	-0.269228423907354	-0.374991115930503	0.0218510273227112	-0.0128782941769932	0.00436762475386347	-0.191412249810435	-0.0552480502785538
chr9:18472168:18474468	-0.27235291460898	-0.365214061918712	0.0137558075881797	-0.00290901814047732	0.0218618707035071	-0.181666397939477	-0.0386652841614406
chr9:18472232:18474532	-0.29579194240773	-0.34603589278932	0.0358988694345357	-0.0619515589814461	-0.00835348492922932	-0.167360105032543	-0.0272922133138931
chr9:18824137:18826437	-0.0890952587435159	-0.40156663011623	-0.0992389361315793	0.0168918062902154	-0.0753069998046439	-0.147121398766832	0.0338627456360062
chr9:18824147:18826447	-0.113423186608091	-0.469967921939104	-0.0927651304051669	-0.0418957767321637	-0.244662034726994	-0.165315737665112	0.092349729257213
chr9:18827922:18830222	-0.130222401485643	-0.233741672809456	-0.118469601415643	-0.00815283916091614	-0.13633547567838	-0.0479380800656257	0.00100345174238463
chr9:5508530:5510830	-0.290341050308874	-0.332555274676502	0.0596387607772787	-0.0829050456918375	0.0363500910324793	-0.0276669712032209	-0.0355599507531743
chr9:92482177:92484477	-0.0772362594399462	-0.237482604616025	-0.144046518020139	-0.364546963304999	-0.297155864043779	-0.23564390141776	-0.17064783528369
chr9:96654448:96656748	-0.0200073020539983	-0.220667540174537	-0.187572165121781	-0.0996596120869651	-0.0475435407811317	-0.0543778364538368	-0.286014677082517
chrX:12973243:12975543	0.0523850801926214	-0.658671423705891	-0.164814578688408	-0.0209704179266952	-0.157030542217539	0.0404556547566909	0.0546363148802319
chrX:129736973:129739273	-0.0387307605211436	-0.545684069072098	-0.206048770583375	0.0180606928377936	0.0933770521083063	-0.0558552101545808	-0.0598087683197962
chrX:129736978:129739278	-0.0697181644966119	-0.43449716414197	-0.223441760572242	0.0195477449075068	0.0675779996391002	-0.051450968363817	-0.0679049736801014
chrX:133753402:133755702	-0.304735397870682	-0.0747647438023103	-0.0609987685040805	-0.194684082787786	-0.0572883827809854	-0.228067527011622	-0.034438309233031
chrX:133753407:133755707	-0.372655824088749	-0.0767059524043289	-0.0481562328908768	-0.156721830309125	-0.0768132781771696	-0.21157041162198	-0.0125089748612232
chrX:2750047:2752347	-0.263196907195819	-0.579374969481539	-0.0745364611233187	-0.00717354424031845	-0.129331673988631	-0.235096379783198	-0.191157061023355
chrX:2750051:2752351	-0.238173992067608	-0.565494296076477	-0.0768334857515954	-0.0074954753063941	-0.110082693844823	-0.301640887974733	-0.208337034945312
chrX:48466760:48469060	-0.239769408119522	-0.549029759333613	-0.135633895194397	0.0728270153459708	0.118471570658284	-0.0350581687318454	-0.118542574933097
chrX:48468011:48470311	-0.110474091497256	-0.336322676976431	-0.0180288317749441	-0.0413374511580169	-0.0516930402009692	-0.122116525304632	-0.14636573460132
chrX:48468088:48470388	-0.231659797558552	-0.438331286470916	-0.0818959715086878	-0.0259022546743206	-0.0624060911943576	-0.119921716808418	-0.00269854377877673
chrX:66615720:66618020	-0.164566078715888	-0.0965178244928947	-0.106458887522709	0.0330985078035295	-0.109730447772146	-0.154474981811416	-0.0887714928519112
chrX:66615730:66618030	-0.225021189912926	-0.0974272600050069	-0.084689444944152	-0.051408766664796	-0.136387756305864	-0.184266015311164	-0.0263559683820904
chrX:72179756:72182056	-0.261007256694987	-0.113034019851876	-0.573703083434374	-0.142831189899985	-0.235504784877305	-0.145309351427075	-0.0933927806006095
chrX:72179764:72182064	-0.27359389711557	-0.121263852667912	-0.517076809115979	-0.191914966886852	-0.217169116626317	-0.131917564972127	-0.167872853814609
chrX:72179793:72182093	-0.251850714551083	-0.138760788268523	-0.431525857557882	-0.153990675262434	-0.279043112022312	-0.114167219465887	-0.162468835869137
