#'chr'	'start'	'end'	'MED1_white'	'MED1_brite'
chr22	17560000	17565000	11.60758445012458	14.631897705078124
chr22	17560000	17565000	11.60758445012458	14.631897705078124
chr22	17570000	17575000	6.958130332076884	9.511223021850585
chr22	17570000	17575000	6.958130332076884	9.511223021850585
chr22	17710000	17715000	2.677066224513544	3.8659289505004883
chr22	17710000	17715000	2.677066224513544	3.8659289505004883
chr22	19090000	19095000	1.2093469606488665	0.7919306708526611
chr22	19100000	19105000	1.7220262724974444	1.0051756101226808
chr22	19410000	19415000	4.419277127503012	5.305408899230957
chr22	19430000	19435000	4.619371851812344	4.047420870361329
chr22	22960000	22965000	0.9053252790504527	2.5111450832366944
chr22	23125000	23130000	0.4104853048306759	0.6045641204071045
chr22	23255000	23260000	2.142166137652531	2.511926611328125
chr22	23265000	23270000	1.00507181049953	1.9831999138641356
chr22	25565000	25570000	9.219574920026833	11.464437045898439
chr22	25665000	25670000	9.84001119264977	10.090314956054687
chr22	27150000	27155000	2.5243529507645937	4.1071369729232785
chr22	27205000	27210000	1.7945438052738936	2.3929294277954103
chr22	27210000	27215000	11.381527663300416	13.465350351867677
chr22	27215000	27220000	9.120228092143693	10.645005816650391
chr22	27215000	27220000	9.120228092143693	10.645005816650391
chr22	27270000	27275000	6.587795157402252	7.29853949859619
chr22	27270000	27275000	6.587795157402252	7.29853949859619
chr22	27275000	27280000	12.555817903151466	21.030485541687014
chr22	27275000	27280000	12.555817903151466	21.030485541687014
chr22	27275000	27280000	12.555817903151466	21.030485541687014
chr22	27275000	27280000	12.555817903151466	21.030485541687014
chr22	27275000	27280000	12.555817903151466	21.030485541687014
chr22	27275000	27280000	12.555817903151466	21.030485541687014
chr22	27275000	27280000	12.555817903151466	21.030485541687014
chr22	27275000	27280000	12.555817903151466	21.030485541687014
chr22	27275000	27280000	12.555817903151466	21.030485541687014
chr22	27275000	27280000	12.555817903151466	21.030485541687014
chr22	27275000	27280000	12.555817903151466	21.030485541687014
chr22	27275000	27280000	12.555817903151466	21.030485541687014
chr22	27305000	27310000	2.1945381633437684	2.2352032695007327
chr22	27310000	27315000	3.509529323114413	4.513970419464111
chr22	27315000	27320000	5.129819593083746	6.124463802032471
chr22	27320000	27325000	3.381264744468047	2.6536159727478026
chr22	27325000	27330000	1.4288067318069602	3.061348779754639
chr22	27330000	27335000	3.7199395753093967	3.4202782048034672
chr22	27390000	27395000	2.4873234826203823	2.726994211578369
chr22	27395000	27400000	8.53312644698954	5.900364276733399
chr22	27395000	27400000	8.53312644698954	5.900364276733399
chr22	27745000	27750000	7.00935540891273	6.099946026153565
chr22	27800000	27805000	1.7907207306763837	2.099244317016602
chr22	28600000	28605000	0.9761446590815749	1.2131805786132812
chr22	28825000	28830000	1.2538978985652747	1.1145330783081053
chr22	31035000	31040000	1.7375341708459586	1.1399766975402832
chr22	31080000	31085000	2.919445030483353	1.7704182427978514
chr22	31105000	31110000	1.5540129988910996	1.8171086096954343
chr22	31145000	31150000	4.271231317480925	4.673809522094727
chr22	31585000	31590000	3.4636823616954766	6.365612411193848
chr22	31595000	31600000	0.8853694535870418	0.7107955065917969
chr22	32615000	32620000	1.039723871077778	0.5695971475219727
chr22	32795000	32800000	1.1904158393645956	0.7615085328674317
chr22	35645000	35650000	12.281478117413387	15.848469864654541
chr22	35645000	35650000	12.281478117413387	15.848469864654541
chr22	35920000	35925000	3.902623652320933	3.614620950317383
chr22	36150000	36155000	9.18045465487186	9.79645523071289
chr22	36230000	36235000	1.222756394430856	1.9399541094970705
chr22	36260000	36265000	5.376383115907473	4.324171824951172
chr22	36270000	36275000	0.6880262889541198	0.5767468075561524
chr22	36275000	36280000	2.877407652211412	3.4872006068420407
chr22	36415000	36420000	2.8483127122968157	3.8932838137817387
chr22	36425000	36430000	1.5503372483298044	1.1105385382843018
chr22	36585000	36590000	2.1564394020330124	5.330593265075684
chr22	36640000	36645000	2.703776906093704	3.779670636825562
chr22	36700000	36705000	2.1373970348465106	7.97361505279541
chr22	36700000	36705000	2.1373970348465106	7.97361505279541
chr22	38505000	38510000	17.362615644708082	15.654652389678956
chr22	38505000	38510000	17.362615644708082	15.654652389678956
chr22	38530000	38535000	2.518683057738687	2.1662255798339842
chr22	38535000	38540000	0.6120589967103762	0.8522829620361329
chr22	39405000	39410000	4.2328785597756635	4.226305816040039
chr22	39405000	39410000	4.2328785597756635	4.226305816040039
chr22	39460000	39465000	5.44181318667403	14.683393994140625
chr22	39465000	39470000	4.151286900186984	9.47023635406494
chr22	39495000	39500000	8.239059639789902	9.917739250183105
chr22	39495000	39500000	8.239059639789902	9.917739250183105
chr22	39495000	39500000	8.239059639789902	9.917739250183105
chr22	39500000	39505000	4.580276078325789	7.167877746582032
chr22	39515000	39520000	3.6498071814991606	3.436748504638672
chr22	39520000	39525000	8.908426245573525	8.031044287109374
chr22	39520000	39525000	8.908426245573525	8.031044287109374
chr22	39525000	39530000	2.8403841549311846	3.1215272521972657
chr22	39900000	39905000	1.198566398977119	1.1242586151123046
chr22	39910000	39915000	0.7388276346081885	0.412478857421875
chr22	41390000	41395000	9.437113889091707	6.4552863882446285
chr22	41400000	41405000	12.715564471378503	13.972194689941407
chr22	41400000	41405000	12.715564471378503	13.972194689941407
chr22	41405000	41410000	2.0626455367899386	1.636138310546875
chr22	41440000	41445000	3.7083765816661804	2.578270601501465
chr22	41440000	41445000	3.7083765816661804	2.578270601501465
chr22	41445000	41450000	13.150005472400704	10.036244089355469
chr22	41525000	41530000	1.0884839164947795	1.0421680325317382
chr22	43930000	43935000	2.155005504857714	1.7496931018066406
chr22	43940000	43945000	1.9221953110169026	1.3325824389648437
chr22	43955000	43960000	14.87466928568332	15.018648223571777
chr22	43955000	43960000	14.87466928568332	15.018648223571777
chr22	43965000	43970000	1.2778191752496166	0.9737107928466796
chr22	44635000	44640000	4.976006602748978	5.798504062499999
chr22	44635000	44640000	4.976006602748978	5.798504062499999
chr22	44670000	44675000	1.4158168455890408	3.4798766519165043
chr22	46015000	46020000	1.3390748789564473	1.4004028564453126
chr22	46020000	46025000	0.7807659095835464	0.7890650024414062
chr22	46030000	46035000	1.469842289719626	1.069840576171875
chr22	46090000	46095000	3.0929191734813086	2.630604357910156
chr22	47835000	47840000	1.2039824082846953	1.7294606604003908
chr22	47850000	47855000	4.7088803760849425	4.952183732910156
chr22	50525000	50530000	4.795892768303702	3.323251492919922
chr22	50535000	50540000	5.325104123067411	4.10473313659668
chr22	50540000	50545000	6.908464416732076	6.6610050961303715
chr22	50560000	50565000	9.603580567219101	8.59560610900879
chr22	50560000	50565000	9.603580567219101	8.59560610900879
chr22	50560000	50565000	9.603580567219101	8.59560610900879
chr12	370000	375000	0.7821583791001936	0.802958950805664
chr12	380000	385000	0.9147656091850495	0.6767549407958985
chr12	1660000	1665000	10.279568116375218	11.055315881347656
chr12	1665000	1670000	28.668577145927642	25.85651414794922
chr12	1670000	1675000	11.537107007805654	12.949967307281494
chr12	1690000	1695000	13.69894408517998	11.7301903717041
chr12	1690000	1695000	13.69894408517998	11.7301903717041
chr12	1690000	1695000	13.69894408517998	11.7301903717041
chr12	3250000	3255000	1.5689275335294064	2.124861407470703
chr12	3260000	3265000	2.4676650090297807	2.559629476928711
chr12	6750000	6755000	6.879641420738719	6.108226831665039
chr12	6775000	6780000	2.6153194570951377	1.812535002441406
chr12	6835000	6840000	0.5906864053601416	0.44217755172729484
chr12	6845000	6850000	0.5682618168055454	0.39899004364013674
chr12	7675000	7680000	5.05787245189631	5.2885349670410156
chr12	7675000	7680000	5.05787245189631	5.2885349670410156
chr12	7675000	7680000	5.05787245189631	5.2885349670410156
chr12	7700000	7705000	0.7039149534706757	1.1286586808776855
chr12	7715000	7720000	2.161280310686058	1.7629795837402344
chr12	7805000	7810000	1.4195012831643363	1.061156753540039
chr12	8685000	8690000	5.147435776412822	4.942572429809571
chr12	8695000	8700000	2.8850512967403805	3.9109984219360348
chr12	12180000	12185000	1.4580353513343312	1.4907141494750977
chr12	12250000	12255000	0.7971125181964624	1.8904570678710937
chr12	13390000	13395000	5.141866227308612	7.770820795440674
chr12	13390000	13395000	5.141866227308612	7.770820795440674
chr12	13430000	13435000	0.9422581769426294	1.419217561340332
chr12	13435000	13440000	3.5265943872754817	4.618900076293945
chr12	14050000	14055000	5.25010829587562	3.9281921630859373
chr12	14055000	14060000	9.56760055068542	4.460912514648438
chr12	14070000	14075000	17.006265248293296	16.191191953125003
chr12	14070000	14075000	17.006265248293296	16.191191953125003
chr12	14070000	14075000	17.006265248293296	16.191191953125003
chr12	14135000	14140000	9.875253249523126	8.984117905273438
chr12	14135000	14140000	9.875253249523126	8.984117905273438
chr12	14140000	14145000	9.594239799114476	8.256533952636719
chr12	14140000	14145000	9.594239799114476	8.256533952636719
chr12	14150000	14155000	8.643903902941554	7.999378013916017
chr12	14155000	14160000	13.754787332524094	8.430208709716798
chr12	14155000	14160000	13.754787332524094	8.430208709716798
chr12	14265000	14270000	1.682235057424385	2.494790344238281
chr12	14365000	14370000	5.140504002480195	3.115622487792969
chr12	14440000	14445000	9.175185958320403	11.515496821289062
chr12	14440000	14445000	9.175185958320403	11.515496821289062
chr12	15785000	15790000	4.366793854729483	3.4078319659423824
chr12	15855000	15860000	5.606605685624452	8.987823081970214
chr12	16165000	16170000	6.431447246287694	7.9343066436767575
chr12	16165000	16170000	6.431447246287694	7.9343066436767575
chr12	16280000	16285000	7.820114414136654	9.788237620391847
chr12	16280000	16285000	7.820114414136654	9.788237620391847
chr12	16345000	16350000	20.161415463000147	21.88948425842285
chr12	16345000	16350000	20.161415463000147	21.88948425842285
chr12	16350000	16355000	15.501616645142741	12.114764041748046
chr12	16350000	16355000	15.501616645142741	12.114764041748046
chr12	18250000	18255000	2.0411879619562736	2.89925122467041
chr12	18425000	18430000	1.158382092228114	1.0386660707855224
chr12	18750000	18755000	19.447894788624417	23.73530602783203
chr12	18750000	18755000	19.447894788624417	23.73530602783203
chr12	18750000	18755000	19.447894788624417	23.73530602783203
chr12	18750000	18755000	19.447894788624417	23.73530602783203
chr12	18755000	18760000	1.9179245749215101	1.4919877056884765
chr12	18815000	18820000	1.1292446332414572	1.242242301635742
chr12	18820000	18825000	3.7090313563266646	6.981407830200196
chr12	18820000	18825000	3.7090313563266646	6.981407830200196
chr12	21825000	21830000	4.3988222250679945	3.184976785583496
chr12	21890000	21895000	8.270133362672038	8.842456296081542
chr12	24355000	24360000	2.4946734126581216	4.180368823547363
chr12	24355000	24360000	2.4946734126581216	4.180368823547363
chr12	24355000	24360000	2.4946734126581216	4.180368823547363
chr12	24360000	24365000	2.9308695593147633	4.303504743804932
chr12	24375000	24380000	4.003619905275719	4.424875034179688
chr12	24500000	24505000	5.3640176029954	6.018810856933594
chr12	24500000	24505000	5.3640176029954	6.018810856933594
chr12	24530000	24535000	5.734914010591596	7.955090380859375
chr12	24530000	24535000	5.734914010591596	7.955090380859375
chr12	24530000	24535000	5.734914010591596	7.955090380859375
chr12	24535000	24540000	7.381371660064982	8.883414750061036
chr12	24535000	24540000	7.381371660064982	8.883414750061036
chr12	24535000	24540000	7.381371660064982	8.883414750061036
chr12	24535000	24540000	7.381371660064982	8.883414750061036
chr12	24535000	24540000	7.381371660064982	8.883414750061036
chr12	24560000	24565000	4.212488349329869	5.38640025390625
chr12	24560000	24565000	4.212488349329869	5.38640025390625
chr12	24595000	24600000	0.7231699930636681	0.8919968746185303
chr12	25245000	25250000	1.138452701290523	1.4285380560302734
chr12	25385000	25390000	5.626384416526723	3.8296607330322265
chr12	25775000	25780000	1.50356063209605	1.3152148837280273
chr12	25785000	25790000	3.1213404691607036	3.787196858139038
chr12	25785000	25790000	3.1213404691607036	3.787196858139038
chr12	25955000	25960000	2.764553282208309	2.4605472456359863
chr12	29085000	29090000	1.204091181047386	1.5445823648071288
chr12	29225000	29230000	10.14638635276723	14.916094361267094
chr12	29225000	29230000	10.14638635276723	14.916094361267094
chr12	29240000	29245000	10.826279525956483	12.511584029541016
chr12	29240000	29245000	10.826279525956483	12.511584029541016
chr12	29245000	29250000	3.39995763452833	3.8401959780883788
chr12	29285000	29290000	1.7142518018490802	1.8422908822631834
chr12	29285000	29290000	1.7142518018490802	1.8422908822631834
chr12	31525000	31530000	4.947912046856746	6.531472182617187
chr12	31535000	31540000	5.7354913840035415	5.548468427734375
chr12	31535000	31540000	5.7354913840035415	5.548468427734375
chr12	31590000	31595000	2.4468539361401143	2.0449707849121093
chr12	32755000	32760000	3.894882613764968	4.110407086181641
chr12	32915000	32920000	1.093954525443104	2.8735763333129882
chr12	45170000	45175000	1.5280786103150554	2.6497087280273437
chr12	45180000	45185000	2.337092702305874	2.8992227447509764
chr12	45185000	45190000	3.5986303878641572	6.00975185546875
chr12	45185000	45190000	3.5986303878641572	6.00975185546875
chr12	45185000	45190000	3.5986303878641572	6.00975185546875
chr12	45205000	45210000	5.575745649733499	4.976960546875
chr12	45210000	45215000	6.643089477310895	8.33005546875
chr12	45215000	45220000	17.068807053154206	19.47423173828125
chr12	45215000	45220000	17.068807053154206	19.47423173828125
chr12	45215000	45220000	17.068807053154206	19.47423173828125
chr12	45215000	45220000	17.068807053154206	19.47423173828125
chr12	45260000	45265000	14.509178738089586	13.235809375
chr12	45505000	45510000	0.7132815476176895	0.7167003204345703
chr12	45515000	45520000	0.8713599734867845	0.5268150970458985
chr12	46370000	46375000	7.233190311496057	6.284158728027344
chr12	46555000	46560000	11.065183829676547	11.512223374023437
chr12	48695000	48700000	2.5876507119152032	3.343687900543213
chr12	48710000	48715000	1.0629119678532966	1.3496027122497558
chr12	48765000	48770000	1.2711273148010824	1.3894033485412598
chr12	48785000	48790000	4.0294321500689065	2.4219053085327147
chr12	49060000	49065000	3.3057990570210967	3.159302072906494
chr12	49245000	49250000	1.7590571895421108	2.243018324279785
chr12	50000000	50005000	2.486468990318797	3.2902528550720214
chr12	50015000	50020000	6.2995359108042495	4.097989773864746
chr12	50145000	50150000	0.7778382720091632	0.6795628228759766
chr12	50155000	50160000	0.7881514303902599	0.8441203303527832
chr12	50220000	50225000	13.866328428464517	11.953304141845704
chr12	50240000	50245000	19.53566124507155	24.25042858947754
chr12	50330000	50335000	2.9189083982663733	3.913169114074708
chr12	50400000	50405000	6.025768157445604	6.444866702575683
chr12	52830000	52835000	18.52702432547596	22.100900438232422
chr12	52865000	52870000	1.1822252418090249	1.0169274609375
chr12	53015000	53020000	1.1122921161972474	1.1666357812500001
chr12	53025000	53030000	0.7761887100219726	0.9073958270263672
chr12	53045000	53050000	6.8890627558913184	4.456049675292968
chr12	53045000	53050000	6.8890627558913184	4.456049675292968
chr12	53070000	53075000	1.4246479111145591	1.129932039642334
chr12	53085000	53090000	1.0874443894716066	0.9804555264282225
chr12	53090000	53095000	1.7631900665283202	1.9350050415039062
chr12	53180000	53185000	9.505181131808557	11.026252321166991
chr12	53210000	53215000	0.610388457082588	0.7827548794555664
chr12	53285000	53290000	1.1322761315746843	0.9637536294555664
chr12	53435000	53440000	1.1045238138929707	1.3498341210937501
chr12	53500000	53505000	6.674467514351818	5.974958117065429
chr12	53980000	53985000	2.313508400091724	1.3818194668579102
chr12	53985000	53990000	4.059894231778439	2.920468843078613
chr12	54210000	54215000	0.8130512375590957	0.8054195811462402
chr12	54210000	54215000	0.8130512375590957	0.8054195811462402
chr12	54440000	54445000	3.9778937027690566	4.2306777371215825
chr12	54460000	54465000	6.3094902209700825	6.863511036071777
chr12	54525000	54530000	0.9613981510911033	0.8664665647125245
chr12	54530000	54535000	0.8999233682222455	0.6545243383026124
chr12	54535000	54540000	4.058629877422012	4.904016549377441
chr12	54535000	54540000	4.058629877422012	4.904016549377441
chr12	54545000	54550000	1.032985110502154	0.6874362033843994
chr12	54560000	54565000	3.245657803744022	4.095152307128906
chr12	54560000	54565000	3.245657803744022	4.095152307128906
chr12	54560000	54565000	3.245657803744022	4.095152307128906
chr12	54560000	54565000	3.245657803744022	4.095152307128906
chr12	54585000	54590000	4.988309894198124	9.027883799133301
chr12	56005000	56010000	6.762970654468001	5.036155338287354
chr12	56040000	56045000	3.444084962819892	2.9391678924560547
chr12	56125000	56130000	3.62101058235525	3.279283271789551
chr12	56125000	56130000	3.62101058235525	3.279283271789551
chr12	56130000	56135000	1.083829006672797	1.3711674407958985
chr12	56140000	56145000	1.0144877596846251	1.2779614479064942
chr12	56145000	56150000	7.208684085510825	11.472427459716798
chr12	56155000	56160000	5.475170552590629	4.5297460422515865
chr12	56270000	56275000	1.9002082969023801	1.148573405456543
chr12	56280000	56285000	4.231976016377956	5.079572972106933
chr12	56520000	56525000	3.037338857832579	2.836265319671631
chr12	56555000	56560000	0.9989798656998393	0.748135654296875
chr12	56565000	56570000	7.52315478618301	7.541626403198243
chr12	56565000	56570000	7.52315478618301	7.541626403198243
chr12	56655000	56660000	1.0743514268536434	0.7875597177124024
chr12	56680000	56685000	1.3284646279023073	1.2686702615356447
chr12	57125000	57130000	8.208081264602804	4.915595686645507
chr12	57125000	57130000	8.208081264602804	4.915595686645507
chr12	57125000	57130000	8.208081264602804	4.915595686645507
chr12	57125000	57130000	8.208081264602804	4.915595686645507
chr12	57160000	57165000	1.88213192686277	1.0000226741027833
chr12	57170000	57175000	2.8870146336065274	1.5257097731018066
chr12	57175000	57180000	1.6439519153060198	1.148631240234375
chr12	57180000	57185000	1.7570793489545307	1.0078093351745605
chr12	57400000	57405000	0.6226256363913277	0.7995143879699708
chr12	57410000	57415000	0.9715975350353204	0.7118375579833984
chr12	57845000	57850000	8.846383368319218	6.088194373779297
chr12	57850000	57855000	5.432903250549886	5.272035643005371
chr12	57890000	57895000	9.532310756790304	7.393741555175782
chr12	57890000	57895000	9.532310756790304	7.393741555175782
chr12	58415000	58420000	1.8262416537561148	1.489035315093994
chr12	58485000	58490000	2.3355245846472057	1.8664611166381837
chr12	64545000	64550000	0.6620930217707268	0.7169897109985351
chr2	1680000	1685000	1.7223647656877463	2.091631411743164
chr2	1700000	1705000	1.6042029335663697	1.308933868408203
chr2	1730000	1735000	13.805400240775134	17.35770770263672
chr2	1740000	1745000	3.363038915159992	3.2048917358398437
chr2	3575000	3580000	2.672990402079074	1.8997201400756836
chr2	3585000	3590000	1.8172984008789062	2.11102504196167
chr2	9190000	9195000	6.990500630886755	5.285408569335938
chr2	9405000	9410000	10.105274612683449	12.174305934448242
chr2	10005000	10010000	3.51086527555947	5.040062951660156
chr2	10040000	10045000	2.440783943760952	3.0532145057678224
chr2	11345000	11350000	9.48976323875356	9.953688618164062
chr2	11345000	11350000	9.48976323875356	9.953688618164062
chr2	11345000	11350000	9.48976323875356	9.953688618164062
chr2	11345000	11350000	9.48976323875356	9.953688618164062
chr2	11405000	11410000	0.9315874497458199	1.6510165304565432
chr2	11410000	11415000	1.2258233242141867	0.9690507406616211
chr2	11415000	11420000	3.059597491169867	2.7345200564575194
chr2	11415000	11420000	3.059597491169867	2.7345200564575194
chr2	11420000	11425000	6.156725200788552	7.839770403442382
chr2	11445000	11450000	2.5399420763247478	3.269441264038086
chr2	11685000	11690000	15.312748158905881	15.1772105557251
chr2	11685000	11690000	15.312748158905881	15.1772105557251
chr2	11690000	11695000	5.865904644033842	5.829186083374023
chr2	11740000	11745000	8.54583595512604	6.691542663726807
chr2	11745000	11750000	7.875004282842618	6.792275266113282
chr2	11775000	11780000	1.6253282180928739	1.0151905737304687
chr2	19965000	19970000	0.8104705492536598	0.8718214707946778
chr2	19975000	19980000	0.7566822783282985	0.8831681312561035
chr2	20050000	20055000	7.200969589632693	6.0483378548431395
chr2	20070000	20075000	9.123575372143325	8.280442359619139
chr2	20090000	20095000	4.748896874101586	4.757810344543456
chr2	20090000	20095000	4.748896874101586	4.757810344543456
chr2	20400000	20405000	2.724961263153932	7.284529146118164
chr2	20445000	20450000	5.665298389242297	6.804432453613281
chr2	20590000	20595000	5.988422047951956	8.81096436126709
chr2	20595000	20600000	3.208732006607769	3.1858739556884763
chr2	20975000	20980000	1.2064266960928374	0.7757499641418457
chr2	20985000	20990000	1.6878966532199184	1.7975410278320312
chr2	23840000	23845000	1.0578016715361693	0.8290390904235839
chr2	23850000	23855000	0.8351636792049231	1.07562963973999
chr2	25815000	25820000	5.911862715391355	6.180414758911133
chr2	25825000	25830000	5.5409462872371495	4.7295305303955075
chr2	25825000	25830000	5.5409462872371495	4.7295305303955075
chr2	25835000	25840000	1.369097232084185	1.2436897335815429
chr2	26200000	26205000	0.7114963300188011	0.7646344989013673
chr2	26210000	26215000	1.1633428939106307	0.8453360079956055
chr2	26235000	26240000	5.32079484338493	6.200158191833496
chr2	26240000	26245000	9.68986143582068	19.46879431640625
chr2	26240000	26245000	9.68986143582068	19.46879431640625
chr2	26240000	26245000	9.68986143582068	19.46879431640625
chr2	26240000	26245000	9.68986143582068	19.46879431640625
chr2	26240000	26245000	9.68986143582068	19.46879431640625
chr2	26245000	26250000	4.511744813038478	6.521224829711914
chr2	26255000	26260000	4.2251113363390775	6.561228820800781
chr2	26255000	26260000	4.2251113363390775	6.561228820800781
chr2	26265000	26270000	1.5793673237167787	2.8793078549194333
chr2	26270000	26275000	9.020155341888142	17.61451796875
chr2	26270000	26275000	9.020155341888142	17.61451796875
chr2	26270000	26275000	9.020155341888142	17.61451796875
chr2	26275000	26280000	4.126111278954622	4.438393290710449
chr2	26275000	26280000	4.126111278954622	4.438393290710449
chr2	26275000	26280000	4.126111278954622	4.438393290710449
chr2	26285000	26290000	1.0787753315292787	0.969340328063965
chr2	26300000	26305000	2.1596289194837905	3.593172229003906
chr2	26305000	26310000	2.414148482107002	3.067340453491211
chr2	26345000	26350000	3.548452051693925	3.808761036682129
chr2	26605000	26610000	0.9275828176337982	0.6280101446533203
chr2	26740000	26745000	1.2799704122097693	1.5283438671875
chr2	26970000	26975000	2.2637248087945387	2.122834724731445
chr2	26990000	26995000	1.4552842510472948	1.4149914735412599
chr2	27005000	27010000	2.341373516902745	2.8401726135253904
chr2	27015000	27020000	7.280068561076227	10.627030427246092
chr2	27035000	27040000	0.7552861360068633	0.5710444473266602
chr2	27045000	27050000	1.3669021201445677	0.9689926586914064
chr2	27125000	27130000	3.2668423413998613	4.16925336730957
chr2	27125000	27130000	3.2668423413998613	4.16925336730957
chr2	27125000	27130000	3.2668423413998613	4.16925336730957
chr2	27130000	27135000	2.18741007673317	1.844491195678711
chr2	27170000	27175000	5.292891698306074	4.017518603515625
chr2	27185000	27190000	7.549686367826373	8.886222994995117
chr2	27185000	27190000	7.549686367826373	8.886222994995117
chr2	27190000	27195000	1.5215515952422243	1.6468486029052731
chr2	29080000	29085000	6.202922961596907	7.035537081451416
chr2	29095000	29100000	1.4821689135970357	2.1642851852416993
chr2	29515000	29520000	7.0186377983877595	7.538298380889892
chr2	29525000	29530000	1.0878274754889656	0.8820102065277099
chr2	30375000	30380000	0.769361574804003	1.2228773948669434
chr2	30400000	30405000	2.5787067606988354	1.8669532376098632
chr2	31950000	31955000	1.2899061257620839	0.8664662590026856
chr2	31960000	31965000	1.1987680496358426	0.7048904098510742
chr2	36370000	36375000	2.412971486000703	3.6434215034484865
chr2	36370000	36375000	2.412971486000703	3.6434215034484865
chr2	36450000	36455000	4.43217439409773	4.605295703125
chr2	36450000	36455000	4.43217439409773	4.605295703125
chr2	36455000	36460000	1.4822027627820167	1.445558544921875
chr2	36485000	36490000	2.894025128344955	2.701811319732666
chr2	37325000	37330000	3.2782050400778515	2.9661749673461912
chr2	37345000	37350000	1.8206220486364633	4.655805435791016
chr2	38150000	38155000	2.607824012713566	1.7436721520996097
chr2	38160000	38165000	1.890968856440749	1.441042682800293
chr2	39070000	39075000	1.3575771798677536	1.1028384118652343
chr2	39120000	39125000	9.00408211179359	6.2852004296874995
chr2	39125000	39130000	20.629015144248317	14.205961958007814
chr2	39125000	39130000	20.629015144248317	14.205961958007814
chr2	39125000	39130000	20.629015144248317	14.205961958007814
chr2	39135000	39140000	3.6402110383506137	3.509286455078125
chr2	39150000	39155000	6.2510846575300265	5.190581107788086
chr2	39155000	39160000	21.146111896037166	17.643118090820312
chr2	39155000	39160000	21.146111896037166	17.643118090820312
chr2	39155000	39160000	21.146111896037166	17.643118090820312
chr2	39155000	39160000	21.146111896037166	17.643118090820312
chr2	39225000	39230000	2.6557293207186405	1.701324580078125
chr2	39395000	39400000	1.5168181306357695	1.3011761450195312
chr2	39405000	39410000	2.3356210543338385	2.015793129272461
chr2	39420000	39425000	1.647732047392943	1.1754350616455078
chr2	39430000	39435000	2.295841814101745	2.0094251025390624
chr2	41860000	41865000	2.2636334312367663	2.475309471130371
chr2	41875000	41880000	3.9193520431375948	2.280069492340088
chr2	41875000	41880000	3.9193520431375948	2.280069492340088
chr2	41880000	41885000	7.904722541709258	4.657976902770996
chr2	41880000	41885000	7.904722541709258	4.657976902770996
chr2	41880000	41885000	7.904722541709258	4.657976902770996
chr2	41880000	41885000	7.904722541709258	4.657976902770996
chr2	41880000	41885000	7.904722541709258	4.657976902770996
chr2	41930000	41935000	7.254694272506572	8.978299700927735
chr2	41930000	41935000	7.254694272506572	8.978299700927735
chr2	41930000	41935000	7.254694272506572	8.978299700927735
chr2	41930000	41935000	7.254694272506572	8.978299700927735
chr2	41930000	41935000	7.254694272506572	8.978299700927735
chr2	41930000	41935000	7.254694272506572	8.978299700927735
chr2	41960000	41965000	6.731217311281578	4.949461464691162
chr2	41960000	41965000	6.731217311281578	4.949461464691162
chr2	41960000	41965000	6.731217311281578	4.949461464691162
chr2	41960000	41965000	6.731217311281578	4.949461464691162
chr2	41960000	41965000	6.731217311281578	4.949461464691162
chr2	41965000	41970000	7.250109365530995	7.134444532775879
chr2	41965000	41970000	7.250109365530995	7.134444532775879
chr2	41965000	41970000	7.250109365530995	7.134444532775879
chr2	41965000	41970000	7.250109365530995	7.134444532775879
chr2	41965000	41970000	7.250109365530995	7.134444532775879
chr2	41965000	41970000	7.250109365530995	7.134444532775879
chr2	42045000	42050000	2.2282894298517815	1.3263011260986328
chr2	42045000	42050000	2.2282894298517815	1.3263011260986328
chr2	42045000	42050000	2.2282894298517815	1.3263011260986328
chr2	42050000	42055000	2.6133542660151687	1.7329911754608154
chr2	42050000	42055000	2.6133542660151687	1.7329911754608154
chr2	42050000	42055000	2.6133542660151687	1.7329911754608154
chr2	42055000	42060000	1.0475877291385258	0.7083059574127197
chr2	42060000	42065000	2.5034250905830167	0.9698322242736817
chr2	42060000	42065000	2.5034250905830167	0.9698322242736817
chr2	43140000	43145000	7.707025675436714	6.887507344970704
chr2	43140000	43145000	7.707025675436714	6.887507344970704
chr2	43220000	43225000	8.802593098121713	7.384103178710937
chr2	43225000	43230000	8.761915940215209	6.017102623901367
chr2	43315000	43320000	1.1875305174640405	0.8155215286254883
chr2	43345000	43350000	7.164419042512412	4.837153178710937
chr2	43425000	43430000	3.141995360529534	2.7749867874145506
chr2	43480000	43485000	2.100992105986693	1.6973879409790038
chr2	44080000	44085000	11.878321722982532	13.506859052734377
chr2	44170000	44175000	4.703685974064052	5.893850119018555
chr2	46295000	46300000	5.395911763128833	5.151216131591797
chr2	46375000	46380000	2.1836753437363097	3.017322135925293
chr2	48110000	48115000	8.117632745988793	10.510697132873535
chr2	48110000	48115000	8.117632745988793	10.510697132873535
chr2	48125000	48130000	3.0873801615777414	3.9590773223876954
chr2	48170000	48175000	2.449788736674942	3.7652844345092773
chr2	48170000	48175000	2.449788736674942	3.7652844345092773
chr2	48180000	48185000	2.609810352874471	2.40931364440918
chr2	48390000	48395000	3.7274057025659864	4.509918354797363
chr2	48400000	48405000	1.2380612364581813	1.0993650352478028
chr2	48410000	48415000	6.083888579466633	5.954608415985107
chr2	48410000	48415000	6.083888579466633	5.954608415985107
chr2	48565000	48570000	2.4234607143651656	11.644941001129151
chr2	48565000	48570000	2.4234607143651656	11.644941001129151
chr2	48570000	48575000	3.797878545572156	6.20904405670166
chr2	48715000	48720000	1.4988493075647087	1.932602382507324
chr2	48720000	48725000	2.5777331522433555	2.7828885341644285
chr2	48730000	48735000	12.043051422974774	17.262392901000975
chr2	48730000	48735000	12.043051422974774	17.262392901000975
chr2	48730000	48735000	12.043051422974774	17.262392901000975
chr2	48730000	48735000	12.043051422974774	17.262392901000975
chr2	48735000	48740000	7.150314150402033	8.253031197052001
chr2	54205000	54210000	6.006940282860871	6.984938374328613
chr2	54205000	54210000	6.006940282860871	6.984938374328613
chr2	54210000	54215000	3.8313570337598577	4.097005043029785
chr2	54225000	54230000	19.701027208674066	25.471106353759765
chr2	54225000	54230000	19.701027208674066	25.471106353759765
chr2	54225000	54230000	19.701027208674066	25.471106353759765
chr2	54225000	54230000	19.701027208674066	25.471106353759765
chr2	54225000	54230000	19.701027208674066	25.471106353759765
chr2	54225000	54230000	19.701027208674066	25.471106353759765
chr2	54225000	54230000	19.701027208674066	25.471106353759765
chr2	54230000	54235000	6.832920942245911	7.622038391113281
chr2	54230000	54235000	6.832920942245911	7.622038391113281
chr2	54230000	54235000	6.832920942245911	7.622038391113281
chr2	54330000	54335000	2.5481725520909384	2.465033629608154
chr2	54360000	54365000	3.1852882894640766	3.167985931396484
chr2	54365000	54370000	4.424870938138873	5.21938310546875
chr2	54370000	54375000	2.5009301755530813	2.503531838989258
chr2	54430000	54435000	3.4984830123758757	3.3419505950927735
chr2	54435000	54440000	7.0032309679833515	7.127353271484375
chr2	54435000	54440000	7.0032309679833515	7.127353271484375
chr2	54435000	54440000	7.0032309679833515	7.127353271484375
chr2	54445000	54450000	2.8899130439544396	1.6652580558776855
chr2	54450000	54455000	3.6803239531615066	6.05128851928711
chr2	54455000	54460000	4.007570300635222	5.105770779418945
chr2	54455000	54460000	4.007570300635222	5.105770779418945
chr2	54455000	54460000	4.007570300635222	5.105770779418945
chr2	54895000	54900000	3.7440331011335424	4.544652912902832
chr2	55015000	55020000	2.243635437353972	1.907969561767578
chr2	55045000	55050000	7.673104874142084	7.779504129028321
chr2	55045000	55050000	7.673104874142084	7.779504129028321
chr2	55045000	55050000	7.673104874142084	7.779504129028321
chr2	55100000	55105000	12.199095386426695	13.520784593200684
chr2	55100000	55105000	12.199095386426695	13.520784593200684
chr2	55110000	55115000	8.38140807078709	7.388154922485351
chr2	55115000	55120000	7.246190128504673	11.224502517700195
chr2	55120000	55125000	7.78163166264329	5.157727326965332
chr2	55160000	55165000	3.455254414838274	4.21684125289917
chr2	55165000	55170000	3.546904330872153	4.090493006896972
chr2	55420000	55425000	2.398342929733134	2.4777123355102537
chr2	55430000	55435000	4.0658687835408145	5.660605028381347
chr2	55600000	55605000	1.2388024994181694	0.7918439840698243
chr2	55610000	55615000	0.8498470119012851	1.1787928170776367
chr2	56520000	56525000	6.186127051465756	10.907284697265625
chr2	56740000	56745000	4.845075524132275	4.89440864517212
chr2	60880000	60885000	2.7059999767838234	2.5279044227600096
chr2	61015000	61020000	5.635764904243255	5.367788346862793
chr2	61025000	61030000	1.0954524457129364	0.6269680494689941
chr2	61035000	61040000	1.02474895919372	1.1455627603912353
chr2	61535000	61540000	4.828474448858243	4.696157635345459
chr2	61660000	61665000	1.9432247765656947	1.2967474153900145
chr2	61670000	61675000	9.868356931140935	9.68047043762207
chr2	61670000	61675000	9.868356931140935	9.68047043762207
chr2	61670000	61675000	9.868356931140935	9.68047043762207
chr2	61670000	61675000	9.868356931140935	9.68047043762207
chr2	61670000	61675000	9.868356931140935	9.68047043762207
chr2	61675000	61680000	2.4214137874425012	2.4404875482177735
chr2	61685000	61690000	0.7966487986912237	0.9349235932922364
chr2	61685000	61690000	0.7966487986912237	0.9349235932922364
chr2	61690000	61695000	1.7232097917503284	1.583196273498535
chr2	61760000	61765000	4.667320271543699	3.4048496801757815
chr2	62455000	62460000	5.586607781953901	3.222143252563477
chr2	62455000	62460000	5.586607781953901	3.222143252563477
chr2	62465000	62470000	4.063941567280137	3.492729940185547
chr2	62485000	62490000	16.526495064480503	12.64079785888672
chr2	62485000	62490000	16.526495064480503	12.64079785888672
chr2	62485000	62490000	16.526495064480503	12.64079785888672
chr2	62485000	62490000	16.526495064480503	12.64079785888672
chr2	62485000	62490000	16.526495064480503	12.64079785888672
chr2	62485000	62490000	16.526495064480503	12.64079785888672
chr2	62485000	62490000	16.526495064480503	12.64079785888672
chr2	62490000	62495000	1.5957518205018801	1.5642365869140626
chr2	62495000	62500000	2.8869373874557356	2.649013907470703
chr2	62505000	62510000	4.72802127326181	2.785523346557617
chr2	62505000	62510000	4.72802127326181	2.785523346557617
chr2	62565000	62570000	1.1772597821101964	1.1145327014160158
chr2	62595000	62600000	2.1051325109749195	2.047517904052734
chr2	62660000	62665000	12.169505698287821	5.828202265625
chr2	62660000	62665000	12.169505698287821	5.828202265625
chr2	62695000	62700000	25.110552103716415	22.194226103515625
chr2	62695000	62700000	25.110552103716415	22.194226103515625
chr2	62695000	62700000	25.110552103716415	22.194226103515625
chr2	62695000	62700000	25.110552103716415	22.194226103515625
chr2	62700000	62705000	16.172378786689542	10.71982921875
chr2	62700000	62705000	16.172378786689542	10.71982921875
chr2	62700000	62705000	16.172378786689542	10.71982921875
chr2	62705000	62710000	9.973572342974226	5.283093078613281
chr2	63710000	63715000	5.806189431106709	9.488617048339844
chr2	63710000	63715000	5.806189431106709	9.488617048339844
chr2	63735000	63740000	5.045104215760989	4.259623378295898
chr2	63840000	63845000	9.30056592755184	9.292101306152343
chr2	63840000	63845000	9.30056592755184	9.292101306152343
chr2	63850000	63855000	9.002220925703673	10.098189884643554
chr12	64580000	64585000	1.7987198784658842	2.408589453125
chr12	64690000	64695000	7.551376019971616	8.59722677154541
chr12	64695000	64700000	1.7623723245495948	1.6007086166381836
chr12	66160000	66165000	1.0795960535352476	1.1016810363769531
chr12	66165000	66170000	2.052973682439216	1.9037145922851564
chr12	66185000	66190000	1.836555289209669	1.605687269897461
chr12	66240000	66245000	4.894214514473888	5.020842973632813
chr12	66240000	66245000	4.894214514473888	5.020842973632813
chr12	66240000	66245000	4.894214514473888	5.020842973632813
chr12	67795000	67800000	3.7090260338328713	4.450723529052734
chr12	67880000	67885000	2.3192802972240987	3.817387420654297
chr12	68365000	68370000	2.292951320584021	3.27204697265625
chr12	68405000	68410000	7.372985346086448	11.90024462890625
chr12	68405000	68410000	7.372985346086448	11.90024462890625
chr12	68405000	68410000	7.372985346086448	11.90024462890625
chr12	68405000	68410000	7.372985346086448	11.90024462890625
chr12	68445000	68450000	6.936124081107167	8.902027709960937
chr12	68610000	68615000	5.279529012576664	4.2811012329101565
chr12	68685000	68690000	3.6748608361930484	4.520194396972657
chr12	71605000	71610000	0.6456072500211055	0.5501743693542481
chr12	71620000	71625000	0.9900268098349883	0.8638323718261719
chr12	72270000	72275000	15.530527015186916	15.478392163085937
chr12	72280000	72285000	2.666079692861967	3.9088566122436523
chr12	89050000	89055000	5.663212142687646	4.852551813964843
chr12	89070000	89075000	2.330310983019677	3.8263036395263668
chr12	89075000	89080000	9.396636011426693	11.597764791259767
chr12	89075000	89080000	9.396636011426693	11.597764791259767
chr12	89075000	89080000	9.396636011426693	11.597764791259767
chr12	89075000	89080000	9.396636011426693	11.597764791259767
chr12	89075000	89080000	9.396636011426693	11.597764791259767
chr12	89075000	89080000	9.396636011426693	11.597764791259767
chr12	89080000	89085000	12.978065931658879	11.452221448974608
chr12	89080000	89085000	12.978065931658879	11.452221448974608
chr12	89085000	89090000	11.548034431585865	10.343709501953125
chr12	89120000	89125000	7.283104761426695	7.616250407714843
chr12	89125000	89130000	8.00676328307535	9.310918356933595
chr12	89180000	89185000	26.139873214807245	27.487446218261724
chr12	89180000	89185000	26.139873214807245	27.487446218261724
chr12	89180000	89185000	26.139873214807245	27.487446218261724
chr12	89180000	89185000	26.139873214807245	27.487446218261724
chr12	89180000	89185000	26.139873214807245	27.487446218261724
chr12	89185000	89190000	11.771053108115508	12.601026465759277
chr12	89185000	89190000	11.771053108115508	12.601026465759277
chr12	89210000	89215000	6.823644379745911	6.463970681152344
chr12	89215000	89220000	18.840664093074622	26.112172108154297
chr12	89215000	89220000	18.840664093074622	26.112172108154297
chr12	89215000	89220000	18.840664093074622	26.112172108154297
chr12	89215000	89220000	18.840664093074622	26.112172108154297
chr12	89215000	89220000	18.840664093074622	26.112172108154297
chr12	89215000	89220000	18.840664093074622	26.112172108154297
chr12	89215000	89220000	18.840664093074622	26.112172108154297
chr12	89215000	89220000	18.840664093074622	26.112172108154297
chr12	89215000	89220000	18.840664093074622	26.112172108154297
chr12	89215000	89220000	18.840664093074622	26.112172108154297
chr12	89255000	89260000	1.6201645046911506	1.1512940753173828
chr12	89260000	89265000	10.256917372316735	10.655457338867189
chr12	89260000	89265000	10.256917372316735	10.655457338867189
chr12	89265000	89270000	21.940179370573524	19.967533862915037
chr12	89265000	89270000	21.940179370573524	19.967533862915037
chr12	89265000	89270000	21.940179370573524	19.967533862915037
chr12	89315000	89320000	16.137292540705317	13.892362280883788
chr12	89345000	89350000	14.767658203125	11.190144245605468
chr12	89345000	89350000	14.767658203125	11.190144245605468
chr12	89350000	89355000	16.751534696261682	13.56521532043457
chr12	89350000	89355000	16.751534696261682	13.56521532043457
chr12	89350000	89355000	16.751534696261682	13.56521532043457
chr12	89350000	89355000	16.751534696261682	13.56521532043457
chr12	89350000	89355000	16.751534696261682	13.56521532043457
chr12	89350000	89355000	16.751534696261682	13.56521532043457
chr12	89355000	89360000	3.3819377635349737	2.6810284344482422
chr12	89460000	89465000	3.630698357412748	3.4524364685058595
chr12	91375000	91380000	2.591306627491033	2.7344621264648437
chr12	92205000	92210000	1.1732615277441862	1.2172328393554686
chr12	92215000	92220000	0.8917028409013125	0.7804970434570312
chr12	92570000	92575000	7.955020702212324	10.275511315917969
chr12	93335000	93340000	3.8176588951609958	6.216135971069336
chr12	93375000	93380000	9.451228618757302	7.499019329833985
chr12	93980000	93985000	2.988448653347693	3.7953882479858394
chr12	93990000	93995000	8.213868402270737	9.192527598876953
chr12	100110000	100115000	1.1355273803140515	1.1703985006713866
chr12	100120000	100125000	2.1821054353232694	1.686649241027832
chr12	100140000	100145000	2.525077052521037	2.0313952117919922
chr12	100185000	100190000	0.9261033675291827	0.809761517944336
chr12	100390000	100395000	1.1464543257953965	1.601084906311035
chr12	100395000	100400000	0.6757216734128577	0.5144841525268554
chr12	100410000	100415000	1.478856882227247	4.41934655090332
chr12	100410000	100415000	1.478856882227247	4.41934655090332
chr12	100410000	100415000	1.478856882227247	4.41934655090332
chr12	100410000	100415000	1.478856882227247	4.41934655090332
chr12	100415000	100420000	0.9089695475070275	1.4006633355140685
chr12	100430000	100435000	3.985392187557042	5.86149039138794
chr12	100430000	100435000	3.985392187557042	5.86149039138794
chr12	100430000	100435000	3.985392187557042	5.86149039138794
chr12	100435000	100440000	6.748764213604795	10.46586000152588
chr12	100435000	100440000	6.748764213604795	10.46586000152588
chr12	100435000	100440000	6.748764213604795	10.46586000152588
chr12	100435000	100440000	6.748764213604795	10.46586000152588
chr12	100435000	100440000	6.748764213604795	10.46586000152588
chr12	100550000	100555000	2.057565079861935	2.2906638471984864
chr12	100550000	100555000	2.057565079861935	2.2906638471984864
chr12	100550000	100555000	2.057565079861935	2.2906638471984864
chr12	100555000	100560000	6.543488344424239	9.24518259124756
chr12	100555000	100560000	6.543488344424239	9.24518259124756
chr12	101680000	101685000	1.4798927744072172	1.6347200833129882
chr12	101690000	101695000	1.6867446340400483	2.5130840042114255
chr12	102420000	102425000	5.96301627362688	4.621070500793457
chr12	102465000	102470000	9.950382712162765	12.124227802124024
chr12	105165000	105170000	1.8663605511246442	2.10610419921875
chr12	105380000	105385000	1.2096486923360381	0.9471097583007814
chr12	106210000	106215000	0.8079984371577468	0.4955535934448242
chr12	106220000	106225000	2.478994420417001	0.8556407489013672
chr12	106225000	106230000	2.2250899872111383	2.5918168981933594
chr12	106280000	106285000	1.3050974139917677	1.1954657220458984
chr12	106425000	106430000	6.400737842424339	7.57908390625
chr12	106430000	106435000	8.755019676422405	14.618965063476562
chr12	106430000	106435000	8.755019676422405	14.618965063476562
chr12	106645000	106650000	12.822244647102712	12.879773970947266
chr12	106725000	106730000	3.642016976843148	4.351960430908203
chr12	106755000	106760000	12.258649708172094	16.63209244140625
chr12	106755000	106760000	12.258649708172094	16.63209244140625
chr12	106755000	106760000	12.258649708172094	16.63209244140625
chr12	106755000	106760000	12.258649708172094	16.63209244140625
chr12	106770000	106775000	4.513887793881425	3.795619870605469
chr12	106965000	106970000	0.9213048929089699	0.8979016412353515
chr12	106975000	106980000	2.643573050525701	2.554650256347656
chr12	108570000	108575000	1.0251610524970793	1.1871001426696777
chr12	108615000	108620000	2.796096221524533	3.174671766662598
chr12	108690000	108695000	5.31658337562062	3.6783021759033203
chr12	108725000	108730000	11.453067006790302	15.91388695678711
chr12	108730000	108735000	5.3471308260623545	5.926097505950928
chr12	108800000	108805000	5.920034687363099	7.325921913146972
chr12	108825000	108830000	5.333645433885806	6.590551557922363
chr12	109115000	109120000	29.476052222706446	33.47420675048828
chr12	109115000	109120000	29.476052222706446	33.47420675048828
chr12	109115000	109120000	29.476052222706446	33.47420675048828
chr12	109125000	109130000	9.531558423992406	8.24481029663086
chr12	109130000	109135000	34.96041235556915	28.694373559570312
chr12	110380000	110385000	0.6962069601754162	0.8724295104980468
chr12	110395000	110400000	0.8403102971727603	0.6003377182006836
chr12	110540000	110545000	7.392070543806129	5.8690736267089845
chr12	110540000	110545000	7.392070543806129	5.8690736267089845
chr12	110540000	110545000	7.392070543806129	5.8690736267089845
chr12	110550000	110555000	2.747266714534581	2.6670762756347655
chr12	110555000	110560000	11.789714740617699	12.223281604003907
chr12	110555000	110560000	11.789714740617699	12.223281604003907
chr12	110560000	110565000	8.16049428642487	9.065861755371094
chr12	110575000	110580000	7.64663929329275	9.540574340820312
chr12	110575000	110580000	7.64663929329275	9.540574340820312
chr12	110580000	110585000	7.400031665153147	8.277374389648438
chr12	110580000	110585000	7.400031665153147	8.277374389648438
chr12	110580000	110585000	7.400031665153147	8.277374389648438
chr12	110580000	110585000	7.400031665153147	8.277374389648438
chr12	110590000	110595000	7.825820314439436	7.431574774169922
chr12	110740000	110745000	5.096784221670561	7.014753814697266
chr12	110740000	110745000	5.096784221670561	7.014753814697266
chr12	110795000	110800000	1.341760294634382	0.91700615234375
chr12	110800000	110805000	0.9513898153429835	1.41834931640625
chr12	111575000	111580000	1.1465848722939178	0.9308998321533203
chr12	111585000	111590000	1.2235566212306512	1.2342533569335938
chr12	111595000	111600000	3.5522381315712614	3.737495819091797
chr12	111595000	111600000	3.5522381315712614	3.737495819091797
chr12	111595000	111600000	3.5522381315712614	3.737495819091797
chr12	111600000	111605000	2.358025340427862	1.3442475830078124
chr12	111630000	111635000	0.8161863686249635	0.6524403915405274
chr12	111635000	111640000	2.5190122943058193	3.3889873962402346
chr12	111635000	111640000	2.5190122943058193	3.3889873962402346
chr12	111640000	111645000	3.14639061644367	4.657975555419922
chr12	111795000	111800000	0.7524287046628577	0.5760229766845704
chr12	111805000	111810000	0.6181918447904498	1.0617356506347657
chr12	111935000	111940000	0.8225154030487917	0.7521301696777344
chr12	112045000	112050000	2.842957439215829	2.25002296295166
chr12	113060000	113065000	3.157023264262832	3.1681879632568357
chr12	113070000	113075000	6.944293702569409	5.168756458129883
chr12	114680000	114685000	8.095320111026941	7.3861871386718745
chr12	114680000	114685000	8.095320111026941	7.3861871386718745
chr12	115125000	115130000	2.989379171781451	3.026353057861328
chr12	115135000	115140000	2.5739249679993246	4.038997717285156
chr12	115135000	115140000	2.5739249679993246	4.038997717285156
chr12	115145000	115150000	1.1895116399176768	0.8505461926269531
chr12	115270000	115275000	15.140372401613607	15.871857119140625
chr12	115270000	115275000	15.140372401613607	15.871857119140625
chr12	115270000	115275000	15.140372401613607	15.871857119140625
chr12	115330000	115335000	5.552908355769933	6.377712443847656
chr12	115330000	115335000	5.552908355769933	6.377712443847656
chr12	115335000	115340000	10.153210729638214	12.941722236328125
chr12	118070000	118075000	2.653605014808156	3.0843894285583495
chr12	118100000	118105000	1.9934531547760292	1.9425603675842285
chr12	120140000	120145000	1.0486948845551394	2.174676783294678
chr12	120155000	120160000	0.6645347881709304	0.3758913614654541
chr12	120165000	120170000	0.7187570698105287	0.8334393566131592
chr12	120165000	120170000	0.7187570698105287	0.8334393566131592
chr12	122005000	122010000	5.704480623077678	5.889046067047119
chr12	122015000	122020000	2.2143690076311056	1.517633489227295
chr12	122295000	122300000	0.9558139076874635	0.9789503021240235
chr12	122305000	122310000	0.8558219538608444	0.5695103164672851
chr12	122335000	122340000	1.2591925031715463	1.452360778427124
chr12	122345000	122350000	1.4253597420380497	2.029976676940918
chr12	122685000	122690000	0.841209561428177	0.9339391586303711
chr12	122700000	122705000	15.346047277204567	14.195510659790038
chr12	124565000	124570000	3.7145918740245785	2.226403911743164
chr12	124655000	124660000	6.148763154388143	6.340862621154785
chr12	124655000	124660000	6.148763154388143	6.340862621154785
chr12	124725000	124730000	1.5571798283942393	1.087902651977539
chrX	68825000	68830000	2.1910298134206614	2.215028855056763
chrX	68825000	68830000	2.1910298134206614	2.215028855056763
chrX	68825000	68830000	2.1910298134206614	2.215028855056763
chrX	68870000	68875000	7.583878771687445	7.380282493438721
chrX	68925000	68930000	1.540766743569062	1.5307756831359862
chrX	68930000	68935000	3.254295244477174	4.846299020690918
chrX	69215000	69220000	1.1916691416232386	0.5543427548027039
chrX	69360000	69365000	3.070031915696759	3.0572383912658694
chrX	72390000	72395000	1.9170178069783148	4.149570823516846
chrX	72475000	72480000	4.787963790180527	8.046589338226319
chrX	73915000	73920000	3.0063471830278914	3.623883106994629
chrX	73940000	73945000	2.4016992563408115	4.909226938629151
chrX	106905000	106910000	5.599168739047897	6.183312001953125
chrX	106910000	106915000	2.8697945043260806	4.597306501464844
chrX	106930000	106935000	0.9581583296731254	2.0773899975585937
chrX	106960000	106965000	3.233008031427972	4.248565216064453
chrX	107785000	107790000	2.3770836605464187	3.9623487109374995
chrX	107825000	107830000	2.7452908926420125	2.798723305358887
chrX	109725000	109730000	1.3195636013708383	1.090218351135254
chrX	109730000	109735000	2.6683923472181656	2.224464610900879
chrX	109730000	109735000	2.6683923472181656	2.224464610900879
chrX	109730000	109735000	2.6683923472181656	2.224464610900879
chrX	109735000	109740000	2.9910937522816883	3.3962817755126955
chrX	109735000	109740000	2.9910937522816883	3.3962817755126955
chrX	109740000	109745000	2.9345492479556072	2.8966464041900633
chrX	109740000	109745000	2.9345492479556072	2.8966464041900633
chrX	109840000	109845000	2.3371716539044245	2.2497914624023436
chrX	109845000	109850000	5.11361759341231	6.84761952758789
chrX	109845000	109850000	5.11361759341231	6.84761952758789
chrX	109845000	109850000	5.11361759341231	6.84761952758789
chrX	109855000	109860000	1.96667804080571	3.6729472984313967
chrX	109855000	109860000	1.96667804080571	3.6729472984313967
chrX	109855000	109860000	1.96667804080571	3.6729472984313967
chrX	109870000	109875000	6.2487577097099525	7.155921251907349
chrX	110045000	110050000	5.506265660594334	5.329146036376954
chrX	110120000	110125000	7.391604171838494	8.514008194885253
chrX	118460000	118465000	5.067446235613957	6.721791918029784
chrX	118465000	118470000	5.703631200373284	10.055724116821288
chrX	118465000	118470000	5.703631200373284	10.055724116821288
chrX	118465000	118470000	5.703631200373284	10.055724116821288
chrX	118490000	118495000	0.6423544207421419	1.2630835278320311
chrX	118495000	118500000	2.6822923468759132	4.73066030456543
chrX	118515000	118520000	1.9663391060802424	2.6473932690429685
chrX	118520000	118525000	7.125148866913699	8.43287188293457
chrX	118520000	118525000	7.125148866913699	8.43287188293457
chrX	118570000	118575000	6.153113244628906	8.817272333374023
chr15	64845000	64850000	2.250046783333181	1.4676148883056641
chr15	64850000	64855000	3.3591019768545562	2.9258527801513674
chr15	64900000	64905000	1.5100481613586996	1.6139079901123048
chr15	64905000	64910000	1.7640957882604866	1.706303367919922
chr15	65480000	65485000	0.8520990205426082	0.5409988819885254
chr15	65490000	65495000	0.919872163590761	1.0430364868164061
chr15	65730000	65735000	7.896679024783697	13.338856897277834
chr15	65730000	65735000	7.896679024783697	13.338856897277834
chr15	65730000	65735000	7.896679024783697	13.338856897277834
chr15	65790000	65795000	3.421092168248257	3.7354121057128906
chr15	65830000	65835000	6.401994499534536	7.248926042480469
chr15	65870000	65875000	3.904312107378523	4.074832860107422
chr15	66795000	66800000	2.885075473108025	3.878346538085937
chr15	66840000	66845000	5.537789309264566	5.847480422973633
chr15	68430000	68435000	1.832467871150792	1.115893269805908
chr15	68535000	68540000	5.896301284476307	7.8755466232299804
chr15	68570000	68575000	2.1538203365147672	2.372753554992676
chr15	68780000	68785000	0.722070151355779	0.7236184378051759
chr15	68815000	68820000	15.335712826053228	11.703240367736816
chr15	68815000	68820000	15.335712826053228	11.703240367736816
chr15	68815000	68820000	15.335712826053228	11.703240367736816
chr15	68880000	68885000	1.1826556598984193	1.189300154953003
chr15	69080000	69085000	4.784719590745016	3.8814451159667973
chr15	69115000	69120000	7.587257813070422	5.774682174377442
chr15	71110000	71115000	0.9171321411132812	1.0480151550292969
chr15	71440000	71445000	1.3929682323420158	1.5851072521209717
chr15	72375000	72380000	3.6738887595773857	2.854848926696777
chr15	72470000	72475000	3.863985328317803	3.2692968916320804
chr15	72470000	72475000	3.863985328317803	3.2692968916320804
chr15	72475000	72480000	2.9000651563412676	2.2708645713806153
chr15	72475000	72480000	2.9000651563412676	2.2708645713806153
chr15	72525000	72530000	0.9562345126428335	1.1286874931335449
chr15	72560000	72565000	2.2443594337534685	5.451499261474609
chr15	72560000	72565000	2.2443594337534685	5.451499261474609
chr15	72560000	72565000	2.2443594337534685	5.451499261474609
chr15	72585000	72590000	0.9953913588764511	0.9895152049255371
chr15	74010000	74015000	5.629994675195997	10.667033224792482
chr15	74035000	74040000	1.5493955158269292	0.7596562324523926
chr15	74980000	74985000	10.219735883709204	21.258053712768554
chr15	74980000	74985000	10.219735883709204	21.258053712768554
chr15	74990000	74995000	1.18734817276714	2.1391600195312503
chr15	75200000	75205000	6.53398006283769	5.590266325073243
chr15	75365000	75370000	5.898203463203216	4.749040709533692
chr15	75375000	75380000	0.6780239683062117	0.7908018565368652
chr15	75425000	75430000	0.6233411632216981	0.7677607257080079
chr15	75435000	75440000	1.2031822132146246	0.7745919512939453
chr15	77115000	77120000	1.1777412453909901	1.123592954864502
chr15	77540000	77545000	1.3717373156396029	0.8085459452819824
chr15	78130000	78135000	2.3472405799937026	2.5385561941528323
chr15	78155000	78160000	1.7195798287079713	2.418488371582031
chr15	78155000	78160000	1.7195798287079713	2.418488371582031
chr15	78195000	78200000	2.790444396687445	2.070153984680176
chr15	78195000	78200000	2.790444396687445	2.070153984680176
chr15	78205000	78210000	1.6575357865663332	2.5279041229248045
chr15	78205000	78210000	1.6575357865663332	2.5279041229248045
chr15	78215000	78220000	6.397393375118648	6.632667272033691
chr15	78215000	78220000	6.397393375118648	6.632667272033691
chr15	78215000	78220000	6.397393375118648	6.632667272033691
chr15	78215000	78220000	6.397393375118648	6.632667272033691
chr15	78225000	78230000	0.8119341851635514	0.7576299638366699
chr15	78300000	78305000	6.287185675048828	8.495162977905274
chr15	78440000	78445000	2.3275993740188743	2.46885489074707
chr15	78445000	78450000	10.04213492283331	9.188650780639648
chr15	78480000	78485000	1.2428322787846358	1.481798512878418
chr15	81015000	81020000	6.7603575888375245	9.491944641113282
chr15	81085000	81090000	3.0161985892607786	3.154091865539551
chr15	81270000	81275000	1.0259926558450003	0.7303048011779785
chr15	81395000	81400000	1.9924133631911234	1.6836387298583984
chr15	82645000	82650000	4.175196669191735	4.273574630737305
chr15	82660000	82665000	15.074099235748575	18.967685651397705
chr15	82660000	82665000	15.074099235748575	18.967685651397705
chr15	82750000	82755000	3.046544925126405	2.768503745727539
chr15	82815000	82820000	0.6156199841650847	0.8145372708129882
chr15	82825000	82830000	1.1514099707487588	1.6691362893676756
chr15	84765000	84770000	1.1165724427980797	1.438669522705078
chr15	84775000	84780000	1.518989136483736	1.4756042568969727
chr15	84980000	84985000	6.707161193505404	8.614247389526367
chr15	84980000	84985000	6.707161193505404	8.614247389526367
chr15	84980000	84985000	6.707161193505404	8.614247389526367
chr15	85005000	85010000	2.1932170642888433	4.272244708862305
chr15	85015000	85020000	1.8110753255968894	1.7798836904907227
chr15	85020000	85025000	1.2741781373211156	0.6581136697387696
chr15	88455000	88460000	1.8576935757931148	5.346280877227784
chr15	88465000	88470000	5.022310690507265	5.618431941070556
chr15	88570000	88575000	0.9853746944819656	0.9483546745681762
chr15	88600000	88605000	7.338014072995765	8.37364789642334
chr15	88600000	88605000	7.338014072995765	8.37364789642334
chr15	88600000	88605000	7.338014072995765	8.37364789642334
chr15	88660000	88665000	3.5294363678263725	1.8347945272064208
chr15	88660000	88665000	3.5294363678263725	1.8347945272064208
chr15	88735000	88740000	1.019127030702395	1.4195940904235838
chr15	88745000	88750000	4.878423790477147	4.0219184765625
chr15	88745000	88750000	4.878423790477147	4.0219184765625
chr15	88755000	88760000	0.5440148139739704	0.4815439822387695
chr15	89125000	89130000	3.6332896242516055	5.73158047668457
chr15	89135000	89140000	9.97889885322357	13.509027627258302
chr15	89675000	89680000	22.311637941734812	15.837179399414063
chr15	89685000	89690000	27.457737941734813	24.602991357421875
chr15	89710000	89715000	9.804173801201081	10.177729396362304
chr15	89715000	89720000	15.591327498904791	13.095187566223146
chr15	90845000	90850000	0.8385188597491968	0.5999327526855469
chr15	90860000	90865000	8.529757953964662	9.263157255249022
chr15	90905000	90910000	1.8308259821526356	2.3368609602355956
chr15	90930000	90935000	5.584766101416472	4.763861091308594
chr15	92810000	92815000	2.0922051026246256	2.140029091186524
chr15	92900000	92905000	8.226200752728898	5.558455187988281
chr15	95170000	95175000	2.198734726379965	2.1692063110351563
chr15	95250000	95255000	1.6014894690968164	2.5758967529296877
chr15	95265000	95270000	2.090594920705635	1.237089921875
chr15	95395000	95400000	0.8779971961761188	0.7266576316833496
chr15	99105000	99110000	3.2414689770279645	3.780915673828125
chr15	99180000	99185000	10.715215333229136	10.242222668457032
chr15	100685000	100690000	1.9409372246002483	2.592974826049805
chr15	100880000	100885000	1.017088057131188	0.7098980613708497
chr4	137290000	137295000	1.3294557635441004	1.1247218945312498
chr4	137530000	137535000	9.474892818158585	4.632968159179688
chr4	138960000	138965000	0.8752521372001862	1.4221121810913087
chr4	138965000	138970000	1.3480456605715174	3.1799977294921873
chr4	138970000	138975000	0.7435708374593859	1.2553839462280274
chr4	138980000	138985000	4.382630502975322	7.1374848907470705
chr4	138980000	138985000	4.382630502975322	7.1374848907470705
chr4	138980000	138985000	4.382630502975322	7.1374848907470705
chr4	138980000	138985000	4.382630502975322	7.1374848907470705
chr4	138990000	138995000	0.6280432467166508	0.8787973251342773
chr4	139350000	139355000	1.0865911397488317	1.0518941482543944
chr4	139360000	139365000	0.9615071213766793	1.4556897583007813
chr4	139735000	139740000	6.108969238737588	6.437571606445313
chr4	139735000	139740000	6.108969238737588	6.437571606445313
chr4	139740000	139745000	4.073338465781524	6.292842236328125
chr4	139760000	139765000	5.556873125222465	10.990763610839844
chr4	139760000	139765000	5.556873125222465	10.990763610839844
chr4	140055000	140060000	1.3295088004709403	2.4192990478515624
chr4	140060000	140065000	3.7921605874890476	6.480990942382813
chr4	140060000	140065000	3.7921605874890476	6.480990942382813
chr4	140060000	140065000	3.7921605874890476	6.480990942382813
chr4	140105000	140110000	3.641798843868647	6.41673056640625
chr4	140105000	140110000	3.641798843868647	6.41673056640625
chr4	140150000	140155000	5.419716998804395	4.888965441894531
chr4	140150000	140155000	5.419716998804395	4.888965441894531
chr4	140230000	140235000	1.1971485180435892	1.1705722778320313
chr4	143050000	143055000	3.532356524144823	2.613178868560791
chr4	143080000	143085000	12.350921998895664	15.612674235534667
chr4	143335000	143340000	2.3768468133944216	1.8024327478027342
chr4	143395000	143400000	1.1927002654744085	1.1438842590332032
chr4	145935000	145940000	9.867092064288844	7.7352173590087885
chr4	146105000	146110000	22.78762472539884	16.48513120361328
chr4	146105000	146110000	22.78762472539884	16.48513120361328
chr4	146105000	146110000	22.78762472539884	16.48513120361328
chr4	146120000	146125000	4.030282087892907	3.021229847869873
chr4	146190000	146195000	4.954750578407929	5.921580894165039
chr4	149455000	149460000	3.7724324064165637	5.229832265625
chr4	149510000	149515000	8.920938683483088	10.377344994506835
chr4	153440000	153445000	0.9747028360242043	1.0518651329040527
chr4	153450000	153455000	15.657057108256971	18.35486409118652
chr4	153450000	153455000	15.657057108256971	18.35486409118652
chr4	153450000	153455000	15.657057108256971	18.35486409118652
chr4	153460000	153465000	1.966949233210198	1.9514461807250976
chr4	153530000	153535000	4.931296103276048	3.437877310791016
chr4	155440000	155445000	1.8005813642555308	1.4669783153533935
chr4	155440000	155445000	1.8005813642555308	1.4669783153533935
chr4	155515000	155520000	1.2554716906966448	1.8756944564819336
chr4	155525000	155530000	4.561818664493739	5.654439668273926
chr4	155525000	155530000	4.561818664493739	5.654439668273926
chr4	155785000	155790000	0.9025331453840311	1.1160091464996338
chr4	158720000	158725000	2.290021404986515	3.3630523504638674
chr4	158785000	158790000	4.382278724542065	3.9537801843261717
chr4	158785000	158790000	4.382278724542065	3.9537801843261717
chr4	158785000	158790000	4.382278724542065	3.9537801843261717
chr4	158785000	158790000	4.382278724542065	3.9537801843261717
chr4	158800000	158805000	1.5158041629969516	2.366733334960937
chr4	158815000	158820000	3.1315110963054904	3.8054612890625004
chr4	158820000	158825000	5.811621939343604	10.770197143554688
chr4	158820000	158825000	5.811621939343604	10.770197143554688
chr4	158825000	158830000	3.2537386466623466	2.5259360571289062
chr4	173375000	173380000	1.219978759993794	0.7146161894989014
chr4	173385000	173390000	0.4173499114134602	0.6812703466796876
chr4	176270000	176275000	0.8396806737311534	0.863571971435547
chr4	176270000	176275000	0.8396806737311534	0.863571971435547
chr4	176315000	176320000	1.9387917874915577	1.7084454788208008
chr4	176320000	176325000	2.0585587218667856	2.161391201782227
chr4	183475000	183480000	1.1323125627464223	1.2429370263671875
chr4	183500000	183505000	3.622725715081045	4.409273647460937
chr4	184820000	184825000	10.006363600686333	7.7273451220703135
chr4	184820000	184825000	10.006363600686333	7.7273451220703135
chr4	184825000	184830000	6.057151414418443	5.318783498840332
chr4	184825000	184830000	6.057151414418443	5.318783498840332
chr4	184860000	184865000	12.928182231696297	15.067537741241456
chr4	184870000	184875000	19.28732186541691	16.78483839050293
chr4	184870000	184875000	19.28732186541691	16.78483839050293
chr4	184870000	184875000	19.28732186541691	16.78483839050293
chr4	184880000	184885000	16.074188749452397	11.4983309765625
chr4	184890000	184895000	16.690586886454078	14.820224133911132
chr4	186600000	186605000	0.6856874532253944	0.5536769244384765
chr4	186610000	186615000	0.953961937221634	0.909132667236328
chr4	186720000	186725000	3.155344556348569	2.828247385253906
chr4	187175000	187180000	4.434787498630987	3.70006890045166
chr6	129895000	129900000	1.647164891722492	1.5579267802429198
chr6	129900000	129905000	2.2199245491384345	2.0521496098327634
chr6	129905000	129910000	1.4453099712336175	1.5245226000976564
chr6	129915000	129920000	2.165526203533422	1.6441272483825684
chr6	129915000	129920000	2.165526203533422	1.6441272483825684
chr6	129915000	129920000	2.165526203533422	1.6441272483825684
chr6	130140000	130145000	2.9228911003611913	1.9029617410278319
chr6	130150000	130155000	0.8844349308762596	1.0793923712158202
chr6	132800000	132805000	0.9416694271765024	0.7383516481018066
chr6	132810000	132815000	6.262095441458158	6.756700220794677
chr6	133620000	133625000	11.219859883388626	16.94962923843384
chr6	133620000	133625000	11.219859883388626	16.94962923843384
chr6	133635000	133640000	3.7941115982768685	10.926216236877442
chr6	133835000	133840000	1.09113718345856	1.0887419840240478
chr6	137215000	137220000	9.331508847473714	9.521323666381836
chr6	137215000	137220000	9.331508847473714	9.521323666381836
chr6	137265000	137270000	1.909369433536708	1.5626448219299316
chr6	137370000	137375000	4.939489565155885	4.8834651092529295
chr6	139370000	139375000	8.021203311185747	5.505803411865235
chr6	139760000	139765000	6.330506613701081	6.542935009765625
chr6	141875000	141880000	12.827055546897817	16.033112796325682
chr6	141985000	141990000	0.7052204305488372	0.9740583750915528
chr6	142145000	142150000	2.0768178779388142	1.8000882218170164
chr6	142385000	142390000	1.1536222604341595	1.1194539419555665
chr6	143060000	143065000	9.124301480815566	8.97913948425293
chr6	143105000	143110000	12.631300229081482	14.44395213745117
chr6	143105000	143110000	12.631300229081482	14.44395213745117
chr6	143220000	143225000	2.2918203503189796	4.122708165130615
chr6	144150000	144155000	5.8240647237332075	8.794520453491211
chr6	144150000	144155000	5.8240647237332075	8.794520453491211
chr6	144165000	144170000	7.561802070860106	7.949301074523924
chr6	144215000	144220000	4.027199845986054	3.0377584686279295
chr6	144285000	144290000	7.343900343165887	8.801007937622071
chr6	144360000	144365000	12.074396211485105	16.1408246105957
chr6	145735000	145740000	3.935657244473751	3.4199021881103517
chr6	145850000	145855000	1.6128416929441078	1.7519795919799805
chr6	151065000	151070000	6.278796551057335	7.214856377716066
chr6	151065000	151070000	6.278796551057335	7.214856377716066
chr6	151100000	151105000	6.680753687379069	4.701511821899414
chr6	151100000	151105000	6.680753687379069	4.701511821899414
chr6	151170000	151175000	0.7530802617153274	0.6484749007415771
chr6	151230000	151235000	1.0279980878740829	1.9148003915405272
chr6	151230000	151235000	1.0279980878740829	1.9148003915405272
chr6	151235000	151240000	0.7532297648064444	0.9691377743530275
chr6	153960000	153965000	1.7464017179114795	2.0014941363525387
chr6	153985000	153990000	3.637313591787749	3.7052220809936522
chr6	156685000	156690000	6.329961011426693	3.762272969970703
chr6	156685000	156690000	6.329961011426693	3.762272969970703
chr6	156685000	156690000	6.329961011426693	3.762272969970703
chr6	156685000	156690000	6.329961011426693	3.762272969970703
chr6	156685000	156690000	6.329961011426693	3.762272969970703
chr6	156710000	156715000	1.1033366070613684	0.8140745599365234
chr6	156715000	156720000	4.839899405392084	2.3929003216552736
chr6	156720000	156725000	3.5624010972637996	5.778414496459961
chr6	156775000	156780000	4.683075118932991	4.2998581298828125
chr6	156775000	156780000	4.683075118932991	4.2998581298828125
chr6	157020000	157025000	4.005231026480131	3.4079765039062497
chr6	157020000	157025000	4.005231026480131	3.4079765039062497
chr6	160345000	160350000	2.035162441816954	3.1493149114990233
chr6	160375000	160380000	3.271475663828627	5.035200676269531
chr6	160975000	160980000	1.5994771950409792	1.5922568017578123
chr6	160990000	160995000	2.49086727323443	2.1993104278564455
chr6	162620000	162625000	2.0063428262585794	2.098520496826172
chr6	162630000	162635000	3.490224707487587	3.6467802593994136
chr6	163180000	163185000	6.039947846999124	8.05009084411621
chr6	163180000	163185000	6.039947846999124	8.05009084411621
chr6	163185000	163190000	0.8029968151056878	1.1607883407592774
chr6	163320000	163325000	8.515062750529351	12.261896453857423
chr6	163320000	163325000	8.515062750529351	12.261896453857423
chr6	163320000	163325000	8.515062750529351	12.261896453857423
chr6	163325000	163330000	1.5165279935747662	1.8000885076904298
chr6	163355000	163360000	2.000100899783696	1.9807684756469728
chr6	163390000	163395000	6.278875439224956	9.017521761779784
chr6	163390000	163395000	6.278875439224956	9.017521761779784
chr6	163395000	163400000	10.570987974591121	13.547210107421876
chr6	163395000	163400000	10.570987974591121	13.547210107421876
chr6	163395000	163400000	10.570987974591121	13.547210107421876
chr6	163410000	163415000	4.312470137266355	5.1151490087890625
chr6	163410000	163415000	4.312470137266355	5.1151490087890625
chr6	163415000	163420000	3.703914128668954	4.518341789550781
chr6	166350000	166355000	2.1016087330470574	1.3595313671875
chr6	166360000	166365000	8.839475486912237	7.217605917968751
chr6	169070000	169075000	5.923881088228315	4.686864092102051
chr6	169215000	169220000	4.96481749912155	6.047930924224853
chr1	201555000	201560000	1.9238590440411434	3.2838559735107427
chr1	201555000	201560000	1.9238590440411434	3.2838559735107427
chr1	201555000	201560000	1.9238590440411434	3.2838559735107427
chr1	201630000	201635000	1.0526571378048335	1.2042362478637696
chr1	201705000	201710000	5.893054241658148	4.577043493041993
chr1	201705000	201710000	5.893054241658148	4.577043493041993
chr1	201705000	201710000	5.893054241658148	4.577043493041993
chr1	201710000	201715000	14.557724458327248	15.362701171264648
chr1	201725000	201730000	1.139424261189398	1.7258992257690429
chr1	201765000	201770000	7.205403840537384	4.957566912841797
chr1	201785000	201790000	1.8458481632410924	1.4152232202148436
chr1	201800000	201805000	1.4510873526029495	1.6549244720458984
chr1	203525000	203530000	12.44267654333382	10.196228668518065
chr1	203625000	203630000	7.547841259309287	5.203838541259766
chr1	203705000	203710000	1.1635213037793881	0.8951807960510254
chr1	203715000	203720000	0.9296522644613391	0.7604373525238037
chr1	203860000	203865000	2.5575235666435456	2.021727352142334
chr1	203955000	203960000	10.496215494031103	11.607254315490724
chr1	203965000	203970000	5.407561810702029	4.270564418334961
chr1	204070000	204075000	1.7718401469863463	1.6184527871704102
chr1	204410000	204415000	6.862308665166838	8.357815161743163
chr1	204495000	204500000	2.248479931640625	1.2030203854370118
chr1	205280000	205285000	0.6685416021899642	0.6949618316650391
chr1	205320000	205325000	2.271544857360269	2.7580241007995605
chr1	205915000	205920000	0.7709027482362552	0.40993173530578614
chr1	205975000	205980000	1.0222634672361	0.5120527937316894
chr1	209640000	209645000	12.630805599661853	8.124887359924315
chr1	209645000	209650000	34.20451153461777	22.948732429199218
chr1	209645000	209650000	34.20451153461777	22.948732429199218
chr1	209645000	209650000	34.20451153461777	22.948732429199218
chr1	209645000	209650000	34.20451153461777	22.948732429199218
chr1	209645000	209650000	34.20451153461777	22.948732429199218
chr1	209650000	209655000	3.537988003454476	3.4259222492218018
chr1	209660000	209665000	7.105759516692831	4.823634592285156
chr1	209660000	209665000	7.105759516692831	4.823634592285156
chr1	209665000	209670000	6.9182792692665736	6.451060224609376
chr1	209670000	209675000	50.123978186377414	41.03060296875
chr1	209670000	209675000	50.123978186377414	41.03060296875
chr1	209675000	209680000	24.502312390478973	17.905770217285156
chr1	209680000	209685000	1.7273072026618175	1.3660439486694336
chr1	211580000	211585000	3.808198049955279	3.6974352368164065
chr1	211590000	211595000	3.3404651250821407	2.504574086914063
chr1	211595000	211600000	0.9784294536840135	1.0590727072143555
chr1	211600000	211605000	1.6424372471889606	2.2694172073364256
chr1	212205000	212210000	4.1225296222437215	5.6420804693603515
chr1	212210000	212215000	13.174119691880842	13.009336400146484
chr1	212210000	212215000	13.174119691880842	13.009336400146484
chr1	212225000	212230000	12.341708018308266	12.206203639831543
chr1	212255000	212260000	31.09739681293808	24.222814199218746
chr1	212255000	212260000	31.09739681293808	24.222814199218746
chr1	212255000	212260000	31.09739681293808	24.222814199218746
chr1	212285000	212290000	11.558360926547897	6.914485827636719
chr1	212635000	212640000	2.055552691935602	2.9567672564697265
chr1	212665000	212670000	1.6277743939836449	1.24421102935791
chr1	219120000	219125000	16.542831205393	10.193071846923829
chr1	219350000	219355000	13.663396191292167	9.03896962387085
chr1	219350000	219355000	13.663396191292167	9.03896962387085
chr1	219545000	219550000	11.12467085417275	6.371314019165039
chr1	220410000	220415000	4.3350103587926	8.179798657989503
chr1	220450000	220455000	3.2045095196019826	5.546007843933105
chr1	220745000	220750000	4.286273621746313	3.6406435824584964
chr1	220765000	220770000	6.017360370272342	4.289436952667237
chr1	221740000	221745000	5.5298900329019425	7.128163809509277
chr1	221780000	221785000	11.36060768609448	19.47026554260254
chr1	221880000	221885000	3.3585322557681074	5.390424390869141
chr1	221895000	221900000	8.0038202415395	7.908400442199707
chr1	224730000	224735000	3.6639620721264414	9.081375496444704
chr1	224735000	224740000	1.7824143592620563	2.1591619731903076
chr1	224830000	224835000	3.6809930116457363	4.4855457794189455
chr1	224830000	224835000	3.6809930116457363	4.4855457794189455
chr1	226185000	226190000	2.2449757013802216	2.098578466796875
chr1	226195000	226200000	0.7012195506158276	0.9065854125976562
chr1	228090000	228095000	1.495051080151139	1.2061752212524415
chr1	228100000	228105000	1.577409506025938	1.3304117201232912
chr1	229575000	229580000	5.163508818724445	5.282860793457031
chr1	229625000	229630000	1.5774140380288952	1.7096031643676757
chr1	230820000	230825000	1.6663475790148583	1.6059768418884277
chr1	230865000	230870000	3.119325148766063	1.6054847367858884
chr1	234530000	234535000	14.41018519230067	18.709715144042967
chr1	234535000	234540000	5.934271122157017	4.95924580078125
chr1	234580000	234585000	4.6119867581091185	5.604623588867187
chr1	234605000	234610000	9.918264625620619	8.734488491210938
chr1	234605000	234610000	9.918264625620619	8.734488491210938
chr1	234610000	234615000	18.924610498959552	14.307154140625
chr1	234610000	234615000	18.924610498959552	14.307154140625
chr1	234710000	234715000	0.7339883067621248	0.6603134735107421
chr1	234960000	234965000	7.085113541533568	3.399408056640625
chr1	234975000	234980000	24.953849675087618	19.87357228515625
chr1	244860000	244865000	3.94557075389256	3.8079218289184573
chr1	244960000	244965000	1.485623226329768	1.081013740234375
chr1	246545000	246550000	0.9420802804964725	0.6585190310668945
chr1	246555000	246560000	0.5924100228425498	0.9565460217285155
chr1	145980000	145985000	2.5239059185848056	4.342929147949218
chr1	146005000	146010000	0.9391913731655229	0.9838131628417969
chr1	149885000	149890000	14.792018146037165	11.659965690917968
chr1	149935000	149940000	5.112596465636637	6.225108351135254
chr1	150360000	150365000	7.319241984886097	5.823309930725097
chr1	150435000	150440000	1.282985035976517	1.4608416226196288
chr1	151300000	151305000	1.6996367718277692	1.6303785371398927
chr1	151310000	151315000	15.059282217778001	18.7726126953125
chr1	151325000	151330000	4.057457896608727	4.1544627389526365
chr1	151340000	151345000	1.5142217265619295	1.099104931335449
chr1	153580000	153585000	0.8672455264653001	0.8327155139160157
chr1	153590000	153595000	3.455212429153585	2.8483940270996095
chr1	153675000	153680000	2.1850436826331596	2.2610232446289062
chr1	153695000	153700000	16.535801501978224	18.14341524536133
chr1	153695000	153700000	16.535801501978224	18.14341524536133
chr1	153695000	153700000	16.535801501978224	18.14341524536133
chr1	153695000	153700000	16.535801501978224	18.14341524536133
chr1	153695000	153700000	16.535801501978224	18.14341524536133
chr1	153695000	153700000	16.535801501978224	18.14341524536133
chr1	153700000	153705000	4.0527605955890404	4.912931260986328
chr1	153700000	153705000	4.0527605955890404	4.912931260986328
chr1	153725000	153730000	8.071265699782327	5.006833198852539
chr1	153725000	153730000	8.071265699782327	5.006833198852539
chr1	153735000	153740000	1.1254659961165667	1.0980915759277345
chr1	153740000	153745000	0.9467459734479958	0.7273522741699219
chr1	153745000	153750000	1.2822573915855908	1.366247100830078
chr1	153770000	153775000	2.564146679117078	6.54814462890625
chr1	153770000	153775000	2.564146679117078	6.54814462890625
chr1	153775000	153780000	4.463745698675708	6.705031652832031
chr1	153775000	153780000	4.463745698675708	6.705031652832031
chr1	154200000	154205000	1.0032929629887375	1.1039965881347655
chr1	154210000	154215000	0.8655340632073234	0.9552147232055664
chr1	154940000	154945000	8.853742143691589	9.830613610839844
chr1	154950000	154955000	1.4591377485328745	0.822063525390625
chr1	155105000	155110000	2.884748805536288	3.9412755432128908
chr1	155125000	155130000	1.8342204711343641	2.056317059326172
chr1	156145000	156150000	2.0555200946558303	1.066656329727173
chr1	156215000	156220000	1.680720014112241	1.7771334983825684
chr1	157090000	157095000	7.263746359395536	8.008407551269531
chr1	157155000	157160000	2.870780275619364	4.011903026733399
chr1	160260000	160265000	6.780424390176078	7.827265510253906
chr1	160265000	160270000	1.0729565085295205	1.4038189556884766
chr1	160280000	160285000	16.688896197737932	16.393663543701173
chr1	160280000	160285000	16.688896197737932	16.393663543701173
chr1	160345000	160350000	1.3139781031528366	1.0336579972839355
chr1	160355000	160360000	17.804923441378868	18.01255036682129
chr1	161800000	161805000	2.4449053774824767	1.857661420593262
chr1	161945000	161950000	1.7384405181029134	2.6241205490112303
chr1	162020000	162025000	2.1074169560227443	1.4244570748901366
chr1	162025000	162030000	1.1439741668986383	1.23130067276001
chr1	162395000	162400000	7.811557959668881	11.546473186035156
chr1	162395000	162400000	7.811557959668881	11.546473186035156
chr1	162395000	162400000	7.811557959668881	11.546473186035156
chr1	162405000	162410000	2.548843710127501	7.539571144866944
chr1	162405000	162410000	2.548843710127501	7.539571144866944
chr1	162460000	162465000	1.8593813171957143	3.9752871871948243
chr1	162460000	162465000	1.8593813171957143	3.9752871871948243
chr1	162465000	162470000	4.229531457177278	4.614644260253907
chr1	162495000	162500000	2.2551834628951886	2.334371413955689
chr1	162495000	162500000	2.2551834628951886	2.334371413955689
chr1	162630000	162635000	12.041076034973715	7.064251416320801
chr1	162710000	162715000	2.7386547738618936	2.0887372062683105
chr1	165600000	165605000	1.1518934989002263	1.8797467575073241
chr1	165600000	165605000	1.1518934989002263	1.8797467575073241
chr1	165625000	165630000	2.1922645409699912	2.2997528518676758
chr1	165630000	165635000	4.8378593302789135	8.710404638671875
chr1	165630000	165635000	4.8378593302789135	8.710404638671875
chr1	165635000	165640000	11.412776795460353	15.784795007324218
chr1	165695000	165700000	10.33477372453636	9.133016122436523
chr1	165695000	165700000	10.33477372453636	9.133016122436523
chr1	167725000	167730000	3.844468668771903	3.590103582763672
chr1	167730000	167735000	1.1276951486747955	1.2017180700683594
chr1	167745000	167750000	1.6521908150646174	1.6684421032714842
chr1	167780000	167785000	1.0129382652781833	0.6889121643066406
chr1	167800000	167805000	1.1848676638023876	1.0379998138427735
chr1	167935000	167940000	9.256024419082214	8.879449975585937
chr1	169480000	169485000	7.761470070526979	7.626091655273437
chr1	169485000	169490000	5.3030852683664484	7.619435370483398
chr1	169525000	169530000	2.781384787700332	3.822366256713867
chr1	169525000	169530000	2.781384787700332	3.822366256713867
chr1	170310000	170315000	3.0428867656957324	2.441588229370117
chr1	170380000	170385000	0.7736198820595429	0.9045592590332031
chr1	170410000	170415000	1.9923240481938156	1.37782509765625
chr1	170555000	170560000	3.6718216766072214	6.391257592773438
chr1	170660000	170665000	2.539500420857367	1.2970660446166993
chr1	170665000	170670000	3.3607098842727807	2.6077369415283203
chr1	171080000	171085000	2.1021444740366713	2.104657206726074
chr1	171110000	171115000	3.8554347129180053	3.3360161254882814
chr1	171140000	171145000	12.217390012709004	13.728179568481446
chr1	171140000	171145000	12.217390012709004	13.728179568481446
chr1	171140000	171145000	12.217390012709004	13.728179568481446
chr1	171140000	171145000	12.217390012709004	13.728179568481446
chr1	171140000	171145000	12.217390012709004	13.728179568481446
chr1	171140000	171145000	12.217390012709004	13.728179568481446
chr1	171140000	171145000	12.217390012709004	13.728179568481446
chr1	171160000	171165000	1.5674927597473713	1.4296384231567383
chr1	171185000	171190000	1.5214231117319839	1.9486387893676758
chr1	171205000	171210000	1.5753639124790082	2.7764914443969726
chr1	171210000	171215000	5.301497406975577	6.21584606628418
chr1	171225000	171230000	1.0367114623453015	0.7184371444702149
chr1	173430000	173435000	3.4232826673846377	3.0834921661376957
chr1	173475000	173480000	6.530469274274879	5.834397871704102
chr1	173500000	173505000	5.878824104437427	6.605052004089356
chr1	173505000	173510000	2.767087663939289	3.239713799438477
chr1	173515000	173520000	1.0553873954701647	1.0104432597351074
chr1	173525000	173530000	5.863113353180217	8.31630615753174
chr1	173525000	173530000	5.863113353180217	8.31630615753174
chr1	173525000	173530000	5.863113353180217	8.31630615753174
chr1	173530000	173535000	1.6713805463273947	1.6735075653076172
chr1	173555000	173560000	5.182886182039921	5.955680575408936
chr1	173560000	173565000	6.4713660049866295	7.188110682373049
chr1	173825000	173830000	4.463995150557188	6.831584651794433
chr1	173945000	173950000	0.8084155589023483	0.5969798990631103
chr1	173950000	173955000	0.6444698075053847	0.5776441336822511
chr1	173955000	173960000	0.8639809026415103	0.5972694313812256
chr1	173960000	173965000	1.4500430496928849	1.0987284586334227
chr1	175020000	175025000	3.187604171610324	2.7392097792053223
chr1	175135000	175140000	8.027997874151211	7.190570629272462
chr1	175190000	175195000	1.0417785765460719	1.1725695127868652
chr1	175200000	175205000	3.0334912269093164	2.4805200106811522
chr1	175205000	175210000	2.1751057095821773	1.7333391413116452
chr1	175215000	175220000	3.4131424859448014	2.822602992401123
chr1	176560000	176565000	1.0902339862003505	1.4962137738037111
chr1	176600000	176605000	1.351768689877519	1.839947562561035
chr1	177145000	177150000	1.6281110999276704	2.617231464729309
chr1	177170000	177175000	3.020996831876095	4.574959691467285
chr1	179930000	179935000	1.458946551314024	2.791659143676758
chr1	179940000	179945000	0.6603163381843924	0.8479988525390625
chr1	182600000	182605000	1.8558153922107732	0.9662140295410155
chr1	182780000	182785000	1.0096142520797586	0.5757914099121094
chr1	186950000	186955000	7.731628765926184	7.919746719360352
chr1	186960000	186965000	11.56385733072156	12.148602783966064
chr1	186980000	186985000	13.003180071279937	13.184720562744142
chr1	186980000	186985000	13.003180071279937	13.184720562744142
chr1	192810000	192815000	3.8101338602511685	3.685336453857422
chr1	192820000	192825000	1.0018665166551821	1.0055224229431152
chr1	192870000	192875000	10.722026300562208	17.103217208557126
chr1	192870000	192875000	10.722026300562208	17.103217208557126
chr20	235000	240000	9.505939769366968	9.033094625244141
chr20	265000	270000	5.5854428658458675	4.9784098413085935
chr20	365000	370000	1.344492229254892	1.1487180990600585
chr20	380000	385000	2.3092982909015407	3.586080336456299
chr20	380000	385000	2.3092982909015407	3.586080336456299
chr20	460000	465000	4.68755750373056	5.643296051635742
chr20	1325000	1330000	6.237362928615107	7.272141048583985
chr20	1325000	1330000	6.237362928615107	7.272141048583985
chr20	1325000	1330000	6.237362928615107	7.272141048583985
chr20	1335000	1340000	1.1318070317348587	1.2531260864257812
chr20	1390000	1395000	2.3466544003495544	3.0343997192382814
chr20	1400000	1405000	2.909412031512394	4.417117649993897
chr20	1430000	1435000	2.9346516723062392	5.537179145812988
chr20	1430000	1435000	2.9346516723062392	5.537179145812988
chr20	2100000	2105000	4.423668835620345	3.381635403747558
chr20	2135000	2140000	3.0489530915162275	4.727736259155273
chr20	6005000	6010000	7.625268345000365	8.576269252929686
chr20	6075000	6080000	3.915228100814106	5.584824809570313
chr20	10670000	10675000	5.801398954929816	6.505710331726074
chr20	10670000	10675000	5.801398954929816	6.505710331726074
chr20	10670000	10675000	5.801398954929816	6.505710331726074
chr20	10735000	10740000	5.5456849696079145	6.576917576904297
chr20	10740000	10745000	1.7860768267194798	2.538324349975586
chr20	11270000	11275000	1.2937017172554945	1.0386367987060547
chr20	16605000	16610000	4.540053609972803	4.953629947967529
chr20	16615000	16620000	0.6665773287193799	1.0367263553619386
chr20	17805000	17810000	6.104542001998759	7.34111849243164
chr20	17815000	17820000	0.604576897794064	0.7847522004699706
chr20	18285000	18290000	3.2072769700094916	2.599110852050781
chr20	18370000	18375000	4.94698364554432	5.349640069274902
chr20	18395000	18400000	10.96279188129746	14.139356385192873
chr20	18395000	18400000	10.96279188129746	14.139356385192873
chr20	24755000	24760000	12.475214159243574	14.499241843261718
chr20	24930000	24935000	2.890524617061437	4.154606425628662
chr20	24985000	24990000	26.174065775591412	25.854379287109374
chr20	24985000	24990000	26.174065775591412	25.854379287109374
chr20	24985000	24990000	26.174065775591412	25.854379287109374
chr20	24985000	24990000	26.174065775591412	25.854379287109374
chr20	25145000	25150000	2.3980740612279585	4.523782495727539
chr20	25245000	25250000	8.120108540643711	9.395555194702148
chr20	32485000	32490000	1.9173783538818356	1.5120761952209472
chr20	32505000	32510000	4.439023221709349	4.197967013702392
chr20	33415000	33420000	1.532517090984594	1.2537050299072268
chr20	33420000	33425000	4.57988305002373	6.4940738977050785
chr20	33420000	33425000	4.57988305002373	6.4940738977050785
chr20	33435000	33440000	1.1727177961402964	1.2674831799316408
chr20	33440000	33445000	1.938596321348386	2.1198825219726563
chr20	33440000	33445000	1.938596321348386	2.1198825219726563
chr20	33530000	33535000	1.631860279004819	1.3407741925048828
chr20	33550000	33555000	0.869099679080571	1.079913638305664
chr20	35010000	35015000	14.863717558958818	11.400986520996094
chr20	35090000	35095000	7.5481881566698315	6.5342500524902345
chr20	37005000	37010000	7.537965982426438	9.096833188781737
chr20	37005000	37010000	7.537965982426438	9.096833188781737
chr20	37005000	37010000	7.537965982426438	9.096833188781737
chr20	37005000	37010000	7.537965982426438	9.096833188781737
chr20	37005000	37010000	7.537965982426438	9.096833188781737
chr20	37020000	37025000	1.0157835945200697	0.5558189349365235
chr20	37055000	37060000	1.9592633541499345	1.7795071185302735
chr20	37075000	37080000	0.9646377730039792	0.7606112872314453
chr20	37080000	37085000	0.9909226093613098	0.7725661372375489
chr20	37175000	37180000	2.6165545719324985	2.681839109649658
chr20	37205000	37210000	0.9221001485378943	1.3498921531677246
chr20	37215000	37220000	3.993725900182991	4.2325291696167
chr20	37475000	37480000	4.433713507251205	9.436194985656739
chr20	37475000	37480000	4.433713507251205	9.436194985656739
chr20	37515000	37520000	4.23183013277143	4.944425342712403
chr20	37525000	37530000	3.0631548419702836	3.699490715332031
chr20	38075000	38080000	2.8718469340386794	3.514120931854248
chr20	38085000	38090000	1.019939324751524	1.0420812899780272
chr20	38090000	38095000	4.020061968851535	3.433419516906738
chr20	38105000	38110000	8.452107023948598	10.081833887939451
chr20	38105000	38110000	8.452107023948598	10.081833887939451
chr20	38105000	38110000	8.452107023948598	10.081833887939451
chr20	39985000	39990000	10.793014515243959	8.588949682617187
chr20	39985000	39990000	10.793014515243959	8.588949682617187
chr20	39985000	39990000	10.793014515243959	8.588949682617187
chr20	40085000	40090000	3.695448305076528	4.410894157714844
chr20	40100000	40105000	1.409834671106071	1.2051914343261718
chr20	40105000	40110000	4.915308908052534	3.635722352294922
chr20	40110000	40115000	5.8436278743280425	3.961538183593749
chr20	40685000	40690000	5.6300876321667825	3.5175071044921875
chr20	41030000	41035000	2.140487743056823	1.9125428088378904
chr20	41050000	41055000	5.265057373560255	6.99231936340332
chr20	44205000	44210000	1.7856920343987295	1.7059556323242189
chr20	44215000	44220000	1.1374662209769275	2.767229364013672
chr20	44215000	44220000	1.1374662209769275	2.767229364013672
chr20	44310000	44315000	3.029564271730797	5.573940827636719
chr20	44310000	44315000	3.029564271730797	5.573940827636719
chr20	44385000	44390000	1.429016387311989	1.9209659552001952
chr20	44740000	44745000	6.42072043194637	10.441951157226564
chr20	44835000	44840000	3.6997986077139315	4.696069658813477
chr20	45910000	45915000	2.869622302759473	3.347652341308594
chr20	45920000	45925000	4.100242256635148	4.426409341430664
chr20	46390000	46395000	1.128051485721196	1.0298949920654297
chr20	46400000	46405000	3.7658472234137697	3.8072564666748048
chr20	46440000	46445000	4.97725570061229	7.526517477416992
chr20	46475000	46480000	2.4028364592650227	3.3018608215332033
chr20	47305000	47310000	2.3009579030830167	2.6650504150390626
chr20	47310000	47315000	5.566891536762558	8.23887724609375
chr20	47310000	47315000	5.566891536762558	8.23887724609375
chr20	47315000	47320000	13.2169640625	11.140704089355468
chr20	47320000	47325000	3.372625584796656	2.533925047302246
chr20	47355000	47360000	17.351083250584114	16.158767822265624
chr20	47355000	47360000	17.351083250584114	16.158767822265624
chr20	47355000	47360000	17.351083250584114	16.158767822265624
chr20	47360000	47365000	5.177627735515843	6.77594888458252
chr20	47360000	47365000	5.177627735515843	6.77594888458252
chr20	47710000	47715000	4.9323135845433885	4.290450769500732
chr20	47720000	47725000	3.793397410854446	2.602294531478882
chr20	48655000	48660000	0.6445373386276103	0.8480277919006347
chr20	48900000	48905000	6.257629691607039	8.999777153015136
chr20	49330000	49335000	1.2964286468220647	1.0749348992919923
chr20	49410000	49415000	0.9670938574675089	1.1006969863891602
chr20	49420000	49425000	7.977155562299212	9.97794748840332
chr20	49420000	49425000	7.977155562299212	9.97794748840332
chr20	49420000	49425000	7.977155562299212	9.97794748840332
chr20	49425000	49430000	1.2151342083226855	1.9640382562255858
chr20	49425000	49430000	1.2151342083226855	1.9640382562255858
chr20	49435000	49440000	0.8946232541663625	0.9201318548583984
chr20	49475000	49480000	4.338809852785484	6.440813701171875
chr20	49480000	49485000	5.34493562719042	7.608434637451172
chr20	49480000	49485000	5.34493562719042	7.608434637451172
chr20	49480000	49485000	5.34493562719042	7.608434637451172
chr20	49480000	49485000	5.34493562719042	7.608434637451172
chr20	49480000	49485000	5.34493562719042	7.608434637451172
chr20	49525000	49530000	0.9176857040833091	1.324506577453613
chr20	49530000	49535000	1.6797256833655811	2.856208248901367
chr20	49680000	49685000	6.592220488646321	6.670759672851562
chr20	49680000	49685000	6.592220488646321	6.670759672851562
chr20	49755000	49760000	2.350950975649825	1.7564954714965821
chr20	49825000	49830000	1.6450493631808556	1.4273229082870482
chr20	50190000	50195000	11.58180154903804	9.814809555664063
chr20	50305000	50310000	7.919596781336705	5.6991615156555175
chr20	50655000	50660000	4.290720042690385	4.262575119628907
chr20	50690000	50695000	7.829072195463092	7.946464403076171
chr20	53590000	53595000	8.638160959404205	5.967488757324219
chr20	53590000	53595000	8.638160959404205	5.967488757324219
chr20	53590000	53595000	8.638160959404205	5.967488757324219
chr20	53825000	53830000	2.8888404412100246	2.6326307205200195
chr20	53925000	53930000	1.4480512063284898	1.2603045043945313
chr20	54060000	54065000	6.425909492963274	7.673274642944336
chr20	57510000	57515000	1.505506513877227	2.372928121948242
chr20	57515000	57520000	12.613644588748539	15.602136697387696
chr20	57515000	57520000	12.613644588748539	15.602136697387696
chr20	57515000	57520000	12.613644588748539	15.602136697387696
chr20	57515000	57520000	12.613644588748539	15.602136697387696
chr20	57515000	57520000	12.613644588748539	15.602136697387696
chr20	57515000	57520000	12.613644588748539	15.602136697387696
chr20	57520000	57525000	1.4043146801244433	1.2994392523193359
chr20	57530000	57535000	0.9032587386371933	0.9943494692993163
chr20	57550000	57555000	5.851945003331265	4.690222390136719
chr20	57550000	57555000	5.851945003331265	4.690222390136719
chr20	57555000	57560000	7.266238969863464	8.113772579956054
chr20	57555000	57560000	7.266238969863464	8.113772579956054
chr20	57560000	57565000	19.53845679760514	25.21206970703125
chr20	57560000	57565000	19.53845679760514	25.21206970703125
chr20	57570000	57575000	2.487835118145809	3.302670668945313
chr20	57575000	57580000	3.2135037985543224	4.232877097167968
chr20	57580000	57585000	14.300313274861272	13.261577212524415
chr20	57580000	57585000	14.300313274861272	13.261577212524415
chr20	57580000	57585000	14.300313274861272	13.261577212524415
chr20	57585000	57590000	2.6786463483863905	1.8551435803222656
chr20	57590000	57595000	2.307417732823452	1.5135235998535155
chr20	58905000	58910000	4.603648760701117	3.9962730947875973
chr20	59040000	59045000	4.936022401499525	4.527257064208984
chr20	60005000	60010000	1.371894577739395	1.3174440351867676
chr20	60030000	60035000	1.0921123640113903	2.3934216676330564
chr20	62860000	62865000	3.8556953773569838	7.851926970062256
chr20	62870000	62875000	2.6236734649943414	2.1985864097595216
chr8	129260000	129265000	2.9483721519398913	3.5009507202148438
chr8	129260000	129265000	2.9483721519398913	3.5009507202148438
chr8	129270000	129275000	8.427496458934177	8.88882783203125
chr8	129350000	129355000	3.166343832140771	3.862774798583984
chr8	129435000	129440000	5.942368634090245	6.467792185058594
chr8	129435000	129440000	5.942368634090245	6.467792185058594
chr8	129435000	129440000	5.942368634090245	6.467792185058594
chr8	129435000	129440000	5.942368634090245	6.467792185058594
chr8	129440000	129445000	3.8659066195193854	6.419277840576172
chr8	129530000	129535000	1.3534031243154936	1.5314697570800782
chr8	129535000	129540000	2.895178050160631	3.4131861083984374
chr8	129535000	129540000	2.895178050160631	3.4131861083984374
chr8	129550000	129555000	7.13913616156177	9.484187797851563
chr8	129590000	129595000	1.0048493950674469	1.650640155944824
chr8	129920000	129925000	1.23176147552205	0.986852379760742
chr8	129930000	129935000	4.534241531286507	8.14778493988037
chr8	132065000	132070000	2.766865016245619	5.492920468521119
chr8	132065000	132070000	2.766865016245619	5.492920468521119
chr8	132065000	132070000	2.766865016245619	5.492920468521119
chr8	132090000	132095000	3.737516277334623	5.0633632110595705
chr8	132115000	132120000	2.769736247153594	5.021681873321533
chr8	132120000	132125000	2.0864717646803808	3.1681302734375
chr8	133570000	133575000	9.171685639169283	13.352751396484374
chr8	133570000	133575000	9.171685639169283	13.352751396484374
chr8	133570000	133575000	9.171685639169283	13.352751396484374
chr8	133575000	133580000	2.0640367860597983	2.824773193359375
chr8	133600000	133605000	1.2663902110732606	2.2075309179687497
chr8	133680000	133685000	1.0926540086264922	0.9232581817626954
chr8	133685000	133690000	1.4820215938960282	1.9176082977294922
chr8	133885000	133890000	0.9328080444335938	0.8385048510742187
chr8	134520000	134525000	15.262435739449472	9.649064735717774
chr8	134520000	134525000	15.262435739449472	9.649064735717774
chr8	134635000	134640000	5.856272510792385	6.19442659362793
chr8	134640000	134645000	7.092690872449073	6.770942548217773
chr8	143025000	143030000	0.7794362910475685	0.8796082380676269
chr8	143045000	143050000	0.5920834507737204	0.8215999560546876
chr8	143545000	143550000	3.7018876884674357	13.950312241210938
chr8	143545000	143550000	3.7018876884674357	13.950312241210938
chr8	143550000	143555000	3.0117773962288257	8.121992626953125
chr8	143560000	143565000	1.9722325501058706	4.093415353393555
chr8	143560000	143565000	1.9722325501058706	4.093415353393555
chr8	143565000	143570000	1.298633069646247	1.531006826171875
chr4	1875000	1880000	2.360832694536726	3.0242689794921875
chr4	1885000	1890000	2.8764406485869505	3.2091177136230473
chr4	2005000	2010000	2.9603935012246962	2.712289306335449
chr4	2010000	2015000	4.29918090729045	4.0568853631591795
chr4	2010000	2015000	4.29918090729045	4.0568853631591795
chr4	2025000	2030000	1.9606411987019476	3.3992335772705076
chr4	2060000	2065000	1.2918366503991812	1.1466050981140135
chr4	2090000	2095000	1.5450854682993667	1.0925340017700196
chr4	2140000	2145000	13.995612174973536	15.289812764282225
chr4	2140000	2145000	13.995612174973536	15.289812764282225
chr4	2140000	2145000	13.995612174973536	15.289812764282225
chr4	2140000	2145000	13.995612174973536	15.289812764282225
chr4	2140000	2145000	13.995612174973536	15.289812764282225
chr4	2145000	2150000	1.1424232189428025	1.2901187133789063
chr4	2155000	2160000	1.5674431329745	1.9434283300781252
chr4	2170000	2175000	1.0112207359242662	0.5603924998474121
chr4	2875000	2880000	0.8662326202677788	0.7138055989074708
chr4	2885000	2890000	0.7578908840571609	1.2791192817687989
chr4	2985000	2990000	1.0383577638144805	0.7667189085006714
chr4	3010000	3015000	1.7068181513420888	2.7031432969665525
chr4	3320000	3325000	6.037575743373978	4.760474444732667
chr4	3330000	3335000	0.9620679914813176	0.550029663696289
chr4	6840000	6845000	5.007438644095448	4.465948687744141
chr4	6850000	6855000	2.5260089561391097	3.29132482711792
chr4	7805000	7810000	5.897720909389603	4.328571691894531
chr4	7890000	7895000	1.449400252354702	1.4808721069335937
chr4	14500000	14505000	7.873803530113719	8.564866665039062
chr4	14770000	14775000	13.691101580582378	12.433950822753905
chr4	14785000	14790000	1.2347895862044576	1.1879398596191408
chr4	14825000	14830000	2.47153398876725	1.4313172491455077
chr4	14865000	14870000	6.946791684159609	5.981499333496093
chr4	14900000	14905000	2.6748060486695473	2.040918578491211
chr4	14900000	14905000	2.6748060486695473	2.040918578491211
chr4	14910000	14915000	8.350029295477466	7.892913077392578
chr4	14910000	14915000	8.350029295477466	7.892913077392578
chr4	15000000	15005000	11.960890764753396	7.899052774658203
chr4	15000000	15005000	11.960890764753396	7.899052774658203
chr4	15000000	15005000	11.960890764753396	7.899052774658203
chr4	15000000	15005000	11.960890764753396	7.899052774658203
chr4	15000000	15005000	11.960890764753396	7.899052774658203
chr4	15000000	15005000	11.960890764753396	7.899052774658203
chr4	15000000	15005000	11.960890764753396	7.899052774658203
chr4	15550000	15555000	3.397064175158349	3.673844510498047
chr4	15585000	15590000	13.50832665445203	13.18478067565918
chr4	20645000	20650000	6.730522141729337	7.805408773803711
chr4	20645000	20650000	6.730522141729337	7.805408773803711
chr4	20675000	20680000	1.5440189741758543	1.6115631019592285
chr4	20680000	20685000	0.9623409541335061	1.050736163330078
chr4	24570000	24575000	1.1952388124840283	1.6422749475097658
chr4	24580000	24585000	2.7808714935017522	2.2364771057128907
chr4	24655000	24660000	4.2696366128796726	5.351868364257812
chr4	24655000	24660000	4.2696366128796726	5.351868364257812
chr4	24655000	24660000	4.2696366128796726	5.351868364257812
chr4	24795000	24800000	4.031570081593166	3.1662199291992192
chr4	38775000	38780000	6.610290809018145	2.8419094940185547
chr4	38785000	38790000	1.2576256442346305	1.6910199523925782
chr4	39405000	39410000	16.410470388252044	12.86703876953125
chr4	39410000	39415000	26.569975994816005	24.973385546875
chr4	39435000	39440000	29.33804297445422	30.461528552246094
chr4	39435000	39440000	29.33804297445422	30.461528552246094
chr4	39495000	39500000	1.2887965301228461	1.7390698852539062
chr4	39540000	39545000	1.4766906579703927	1.004422589111328
chr4	39620000	39625000	2.084013315589406	2.2890425415039064
chr4	39635000	39640000	4.355818957291363	2.848277197265625
chr4	39960000	39965000	1.4937580701025848	0.9781397454833983
chr4	39970000	39975000	0.8218893302560968	1.2319376879882813
chr4	45180000	45185000	1.1982095737920744	3.096749560546875
chr4	45315000	45320000	6.843989501011929	9.04791552734375
chr4	45315000	45320000	6.843989501011929	9.04791552734375
chr4	45325000	45330000	1.086900375965154	1.0384627337646484
chr4	47880000	47885000	0.5093026278772087	0.5319964378356934
chr4	47890000	47895000	0.4686361127906871	0.7470066515350341
chr4	47890000	47895000	0.4686361127906871	0.7470066515350341
chr4	47900000	47905000	0.4841197749913295	0.7066850457763673
chr4	48330000	48335000	2.2023013699255256	4.103083125305176
chr4	48340000	48345000	3.881429170583565	4.3447823928833005
chr4	55495000	55500000	1.3473087403484594	1.1670986810302735
chr4	55545000	55550000	2.16246668290468	2.6633710958862302
chr4	57040000	57045000	1.6685462110287677	1.8310607809448243
chr4	57105000	57110000	2.4667273732408184	2.774639464111328
chr13	75875000	75880000	1.1560271275030118	2.0578231480407716
chr13	76470000	76475000	0.7636938608900409	0.6009745449829101
chr13	80445000	80450000	4.4404758185555995	7.273239891052246
chr13	80555000	80560000	7.532829864673081	8.525296661376952
chr13	94435000	94440000	0.8822387483543326	0.5090133098602295
chr13	94580000	94585000	4.581189457445947	4.811245232391357
chr13	94600000	94605000	4.982792504597602	7.152247399902344
chr13	94605000	94610000	5.908010753710025	8.734864302062988
chr13	100160000	100165000	1.6359043797573196	1.5901145148468019
chr13	100170000	100175000	0.9887420347409829	1.2717671357727052
chr13	100825000	100830000	2.7277624575606016	3.277690151062012
chr13	100840000	100845000	3.7838018465131245	4.413934311676026
chr13	102595000	102600000	3.540837578946408	3.1076337005615233
chr13	102700000	102705000	1.8977894528968313	3.741548715209961
chr13	102710000	102715000	1.6777626576646467	1.5011342422485352
chr13	102720000	102725000	4.259111287054615	5.944622076416016
chr13	109655000	109660000	4.989471611693195	7.020021889038086
chr13	109665000	109670000	6.701561338278512	5.396444707031249
chr13	109665000	109670000	6.701561338278512	5.396444707031249
chr13	109665000	109670000	6.701561338278512	5.396444707031249
chr13	109670000	109675000	16.1821967894367	16.474712703857424
chr13	109670000	109675000	16.1821967894367	16.474712703857424
chr13	109680000	109685000	3.6964046377592	8.218092555847168
chr13	109685000	109690000	9.51503255010587	7.788710058288575
chr13	109775000	109780000	3.060338647917275	2.330290631713867
chr13	109780000	109785000	3.425950084422459	2.7664768576049807
chr13	109780000	109785000	3.425950084422459	2.7664768576049807
chr13	109785000	109790000	4.9093768267194795	8.441498723449707
chr13	109785000	109790000	4.9093768267194795	8.441498723449707
chr13	109790000	109795000	4.997430135509455	9.279685878295899
chr13	109870000	109875000	5.4790783974335575	9.697461081237794
chr13	109875000	109880000	3.7310374242479556	9.946397204589843
chr13	110275000	110280000	14.807416123777013	15.251082065734863
chr13	110415000	110420000	6.496905242406542	7.317962626342774
chr13	110520000	110525000	5.30941510511737	10.019252529602051
chr13	110525000	110530000	3.49147236430801	5.8148880606079105
chr13	110555000	110560000	3.6364467635395368	4.1248791006469725
chr13	110560000	110565000	3.4554834898761495	4.956032959747314
chr13	111065000	111070000	1.8089336091513946	2.2140729320526122
chr13	111070000	111075000	1.3106841483142888	1.4774567472839355
chr13	111075000	111080000	5.132448840674284	7.315067837219239
chr13	111075000	111080000	5.132448840674284	7.315067837219239
chr13	111110000	111115000	1.8528854265159533	1.2223564854431153
chr13	111115000	111120000	6.4588815267687645	7.396318558349609
chr13	111115000	111120000	6.4588815267687645	7.396318558349609
chr13	111115000	111120000	6.4588815267687645	7.396318558349609
chr13	111115000	111120000	6.4588815267687645	7.396318558349609
chr13	111115000	111120000	6.4588815267687645	7.396318558349609
chr13	111125000	111130000	1.3468903731016355	0.9789795071411133
chr13	111150000	111155000	3.0525697029470282	2.8866022283935546
chr16	66270000	66275000	1.426380819901796	1.0530518684387207
chr16	66275000	66280000	0.864931974207798	1.093576326751709
chr16	66275000	66280000	0.864931974207798	1.093576326751709
chr16	66280000	66285000	0.522576949189088	0.5682080837249756
chr16	66310000	66315000	2.1058260922440857	3.3743703304290773
chr16	66310000	66315000	2.1058260922440857	3.3743703304290773
chr16	66310000	66315000	2.1058260922440857	3.3743703304290773
chr16	66315000	66320000	1.9089195314781688	4.120884654998779
chr16	67790000	67795000	1.169395840596707	1.3564627908325195
chr16	67800000	67805000	0.8061735311632958	1.021848110961914
chr16	68000000	68005000	0.7139039599837543	1.001470295715332
chr16	68025000	68030000	3.685694806307499	4.717489904479981
chr16	68190000	68195000	2.712699449428665	3.4329561584472654
chr16	68200000	68205000	3.4284252418589363	4.35201814300537
chr16	68200000	68205000	3.4284252418589363	4.35201814300537
chr16	68210000	68215000	0.8406462648195642	0.9713085008239745
chr16	68265000	68270000	9.31322437755549	10.49807566986084
chr16	68265000	68270000	9.31322437755549	10.49807566986084
chr16	68290000	68295000	3.6595289149204144	9.330454661865234
chr16	68295000	68300000	3.635229303035558	4.256033082885742
chr16	69400000	69405000	3.7945381888701535	2.5164419790649415
chr16	69405000	69410000	4.955639686926726	4.822447932739258
chr16	69420000	69425000	5.907243635915596	4.436424979248048
chr16	69420000	69425000	5.907243635915596	4.436424979248048
chr16	70690000	70695000	4.096655924574237	3.4171805509948734
chr16	70700000	70705000	1.3615051140901084	0.9026199622344971
chr16	75000000	75005000	1.671970329184844	1.7060137765502932
chr16	75025000	75030000	5.492356008426275	7.079013428497315
chr16	77235000	77240000	4.30768694309698	3.2692671862792966
chr16	77235000	77240000	4.30768694309698	3.2692671862792966
chr16	77270000	77275000	11.782397752993575	10.01968752380371
chr16	77275000	77280000	27.239926678409752	26.98714584289551
chr16	77275000	77280000	27.239926678409752	26.98714584289551
chr16	77435000	77440000	1.5232196165851344	1.436295666809082
chr16	77675000	77680000	4.397013010641793	4.444876937255859
chr16	77760000	77765000	12.698031205278914	9.343046901855468
chr16	80835000	80840000	4.406114134715428	4.706837390594483
chr16	80845000	80850000	6.15738660192757	7.550975639038087
chr16	81005000	81010000	3.3893242920207087	2.716892492675781
chr16	81025000	81030000	0.6692269020722291	0.9887630736541747
chr16	81090000	81095000	1.259271130741868	1.3324956576538087
chr16	81095000	81100000	3.986444597647124	3.125232127532959
chr16	81185000	81190000	10.395782112107321	9.524422415771486
chr16	81185000	81190000	10.395782112107321	9.524422415771486
chr16	81510000	81515000	3.7021932931775243	4.314243481903077
chr16	81535000	81540000	1.2924795289939808	1.8313497029113768
chr16	84280000	84285000	0.5717814991603387	0.5451959836959839
chr16	84285000	84290000	0.9127589730806439	1.0026859657287597
chr16	84290000	84295000	0.6384407138717509	0.5216048473358155
chr16	84300000	84305000	0.7187583372882593	0.5567742195129395
chr16	87315000	87320000	5.001569699638581	5.371551350402832
chr16	87385000	87390000	6.494999843932535	7.5012764068603515
chr16	88305000	88310000	1.6448296033342307	1.2120225704956056
chr16	88330000	88335000	1.8481206681723907	1.7272600245666505
chr3	129165000	129170000	0.665743471405885	0.8209924603271483
chr3	129175000	129180000	1.9473329711343639	1.5588814752197266
chr3	129440000	129445000	3.437928514826409	3.5847207318115237
chr3	129485000	129490000	12.80836564285421	12.095106162719725
chr3	129485000	129490000	12.80836564285421	12.095106162719725
chr3	129625000	129630000	8.749590314833027	6.630757101745605
chr3	130760000	130765000	0.7456884580808265	0.9556195605468749
chr3	130760000	130765000	0.7456884580808265	0.9556195605468749
chr3	130765000	130770000	0.8620166232385369	0.6858438983154297
chr3	130820000	130825000	4.946273764694071	8.491516383056641
chr3	130820000	130825000	4.946273764694071	8.491516383056641
chr3	130820000	130825000	4.946273764694071	8.491516383056641
chr3	130820000	130825000	4.946273764694071	8.491516383056641
chr3	130820000	130825000	4.946273764694071	8.491516383056641
chr3	130830000	130835000	1.8019227586977948	1.9728373226928706
chr3	130835000	130840000	2.382827805107331	2.760108410644531
chr3	130890000	130895000	2.9930269722911804	2.301547461242676
chr3	130890000	130895000	2.9930269722911804	2.301547461242676
chr3	130920000	130925000	1.717133269750292	1.8079033325195313
chr3	130930000	130935000	1.7385325478241822	1.4793092822265625
chr3	131260000	131265000	4.179362824627173	4.093415417175294
chr3	131275000	131280000	0.7772120930609302	1.1514097244262695
chr3	132555000	132560000	4.22100185546875	3.602723571166992
chr3	132595000	132600000	4.48061719708309	4.966047947998047
chr3	134305000	134310000	1.602574711794274	1.4897018510437012
chr3	134360000	134365000	6.3936117684908	4.464675393371582
chr3	134455000	134460000	1.1360474017847366	0.8201527873229979
chr3	134475000	134480000	1.420970717841888	1.0075777193450928
chr3	136080000	136085000	1.1019735722907236	0.8145373779296875
chr3	136195000	136200000	7.3410397638053535	6.508779294586182
chr3	136195000	136200000	7.3410397638053535	6.508779294586182
chr3	136195000	136200000	7.3410397638053535	6.508779294586182
chr3	136280000	136285000	1.1202542066484968	0.7171345291137695
chr3	136300000	136305000	0.2545945420880184	0.2599341999053955
chr3	138080000	138085000	0.8060356571946189	0.8389388901901246
chr3	138115000	138120000	3.2640314504462977	3.9049774919128417
chr3	138345000	138350000	3.46799176527362	4.175188514404296
chr3	138350000	138355000	3.0469901275919975	3.273638101654053
chr3	138385000	138390000	6.958097970666619	6.821626285705567
chr3	138385000	138390000	6.958097970666619	6.821626285705567
chr3	142105000	142110000	1.4878136740140824	1.9335865905761718
chr3	142115000	142120000	3.7224588583687757	6.1689535400390625
chr3	142845000	142850000	8.801386362350321	6.325840411376953
chr3	142880000	142885000	1.566656381881571	0.9841606628417969
chr3	143535000	143540000	11.61706899322795	9.198896575927735
chr3	143635000	143640000	6.414358053446262	7.607103528442384
chr3	152085000	152090000	7.370653706145956	5.23452143737793
chr3	152175000	152180000	1.9257425838292206	1.8062534352111816
chr3	152195000	152200000	1.9814619268114322	2.0897504652404786
chr3	152270000	152275000	4.30394569251515	2.931497069396973
chr3	152270000	152275000	4.30394569251515	2.931497069396973
chr3	152385000	152390000	1.6356880604396355	1.0973103036499023
chr3	154095000	154100000	0.9898325555248796	0.5674552893066406
chr3	154250000	154255000	1.0806851666602018	0.8460305416870119
chr3	156105000	156110000	1.034482598249489	1.3080363764953613
chr3	156140000	156145000	0.7833334312938084	1.5193704866027833
chr3	157090000	157095000	2.1429290215893326	1.212254425048828
chr3	157130000	157135000	11.179244067154645	8.685511706542968
chr3	157155000	157160000	5.00459831006772	4.402674176025391
chr3	157160000	157165000	6.781032041232385	5.507250372314453
chr3	157170000	157175000	10.05801130302643	7.978652966308593
chr3	157175000	157180000	4.222416521931587	2.6086057006835937
chr3	157200000	157205000	1.52731257849007	0.9523199676513672
chr3	157440000	157445000	4.226876973203855	2.915432470703125
chr3	157545000	157550000	5.377829230934214	5.0140115234375
chr3	157555000	157560000	2.5221558556102153	1.7575956481933594
chr3	167715000	167720000	1.2229472111211759	0.8881757651138305
chr3	167725000	167730000	1.203856867881133	1.2534444161224365
chr3	169865000	169870000	2.10104081979912	3.6484881202697754
chr3	169875000	169880000	1.4945544657484393	1.231792672729492
chr3	169880000	169885000	1.4210434413446444	1.3423662826538085
chr3	169885000	169890000	2.774047716914382	2.8851833938598634
chr3	170105000	170110000	1.9230074348806219	1.6232863227844239
chr3	170115000	170120000	0.8059123762754636	0.708595458984375
chr3	170240000	170245000	1.6209403363094153	1.10428607711792
chr3	170250000	170255000	0.9329049663222839	0.7929729267120361
chr3	177040000	177045000	6.762568005884473	8.540319409179688
chr3	177335000	177340000	10.213307599504418	8.678101975097658
chr3	179145000	179150000	2.6554798288790984	3.9984731112670895
chr3	179145000	179150000	2.6554798288790984	3.9984731112670895
chr3	179145000	179150000	2.6554798288790984	3.9984731112670895
chr3	179195000	179200000	1.342450914443542	1.3946135131835937
chr3	179210000	179215000	4.107521966581255	8.429224621582032
chr3	179215000	179220000	9.052697021712543	18.322302182617186
chr3	180690000	180695000	2.0884822642673955	1.9637486599731444
chr3	180690000	180695000	2.0884822642673955	1.9637486599731444
chr3	180700000	180705000	4.2680691777594735	4.661970934295654
chr3	180700000	180705000	4.2680691777594735	4.661970934295654
chr3	180710000	180715000	1.0328522628498968	0.9355602328491209
chr3	180730000	180735000	6.800371923143618	4.842016044769287
chr3	180730000	180735000	6.800371923143618	4.842016044769287
chr3	180730000	180735000	6.800371923143618	4.842016044769287
chr3	180740000	180745000	1.3767167893169083	1.9300842175292967
chr3	180745000	180750000	8.904306308411215	10.139175971679688
chr3	180745000	180750000	8.904306308411215	10.139175971679688
chr3	180750000	180755000	2.5148490925156066	1.464576128845215
chr3	180750000	180755000	2.5148490925156066	1.464576128845215
chr3	180760000	180765000	2.0541302829492873	2.022681783752441
chr3	182790000	182795000	2.694212806487752	2.8779180078124997
chr3	182800000	182805000	8.274561524350174	9.742270014648438
chr3	182830000	182835000	1.0754490874388507	1.716260786743164
chr3	182835000	182840000	1.0257653556467217	0.9937704083251953
chr3	184155000	184160000	2.288883015912493	1.8877361328125
chr3	184170000	184175000	4.075051055337781	3.3915351025390628
chr3	186830000	186835000	7.50270026216596	11.976315498046874
chr3	186840000	186845000	25.93762246686989	31.133535424804688
chr3	187735000	187740000	11.894864869304907	12.163536838378906
chr3	187735000	187740000	11.894864869304907	12.163536838378906
chr3	187735000	187740000	11.894864869304907	12.163536838378906
chr3	187735000	187740000	11.894864869304907	12.163536838378906
chr3	187740000	187745000	10.816276416471963	9.272536125488282
chr3	187740000	187745000	10.816276416471963	9.272536125488282
chr3	187740000	187745000	10.816276416471963	9.272536125488282
chr3	187745000	187750000	7.946865710106965	5.6275500622558585
chr3	187745000	187750000	7.946865710106965	5.6275500622558585
chr3	187825000	187830000	0.6816201319756908	0.6240734301757811
chr3	187835000	187840000	1.8887652904760057	2.290548017578125
chr3	187845000	187850000	3.2398199731559396	2.825815612792969
chr3	187915000	187920000	2.680707891047112	2.747893013305664
chr3	187950000	187955000	9.13080787153868	7.242498500976563
chr3	187960000	187965000	11.147751340149496	10.119145423583985
chr3	187960000	187965000	11.147751340149496	10.119145423583985
chr3	187960000	187965000	11.147751340149496	10.119145423583985
chr3	187965000	187970000	6.2868767578125	6.630872319335937
chr3	188830000	188835000	9.973952263833874	7.716575998535157
chr3	189120000	189125000	17.320238264137338	7.438405647277832
chr10	905000	910000	4.098388960052206	4.752340612792969
chr10	915000	920000	1.0204566227137486	0.8811132385253906
chr10	3245000	3250000	0.9367156653573581	1.113143564453125
chr10	3290000	3295000	2.9057636237884235	3.9218243960571284
chr10	3465000	3470000	8.527558107693396	4.427797637939453
chr10	3620000	3625000	2.488642531293352	2.4285622888183593
chr10	5015000	5020000	12.62250981639256	16.40881094482422
chr10	5015000	5020000	12.62250981639256	16.40881094482422
chr10	5015000	5020000	12.62250981639256	16.40881094482422
chr10	5015000	5020000	12.62250981639256	16.40881094482422
chr10	5015000	5020000	12.62250981639256	16.40881094482422
chr10	5070000	5075000	20.328029503710024	17.429347347717286
chr10	5075000	5080000	3.701999088123357	4.238550185241699
chr10	5090000	5095000	9.805400216304031	10.923058798828126
chr10	5095000	5100000	4.2422064570061515	3.134640347290039
chr10	5280000	5285000	3.2950474021269898	5.41595438079834
chr10	7560000	7565000	1.6147755806896174	4.217651897888184
chr10	7605000	7610000	2.349212285064983	4.349991876220703
chr10	7610000	7615000	7.127718751882392	13.80777817993164
chr10	7610000	7615000	7.127718751882392	13.80777817993164
chr10	7610000	7615000	7.127718751882392	13.80777817993164
chr10	7630000	7635000	1.7786310887416947	4.838830836791992
chr10	7630000	7635000	1.7786310887416947	4.838830836791992
chr10	7630000	7635000	1.7786310887416947	4.838830836791992
chr10	7630000	7635000	1.7786310887416947	4.838830836791992
chr10	7630000	7635000	1.7786310887416947	4.838830836791992
chr10	7635000	7640000	1.5548592723240362	2.811284714355469
chr10	7640000	7645000	0.6506706809641045	0.8411675769042968
chr10	7650000	7655000	0.822249429577979	1.0481310968017579
chr10	7650000	7655000	0.822249429577979	1.0481310968017579
chr10	7655000	7660000	0.7246810156135916	1.1806453839111328
chr10	7660000	7665000	1.996758209285558	4.200110681152344
chr10	7660000	7665000	1.996758209285558	4.200110681152344
chr10	7660000	7665000	1.996758209285558	4.200110681152344
chr10	7660000	7665000	1.996758209285558	4.200110681152344
chr10	7665000	7670000	0.6253961081246349	2.360075479736328
chr10	7665000	7670000	0.6253961081246349	2.360075479736328
chr10	7665000	7670000	0.6253961081246349	2.360075479736328
chr10	13885000	13890000	17.1829754615855	16.2227962109375
chr10	13955000	13960000	2.3855261532364604	1.8079617364501952
chr10	14700000	14705000	7.754831610164464	9.13932529197693
chr10	14735000	14740000	5.274896722697321	4.024814034881591
chr10	15430000	15435000	1.245983266356281	1.148167753753662
chr10	15485000	15490000	3.5366116654725825	2.000278650894165
chr10	17000000	17005000	8.21955040020809	8.14625041809082
chr10	17030000	17035000	1.112813048974153	1.0902182293701173
chr10	17200000	17205000	4.218776507454275	3.0582521536254883
chr10	17230000	17235000	9.65608418151285	10.497469517822266
chr10	17640000	17645000	3.0600622303329894	3.331964688415527
chr10	17655000	17660000	1.9296346008871201	1.3280380535888672
chr10	21515000	21520000	2.529249614280629	1.7235838798522949
chr10	21525000	21530000	6.9089450716107805	3.7034850135803223
chr10	26435000	26440000	13.92793000511098	9.901066314697266
chr10	26485000	26490000	7.85057138443706	7.496037781066894
chr10	27220000	27225000	2.1565888817903036	3.4663304844665532
chr10	27230000	27235000	0.9373399773428372	1.2450789609527588
chr10	29735000	29740000	2.733231902790961	3.0624777709960935
chr10	29735000	29740000	2.733231902790961	3.0624777709960935
chr10	29745000	29750000	8.045633843309634	14.867203369140626
chr10	29745000	29750000	8.045633843309634	14.867203369140626
chr10	29745000	29750000	8.045633843309634	14.867203369140626
chr10	29745000	29750000	8.045633843309634	14.867203369140626
chr10	29750000	29755000	12.56604193851079	18.430444262695314
chr10	29750000	29755000	12.56604193851079	18.430444262695314
chr10	29750000	29755000	12.56604193851079	18.430444262695314
chr10	29750000	29755000	12.56604193851079	18.430444262695314
chr10	29750000	29755000	12.56604193851079	18.430444262695314
chr10	29755000	29760000	2.6820163201162748	4.9509095947265624
chr10	29800000	29805000	3.5610003504102474	3.0034275146484375
chr10	29800000	29805000	3.5610003504102474	3.0034275146484375
chr10	29800000	29805000	3.5610003504102474	3.0034275146484375
chr10	29805000	29810000	6.601979695314782	9.667938024902345
chr10	29805000	29810000	6.601979695314782	9.667938024902345
chr10	29805000	29810000	6.601979695314782	9.667938024902345
chr10	29805000	29810000	6.601979695314782	9.667938024902345
chr10	29855000	29860000	2.1232205136308044	2.167470031738281
chr10	29855000	29860000	2.1232205136308044	2.167470031738281
chr10	29945000	29950000	5.542945587728625	6.949335205078125
chr10	29945000	29950000	5.542945587728625	6.949335205078125
chr10	30000000	30005000	2.3208672379538275	5.400729052734375
chr10	32050000	32055000	5.287530557735835	7.027781085205078
chr10	32050000	32055000	5.287530557735835	7.027781085205078
chr10	32055000	32060000	3.234995178108572	3.4949299407958985
chr10	32135000	32140000	2.8269049441899097	3.4250252166748045
chr10	32160000	32165000	6.802324615535558	8.781032394409179
chr10	32160000	32165000	6.802324615535558	8.781032394409179
chr10	32375000	32380000	5.417395639237734	4.17559329071045
chr10	32385000	32390000	8.780214388667313	14.802222216796874
chr10	32395000	32400000	1.0465264664409317	1.4157440620422364
chr10	32445000	32450000	3.8667485698379083	2.742914625549316
chr10	32955000	32960000	6.499225173864631	4.941617569580077
chr10	32995000	33000000	4.532380053026431	8.167437552490235
chr10	33335000	33340000	4.495655830055308	5.377081456298828
chr10	33485000	33490000	2.665204023985105	1.5664654537963867
chr10	35200000	35205000	1.3842715849118812	2.207270001220703
chr10	35210000	35215000	1.763516911900601	3.171169243621826
chr10	41895000	41900000	12.109059431585864	11.83910969482422
chr10	41905000	41910000	9.520527917366385	10.188845498046874
chr10	42870000	42875000	5.845351025618793	5.427590077514648
chr10	42960000	42965000	2.5614368863114687	2.905243947753906
chr10	42960000	42965000	2.5614368863114687	2.905243947753906
chr10	42970000	42975000	2.7949636565932603	2.211930633850098
chr10	43420000	43425000	3.5572241229761428	5.1189112487792965
chr10	43430000	43435000	1.328570871684707	1.002685962524414
chr10	47105000	47110000	1.925295311701409	1.7537742773437497
chr10	47165000	47170000	5.173492266902745	5.38671980834961
chr10	47205000	47210000	21.157840648501388	19.568540424804688
chr10	47205000	47210000	21.157840648501388	19.568540424804688
chr10	49020000	49025000	1.7111116698077906	1.3139128313446045
chr10	49080000	49085000	2.067347497672678	1.1808191729736328
chr10	49085000	49090000	1.902090236884857	1.0970495654296877
chr10	49110000	49115000	1.228057871139384	1.4438795080566407
chr10	60235000	60240000	5.016326013582889	6.14747536819458
chr10	60350000	60355000	6.425001169878523	13.975089244079589
chr10	60350000	60355000	6.425001169878523	13.975089244079589
chr10	60430000	60435000	2.3089481432763215	2.1940420236206055
chr10	61895000	61900000	7.980606392377337	3.7338500329589843
chr10	61895000	61900000	7.980606392377337	3.7338500329589843
chr10	61900000	61905000	8.848040386335427	6.217207145996094
chr10	61900000	61905000	8.848040386335427	6.217207145996094
chr10	61900000	61905000	8.848040386335427	6.217207145996094
chr10	61905000	61910000	2.679899495861018	2.1569049060058596
chr10	61905000	61910000	2.679899495861018	2.1569049060058596
chr10	61920000	61925000	0.9795726749598423	0.7625507849121094
chr10	61935000	61940000	5.7280331274870395	6.976660452880859
chr10	61970000	61975000	5.435165991439106	4.024408637695313
chr10	61985000	61990000	5.054811307361638	5.412191076660156
chr10	62035000	62040000	4.160752044164354	2.8773401983642577
chr10	62035000	62040000	4.160752044164354	2.8773401983642577
chr10	62040000	62045000	3.3461710179979556	2.1289133752441405
chr10	62045000	62050000	12.568279236182098	9.417728138427734
chr10	62055000	62060000	25.487113657272197	20.212586877441407
chr10	62055000	62060000	25.487113657272197	20.212586877441407
chr10	62055000	62060000	25.487113657272197	20.212586877441407
chr10	62065000	62070000	2.0450852666837034	1.1966238232421875
chr10	62235000	62240000	2.996060461311697	2.031192216796875
chr10	62235000	62240000	2.996060461311697	2.031192216796875
chr10	62235000	62240000	2.996060461311697	2.031192216796875
chr10	62560000	62565000	4.998039623224846	3.9359494824218753
chr10	62580000	62585000	3.656232091486565	2.6521399841308595
chr10	63630000	63635000	6.070963603880696	4.668628245239257
chr10	63630000	63635000	6.070963603880696	4.668628245239257
chr10	63665000	63670000	12.06500802311407	18.987537772216797
chr10	63665000	63670000	12.06500802311407	18.987537772216797
chr10	63665000	63670000	12.06500802311407	18.987537772216797
chr10	63710000	63715000	7.137148800801786	5.49179273071289
chr10	63710000	63715000	7.137148800801786	5.49179273071289
chr10	63715000	63720000	1.9286282200323086	1.8560694744873045
chr5	2740000	2745000	0.7889911743449274	0.7512906211853028
chr5	3600000	3605000	1.6023463252842982	1.014959165649414
chr5	4880000	4885000	0.927336409124927	0.8787971524047851
chr5	4945000	4950000	3.5346287241712906	7.154620615234374
chr5	4945000	4950000	3.5346287241712906	7.154620615234374
chr5	4945000	4950000	3.5346287241712906	7.154620615234374
chr5	4945000	4950000	3.5346287241712906	7.154620615234374
chr5	4950000	4955000	3.570585763806494	10.100852414550781
chr5	4950000	4955000	3.570585763806494	10.100852414550781
chr5	4950000	4955000	3.570585763806494	10.100852414550781
chr5	4985000	4990000	3.2571384125611496	5.008106926269531
chr5	4985000	4990000	3.2571384125611496	5.008106926269531
chr5	4990000	4995000	4.4190345940420555	5.998057355957031
chr5	4990000	4995000	4.4190345940420555	5.998057355957031
chr5	5005000	5010000	1.6969329049083672	3.392229440307617
chr5	5385000	5390000	6.865654340683411	5.1247579345703125
chr5	10285000	10290000	6.042898150919976	3.4295115966796876
chr5	10330000	10335000	9.356578820458527	7.7563473388671875
chr5	10335000	10340000	2.1441963955032493	2.248518212890625
chr5	10350000	10355000	2.938721271037164	2.7133896850585937
chr5	10455000	10460000	1.56602785404954	1.7952254180908203
chr5	10540000	10545000	3.2700530538113317	9.064705059814454
chr5	14140000	14145000	3.104410929571134	2.599198495788574
chr5	14185000	14190000	13.042514191415377	10.501693822631836
chr5	31935000	31940000	4.688387921998212	10.185953237304687
chr5	31935000	31940000	4.688387921998212	10.185953237304687
chr5	31935000	31940000	4.688387921998212	10.185953237304687
chr5	32015000	32020000	8.018386185519494	12.8633356640625
chr5	32025000	32030000	3.9147577040627746	4.537214909057616
chr5	32030000	32035000	3.037715993948963	3.561969122924805
chr5	32055000	32060000	4.662794584527417	7.257205072021485
chr5	32055000	32060000	4.662794584527417	7.257205072021485
chr5	32110000	32115000	1.5600473628249123	1.1452155047607422
chr5	32120000	32125000	0.9132667628778476	1.032789425048828
chr5	32165000	32170000	2.455591097309433	1.8433910632324215
chr5	32165000	32170000	2.455591097309433	1.8433910632324215
chr5	32165000	32170000	2.455591097309433	1.8433910632324215
chr5	32170000	32175000	4.381529298700351	4.128266298828125
chr5	32255000	32260000	5.01365087063513	8.922173395996092
chr5	32280000	32285000	1.2628187353401539	1.2009074758911134
chr5	32300000	32305000	1.0419355913679178	1.3828038537597656
chr5	32305000	32310000	1.3763182063307717	1.947827442626953
chr5	33850000	33855000	3.384597007337909	3.5316904541015623
chr5	33890000	33895000	6.075203297951957	7.59419353881836
chr5	37330000	37335000	0.6605699452623028	0.6005404682922364
chr5	37340000	37345000	0.6487511361951026	0.4690102268981934
chr5	38440000	38445000	1.256119604606272	1.3448269244384767
chr5	38445000	38450000	5.515740365115728	7.213669555664063
chr5	38445000	38450000	5.515740365115728	7.213669555664063
chr5	38450000	38455000	0.9249794025171583	1.2065810009765625
chr5	38460000	38465000	2.0499587842139126	5.650821683349609
chr5	38465000	38470000	13.46345242406542	20.471827749023436
chr5	38465000	38470000	13.46345242406542	20.471827749023436
chr5	38465000	38470000	13.46345242406542	20.471827749023436
chr5	38465000	38470000	13.46345242406542	20.471827749023436
chr5	38465000	38470000	13.46345242406542	20.471827749023436
chr5	38805000	38810000	2.3404931878490984	2.142807945556641
chr5	38845000	38850000	4.953221292028694	3.755674128417969
chr5	39370000	39375000	1.0759893827919649	0.8341049145507812
chr5	39545000	39550000	1.4150518606881117	1.230548308105469
chr5	40990000	40995000	13.253418623594479	19.126941845092773
chr5	40990000	40995000	13.253418623594479	19.126941845092773
chr5	40990000	40995000	13.253418623594479	19.126941845092773
chr5	41150000	41155000	3.920691474814727	5.2141431579589845
chr5	41185000	41190000	1.7522685166973933	1.5222361097717287
chr5	41190000	41195000	2.7816693758670414	2.82816078414917
chr5	41705000	41710000	1.1641984458281616	0.9991837170410156
chr5	41840000	41845000	0.4134335991119669	0.7486857931518555
chr5	42235000	42240000	17.98039537821262	14.568944029541017
chr5	42360000	42365000	2.011371291800526	2.4388949679565433
chr5	42370000	42375000	5.425619895863756	5.807129355773926
chr5	42420000	42425000	4.495876484922605	3.195687110595703
chr5	43005000	43010000	7.2980132910327375	6.516882295074463
chr5	43005000	43010000	7.2980132910327375	6.516882295074463
chr5	43040000	43045000	4.329034073874215	3.448645607299805
chr5	43065000	43070000	4.417682725225431	3.600987816619873
chr5	43230000	43235000	2.1929947426769223	3.059178129577637
chr5	43235000	43240000	5.698464489803136	13.521332218017578
chr5	43235000	43240000	5.698464489803136	13.521332218017578
chr5	43250000	43255000	5.367033846874772	6.846374900207518
chr5	43275000	43280000	6.741942753586813	20.058969966430666
chr5	43275000	43280000	6.741942753586813	20.058969966430666
chr5	43280000	43285000	6.674637290769203	7.681292258300781
chr5	43305000	43310000	2.109378507753176	3.497130018310547
chr5	43995000	44000000	1.8044734999326901	3.920984822387695
chr5	44090000	44095000	5.884200658808913	7.286525680236818
chr5	44090000	44095000	5.884200658808913	7.286525680236818
chr5	44330000	44335000	1.8481207880037969	3.2840874508666995
chr5	55530000	55535000	3.2889802145129057	2.992312784423828
chr5	55565000	55570000	4.82313624524268	3.0330682653808596
chr5	55565000	55570000	4.82313624524268	3.0330682653808596
chr5	55575000	55580000	5.684517150251442	7.565304998779297
chr5	55595000	55600000	2.419302458404826	1.5153763598632812
chr5	55600000	55605000	9.884375994930089	7.469899260253906
chr5	55605000	55610000	1.7028727628333544	1.4294644201660156
chr5	55605000	55610000	1.7028727628333544	1.4294644201660156
chr5	55615000	55620000	1.0880269058084935	0.9707293627929686
chr5	55665000	55670000	3.4814691892819982	3.4783724932861326
chr5	57135000	57140000	0.5078739790016245	0.6113371612548828
chr5	57145000	57150000	0.429364674676913	0.8735869415283203
chr5	59495000	59500000	2.1948406160443743	1.6571531640625
chr5	59500000	59505000	1.7920963683511608	2.348613260345459
chr5	59660000	59665000	5.706777053062939	7.5087730333709715
chr5	59665000	59670000	2.749258619418991	3.916323939208984
chr5	61160000	61165000	3.101558633850668	2.509147540283203
chr5	61325000	61330000	3.4661039435556007	4.365160178527832
chr2	195455000	195460000	2.8211227364513363	4.66066912902832
chr2	195655000	195660000	19.501064535550984	18.537775383300783
chr2	200620000	200625000	7.4048178997289344	9.477355939941406
chr2	200645000	200650000	3.5585727317738756	4.6570501116943355
chr2	200745000	200750000	2.7638744219913662	2.587764219932556
chr2	200800000	200805000	1.407757323933539	0.9911075866699218
chr2	200810000	200815000	8.581658232330607	6.896654992675781
chr2	200810000	200815000	8.581658232330607	6.896654992675781
chr2	200905000	200910000	1.1579688641699675	0.8122217224121093
chr2	201115000	201120000	17.64974972100659	14.430119161987305
chr2	202035000	202040000	3.279253515967253	3.9754314331054688
chr2	202035000	202040000	3.279253515967253	3.9754314331054688
chr2	202035000	202040000	3.279253515967253	3.9754314331054688
chr2	202130000	202135000	2.8061797615407786	2.0383708984375
chr2	202170000	202175000	0.845287651618173	0.6240732818603516
chr2	202175000	202180000	1.2888027266172606	1.1670986938476562
chr2	202375000	202380000	3.4643821933639383	2.6757603515625
chr2	202435000	202440000	2.1135938759491824	1.7007456280517577
chr2	202635000	202640000	1.4303843779091523	1.3956557989501952
chr2	202690000	202695000	6.402807197470977	6.587164591674805
chr2	203020000	203025000	1.5999324895270517	2.669044865722656
chr2	203035000	203040000	1.4457836790851344	1.4060761560058592
chr2	206800000	206805000	1.3706493475512924	1.4355719987487794
chr2	206980000	206985000	4.537279013717509	5.696180369567871
chr2	216695000	216700000	7.07906618218823	4.140481242675781
chr2	216700000	216705000	3.481303903340848	3.0299425549316403
chr2	216740000	216745000	6.929932884886554	8.437907655639648
chr2	216790000	216795000	10.61619225692036	9.237162982788087
chr2	216790000	216795000	10.61619225692036	9.237162982788087
chr2	216790000	216795000	10.61619225692036	9.237162982788087
chr2	216790000	216795000	10.61619225692036	9.237162982788087
chr2	216985000	216990000	9.476052788336922	5.486176987915039
chr2	217185000	217190000	14.017721602566445	16.0282185546875
chr2	217435000	217440000	6.158774386568159	3.906541439819336
chr2	217885000	217890000	1.9689753350658954	2.101183906173706
chr2	217910000	217915000	23.122872477365654	16.530289370727537
chr2	217915000	217920000	21.17462476863683	16.924246228027343
chr2	217985000	217990000	2.112737694998768	2.3512761741638184
chr2	217995000	218000000	4.961506501556111	9.001023345947265
chr2	217995000	218000000	4.961506501556111	9.001023345947265
chr2	218220000	218225000	1.561179571533203	0.8281422889709472
chr2	218230000	218235000	1.1596316810679215	0.9086115745544434
chr2	218235000	218240000	0.8060430325802241	0.6870308586120606
chr2	218245000	218250000	0.8791975374025718	0.7715527267456055
chr2	219440000	219445000	0.8021495234124015	0.6125528804016113
chr2	219495000	219500000	4.216173006089826	3.4775621517944333
chr2	227700000	227705000	6.911484017687646	15.799720852050779
chr2	227700000	227705000	6.911484017687646	15.799720852050779
chr2	227705000	227710000	3.8746873831775694	7.498960384521483
chr2	227710000	227715000	1.7599662177825641	6.037770975341797
chr2	227710000	227715000	1.7599662177825641	6.037770975341797
chr2	227710000	227715000	1.7599662177825641	6.037770975341797
chr2	227715000	227720000	4.1842280706958235	8.505699055175782
chr2	227755000	227760000	0.6216924700870693	1.043557568359375
chr2	227760000	227765000	5.4804467083226855	10.258315559082032
chr2	227760000	227765000	5.4804467083226855	10.258315559082032
chr2	227760000	227765000	5.4804467083226855	10.258315559082032
chr2	227760000	227765000	5.4804467083226855	10.258315559082032
chr2	229825000	229830000	1.1451597950587762	1.1474151985168457
chr2	229835000	229840000	0.9034991329014858	1.1514678451538085
chr2	230075000	230080000	7.806186723712671	6.392560089111329
chr2	230085000	230090000	3.6980267128917657	3.1250009155273437
chr2	230735000	230740000	3.339479052905502	4.952125299682617
chr2	230745000	230750000	1.1782184605678665	0.9348367126464844
chr2	231625000	231630000	9.472731005916417	8.801005777587891
chr2	231625000	231630000	9.472731005916417	8.801005777587891
chr2	231650000	231655000	2.089585783343449	2.5222310855102537
chr2	231705000	231710000	7.242791668530046	4.624804366149902
chr2	232715000	232720000	1.3844385373694874	1.0901316383361817
chr2	232725000	232730000	0.8375424551420123	0.7674425312805176
chr2	234425000	234430000	1.0942917335866766	0.8094720329284668
chr2	234435000	234440000	0.4494476444280036	0.6724129362106324
chr2	235170000	235175000	3.9260931090167746	3.711329061279297
chr2	235230000	235235000	4.75708528887312	2.79686962890625
chr2	236730000	236735000	17.558537279931187	15.52554749267578
chr2	236730000	236735000	17.558537279931187	15.52554749267578
chr2	236730000	236735000	17.558537279931187	15.52554749267578
chr2	236750000	236755000	8.825346064544393	4.810232606201171
chr2	236755000	236760000	15.266034077867166	13.169467032470703
chr2	236755000	236760000	15.266034077867166	13.169467032470703
chr2	236755000	236760000	15.266034077867166	13.169467032470703
chr2	236780000	236785000	12.857901905608847	12.830653756103516
chr2	236780000	236785000	12.857901905608847	12.830653756103516
chr2	236780000	236785000	12.857901905608847	12.830653756103516
chr2	236780000	236785000	12.857901905608847	12.830653756103516
chr2	236930000	236935000	8.829127614301164	9.126617478179933
chr2	236930000	236935000	8.829127614301164	9.126617478179933
chr2	236930000	236935000	8.829127614301164	9.126617478179933
chr2	237195000	237200000	2.3731906663841174	1.5460586157226563
chr2	237410000	237415000	9.062867634710864	9.728403971252442
chr2	238535000	238540000	0.5042633763678719	0.652093045349121
chr2	238545000	238550000	0.8221952909309174	0.7195946948242188
chr2	238875000	238880000	4.290791345557097	11.808428083496095
chr2	238935000	238940000	3.2964257864408406	2.8297519595336915
chr2	239235000	239240000	0.6396469197781286	0.5397828515624999
chr2	239245000	239250000	0.6260487418486693	0.5807702526855469
chr2	241245000	241250000	0.4965939268593476	0.7269760903930664
chr2	241255000	241260000	0.9414096559328453	1.1018544062805176
chr3	8985000	8990000	0.832596020807284	0.953188330078125
chr3	9065000	9070000	0.7736850610750857	0.8211950027465821
chr3	9320000	9325000	1.151531172422605	1.184118853149414
chr3	9330000	9335000	8.629981736855196	12.231387887573241
chr3	9390000	9395000	1.928970143141702	1.541195799560547
chr3	9425000	9430000	1.1800148936048847	1.4802937145996096
chr3	11605000	11610000	2.059241557297751	2.221425621337891
chr3	11635000	11640000	2.0386596677405815	1.5469847534179688
chr3	11695000	11700000	2.1882226143810235	6.8342453295898435
chr3	11705000	11710000	0.7837150529807972	1.2128331164550783
chr3	12140000	12145000	10.328254640497224	7.261835875244141
chr3	12145000	12150000	15.87550450587763	17.601775
chr3	12290000	12295000	13.760179932096964	4.729299755859375
chr3	12350000	12355000	40.02898641209112	36.126360566406255
chr3	12350000	12355000	40.02898641209112	36.126360566406255
chr3	12350000	12355000	40.02898641209112	36.126360566406255
chr3	12350000	12355000	40.02898641209112	36.126360566406255
chr3	12450000	12455000	23.248457501734084	17.500822896728515
chr3	13215000	13220000	2.6518956390095654	2.5751442411804195
chr3	13275000	13280000	7.611055851160924	8.005428035202026
chr3	16435000	16440000	17.772716310989523	14.463316288452146
chr3	16510000	16515000	9.561156386216778	3.664118536682129
chr3	25535000	25540000	5.016799679365782	2.8532851455688477
chr3	25590000	25595000	1.184202964711412	1.138239864654541
chr3	29175000	29180000	6.983259010443287	6.978281584472656
chr3	29185000	29190000	4.000228504901066	4.222166888427735
chr3	29280000	29285000	6.259138878481855	4.171338664550782
chr3	29280000	29285000	6.259138878481855	4.171338664550782
chr3	32050000	32055000	1.0920639416846158	1.490830089263916
chr3	32065000	32070000	1.243757102324584	1.400576573791504
chr3	32080000	32085000	2.2224297444851597	3.910014776611328
chr3	32105000	32110000	3.797272539284965	2.9536982296752927
chr3	32305000	32310000	1.5282188183936003	1.046104917831421
chr3	32315000	32320000	0.6245498997055481	0.9943783975982667
chr3	37975000	37980000	7.80750882739486	11.265056722412108
chr3	37975000	37980000	7.80750882739486	11.265056722412108
chr3	37995000	38000000	2.244377783431294	2.136324107055664
chr3	38000000	38005000	2.0704398187655153	4.709152211303711
chr3	38180000	38185000	1.0061138050685419	1.0057540637207032
chr3	38195000	38200000	1.3509226941260224	1.590056883544922
chr3	42830000	42835000	7.65841205524195	8.536005411682128
chr3	42880000	42885000	1.2634639946055188	0.9520305432128906
chr3	43315000	43320000	10.589677611506096	14.015526176452637
chr3	43500000	43505000	0.9380333987654927	0.9611484439086915
chr3	43545000	43550000	1.9024262224143909	2.2764221978759767
chr3	43620000	43625000	3.365517436489212	3.0797581597900394
chr3	43640000	43645000	7.74563853719836	6.401389768676758
chr3	43690000	43695000	8.380744357499452	9.48100393386841
chr3	43690000	43695000	8.380744357499452	9.48100393386841
chr3	43690000	43695000	8.380744357499452	9.48100393386841
chr3	43690000	43695000	8.380744357499452	9.48100393386841
chr3	43690000	43695000	8.380744357499452	9.48100393386841
chr3	43740000	43745000	2.2081477510684007	6.2205349819946285
chr3	43740000	43745000	2.2081477510684007	6.2205349819946285
chr3	43765000	43770000	10.15898344612478	16.636551043701175
chr3	43765000	43770000	10.15898344612478	16.636551043701175
chr3	46865000	46870000	4.029644812610662	4.463344748535157
chr3	46865000	46870000	4.029644812610662	4.463344748535157
chr3	46880000	46885000	1.1306297192297248	0.7858810482788086
chr3	46885000	46890000	0.8066169997455918	0.6133634944915771
chr3	48020000	48025000	0.8529583432491694	0.795548755645752
chr3	48030000	48035000	1.4490910010507174	1.4979505679321288
chr3	48700000	48705000	1.2435595478378725	1.2684096221923828
chr3	48710000	48715000	2.139611389958747	1.4254122229003905
chr3	48740000	48745000	14.316141736809563	16.86030326904297
chr3	48810000	48815000	1.1554112499771831	0.9765189208984375
chr3	48820000	48825000	1.8312179929358936	1.5609943432617188
chr3	48845000	48850000	9.067059031891155	8.069773519897462
chr3	49170000	49175000	8.13568513058101	7.830103717041015
chr3	49170000	49175000	8.13568513058101	7.830103717041015
chr3	49170000	49175000	8.13568513058101	7.830103717041015
chr3	49180000	49185000	3.226692234959112	4.837673024291992
chr3	49195000	49200000	4.904498503925644	5.788141765136719
chr3	49200000	49205000	9.973552119003724	10.616552138671874
chr3	49220000	49225000	8.0887964284166	6.237729604492188
chr3	49230000	49235000	13.957900462498172	18.236388544921876
chr3	49235000	49240000	25.99180543064581	26.119301010742188
chr3	49235000	49240000	25.99180543064581	26.119301010742188
chr3	49235000	49240000	25.99180543064581	26.119301010742188
chr3	49255000	49260000	8.22615711955133	6.667170734863282
chr3	51940000	51945000	7.29407046274916	5.6294014923095705
chr3	51940000	51945000	7.29407046274916	5.6294014923095705
chr3	51975000	51980000	2.144660109019057	1.664389453125
chr3	51980000	51985000	8.681732421418662	9.431158837890624
chr3	52235000	52240000	6.99100495947722	4.01016689453125
chr3	52260000	52265000	1.2896209030008763	1.409665478515625
chr3	52270000	52275000	1.85605957989559	1.4189282592773438
chr3	52275000	52280000	5.5796849335572425	3.886277978515625
chr3	52430000	52435000	5.660084230797313	5.228790356445312
chr3	52440000	52445000	3.1304935918790155	2.6161320922851563
chr3	53305000	53310000	3.7821225671500804	4.818336483764648
chr3	53305000	53310000	3.7821225671500804	4.818336483764648
chr3	53305000	53310000	3.7821225671500804	4.818336483764648
chr3	53340000	53345000	0.8955465083327248	1.2909871704101563
chr3	53345000	53350000	3.705416487364012	4.131160888671875
chr3	53350000	53355000	1.820984735164464	2.280937890625
chr3	57080000	57085000	1.9551173295921254	1.2288115307617187
chr3	57090000	57095000	5.719510659704476	4.767971938476563
chr3	58010000	58015000	2.772352240047277	2.623657112426758
chr3	58010000	58015000	2.772352240047277	2.623657112426758
chr3	58055000	58060000	1.503493071197795	2.0824841845703124
chr3	58060000	58065000	2.4437768049008377	1.8594851489257813
chr3	58505000	58510000	1.0835569325669903	0.5495665586853028
chr3	58515000	58520000	1.3830462203836886	3.0308396172332763
chr3	64245000	64250000	3.1746750337689837	3.5954301916503906
chr3	64255000	64260000	2.6313131964852876	1.9569750585937498
chr3	64290000	64295000	13.476954552652233	15.308569550781252
chr3	64395000	64400000	1.7640073288962106	3.2960132373046873
chr3	64550000	64555000	7.0528474641318635	6.664275864257812
chr3	64560000	64565000	3.1654839225412528	3.6253022265625003
chr12	130855000	130860000	0.6327512639553747	0.5302887603759766
chr12	130865000	130870000	0.708954266956365	0.6715444885253906
chr7	1085000	1090000	3.951471300356856	4.919936787719727
chr7	1120000	1125000	5.361359025673554	3.9920180038452147
chr7	2770000	2775000	0.8355191049451026	0.6758864476013183
chr7	2860000	2865000	4.914675311507466	4.72565132446289
chr7	4610000	4615000	1.3424073827725707	1.9800737499999999
chr7	4620000	4625000	3.117233632053839	5.7870701861572265
chr7	5400000	5405000	0.6965516853689032	0.5690473205184937
chr7	5405000	5410000	1.0365715618383105	0.7446909907531738
chr7	5410000	5415000	1.0801244612934433	0.9482965824890136
chr7	5415000	5420000	2.133254737468969	1.3446531268310549
chr7	8105000	8110000	6.439601470547971	5.638403333129883
chr7	8210000	8215000	17.405175573160047	21.63597553955078
chr7	16725000	16730000	2.0827008401175524	2.17233244140625
chr7	16730000	16735000	6.071367031888872	5.926329055175781
chr7	16745000	16750000	4.435319356814945	5.167106734313965
chr7	16745000	16750000	4.435319356814945	5.167106734313965
chr7	17305000	17310000	4.748090067355432	4.517849054870605
chr7	17525000	17530000	1.4314537637585791	1.1618883059692382
chr7	18590000	18595000	1.3321086142566718	0.9093064303588868
chr7	19110000	19115000	3.9191431055372	2.7583428399658203
chr7	24575000	24580000	1.2246349157600758	1.1871002906799317
chr7	24660000	24665000	6.991931198205681	9.28929491973877
chr7	25390000	25395000	1.1120103086667639	1.159948950500488
chr7	25390000	25395000	1.1120103086667639	1.159948950500488
chr7	25425000	25430000	4.934726171190494	4.610013547668457
chr7	25425000	25430000	4.934726171190494	4.610013547668457
chr7	25430000	25435000	2.8975042150764825	6.97596653579712
chr7	25430000	25435000	2.8975042150764825	6.97596653579712
chr7	25450000	25455000	1.997446486428519	3.7944905891418457
chr7	25450000	25455000	1.997446486428519	3.7944905891418457
chr7	25455000	25460000	3.3347341269805053	3.4378190963745117
chr7	25455000	25460000	3.3347341269805053	3.4378190963745117
chr7	25560000	25565000	0.8129811377409462	0.7713502612304688
chr7	25565000	25570000	0.966334472085828	1.0844001609802245
chr7	25855000	25860000	5.63019481281031	3.1332795642089843
chr7	26685000	26690000	11.448335368789245	15.143462645263673
chr7	26685000	26690000	11.448335368789245	15.143462645263673
chr7	26860000	26865000	3.5414794192875654	2.580875909423828
chr7	27050000	27055000	0.9621959614833939	2.371422978515625
chr7	27060000	27065000	2.257057650329019	3.3836037515258788
chr7	27095000	27100000	4.582730740270883	5.415665271606445
chr7	27095000	27100000	4.582730740270883	5.415665271606445
chr7	27160000	27165000	4.982152193386756	4.165201491088867
chr7	27160000	27165000	4.982152193386756	4.165201491088867
chr7	30090000	30095000	7.536145878387165	10.204014396972658
chr7	30090000	30095000	7.536145878387165	10.204014396972658
chr7	30120000	30125000	2.791448946202358	3.0060915301513673
chr7	30120000	30125000	2.791448946202358	3.0060915301513673
chr7	30130000	30135000	5.738778900659864	6.82116221069336
chr7	30130000	30135000	5.738778900659864	6.82116221069336
chr7	30615000	30620000	1.0132926246714369	1.0071145249938964
chr7	30625000	30630000	0.6625282077967564	0.6828625064086914
chr7	35855000	35860000	1.1097334271867698	0.946646718902588
chr7	35865000	35870000	1.2667711903794903	0.7925964611816406
chr7	41785000	41790000	6.543617735932251	12.182034732971191
chr7	41785000	41790000	6.543617735932251	12.182034732971191
chr7	41785000	41790000	6.543617735932251	12.182034732971191
chr7	41785000	41790000	6.543617735932251	12.182034732971191
chr7	41800000	41805000	0.751375950864988	0.8350309909820557
chr7	41805000	41810000	1.8965058843880058	2.8888023330688477
chr7	41920000	41925000	4.417410864828234	4.064875176391602
chr7	41935000	41940000	3.230764178181586	5.33560053314209
chr7	43750000	43755000	8.805395433942847	6.5301986718750005
chr7	43750000	43755000	8.805395433942847	6.5301986718750005
chr7	43755000	43760000	2.345265570467655	1.80778806640625
chr7	43780000	43785000	6.490400529636847	9.258697294921877
chr7	43780000	43785000	6.490400529636847	9.258697294921877
chr7	43785000	43790000	4.472882588837526	4.656354819946289
chr7	44080000	44085000	2.5481708925621533	2.0571859718322756
chr7	44085000	44090000	2.6537885430166654	2.4334822998046874
chr7	44100000	44105000	1.4024253097391572	1.2117334759521485
chr7	44100000	44105000	1.4024253097391572	1.2117334759521485
chr7	44885000	44890000	2.0912668797287988	2.0626279821777342
chr7	44910000	44915000	6.308579233843367	14.834028496704102
chr7	45005000	45010000	0.7720752532958984	1.035626230773926
chr7	45015000	45020000	1.189064399220119	1.5029290747070312
chr7	47575000	47580000	2.1351742832932517	1.6654322692871093
chr7	47580000	47585000	1.7444794673170996	1.1453312567138672
chr7	47645000	47650000	1.1353402358866185	0.5984851147460938
chr7	47690000	47695000	1.5717510305529443	1.2875133764648437
chr7	54880000	54885000	4.76764910090081	8.992338239746093
chr7	55020000	55025000	9.470629441534024	8.94903611328125
chr15	23645000	23650000	0.5217718687396182	0.6096005981445313
chr15	23855000	23860000	1.9511464662213192	4.392831909942627
chr15	25860000	25865000	6.975247502692391	6.869676033935546
chr15	25860000	25865000	6.975247502692391	6.869676033935546
chr15	25900000	25905000	27.0671119067611	30.6643102734375
chr15	25900000	25905000	27.0671119067611	30.6643102734375
chr15	25905000	25910000	3.513649056521977	4.978407342834473
chr15	25930000	25935000	2.5323669975494667	1.9207922393798829
chr15	31210000	31215000	5.531876403922678	7.834096058959961
chr15	31210000	31215000	5.531876403922678	7.834096058959961
chr15	31325000	31330000	4.1166510144385215	2.847351280517578
chr15	31365000	31370000	2.4775051572995768	2.2818640545654296
chr15	32960000	32965000	1.8491770267664827	1.2335878425598144
chr15	32970000	32975000	14.558747597268363	17.35347744049072
chr15	35305000	35310000	3.9844383082880044	2.9450151556396484
chr15	35435000	35440000	4.654408816043462	2.947244017944336
chr15	38020000	38025000	0.8119560542311623	1.5276200643920899
chr15	38030000	38035000	3.7684874313211885	6.615733707580567
chr15	38030000	38035000	3.7684874313211885	6.615733707580567
chr15	38030000	38035000	3.7684874313211885	6.615733707580567
chr15	38030000	38035000	3.7684874313211885	6.615733707580567
chr15	38030000	38035000	3.7684874313211885	6.615733707580567
chr15	38030000	38035000	3.7684874313211885	6.615733707580567
chr15	38035000	38040000	0.7785516800069363	1.314259898071289
chr15	38045000	38050000	1.217455006479994	1.6212024331665038
chr15	38045000	38050000	1.217455006479994	1.6212024331665038
chr15	38050000	38055000	2.4316261111820974	2.626928524169922
chr15	38065000	38070000	1.5989243417329877	1.6605974962615968
chr15	38070000	38075000	3.6377194251515044	2.380540562438965
chr15	38125000	38130000	2.7499135251624565	2.894620538330078
chr15	38125000	38130000	2.7499135251624565	2.894620538330078
chr15	38125000	38130000	2.7499135251624565	2.894620538330078
chr15	38250000	38255000	4.429009704019422	3.7741420018005365
chr15	38250000	38255000	4.429009704019422	3.7741420018005365
chr15	38860000	38865000	1.9894596478898947	1.5245810412597658
chr15	38885000	38890000	1.8515727746696118	1.7252342402648926
chr15	38990000	38995000	2.856421741064909	1.958653698120117
chr15	39130000	39135000	4.131309978734667	7.938012150878906
chr15	39130000	39135000	4.131309978734667	7.938012150878906
chr15	39155000	39160000	9.535698141565057	12.851986389160157
chr15	39155000	39160000	9.535698141565057	12.851986389160157
chr15	39580000	39585000	3.9153057579539645	2.3886744194030762
chr15	39690000	39695000	1.2504314527279863	1.3356794329833985
chr15	39710000	39715000	2.074116322968385	3.3980189990234373
chr15	39745000	39750000	3.7686579205379314	5.3362953674316405
chr15	39750000	39755000	1.8849604909165998	1.9917681536865235
chr15	40215000	40220000	0.784808157091943	0.7996015144348144
chr15	40215000	40220000	0.784808157091943	0.7996015144348144
chr15	40270000	40275000	0.7016790179101107	0.5080581706237792
chr15	40275000	40280000	0.716014451984156	0.6955119644165039
chr15	40745000	40750000	4.122205911967911	5.036877951965332
chr15	40755000	40760000	1.354152039772105	1.3038975036621094
chr15	43905000	43910000	3.6334894159905264	5.227399582824707
chr15	43910000	43915000	3.3170084724212363	4.117208287963867
chr15	44025000	44030000	1.254267858088128	1.9380440921020508
chr15	44105000	44110000	2.1600566217440313	2.7619610119628906
chr15	47715000	47720000	2.5446402821193232	3.015064528503418
chr15	47735000	47740000	3.31905724649875	5.942741240081787
chr15	48360000	48365000	1.912744400737442	2.058285682983398
chr15	48405000	48410000	6.527819134692611	3.3557566955566407
chr15	49465000	49470000	4.948580050288405	4.758014522399902
chr15	49465000	49470000	4.948580050288405	4.758014522399902
chr15	49615000	49620000	4.139252821535485	1.8435066326904297
chr15	49620000	49625000	9.067445924905082	7.296049043884277
chr15	50890000	50895000	0.8323967631901537	0.6867412474060058
chr15	50900000	50905000	1.1735541846729884	0.9484991705322265
chr15	52045000	52050000	1.3083033768983645	1.3018707305908204
chr15	52050000	52055000	1.106203993524569	1.1622355627441405
chr15	52055000	52060000	1.2419393555828344	0.8033064410400391
chr15	52060000	52065000	0.9838613990854994	0.7356888702392578
chr15	52650000	52655000	2.621382402480651	2.6602452606201172
chr15	52660000	52665000	2.1142772244177133	1.5488374450683593
chr15	52675000	52680000	5.07119233877592	4.75812923461914
chr15	52730000	52735000	11.361175643892377	10.570354770507812
chr15	52730000	52735000	11.361175643892377	10.570354770507812
chr15	52730000	52735000	11.361175643892377	10.570354770507812
chr15	57560000	57565000	1.18417155042987	1.2941715029907226
chr15	57610000	57615000	1.1057587635075936	1.3009451045227052
chr15	58935000	58940000	1.4715684068341122	1.2823612718200683
chr15	58945000	58950000	1.5264249483197647	1.8326232649230958
chr15	58980000	58985000	5.110031124507155	4.849541084594726
chr15	59080000	59085000	2.7499481965537385	2.363375352935791
chr15	61655000	61660000	7.139792992821809	7.070271725158691
chr15	61830000	61835000	0.7359282510917877	0.652642992477417
chr15	62415000	62420000	1.232817860369816	1.154535951538086
chr15	62425000	62430000	1.5872483224743996	1.0327026763916016
chr15	63155000	63160000	6.031058533171182	4.182828779296876
chr15	63245000	63250000	6.457899047965647	5.839433850402832
chr15	63500000	63505000	12.0190917507849	8.986898313903808
chr15	63510000	63515000	5.83052208947868	7.233496916503906
chr15	63550000	63555000	2.4959356939297974	2.9493856590270995
chr15	63560000	63565000	1.4144825478812244	1.7167236740112304
chr2	134075000	134080000	3.7141917261997115	5.1433415234375
chr2	134095000	134100000	5.100474433685018	5.690073033447265
chr2	137800000	137805000	16.86022412314727	14.554095955810547
chr2	137830000	137835000	0.9649543063440055	0.798182919921875
chr2	143520000	143525000	1.9263012092376421	1.3020445758056642
chr2	143525000	143530000	1.601697316164391	0.9925548941040039
chr2	143935000	143940000	1.3776841459185163	0.9673717193603516
chr2	144335000	144340000	1.966611950455425	3.68539326171875
chr2	144350000	144355000	3.8739472755503432	4.326255908203125
chr2	144355000	144360000	4.913186914233627	9.558520532226563
chr2	144355000	144360000	4.913186914233627	9.558520532226563
chr2	144355000	144360000	4.913186914233627	9.558520532226563
chr2	144410000	144415000	7.953371269896321	14.989930444335938
chr2	144505000	144510000	6.996350285667348	6.9794390625
chr2	144510000	144515000	14.915481242698597	16.540850830078124
chr2	144510000	144515000	14.915481242698597	16.540850830078124
chr2	144510000	144515000	14.915481242698597	16.540850830078124
chr2	144515000	144520000	9.244177827467874	8.364211181640625
chr2	144515000	144520000	9.244177827467874	8.364211181640625
chr2	144515000	144520000	9.244177827467874	8.364211181640625
chr2	144515000	144520000	9.244177827467874	8.364211181640625
chr2	144515000	144520000	9.244177827467874	8.364211181640625
chr2	144515000	144520000	9.244177827467874	8.364211181640625
chr2	144515000	144520000	9.244177827467874	8.364211181640625
chr2	144515000	144520000	9.244177827467874	8.364211181640625
chr2	144520000	144525000	21.67063792713201	14.9193064453125
chr2	144520000	144525000	21.67063792713201	14.9193064453125
chr2	144525000	144530000	15.24836230651285	16.8216267578125
chr2	144755000	144760000	0.7562287155579184	1.0061591369628906
chr2	144890000	144895000	1.7743763554368066	1.4779785034179687
chr2	145110000	145115000	7.393575568995965	9.124913610839844
chr2	145110000	145115000	7.393575568995965	9.124913610839844
chr2	145110000	145115000	7.393575568995965	9.124913610839844
chr2	145110000	145115000	7.393575568995965	9.124913610839844
chr2	145750000	145755000	10.267203512658806	12.220154393920899
chr2	145750000	145755000	10.267203512658806	12.220154393920899
chr2	145750000	145755000	10.267203512658806	12.220154393920899
chr2	145755000	145760000	2.1609659480870325	2.1247453521728517
chr2	145790000	145795000	3.4284692800361416	7.426653687744141
chr2	145800000	145805000	1.8200735777097328	2.7772442980957033
chr2	145905000	145910000	7.712670522301219	10.528206934814452
chr2	145910000	145915000	3.0845010193441516	3.127026478881836
chr2	145915000	145920000	2.125223848774277	2.4008310296630864
chr2	145915000	145920000	2.125223848774277	2.4008310296630864
chr2	152655000	152660000	1.0893058093204675	1.018779730834961
chr2	152665000	152670000	0.6112963857775536	0.5298833518981934
chr2	157130000	157135000	3.4713048620491382	5.423885830078126
chr2	157170000	157175000	5.9582574958016945	10.091242630615234
chr2	157625000	157630000	3.6214835152599307	2.881855703430176
chr2	157670000	157675000	4.436638804441078	5.937155266723632
chr2	157745000	157750000	11.428224918315568	8.283394744262694
chr2	157745000	157750000	11.428224918315568	8.283394744262694
chr2	159795000	159800000	8.339130554541473	10.229834787597655
chr2	159805000	159810000	1.3068087655325917	1.094618505859375
chr2	163190000	163195000	1.994717189154224	2.2268666470336913
chr2	163210000	163215000	16.803153524751753	24.34152135253906
chr2	163210000	163215000	16.803153524751753	24.34152135253906
chr2	163210000	163215000	16.803153524751753	24.34152135253906
chr2	163465000	163470000	10.251256199118355	15.263239320068358
chr2	163465000	163470000	10.251256199118355	15.263239320068358
chr2	163465000	163470000	10.251256199118355	15.263239320068358
chr2	163470000	163475000	5.281681176529643	9.81790620727539
chr2	163470000	163475000	5.281681176529643	9.81790620727539
chr2	163595000	163600000	2.7279847672221815	4.441460664672852
chr2	163705000	163710000	9.571850884154133	14.252215345458984
chr2	163730000	163735000	2.0089928007607147	2.4835592758178713
chr2	163730000	163735000	2.0089928007607147	2.4835592758178713
chr2	163730000	163735000	2.0089928007607147	2.4835592758178713
chr2	163735000	163740000	2.6707177390980945	3.305044149169922
chr2	163875000	163880000	1.4875065792475906	2.632688681182861
chr2	164660000	164665000	8.34311947580498	8.320127367401122
chr2	164670000	164675000	4.876248296491677	6.132655834655762
chr2	164840000	164845000	8.023833604702103	8.237834399414062
chr2	164875000	164880000	15.938858493355722	13.347484682617187
chr2	167125000	167130000	1.877775377904589	1.2305481741333006
chr2	167210000	167215000	2.0575722280056676	2.0177614016723635
chr2	168145000	168150000	15.168556804450205	14.818515215148926
chr2	168240000	168245000	1.4323327731694016	1.1545072418212892
chr2	168970000	168975000	4.089546067282418	4.010977710800171
chr2	169070000	169075000	6.205071205096378	10.140218310546874
chr2	173630000	173635000	6.12338905291691	6.181285845336915
chr2	173640000	173645000	1.0087561322648948	1.2924343994140626
chr2	175195000	175200000	7.1489171259514634	7.887760847167969
chr2	175205000	175210000	2.4897851088621903	2.2843822021484375
chr2	177165000	177170000	4.888969737400519	5.9702405334472655
chr2	177165000	177170000	4.888969737400519	5.9702405334472655
chr2	177185000	177190000	3.0115994838536344	5.1077955558776855
chr2	177210000	177215000	5.853250469286197	5.1034537826538084
chr2	177210000	177215000	5.853250469286197	5.1034537826538084
chr2	177210000	177215000	5.853250469286197	5.1034537826538084
chr2	177240000	177245000	4.0059531030387525	4.821377302551269
chr2	177330000	177335000	1.187847460110388	1.359010311126709
chr2	177805000	177810000	24.36391744761244	17.312267791748045
chr2	177825000	177830000	8.996234735364112	7.785583211517334
chr2	186860000	186865000	1.1683687619503413	1.1149673822021484
chr2	186900000	186905000	5.915720404366466	7.632256844177245
chr2	188525000	188530000	7.074792597975686	4.7243786056518555
chr2	188525000	188530000	7.074792597975686	4.7243786056518555
chr2	188595000	188600000	15.99187582654151	9.833622509765625
chr2	188595000	188600000	15.99187582654151	9.833622509765625
chr2	188595000	188600000	15.99187582654151	9.833622509765625
chr2	188595000	188600000	15.99187582654151	9.833622509765625
chr2	188785000	188790000	17.039029160715263	7.2245828155517575
chr2	188895000	188900000	8.438464076817592	3.4977085549926756
chr2	188965000	188970000	8.247137876706702	5.317596966552735
chr2	188965000	188970000	8.247137876706702	5.317596966552735
chr2	188970000	188975000	11.0755264878888	8.233115725097656
chr2	188975000	188980000	17.593439947794977	10.251658751220702
chr2	188980000	188985000	9.106337726343458	6.674234289550781
chr2	188980000	188985000	9.106337726343458	6.674234289550781
chr2	189515000	189520000	2.260115028823425	3.1093696846008303
chr2	189550000	189555000	2.251448651636427	2.22955892868042
chr2	189580000	189585000	3.543226971948927	2.2913581802368164
chr2	189610000	189615000	2.5961052844181243	2.783584048461914
chr2	189610000	189615000	2.5961052844181243	2.783584048461914
chr2	189630000	189635000	1.1311387462009894	0.6844257652282715
chr2	190535000	190540000	1.8534621384094812	1.1911236923217774
chr2	190545000	190550000	1.183545461551274	1.1382974746704102
chr2	191745000	191750000	11.666303718467072	9.80791943359375
chr2	191790000	191795000	2.2185675820038697	2.0603698052978516
chr2	193465000	193470000	4.7007571364643415	9.932010114746092
chr2	193465000	193470000	4.7007571364643415	9.932010114746092
chr2	193520000	193525000	3.055997493365992	8.876412627944946
chr2	193525000	193530000	1.4815672566779305	4.092258131332398
chr5	66595000	66600000	5.026604926392742	12.078204873962404
chr5	66740000	66745000	0.6864609497070312	1.0886553383636475
chr5	68170000	68175000	6.837585719256535	7.244235940551758
chr5	68250000	68255000	8.153912915723568	5.537816821899415
chr5	68285000	68290000	2.320892593982732	2.158090853271484
chr5	68475000	68480000	4.333875463981272	2.9917918362426756
chr5	68680000	68685000	7.558353744934652	13.232799951171875
chr5	68680000	68685000	7.558353744934652	13.232799951171875
chr5	69090000	69095000	1.9053603252090026	1.5607344973754884
chr5	69215000	69220000	3.141895613055363	2.578009445953369
chr5	72140000	72145000	5.00146691187208	2.6251046014404293
chr5	72190000	72195000	1.2251790180527162	0.9236344090270996
chr5	72200000	72205000	1.0322138865248065	1.1960446244812013
chr5	72280000	72285000	9.112338124155775	8.462976350708008
chr5	72295000	72300000	4.66507596829138	5.0597171260070795
chr5	72305000	72310000	3.659317151335244	3.6899957078552243
chr5	73520000	73525000	1.4851422265739083	1.5657128143310546
chr5	73520000	73525000	1.4851422265739083	1.5657128143310546
chr5	73530000	73535000	2.4215799544004635	2.428995975341797
chr5	73535000	73540000	1.3016308674749928	1.2133542991638184
chr5	74535000	74540000	6.616598616498431	10.387532214355469
chr5	74535000	74540000	6.616598616498431	10.387532214355469
chr5	74635000	74640000	1.7817252007315092	1.8652744354248048
chr5	74640000	74645000	4.232903748471269	3.6185297119140625
chr5	77085000	77090000	4.843163709751023	7.007806182861328
chr5	77085000	77090000	4.843163709751023	7.007806182861328
chr5	77135000	77140000	3.3395497795889315	7.555232275390625
chr5	77140000	77145000	4.619904419629819	8.967098500976562
chr5	78545000	78550000	6.684101236674942	11.39508083251953
chr5	78570000	78575000	1.8653446611921365	2.6222680908203126
chr5	78620000	78625000	2.570657042772525	3.726612689819336
chr5	78635000	78640000	4.357369642482294	8.047080869140624
chr5	81165000	81170000	8.755874065477604	9.617222957763671
chr5	81185000	81190000	12.650506073511426	9.748174350585938
chr5	82310000	82315000	1.0226395785322813	1.327053882446289
chr5	82315000	82320000	0.8994978406103972	0.8808237857055665
chr5	82330000	82335000	4.759461221456083	5.139925806884766
chr5	82330000	82335000	4.759461221456083	5.139925806884766
chr5	88880000	88885000	3.3546226691415373	4.035407627410889
chr5	89720000	89725000	7.786028744820568	12.816323146362304
chr5	90930000	90935000	1.877142473916027	1.5701419595336914
chr5	91050000	91055000	8.74367465500876	7.565131632080077
chr5	91225000	91230000	3.990600323885624	2.708874085083008
chr5	91340000	91345000	10.652142513952523	13.643659035034178
chr5	91340000	91345000	10.652142513952523	13.643659035034178
chr5	91350000	91355000	1.169269908897899	1.158588542175293
chr5	91380000	91385000	6.759419102064472	4.220892642822266
chr5	91380000	91385000	6.759419102064472	4.220892642822266
chr5	95805000	95810000	7.2010367867443055	8.864194206237793
chr5	95840000	95845000	15.190007596652306	11.35423780731201
chr5	96780000	96785000	2.9484765718549215	3.004527645874023
chr5	96800000	96805000	1.309891248471269	1.059825020751953
chr5	96805000	96810000	6.475740757337909	6.034239725341797
chr5	96805000	96810000	6.475740757337909	6.034239725341797
chr5	96810000	96815000	1.0832380959769277	1.0248583056640623
chr5	96850000	96855000	7.9855902460116095	7.492534620208741
chr5	96850000	96855000	7.9855902460116095	7.492534620208741
chr5	96850000	96855000	7.9855902460116095	7.492534620208741
chr5	96855000	96860000	24.477469806877924	29.84051431152343
chr5	96855000	96860000	24.477469806877924	29.84051431152343
chr5	96855000	96860000	24.477469806877924	29.84051431152343
chr5	96855000	96860000	24.477469806877924	29.84051431152343
chr5	96855000	96860000	24.477469806877924	29.84051431152343
chr5	96865000	96870000	1.852063632287712	2.0481544204711915
chr5	96870000	96875000	1.4000577167261428	1.2966025027465822
chr5	96930000	96935000	6.706841555700571	7.638654997558594
chr5	96935000	96940000	7.9567136011426705	7.992604387207031
chr5	96935000	96940000	7.9567136011426705	7.992604387207031
chr5	96935000	96940000	7.9567136011426705	7.992604387207031
chr5	96935000	96940000	7.9567136011426705	7.992604387207031
chr5	97265000	97270000	16.900246630631205	18.757650101318358
chr5	97275000	97280000	1.3489139679240287	1.904293228149414
chr5	97875000	97880000	2.751262013087763	1.296950382385254
chr5	98770000	98775000	9.91794721999124	7.69185744140625
chr5	98910000	98915000	0.8749500828252774	0.9905284631347656
chr5	98925000	98930000	3.589805337781104	3.570999516601563
chr5	108545000	108550000	4.389276130177151	5.406055614318848
chr5	108560000	108565000	5.37361289399049	8.429715254211425
chr5	115405000	115410000	2.6985549302716123	2.8060746156311036
chr5	115530000	115535000	3.939583052020206	7.006127612609863
chr5	115635000	115640000	0.6813359099200952	1.0224848532104494
chr5	115705000	115710000	1.2623468314767998	2.096725467376709
chr5	115735000	115740000	9.746953182840793	11.582595427093505
chr5	115735000	115740000	9.746953182840793	11.582595427093505
chr5	115795000	115800000	5.8576724208938735	8.099126035461424
chr5	115795000	115800000	5.8576724208938735	8.099126035461424
chr5	115815000	115820000	2.204707485762266	2.1074066390991213
chr5	115815000	115820000	2.204707485762266	2.1074066390991213
chr5	119275000	119280000	1.8188214647524823	1.0675244323730468
chr5	119285000	119290000	1.768015901312427	1.443242742919922
chr5	124515000	124520000	6.309200362160941	6.122987646484375
chr5	124650000	124655000	15.411070746705242	13.457768642578126
chr5	124650000	124655000	15.411070746705242	13.457768642578126
chr5	124745000	124750000	7.272309192008615	5.134889442138672
chr5	124745000	124750000	7.272309192008615	5.134889442138672
chr5	124840000	124845000	7.331500693062757	7.937434538574219
chr13	21045000	21050000	1.6285963757666473	2.3641860400390624
chr13	21055000	21060000	3.7570335218197832	4.233629484863282
chr13	23385000	23390000	2.3629241497574567	2.7351564062500002
chr13	23395000	23400000	0.818435909035941	1.0816506854248045
chr13	26080000	26085000	3.6871354857257597	2.7751023933410646
chr13	26090000	26095000	3.3774895576263146	3.2743616333007814
chr13	27145000	27150000	1.264619743446992	0.6871753784179687
chr13	27155000	27160000	1.4972222122334988	0.9239529479980468
chr13	30130000	30135000	1.6135552794269312	1.2238327111816407
chr13	30155000	30160000	1.1632857606406524	0.8371156231689453
chr13	30460000	30465000	3.1703913785845317	2.456929862060547
chr13	30615000	30620000	7.850796833188066	7.408417590332031
chr13	33590000	33595000	2.6919474666417207	1.4883985717773438
chr13	33600000	33605000	1.6748689947110469	1.1966236328125
chr13	33635000	33640000	13.42142635577906	13.557691217041016
chr13	33720000	33725000	2.9618467544127847	4.5757698059082035
chr13	35385000	35390000	3.9456496684707214	5.495180831604004
chr13	35385000	35390000	3.9456496684707214	5.495180831604004
chr13	35390000	35395000	1.0099250102961175	0.8904335302734374
chr13	35465000	35470000	0.906395171634282	0.8999280430603026
chr13	35470000	35475000	2.138378170091861	2.353447478027344
chr13	35475000	35480000	1.660490958040897	1.7539772692871094
chr13	36340000	36345000	2.035471046690183	2.556503399658203
chr13	36395000	36400000	0.75431530017318	0.790801870727539
chr13	37415000	37420000	1.9795499411039261	1.8253290740966797
chr13	37415000	37420000	1.9795499411039261	1.8253290740966797
chr13	37485000	37490000	3.8885306939526143	2.1402604400634764
chr13	37530000	37535000	2.463436271710262	1.8822365277099609
chr13	38875000	38880000	0.9198784076726326	1.5414271139526368
chr13	38875000	38880000	0.9198784076726326	1.5414271139526368
chr13	38880000	38885000	1.0671497945910304	1.4698150979614257
chr13	38890000	38895000	3.1668182665673372	3.0030222889709477
chr13	38890000	38895000	3.1668182665673372	3.0030222889709477
chr13	38910000	38915000	2.030193293091961	2.256622402648926
chr13	39765000	39770000	19.057482780556366	12.352670630645752
chr13	39770000	39775000	6.565796265903367	8.448445807647705
chr13	40345000	40350000	4.464961247581411	4.325533285522461
chr13	40350000	40355000	7.231058151444765	5.088257888793946
chr13	40350000	40355000	7.231058151444765	5.088257888793946
chr13	40365000	40370000	15.923034260288132	17.776843984222413
chr13	40365000	40370000	15.923034260288132	17.776843984222413
chr13	40380000	40385000	9.761143695923991	11.137091635131837
chr13	40400000	40405000	13.091525781535212	12.902209767150879
chr13	40400000	40405000	13.091525781535212	12.902209767150879
chr13	40430000	40435000	4.471529699136609	4.389792990112305
chr13	40435000	40440000	21.433724872225465	24.49374632873535
chr13	40435000	40440000	21.433724872225465	24.49374632873535
chr13	40435000	40440000	21.433724872225465	24.49374632873535
chr13	40435000	40440000	21.433724872225465	24.49374632873535
chr13	40435000	40440000	21.433724872225465	24.49374632873535
chr13	40660000	40665000	4.7621868557653695	4.231023248291016
chr13	40660000	40665000	4.7621868557653695	4.231023248291016
chr13	41160000	41165000	2.3264041135413622	2.5169916539001465
chr13	41170000	41175000	1.0086884451892888	0.7834206146240235
chr13	41455000	41460000	8.216334527587891	7.857281841278076
chr13	41495000	41500000	7.514495100559698	7.962732778015136
chr13	43005000	43010000	1.0391375947756187	0.9778503302001953
chr13	43015000	43020000	1.0826239031212352	0.621352456665039
chr13	43545000	43550000	3.017412813746372	4.922426088562012
chr13	43610000	43615000	3.2031812091007414	4.822621734008789
chr13	43660000	43665000	6.937791854687272	10.37207568725586
chr13	43765000	43770000	8.02947890265634	16.712329283447268
chr13	43765000	43770000	8.02947890265634	16.712329283447268
chr13	43785000	43790000	1.9401639149318235	2.1004889666748046
chr13	48110000	48115000	9.900848422897196	12.86449269165039
chr13	48130000	48135000	1.529865091883579	1.706968840789795
chr13	48230000	48235000	8.70644840099299	7.733827846679688
chr13	48235000	48240000	14.508056063471999	17.900039867553712
chr13	48410000	48415000	2.7122157711991637	2.113861842956543
chr13	48520000	48525000	4.448492241005586	3.912445723876953
chr13	52085000	52090000	8.645294193902417	11.079686850585936
chr13	52085000	52090000	8.645294193902417	11.079686850585936
chr13	52085000	52090000	8.645294193902417	11.079686850585936
chr13	52085000	52090000	8.645294193902417	11.079686850585936
chr13	52095000	52100000	1.2356994055061696	1.0885973175048829
chr13	52100000	52105000	1.467784574818834	2.255465480957031
chr13	52110000	52115000	1.2561124371965353	1.3335955865478517
chr13	52125000	52130000	1.0466979880359684	1.2499999908447266
chr13	60395000	60400000	5.508633362158658	4.736245845947265
chr13	60410000	60415000	3.70980263386664	4.091678341674805
chr7	129660000	129665000	0.9391395433657637	1.3949608526611328
chr7	129720000	129725000	6.008426454633196	8.512877658691405
chr7	129730000	129735000	4.224409050059096	5.721796420898437
chr7	129825000	129830000	1.7924229221237038	2.071948251953125
chr7	129860000	129865000	2.0698662567994304	1.788973020019531
chr7	129950000	129955000	5.007920533880786	2.6854863259887694
chr7	130240000	130245000	1.1121554754239376	1.3015233996582032
chr7	130275000	130280000	8.205903667357259	18.267653466796876
chr7	130275000	130280000	8.205903667357259	18.267653466796876
chr7	130275000	130280000	8.205903667357259	18.267653466796876
chr7	130275000	130280000	8.205903667357259	18.267653466796876
chr7	130275000	130280000	8.205903667357259	18.267653466796876
chr7	130275000	130280000	8.205903667357259	18.267653466796876
chr7	130275000	130280000	8.205903667357259	18.267653466796876
chr7	130275000	130280000	8.205903667357259	18.267653466796876
chr7	130280000	130285000	2.781355489114066	3.847143805541992
chr7	130280000	130285000	2.781355489114066	3.847143805541992
chr7	130280000	130285000	2.781355489114066	3.847143805541992
chr7	130280000	130285000	2.781355489114066	3.847143805541992
chr7	130280000	130285000	2.781355489114066	3.847143805541992
chr7	130370000	130375000	3.3062400128801297	3.682036690673829
chr7	130370000	130375000	3.3062400128801297	3.682036690673829
chr7	130385000	130390000	7.6498321496125685	10.428868229370117
chr7	130385000	130390000	7.6498321496125685	10.428868229370117
chr7	130390000	130395000	5.735336688631718	6.473927221679688
chr7	130390000	130395000	5.735336688631718	6.473927221679688
chr7	130390000	130395000	5.735336688631718	6.473927221679688
chr7	130395000	130400000	3.974622365791107	5.918629438476563
chr7	130395000	130400000	3.974622365791107	5.918629438476563
chr7	130400000	130405000	8.391240019554065	13.956332943115235
chr7	130400000	130405000	8.391240019554065	13.956332943115235
chr7	130400000	130405000	8.391240019554065	13.956332943115235
chr7	130400000	130405000	8.391240019554065	13.956332943115235
chr7	130440000	130445000	3.4210937205091816	2.0386025317382814
chr7	130440000	130445000	3.4210937205091816	2.0386025317382814
chr7	130490000	130495000	2.0379693453209424	2.5350826586914064
chr7	130490000	130495000	2.0379693453209424	2.5350826586914064
chr7	130560000	130565000	1.405856949993383	1.327342986450195
chr7	130895000	130900000	0.9710559562611802	0.9281210107421876
chr7	130975000	130980000	0.941582439643646	0.9909918499755859
chr7	130985000	130990000	1.6082775414582724	0.9180482061767578
chr7	130985000	130990000	1.6082775414582724	0.9180482061767578
chr7	132315000	132320000	5.045885210326008	5.29646613494873
chr7	132315000	132320000	5.045885210326008	5.29646613494873
chr7	132375000	132380000	3.293329492757922	4.323651231689452
chr7	132375000	132380000	3.293329492757922	4.323651231689452
chr7	132405000	132410000	4.744242745429779	5.742117073669433
chr7	132420000	132425000	4.380522774897781	2.8047428900146483
chr7	134965000	134970000	2.3621622491283953	3.1562616607666016
chr7	134985000	134990000	2.09566152628961	2.0592119750976563
chr7	134990000	134995000	1.4156315599102842	1.1723089477539061
chr7	135000000	135005000	5.454106004518883	7.1039071411132815
chr7	135145000	135150000	7.054518385728498	13.032608352661132
chr7	135145000	135150000	7.054518385728498	13.032608352661132
chr7	135145000	135150000	7.054518385728498	13.032608352661132
chr7	135145000	135150000	7.054518385728498	13.032608352661132
chr7	135150000	135155000	1.4872066258510694	2.747546435546875
chr7	135160000	135165000	5.208717921690183	4.268364672851562
chr7	135805000	135810000	5.847272552575798	5.828550091171264
chr7	135950000	135955000	2.4261149483653988	5.2526702880859375
chr7	137815000	137820000	2.125049649190457	3.023284797668457
chr7	137895000	137900000	1.9981239431220794	2.036431612548828
chr7	137895000	137900000	1.9981239431220794	2.036431612548828
chr7	137900000	137905000	1.309572389520663	1.1581258700561523
chr7	138005000	138010000	0.6754735567752447	1.2479733961486816
chr7	138005000	138010000	0.6754735567752447	1.2479733961486816
chr7	148730000	148735000	0.7880545056494597	0.7908020751953125
chr7	148750000	148755000	0.9041287423107113	0.8110640808105469
chr7	149150000	149155000	0.7741180692583601	0.9714243682861328
chr7	149160000	149165000	0.5820825244939216	0.7444882934570313
chr7	151460000	151465000	6.0903001189329915	7.4342380883789065
chr7	151460000	151465000	6.0903001189329915	7.4342380883789065
chr7	151500000	151505000	2.7163764327860322	3.240379005126953
chr7	151515000	151520000	3.7519852858498832	3.9279031286621096
chr7	152435000	152440000	2.247786370977954	1.8619745215606687
chr7	152460000	152465000	5.0738188570111715	3.7617239935302735
chr7	155250000	155255000	10.558238347076701	12.20968079284668
chr7	155250000	155255000	10.558238347076701	12.20968079284668
chr7	155255000	155260000	6.320283674336371	6.910055815887451
chr7	155255000	155260000	6.320283674336371	6.910055815887451
chr7	155295000	155300000	5.627852239476855	4.981650421295166
chr7	155295000	155300000	5.627852239476855	4.981650421295166
chr7	155300000	155305000	2.597735566953855	2.1745906062316895
chr7	155300000	155305000	2.597735566953855	2.1745906062316895
chr7	157205000	157210000	2.7620321826685257	2.609328825378418
chr7	157215000	157220000	1.2107587726058247	0.8350888359069825
chr10	68905000	68910000	1.1213552347058446	0.9959704907226562
chr10	68915000	68920000	0.9378101247056622	1.118469642944336
chr10	69095000	69100000	2.5471843208669505	2.821762984619141
chr10	69120000	69125000	3.3764989994512535	2.8699291204833988
chr10	69440000	69445000	1.4475097008821007	2.6362778979492187
chr10	69440000	69445000	1.4475097008821007	2.6362778979492187
chr10	69450000	69455000	2.688418295601818	2.8406356005859377
chr10	69450000	69455000	2.688418295601818	2.8406356005859377
chr10	69460000	69465000	1.9547097643130291	3.0359625280761717
chr10	69470000	69475000	10.46831840363975	14.894990839843748
chr10	69470000	69475000	10.46831840363975	14.894990839843748
chr10	69480000	69485000	2.7975473077791873	4.064237823486328
chr10	70125000	70130000	17.442383945358134	18.215516796875
chr10	70130000	70135000	23.715722043217454	22.953702401123046
chr10	70150000	70155000	1.9043230566862588	1.723815729522705
chr10	70170000	70175000	3.632570854286836	4.041862751464844
chr10	70175000	70180000	1.0874819820225796	1.7739788240051269
chr10	70185000	70190000	3.8547931881628306	7.165475121459962
chr10	70185000	70190000	3.8547931881628306	7.165475121459962
chr10	70190000	70195000	17.801449115161358	19.938704997558595
chr10	70190000	70195000	17.801449115161358	19.938704997558595
chr10	70195000	70200000	3.1973917775376934	6.66143953979492
chr10	70825000	70830000	1.2217438189640222	1.084197401123047
chr10	70835000	70840000	2.6104616750556726	2.3426796380615236
chr10	71610000	71615000	1.9603033557357077	2.856353141784668
chr10	71620000	71625000	4.151084570341021	5.479026940307617
chr10	71895000	71900000	1.5479210081866968	1.0484203918457031
chr10	71920000	71925000	4.043913169390242	3.179997720336914
chr10	71955000	71960000	1.5568985217798537	1.5659733642578124
chr10	71960000	71965000	1.6796976124130676	1.9416915283203124
chr10	71985000	71990000	13.44175243621541	22.224672314453127
chr10	71985000	71990000	13.44175243621541	22.224672314453127
chr10	71985000	71990000	13.44175243621541	22.224672314453127
chr10	71985000	71990000	13.44175243621541	22.224672314453127
chr10	71985000	71990000	13.44175243621541	22.224672314453127
chr10	72015000	72020000	1.368473278894157	1.1178904968261718
chr10	72220000	72225000	1.2140522565609941	1.2672515625
chr10	72260000	72265000	2.2888489369615215	1.7917516845703125
chr10	72270000	72275000	11.772644203114732	20.132466552734375
chr10	72270000	72275000	11.772644203114732	20.132466552734375
chr10	72270000	72275000	11.772644203114732	20.132466552734375
chr10	72275000	72280000	4.198795835862204	9.737407666015624
chr10	72275000	72280000	4.198795835862204	9.737407666015624
chr10	72275000	72280000	4.198795835862204	9.737407666015624
chr10	72280000	72285000	0.9477881518782855	1.0756300338745117
chr10	72315000	72320000	10.172197211891246	18.50049560546875
chr10	72315000	72320000	10.172197211891246	18.50049560546875
chr10	72315000	72320000	10.172197211891246	18.50049560546875
chr10	72325000	72330000	1.4466564669029733	1.442084619140625
chr10	72330000	72335000	1.489859753218321	1.7327017944335938
chr10	78115000	78120000	2.9143341209910743	3.3661787103271483
chr10	78115000	78120000	2.9143341209910743	3.3661787103271483
chr10	78125000	78130000	2.31426120793708	2.1461652593994143
chr10	78130000	78135000	3.7934236462744595	3.445721359252929
chr10	80075000	80080000	2.8525002180723384	3.1614721813964843
chr10	80075000	80080000	2.8525002180723384	3.1614721813964843
chr10	80110000	80115000	1.9210114156847802	3.4795308825683593
chr10	80110000	80115000	1.9210114156847802	3.4795308825683593
chr10	80120000	80125000	4.508720785379855	6.0433272070312505
chr10	80130000	80135000	1.760698088972145	1.6752733349609374
chr10	80385000	80390000	3.2898961836485103	2.7638717822265626
chr10	80385000	80390000	3.2898961836485103	2.7638717822265626
chr10	80435000	80440000	5.7605147611528915	6.4122145422363275
chr10	80440000	80445000	2.1501234416070387	2.4932854669189455
chr10	80455000	80460000	4.512895290595795	2.9075595825195317
chr10	80495000	80500000	25.508525219042056	21.403190888671872
chr10	86980000	86985000	5.223570071011838	8.886630000305177
chr10	86990000	86995000	1.0071123853736947	1.3509051863098147
chr10	88950000	88955000	4.292602977374781	2.9017120303344726
chr10	88980000	88985000	0.9810471396758179	0.926007935180664
chr10	92545000	92550000	0.6884191011517962	0.7248050091552735
chr10	92555000	92560000	0.8962479381525628	0.9667928753662111
chr10	94195000	94200000	1.1146745735524972	0.966618994140625
chr10	94205000	94210000	1.0849062007155374	0.8387363326263428
chr10	95275000	95280000	1.318287272515698	1.354668019104004
chr10	95285000	95290000	1.2236097037342106	0.8116428085327149
chr10	95375000	95380000	3.4674046455169396	3.3012812316894533
chr10	95385000	95390000	19.853504922513874	21.044551568603517
chr10	95385000	95390000	19.853504922513874	21.044551568603517
chr10	95390000	95395000	7.166005740270883	7.9167085540771485
chr10	95390000	95395000	7.166005740270883	7.9167085540771485
chr10	95390000	95395000	7.166005740270883	7.9167085540771485
chr10	95400000	95405000	6.400815285484813	5.891362707519531
chr10	95405000	95410000	23.816000265588496	31.159993310546874
chr10	95405000	95410000	23.816000265588496	31.159993310546874
chr10	95405000	95410000	23.816000265588496	31.159993310546874
chr10	95420000	95425000	12.34855817642925	11.068629415893554
chr10	95600000	95605000	1.3050686355163006	1.1743350646972657
chr10	100305000	100310000	7.207522408458675	13.945447264404295
chr10	100310000	100315000	8.633954661488756	6.299383735961913
chr10	100315000	100320000	15.1710959906177	17.87053802825928
chr10	100340000	100345000	18.729402109192467	20.929521962890625
chr10	100345000	100350000	30.039296171327393	27.788999763183593
chr10	100365000	100370000	4.813285875666253	5.223030817260741
chr10	100370000	100375000	27.00961312586704	34.04280496276855
chr10	100370000	100375000	27.00961312586704	34.04280496276855
chr10	100370000	100375000	27.00961312586704	34.04280496276855
chr10	100380000	100385000	1.0595079608667677	5.530203982543945
chr10	100390000	100395000	2.167345361328125	3.796285546875
chr10	100390000	100395000	2.167345361328125	3.796285546875
chr10	100400000	100405000	1.7225337356139567	2.4442793910217286
chr10	100430000	100435000	2.414750666937427	2.5918172537231445
chr10	100430000	100435000	2.414750666937427	2.5918172537231445
chr10	100515000	100520000	1.8654755518262636	3.0658646643066407
chr10	101795000	101800000	0.808228286172742	1.0134826216125488
chr10	101805000	101810000	0.7923393920470622	0.8121928016662597
chr10	101865000	101870000	1.3293047869530794	0.7925963971710206
chr10	101880000	101885000	0.859029916125146	0.633799384841919
chr10	102135000	102140000	0.7467705235490175	0.6368962890625
chr10	102145000	102150000	0.8050867960279232	0.6129581727981568
chr10	103400000	103405000	0.6518090451819875	0.7976041511535644
chr10	103410000	103415000	1.0409086026485834	3.1294585716247556
chr10	103645000	103650000	7.74875912218896	6.244993869628906
chr10	103650000	103655000	9.880377965053667	8.139795013122558
chr10	103665000	103670000	6.885515884656104	6.7367551995849615
chr10	103685000	103690000	3.306329249872225	3.460570364227295
chr10	103685000	103690000	3.306329249872225	3.460570364227295
chr10	103685000	103690000	3.306329249872225	3.460570364227295
chr10	109895000	109900000	8.074016418114779	7.965222435302734
chr10	109925000	109930000	5.314768748745072	5.058124460754394
chr10	110005000	110010000	4.536197337954512	3.3847039575195312
chr10	110075000	110080000	10.230420334889063	12.328358476562501
chr10	110800000	110805000	1.9995196718162465	2.1579175997924804
chr10	110820000	110825000	3.5718043535464283	2.9280530270385743
chr10	110855000	110860000	6.954472506400135	8.53117355102539
chr10	110870000	110875000	4.318620210622627	3.710403073120117
chr10	111155000	111160000	2.0988164440689796	1.5961932891845703
chr10	111200000	111205000	4.424794664985443	3.3043494775390623
chr10	112210000	112215000	16.397620788003795	10.17773349609375
chr10	112210000	112215000	16.397620788003795	10.17773349609375
chr10	112210000	112215000	16.397620788003795	10.17773349609375
chr10	112210000	112215000	16.397620788003795	10.17773349609375
chr10	112230000	112235000	2.7189330032206027	5.7067453643798824
chr10	112240000	112245000	6.360198142078436	5.359742404785156
chr10	112260000	112265000	21.979341185382594	25.60915275390625
chr10	112275000	112280000	5.454773480737989	9.499934536132812
chr10	112290000	112295000	2.367525998466706	2.84167818359375
chr10	112295000	112300000	18.275930039792637	16.097979970703125
chr10	112365000	112370000	2.705202164181148	5.028716728515626
chr10	112380000	112385000	2.010211030279142	8.214967152099609
chr10	112790000	112795000	2.8319290348231236	2.9583585069274903
chr10	112950000	112955000	4.164495101443853	4.285066457519531
chr10	112950000	112955000	4.164495101443853	4.285066457519531
chr10	112950000	112955000	4.164495101443853	4.285066457519531
chr10	112950000	112955000	4.164495101443853	4.285066457519531
chr10	113050000	113055000	2.5844432159138617	2.074755944519043
chr10	113055000	113060000	7.854716411326756	6.155465303955078
chr10	113105000	113110000	5.798618419098186	4.770082873535157
chr10	113325000	113330000	3.186111343726042	3.3943713746643063
chr10	113385000	113390000	1.6761694441750783	1.2431396675109863
chr10	116705000	116710000	3.6890750514520665	5.427012615966797
chr10	116705000	116710000	3.6890750514520665	5.427012615966797
chr10	116715000	116720000	2.5611514869761245	2.5026632385253906
chr10	116740000	116745000	1.424123096273547	1.6026770227050782
chr10	118565000	118570000	1.4785704352262978	1.0171878829956054
chr10	118800000	118805000	2.9462518333363756	5.314209432983398
chr10	118800000	118805000	2.9462518333363756	5.314209432983398
chr10	118850000	118855000	0.8792651032349773	1.0815636054992677
chr10	119755000	119760000	2.019523206479082	1.9853997644042967
chr10	119850000	119855000	2.0102110502724337	2.400832335510254
chr10	124565000	124570000	3.9714911507579767	4.327993126678467
chr10	124700000	124705000	8.969910430166655	7.62030196762085
chr10	124740000	124745000	4.884910546304578	3.3703180313110352
chr10	124740000	124745000	4.884910546304578	3.3703180313110352
chr10	124915000	124920000	3.7831990266318636	4.781286935424805
chr10	124955000	124960000	8.306629562007156	13.720937022399902
chr10	125155000	125160000	1.9166794567072503	1.2121096031188965
chr10	125395000	125400000	3.1866460383049793	2.359526345062256
chr10	126160000	126165000	2.1011311108170267	2.129723840026856
chr10	126170000	126175000	6.709780756699036	8.085983618164063
chr10	126170000	126175000	6.709780756699036	8.085983618164063
chr10	126170000	126175000	6.709780756699036	8.085983618164063
chr10	126170000	126175000	6.709780756699036	8.085983618164063
chr10	126170000	126175000	6.709780756699036	8.085983618164063
chr10	126170000	126175000	6.709780756699036	8.085983618164063
chr10	126205000	126210000	6.84903938239267	5.871215871582031
chr10	126220000	126225000	6.787269853880696	6.13277126953125
chr10	126225000	126230000	10.203458563631719	10.355750939941407
chr10	126260000	126265000	5.898627814234083	4.635571938476563
chr10	126385000	126390000	4.235416008095429	6.613390524902343
chr10	126390000	126395000	7.408449060400846	13.578935494995116
chr10	126455000	126460000	6.935667673385478	12.752178866119387
chr10	126455000	126460000	6.935667673385478	12.752178866119387
chr10	126455000	126460000	6.935667673385478	12.752178866119387
chr9	129725000	129730000	1.0414786978177935	1.3312222663879394
chr9	129735000	129740000	0.7559290511371933	0.6865963203430175
chr9	129780000	129785000	1.016738542389201	1.2368583847045898
chr9	129780000	129785000	1.016738542389201	1.2368583847045898
chr9	129910000	129915000	1.079369972414391	0.9054275756835938
chr9	129930000	129935000	2.768885781432535	5.225027320861816
chr9	130700000	130705000	1.2651515124169466	0.7480486019897461
chr9	130710000	130715000	4.126910432790595	3.5899008091735842
chr9	130845000	130850000	14.737276473970502	11.492834838562011
chr9	130860000	130865000	2.0360437812591266	2.0386314408874515
chr9	131455000	131460000	0.7109496440566588	0.5291888970184325
chr9	131465000	131470000	0.7640370681905301	0.47697021018981933
chr9	134210000	134215000	12.315311198753285	7.197692413330078
chr9	134220000	134225000	0.678130423914829	0.5627079132080078
chr9	134525000	134530000	1.568445371709806	1.4235595947265625
chr9	134565000	134570000	6.247786041544977	9.673147607421875
chr9	134640000	134645000	8.83526591408988	6.777976751708985
chr9	134640000	134645000	8.83526591408988	6.777976751708985
chr9	136520000	136525000	0.5934516835506832	0.4728022510147095
chr9	136545000	136550000	7.193873981083665	6.481280917358398
chr9	136545000	136550000	7.193873981083665	6.481280917358398
chr9	136545000	136550000	7.193873981083665	6.481280917358398
chr9	136545000	136550000	7.193873981083665	6.481280917358398
chr9	136545000	136550000	7.193873981083665	6.481280917358398
chr9	136555000	136560000	2.4785154896673753	2.0088460121154785
chr9	136560000	136565000	1.3577543554573417	1.6001301193237305
chr9	136620000	136625000	1.049822692072503	0.9242425552368164
chr9	136625000	136630000	1.3664304844936477	1.8892999099731445
chr11	129280000	129285000	10.653938236300743	14.671528434448243
chr11	129280000	129285000	10.653938236300743	14.671528434448243
chr11	129280000	129285000	10.653938236300743	14.671528434448243
chr11	129285000	129290000	3.450748182635441	6.837719478149414
chr11	129285000	129290000	3.450748182635441	6.837719478149414
chr11	129285000	129290000	3.450748182635441	6.837719478149414
chr11	129315000	129320000	0.6839082382629965	1.1574884686279296
chr11	129320000	129325000	3.9753109943140332	4.480653476562499
chr11	129320000	129325000	3.9753109943140332	4.480653476562499
chr11	129325000	129330000	1.3887801641446407	2.330492768249512
chr11	129325000	129330000	1.3887801641446407	2.330492768249512
chr11	129330000	129335000	1.5163489882995034	1.93682917678833
chr11	130000000	130005000	6.601944717778001	4.758476150512696
chr11	130120000	130125000	2.4330331959376825	1.9412281658935546
chr11	130450000	130455000	13.280877058082654	12.996947104492186
chr11	130475000	130480000	6.159148283257886	8.218440814819335
chr11	130475000	130480000	6.159148283257886	8.218440814819335
chr11	130550000	130555000	11.36596779077833	13.205939135742188
chr11	130570000	130575000	11.252863959824035	12.104893107299805
chr11	130580000	130585000	11.72561998667494	19.659893276367185
chr11	130580000	130585000	11.72561998667494	19.659893276367185
chr11	130580000	130585000	11.72561998667494	19.659893276367185
chr11	130580000	130585000	11.72561998667494	19.659893276367185
chr11	130580000	130585000	11.72561998667494	19.659893276367185
chr11	130605000	130610000	7.005451422290267	10.143922173461915
chr11	130650000	130655000	8.930415455242407	9.30999202697754
chr7	65000000	65005000	26.336571623101634	21.313112714843747
chr7	65005000	65010000	10.564507581136827	9.594414048461916
chr7	65020000	65025000	33.19270910986784	34.90021196044922
chr7	65020000	65025000	33.19270910986784	34.90021196044922
chr7	65855000	65860000	30.440834178546652	28.51717529296875
chr7	65855000	65860000	30.440834178546652	28.51717529296875
chr7	65870000	65875000	15.856428465427863	15.289118867187499
chr7	65875000	65880000	7.298678135039427	5.863747819824219
chr7	66590000	66595000	3.908009695349007	3.814926857910156
chr7	66600000	66605000	1.6856724385769568	3.163817836608887
chr7	66605000	66610000	12.29723636235032	16.72385309234619
chr7	66615000	66620000	0.8279548412857768	1.0401995660400392
chr7	67795000	67800000	3.1398969199492552	5.83555452331543
chr7	67805000	67810000	1.8219927952276211	2.0387475447082517
chr7	73895000	73900000	2.6161275225202614	1.7968462518310546
chr7	73935000	73940000	1.151047717042727	1.2007336303710938
chr7	76290000	76295000	5.196967663887951	5.460068316650391
chr7	76300000	76305000	5.092624011515679	4.786814912567139
chr7	77275000	77280000	2.8842082402024314	3.2591653560638427
chr7	77275000	77280000	2.8842082402024314	3.2591653560638427
chr7	77310000	77315000	4.6772996558643944	4.764063304138183
chr7	77315000	77320000	1.939981545478607	1.5056211753845214
chr7	77465000	77470000	7.54492404180509	9.440710235595704
chr7	77470000	77475000	5.224997246344735	6.137402482604981
chr7	77475000	77480000	2.5311410169940127	2.3473685317993165
chr7	77535000	77540000	5.451108211681331	4.056481024932861
chr7	77535000	77540000	5.451108211681331	4.056481024932861
chr7	77535000	77540000	5.451108211681331	4.056481024932861
chr7	77780000	77785000	1.1646240833888544	1.0996548080444335
chr7	77790000	77795000	2.618055700683594	3.6179494541168213
chr7	80065000	80070000	3.1904194063275777	2.5393665429687498
chr7	80075000	80080000	1.5178479019022435	1.085702816467285
chr7	80085000	80090000	13.604190324045343	11.969715501708984
chr7	80085000	80090000	13.604190324045343	11.969715501708984
chr7	80085000	80090000	13.604190324045343	11.969715501708984
chr7	80085000	80090000	13.604190324045343	11.969715501708984
chr7	80465000	80470000	4.131527153343129	5.891825260620117
chr7	80470000	80475000	12.383009534718166	16.425712454833985
chr7	80470000	80475000	12.383009534718166	16.425712454833985
chr7	80470000	80475000	12.383009534718166	16.425712454833985
chr7	80475000	80480000	4.08244058849299	4.430809022216796
chr7	80490000	80495000	2.1218298330716996	2.313646619567871
chr7	80490000	80495000	2.1218298330716996	2.313646619567871
chr7	80495000	80500000	7.4520404109776575	16.128083220520022
chr7	80495000	80500000	7.4520404109776575	16.128083220520022
chr7	80495000	80500000	7.4520404109776575	16.128083220520022
chr7	80495000	80500000	7.4520404109776575	16.128083220520022
chr7	80495000	80500000	7.4520404109776575	16.128083220520022
chr7	80495000	80500000	7.4520404109776575	16.128083220520022
chr7	80500000	80505000	2.5200043160982224	4.224077180786132
chr7	80505000	80510000	2.1933545349121095	2.799995394287109
chr7	80515000	80520000	5.858545012458017	6.8696766790771475
chr7	80515000	80520000	5.858545012458017	6.8696766790771475
chr7	80530000	80535000	11.972501099317318	7.488887498779296
chr7	80535000	80540000	13.742102875383324	11.096880672607423
chr7	80535000	80540000	13.742102875383324	11.096880672607423
chr7	80540000	80545000	29.94120916599737	24.46179016845703
chr7	80540000	80545000	29.94120916599737	24.46179016845703
chr7	80540000	80545000	29.94120916599737	24.46179016845703
chr7	80540000	80545000	29.94120916599737	24.46179016845703
chr7	80540000	80545000	29.94120916599737	24.46179016845703
chr7	80540000	80545000	29.94120916599737	24.46179016845703
chr7	80540000	80545000	29.94120916599737	24.46179016845703
chr7	80540000	80545000	29.94120916599737	24.46179016845703
chr7	80540000	80545000	29.94120916599737	24.46179016845703
chr7	80540000	80545000	29.94120916599737	24.46179016845703
chr7	80550000	80555000	10.308146808831046	10.827509106445312
chr7	80550000	80555000	10.308146808831046	10.827509106445312
chr7	80550000	80555000	10.308146808831046	10.827509106445312
chr7	80620000	80625000	8.715246441022927	6.500732039794921
chr7	80630000	80635000	15.12310341431805	11.271077272949219
chr7	80630000	80635000	15.12310341431805	11.271077272949219
chr7	80630000	80635000	15.12310341431805	11.271077272949219
chr7	80630000	80635000	15.12310341431805	11.271077272949219
chr7	80635000	80640000	34.34382532308704	30.833476953125
chr7	80635000	80640000	34.34382532308704	30.833476953125
chr7	80635000	80640000	34.34382532308704	30.833476953125
chr7	80635000	80640000	34.34382532308704	30.833476953125
chr7	80635000	80640000	34.34382532308704	30.833476953125
chr7	80635000	80640000	34.34382532308704	30.833476953125
chr7	80635000	80640000	34.34382532308704	30.833476953125
chr7	80635000	80640000	34.34382532308704	30.833476953125
chr7	80640000	80645000	17.18732991156177	14.480022084960938
chr7	80640000	80645000	17.18732991156177	14.480022084960938
chr7	80640000	80645000	17.18732991156177	14.480022084960938
chr7	80640000	80645000	17.18732991156177	14.480022084960938
chr7	80640000	80645000	17.18732991156177	14.480022084960938
chr7	80645000	80650000	6.570207080534462	4.573513572998047
chr7	80655000	80660000	9.452307483936915	8.009973327636718
chr7	80655000	80660000	9.452307483936915	8.009973327636718
chr7	80915000	80920000	4.836070312271832	4.331003319702148
chr7	80940000	80945000	12.633596740494486	17.675477826538085
chr7	81060000	81065000	6.31830425232504	10.189310834045411
chr7	81060000	81065000	6.31830425232504	10.189310834045411
chr7	87150000	87155000	2.805093882794247	2.809258391418457
chr7	87150000	87155000	2.805093882794247	2.809258391418457
chr7	87215000	87220000	3.5443859796541872	4.1126061630249025
chr7	87220000	87225000	1.809538240635952	1.4476714248657228
chr7	90190000	90195000	10.598468374890478	8.130792353515625
chr7	90190000	90195000	10.598468374890478	8.130792353515625
chr7	90245000	90250000	2.2208433502482476	2.0758848779296875
chr7	90250000	90255000	5.7225457093996415	5.314006004638672
chr7	95545000	95550000	2.530145131105797	3.972276547241211
chr7	95545000	95550000	2.530145131105797	3.972276547241211
chr7	95545000	95550000	2.530145131105797	3.972276547241211
chr7	95550000	95555000	10.467843155848424	7.378748731689454
chr7	95550000	95555000	10.467843155848424	7.378748731689454
chr7	95550000	95555000	10.467843155848424	7.378748731689454
chr7	95550000	95555000	10.467843155848424	7.378748731689454
chr7	95580000	95585000	0.8886182921792859	1.3409766955566405
chr7	95580000	95585000	0.8886182921792859	1.3409766955566405
chr7	95590000	95595000	2.481403630850248	3.532211610717773
chr7	95590000	95595000	2.481403630850248	3.532211610717773
chr7	95590000	95595000	2.481403630850248	3.532211610717773
chr7	95595000	95600000	4.431739770621897	7.183971187133789
chr7	95595000	95600000	4.431739770621897	7.183971187133789
chr7	95595000	95600000	4.431739770621897	7.183971187133789
chr7	95595000	95600000	4.431739770621897	7.183971187133789
chr7	95600000	95605000	2.7508171646831188	4.447366970214843
chr7	95605000	95610000	18.42356678056093	30.271081781005858
chr7	95605000	95610000	18.42356678056093	30.271081781005858
chr7	95605000	95610000	18.42356678056093	30.271081781005858
chr7	95605000	95610000	18.42356678056093	30.271081781005858
chr7	95610000	95615000	2.4219685533755295	3.0278574154663085
chr7	95630000	95635000	1.0846279301438375	0.9197560375976562
chr7	95675000	95680000	2.920387975047459	4.823025600280761
chr7	95675000	95680000	2.920387975047459	4.823025600280761
chr7	95675000	95680000	2.920387975047459	4.823025600280761
chr7	95675000	95680000	2.920387975047459	4.823025600280761
chr7	95680000	95685000	1.457073318395882	2.2133202029418944
chr7	95680000	95685000	1.457073318395882	2.2133202029418944
chr7	95680000	95685000	1.457073318395882	2.2133202029418944
chr7	99065000	99070000	2.149538901070568	1.8868681143188475
chr7	99095000	99100000	4.619785750629745	5.204793544921875
chr7	99815000	99820000	3.814807500707323	3.741779413757324
chr7	99825000	99830000	7.092823141336886	5.89286734741211
chr7	101215000	101220000	5.401779077775902	5.161924798583985
chr7	101225000	101230000	1.3322975984947705	0.8643245635986329
chr7	106060000	106065000	3.928977941837489	3.0288998760986328
chr7	106065000	106070000	6.433893974346981	10.032075469970703
chr7	106065000	106070000	6.433893974346981	10.032075469970703
chr7	106065000	106070000	6.433893974346981	10.032075469970703
chr7	106065000	106070000	6.433893974346981	10.032075469970703
chr7	106085000	106090000	1.1683264623338931	0.8647875164794921
chr7	106100000	106105000	2.6703962762280047	3.5611581787109374
chr7	106110000	106115000	3.491663444134008	2.691969958496094
chr7	106120000	106125000	2.073191558894933	2.3561973388671875
chr7	106125000	106130000	1.7782803593145353	2.1123566015625
chr7	106135000	106140000	2.142189324409271	2.6712437158203124
chr7	106150000	106155000	1.142803053041262	0.8124535833740234
chr7	106165000	106170000	4.706640040545597	5.858653441772461
chr7	106165000	106170000	4.706640040545597	5.858653441772461
chr7	106280000	106285000	5.144493050149223	7.788651560058595
chr7	106285000	106290000	3.2779787735555774	4.432430550537109
chr7	106355000	106360000	13.480226978109483	16.551276279296875
chr7	106355000	106360000	13.480226978109483	16.551276279296875
chr7	106355000	106360000	13.480226978109483	16.551276279296875
chr7	106420000	106425000	6.0725678480487	6.261464924316407
chr7	106985000	106990000	14.938577070974189	16.739537531738282
chr7	107045000	107050000	4.1237400032399965	3.513686298828125
chr7	108435000	108440000	1.6002663195458529	1.0604618383789062
chr7	108445000	108450000	2.707163862395955	4.564075842285156
chr7	113700000	113705000	18.66010150705498	16.24884527832031
chr7	113750000	113755000	7.3442135907609885	9.159647041015626
chr7	116255000	116260000	6.331445530173044	5.846698921508788
chr7	116255000	116260000	6.331445530173044	5.846698921508788
chr7	116265000	116270000	7.730570575350468	6.376032599182128
chr7	116265000	116270000	7.730570575350468	6.376032599182128
chr7	116265000	116270000	7.730570575350468	6.376032599182128
chr7	116265000	116270000	7.730570575350468	6.376032599182128
chr7	116270000	116275000	23.32849332651869	22.738753612060545
chr7	116270000	116275000	23.32849332651869	22.738753612060545
chr7	116270000	116275000	23.32849332651869	22.738753612060545
chr7	116270000	116275000	23.32849332651869	22.738753612060545
chr7	116270000	116275000	23.32849332651869	22.738753612060545
chr7	116270000	116275000	23.32849332651869	22.738753612060545
chr7	116305000	116310000	7.456503390360325	6.204702004089356
chr7	116325000	116330000	10.963805627555491	9.223963271484376
chr7	116325000	116330000	10.963805627555491	9.223963271484376
chr7	116325000	116330000	10.963805627555491	9.223963271484376
chr7	116330000	116335000	14.859685351106164	10.847829421691895
chr7	116330000	116335000	14.859685351106164	10.847829421691895
chr7	116330000	116335000	14.859685351106164	10.847829421691895
chr7	116330000	116335000	14.859685351106164	10.847829421691895
chr7	116330000	116335000	14.859685351106164	10.847829421691895
chr7	116330000	116335000	14.859685351106164	10.847829421691895
chr7	116330000	116335000	14.859685351106164	10.847829421691895
chr7	116380000	116385000	9.327771795597254	13.669651960449217
chr7	116380000	116385000	9.327771795597254	13.669651960449217
chr7	116380000	116385000	9.327771795597254	13.669651960449217
chr7	116380000	116385000	9.327771795597254	13.669651960449217
chr7	116380000	116385000	9.327771795597254	13.669651960449217
chr7	116385000	116390000	19.70778367429359	13.911668295288086
chr7	116385000	116390000	19.70778367429359	13.911668295288086
chr7	116385000	116390000	19.70778367429359	13.911668295288086
chr7	116385000	116390000	19.70778367429359	13.911668295288086
chr7	116385000	116390000	19.70778367429359	13.911668295288086
chr7	116385000	116390000	19.70778367429359	13.911668295288086
chr7	116385000	116390000	19.70778367429359	13.911668295288086
chr7	116385000	116390000	19.70778367429359	13.911668295288086
chr7	116385000	116390000	19.70778367429359	13.911668295288086
chr7	116385000	116390000	19.70778367429359	13.911668295288086
chr7	116385000	116390000	19.70778367429359	13.911668295288086
chr7	116420000	116425000	4.507001598550672	5.052538481445312
chr7	116430000	116435000	12.941188291289427	12.905391885986328
chr7	116430000	116435000	12.941188291289427	12.905391885986328
chr7	116430000	116435000	12.941188291289427	12.905391885986328
chr7	116430000	116435000	12.941188291289427	12.905391885986328
chr7	116435000	116440000	2.918042709550234	2.4056074420166014
chr7	116490000	116495000	13.961351340491749	10.619361423950194
chr7	116490000	116495000	13.961351340491749	10.619361423950194
chr7	116490000	116495000	13.961351340491749	10.619361423950194
chr7	116490000	116495000	13.961351340491749	10.619361423950194
chr7	116495000	116500000	17.94167626131717	13.965044554443361
chr7	116495000	116500000	17.94167626131717	13.965044554443361
chr7	116495000	116500000	17.94167626131717	13.965044554443361
chr7	116495000	116500000	17.94167626131717	13.965044554443361
chr7	116495000	116500000	17.94167626131717	13.965044554443361
chr7	116500000	116505000	11.024393011645735	7.318831200561522
chr7	116500000	116505000	11.024393011645735	7.318831200561522
chr7	116505000	116510000	2.4342083313558702	2.5973743542480467
chr7	116525000	116530000	13.594615086521612	9.568651905517578
chr7	116525000	116530000	13.594615086521612	9.568651905517578
chr7	116525000	116530000	13.594615086521612	9.568651905517578
chr7	120985000	120990000	9.10893956709532	12.36488413421631
chr7	121075000	121080000	2.1846956832743136	2.357354884643555
chr7	123685000	123690000	0.7260589809524679	0.5668763496398925
chr7	123695000	123700000	1.0849738421573818	0.8098480352783203
chr7	128345000	128350000	1.3245725866585134	0.8338732795715332
chr7	128350000	128355000	2.040138875857915	1.035597423400879
chr7	128385000	128390000	1.0197848910037604	1.2140485186767578
chr7	128385000	128390000	1.0197848910037604	1.2140485186767578
chr7	128425000	128430000	2.501762234411507	3.4270804827880856
chr7	128445000	128450000	27.299152376606308	32.5509216217041
chr7	128790000	128795000	0.789807187887887	0.7127637036132812
chr7	128800000	128805000	0.8680359077239705	1.2769772094726564
chr7	128815000	128820000	0.6334896675466377	0.6533664984130859
chr7	128825000	128830000	1.7698431664582723	1.1314377434539795
chr7	129010000	129015000	4.230439900792202	5.601497221679687
chr7	129050000	129055000	2.688548929431951	3.373009953613281
chr17	1315000	1320000	10.493516475841487	18.6654837890625
chr17	1315000	1320000	10.493516475841487	18.6654837890625
chr17	1325000	1330000	2.7441204320034136	3.6778678131103515
chr17	1330000	1335000	1.964273280320212	7.3204224609375
chr17	1710000	1715000	8.321333103871568	8.355239166259766
chr17	1715000	1720000	16.838720302346488	14.726237060546875
chr17	1715000	1720000	16.838720302346488	14.726237060546875
chr17	1715000	1720000	16.838720302346488	14.726237060546875
chr17	1720000	1725000	2.4039870527891356	2.8246868041992186
chr17	1760000	1765000	9.167861380803474	11.887509771728515
chr17	1760000	1765000	9.167861380803474	11.887509771728515
chr17	1780000	1785000	9.366380913679176	12.665141186523437
chr17	1780000	1785000	9.366380913679176	12.665141186523437
chr17	1780000	1785000	9.366380913679176	12.665141186523437
chr17	1785000	1790000	8.544532373218	15.066491912841796
chr17	1785000	1790000	8.544532373218	15.066491912841796
chr17	1785000	1790000	8.544532373218	15.066491912841796
chr17	1785000	1790000	8.544532373218	15.066491912841796
chr17	1785000	1790000	8.544532373218	15.066491912841796
chr17	1785000	1790000	8.544532373218	15.066491912841796
chr17	1845000	1850000	1.8050718952785028	0.8526013198852539
chr17	1850000	1855000	1.4093064742614176	2.6527481063842773
chr17	1860000	1865000	0.6689889730863482	0.6174158679962158
chr17	1865000	1870000	0.6436719169830607	0.84579917678833
chr17	1865000	1870000	0.6436719169830607	0.84579917678833
chr17	1880000	1885000	0.6422397002318195	1.021790411758423
chr17	1905000	1910000	0.6865552240246924	1.0255531127929687
chr17	2010000	2015000	5.41299523064444	9.298295932388307
chr17	2010000	2015000	5.41299523064444	9.298295932388307
chr17	2010000	2015000	5.41299523064444	9.298295932388307
chr17	2010000	2015000	5.41299523064444	9.298295932388307
chr17	2025000	2030000	1.754655697318104	1.9910443054199218
chr17	3045000	3050000	1.3845128913665488	1.0582621467590332
chr17	3475000	3480000	5.4421315578425045	7.219864840545654
chr17	3475000	3480000	5.4421315578425045	7.219864840545654
chr17	3475000	3480000	5.4421315578425045	7.219864840545654
chr17	3500000	3505000	2.2116577555148402	2.4985812393188476
chr17	3510000	3515000	5.727817249904169	7.144055687103272
chr17	9840000	9845000	1.400603816551137	2.471257295455932
chr17	9840000	9845000	1.400603816551137	2.471257295455932
chr17	9840000	9845000	1.400603816551137	2.471257295455932
chr17	9840000	9845000	1.400603816551137	2.471257295455932
chr17	9865000	9870000	1.886953501450013	1.3756253798675537
chr17	9870000	9875000	2.3844550257602584	1.376175089187622
chr17	9875000	9880000	1.8907492320836148	3.1115993698883058
chr17	9900000	9905000	1.161811275075752	1.2281750456237794
chr17	10645000	10650000	0.8568902050553082	0.5778179510498046
chr17	10645000	10650000	0.8568902050553082	0.5778179510498046
chr17	10645000	10650000	0.8568902050553082	0.5778179510498046
chr17	10660000	10665000	0.6539802092507621	0.3273200732421875
chr17	10695000	10700000	2.4778079672554942	3.4463002770996094
chr17	10740000	10745000	1.5809919887079258	1.1162408003234865
chr17	10795000	10800000	2.8066352311749325	6.567393862457275
chr17	10840000	10845000	0.8347886886168864	0.5127185102081299
chr17	15260000	15265000	7.710248488723897	6.491440690002442
chr17	15260000	15265000	7.710248488723897	6.491440690002442
chr17	15260000	15265000	7.710248488723897	6.491440690002442
chr17	15275000	15280000	5.814630150739723	7.727546490783692
chr17	15350000	15355000	4.89873701534093	3.588135053482056
chr17	15430000	15435000	3.596278384156985	5.851704711761474
chr17	15435000	15440000	7.670259623589916	10.63794314453125
chr17	15435000	15440000	7.670259623589916	10.63794314453125
chr17	16215000	16220000	3.943281090538524	3.5417056891632077
chr17	16255000	16260000	4.499223666011062	4.5147520404052734
chr17	16285000	16290000	11.386115397401614	15.197909765625
chr17	16285000	16290000	11.386115397401614	15.197909765625
chr17	16815000	16820000	6.0312703135552805	9.594556064147948
chr17	17490000	17495000	2.9498611146730798	5.85697336380005
chr17	17495000	17500000	3.9864764694071257	5.78023950843811
chr17	17495000	17500000	3.9864764694071257	5.78023950843811
chr17	17515000	17520000	2.7826989483129196	4.394048165130616
chr17	17565000	17570000	16.457510743328346	23.935986331176753
chr17	17565000	17570000	16.457510743328346	23.935986331176753
chr17	17565000	17570000	16.457510743328346	23.935986331176753
chr17	17580000	17585000	11.594759140898802	17.383211359252932
chr17	17820000	17825000	13.377854736784462	10.703593179321288
chr17	17855000	17860000	5.115750226571627	4.7945150413513185
chr17	17900000	17905000	7.148152859411508	7.486802349853516
chr17	17910000	17915000	4.2499825907199185	8.088010736083984
chr17	18355000	18360000	5.255513413131572	3.9974312768554685
chr17	18360000	18365000	9.371974462890625	9.014858801269531
chr17	18405000	18410000	2.3085493953526575	1.7115137240600586
chr17	19570000	19575000	1.7607293964136428	3.2569359375
chr17	19645000	19650000	10.480534835444658	9.000097221679686
chr17	19990000	19995000	1.0570205843916562	0.734994245300293
chr17	20115000	20120000	0.8095142432952596	0.5671079132080078
chr17	21005000	21010000	1.2945575969660392	0.9205952697753906
chr17	21005000	21010000	1.2945575969660392	0.9205952697753906
chr17	21015000	21020000	0.6373443701913424	0.5882962225341798
chr17	21020000	21025000	1.0306341901975258	0.7515512048339843
chr17	21125000	21130000	3.626372421663944	3.714107932128906
chr17	21130000	21135000	5.450739494423554	5.7961300036621095
chr17	21130000	21135000	5.450739494423554	5.7961300036621095
chr17	21135000	21140000	1.9411528496002484	1.5756996740722657
chr17	21155000	21160000	1.2664048467618283	1.4872405566406248
chr17	21160000	21165000	6.141256277152088	7.95167394897461
chr17	21165000	21170000	17.78523065989842	23.191238112182617
chr17	21165000	21170000	17.78523065989842	23.191238112182617
chr17	21165000	21170000	17.78523065989842	23.191238112182617
chr17	21165000	21170000	17.78523065989842	23.191238112182617
chr17	21165000	21170000	17.78523065989842	23.191238112182617
chr17	21205000	21210000	1.7531666230959313	1.5740781311035157
chr17	21210000	21215000	4.501849284462617	4.174348665771484
chr17	21210000	21215000	4.501849284462617	4.174348665771484
chr17	21210000	21215000	4.501849284462617	4.174348665771484
chr17	21215000	21220000	2.3552291400945076	1.535406583251953
chr17	21865000	21870000	0.8901499004043151	0.927021154937744
chr17	21875000	21880000	0.7960140620721835	1.0899000219726562
chr17	28820000	28825000	5.830607224109685	6.297473913574219
chr17	28840000	28845000	4.938604287548601	5.557036669921875
chr17	28970000	28975000	1.6112230957601672	1.390271875
chr17	29110000	29115000	1.6361800347158841	2.4850066108703612
chr17	29270000	29275000	1.23182426278658	0.8327733016967773
chr17	29280000	29285000	1.707366622782199	1.6169182189941407
chr17	29390000	29395000	4.156296550543954	3.930855435180664
chr17	29500000	29505000	1.0509936518874123	1.3717465988159179
chr17	31265000	31270000	3.5419879048855503	5.223000322265625
chr17	31300000	31305000	1.7406308668475285	3.4240692480468753
chr17	35665000	35670000	3.908367169303537	5.545805611572265
chr17	35715000	35720000	5.7387080501092935	6.271422014160156
chr17	35750000	35755000	2.7812521178771403	7.447090328979492
chr17	35805000	35810000	3.286077637403256	3.1076332836914062
chr17	36540000	36545000	3.4763685177241532	2.3127786059570314
chr17	36545000	36550000	6.353419326810748	4.782502102661133
chr17	36550000	36555000	1.9395729572046585	1.3414109408569337
chr17	36560000	36565000	0.92765529545579	0.9652588682556152
chr17	36590000	36595000	7.089748416052132	9.658500657958985
chr17	36590000	36595000	7.089748416052132	9.658500657958985
chr17	38865000	38870000	5.365843511335426	3.3873962744140624
chr17	38900000	38905000	17.17262368380823	14.13281508178711
chr17	39925000	39930000	8.099226884902528	7.555000014648438
chr17	39980000	39985000	3.7733028838255698	2.3816695739746097
chr17	40300000	40305000	4.354295814471378	3.149199035644531
chr17	40415000	40420000	2.994606093704366	2.6128897167968748
chr17	41580000	41585000	15.425088564122278	20.815121467285156
chr17	41590000	41595000	14.487228334516008	17.851060139160154
chr17	41590000	41595000	14.487228334516008	17.851060139160154
chr17	41590000	41595000	14.487228334516008	17.851060139160154
chr17	41590000	41595000	14.487228334516008	17.851060139160154
chr17	41600000	41605000	1.7103378159852787	1.9101978674316407
chr17	41640000	41645000	4.3045698063930615	7.1680516796875
chr17	41645000	41650000	2.9258570676714464	4.479785029907227
chr17	42310000	42315000	4.851764092561241	3.5661364318847655
chr17	42385000	42390000	6.026904318722163	5.407907589721679
chr17	42405000	42410000	6.227567396816361	8.795274144897462
chr17	42410000	42415000	6.18424702889986	5.377456379394531
chr17	42420000	42425000	4.041932219717435	5.891419565429687
chr17	42420000	42425000	4.041932219717435	5.891419565429687
chr17	42425000	42430000	4.836322377998138	4.413788259277345
chr17	42425000	42430000	4.836322377998138	4.413788259277345
chr17	42430000	42435000	2.64854005720192	3.3628204162597655
chr17	42450000	42455000	1.0769707490154516	1.0162324743652345
chr17	42490000	42495000	0.5690270641576464	0.5974142313385009
chr17	42510000	42515000	3.6672869142051057	5.9694579679870605
chr17	42510000	42515000	3.6672869142051057	5.9694579679870605
chr17	42510000	42515000	3.6672869142051057	5.9694579679870605
chr17	42510000	42515000	3.6672869142051057	5.9694579679870605
chr17	42515000	42520000	4.6802193553318485	3.9508287634277344
chr17	42515000	42520000	4.6802193553318485	3.9508287634277344
chr17	42525000	42530000	2.0524678531824985	1.6005349830627442
chr17	42735000	42740000	4.322252047187591	4.9208927545166015
chr17	42755000	42760000	0.9921243163492077	1.2373212664794921
chr17	42835000	42840000	1.2387927828779843	1.0997126295471191
chr17	42845000	42850000	24.307759877655887	21.5425025390625
chr17	42850000	42855000	14.14533974255713	16.486349227905272
chr17	42850000	42855000	14.14533974255713	16.486349227905272
chr17	42850000	42855000	14.14533974255713	16.486349227905272
chr17	42855000	42860000	2.356874972961996	2.952337871704102
chr17	42860000	42865000	1.738164142644294	1.857343093261719
chr17	42910000	42915000	8.759178330123758	9.681830774536133
chr17	42920000	42925000	3.6182643705849333	3.9077567852783197
chr17	42920000	42925000	3.6182643705849333	3.9077567852783197
chr17	42920000	42925000	3.6182643705849333	3.9077567852783197
chr17	42930000	42935000	0.9690376644526687	0.6265340190124512
chr17	42935000	42940000	1.2999321284784335	0.8560169827270507
chr17	42985000	42990000	7.527339934561186	7.3936846844482425
chr17	43830000	43835000	1.3347280824750383	1.2607385227966308
chr17	43840000	43845000	2.2874354538962103	1.5771179007720946
chr17	44140000	44145000	5.1475108949465165	5.114888856201172
chr17	44150000	44155000	1.255653324875876	1.254544316558838
chr17	44585000	44590000	1.601564511308046	1.8989381535339358
chr17	44595000	44600000	4.380217769786799	7.522839039459229
chr17	45145000	45150000	9.840363530866677	7.483242963256837
chr17	45160000	45165000	5.724155894113701	4.869368684234619
chr17	45895000	45900000	1.0124971447810949	0.6539457451629638
chr17	45940000	45945000	5.711786702321846	6.178476833496093
chr17	46000000	46005000	1.8529921177944293	1.8298733471679687
chr17	46190000	46195000	8.823094985648183	6.617384125976563
chr17	47835000	47840000	10.605721949611201	9.977713140258787
chr17	47895000	47900000	4.005090607887339	4.481232549438476
chr17	47895000	47900000	4.005090607887339	4.481232549438476
chr17	47940000	47945000	2.4164884462160483	1.741241425933838
chr17	48030000	48035000	0.7446926279798847	0.785388833618164
chr17	48070000	48075000	4.1634428030994455	2.751801106109619
chr17	48330000	48335000	3.0294335360232916	3.248194253692627
chr17	48335000	48340000	1.5908551041362442	1.078147776184082
chr17	48335000	48340000	1.5908551041362442	1.078147776184082
chr17	48345000	48350000	5.1874219889703195	7.152592835540771
chr17	48460000	48465000	1.35343223614559	1.0137431521606446
chr17	48485000	48490000	1.247891007182754	1.333797964630127
chr17	48500000	48505000	1.3221260128413406	0.8192844659423828
chr17	48575000	48580000	5.775189310747664	2.8977467993164066
chr17	48580000	48585000	4.137638443706192	2.6799286785888676
chr17	48580000	48585000	4.137638443706192	2.6799286785888676
chr17	48580000	48585000	4.137638443706192	2.6799286785888676
chr17	48580000	48585000	4.137638443706192	2.6799286785888676
chr17	48590000	48595000	5.623749807425526	4.2095465023803715
chr17	48590000	48595000	5.623749807425526	4.2095465023803715
chr17	48590000	48595000	5.623749807425526	4.2095465023803715
chr17	48615000	48620000	2.0049891205689616	1.3551029652404785
chr17	50200000	50205000	6.782646727146611	3.8097166680908203
chr17	50260000	50265000	0.8531783642920377	0.6073714493560791
chr17	50865000	50870000	11.830135520293334	11.482961654663086
chr17	50865000	50870000	11.830135520293334	11.482961654663086
chr17	50865000	50870000	11.830135520293334	11.482961654663086
chr17	50865000	50870000	11.830135520293334	11.482961654663086
chr17	50865000	50870000	11.830135520293334	11.482961654663086
chr17	50865000	50870000	11.830135520293334	11.482961654663086
chr17	50900000	50905000	7.578245365891501	4.669323776855469
chr17	50905000	50910000	3.123617985919703	7.478814371643067
chr17	50945000	50950000	1.8465712171893254	2.184894936218262
chr17	50950000	50955000	5.801338450551255	3.4094230249023445
chr17	50960000	50965000	2.5781077178955076	1.9881785026550294
chr17	50965000	50970000	1.9914444371874087	1.6967511508178712
chr17	55405000	55410000	3.838555701482184	6.394443090820313
chr17	55405000	55410000	3.838555701482184	6.394443090820313
chr17	55415000	55420000	2.5011721186842877	4.362439083862305
chr17	55420000	55425000	7.95345952467874	9.90341148071289
chr17	55420000	55425000	7.95345952467874	9.90341148071289
chr17	55440000	55445000	20.565177014730576	26.814774029541017
chr17	55440000	55445000	20.565177014730576	26.814774029541017
chr17	55440000	55445000	20.565177014730576	26.814774029541017
chr17	55440000	55445000	20.565177014730576	26.814774029541017
chr17	55440000	55445000	20.565177014730576	26.814774029541017
chr17	55440000	55445000	20.565177014730576	26.814774029541017
chr17	55445000	55450000	9.022710032582506	11.780989294433594
chr17	55445000	55450000	9.022710032582506	11.780989294433594
chr17	55485000	55490000	2.649458608580973	2.058198693847656
chr17	55495000	55500000	3.03975192152362	4.654214119720459
chr17	55510000	55515000	1.2165748172367845	1.6386283180236816
chr17	55610000	55615000	1.911085759984667	2.5261670477294924
chr17	55765000	55770000	4.056949457870911	5.842415828247071
chr17	57085000	57090000	3.6792649824766355	4.231922008666992
chr17	57090000	57095000	2.2978157089661213	4.039808034057618
chr17	57110000	57115000	4.681305790924358	6.816965087738038
chr17	57110000	57115000	4.681305790924358	6.816965087738038
chr17	58710000	58715000	0.8486554182106091	0.9425362411499023
chr17	58995000	59000000	2.5339357668297313	3.1872640010070796
chr17	59330000	59335000	3.29900183681595	2.9629612687683107
chr17	59425000	59430000	4.453409140242817	6.007782335815429
chr17	59735000	59740000	1.0040663111463886	1.386942446899414
chr17	59745000	59750000	1.1527892079861366	1.1172250016784668
chr17	59745000	59750000	1.1527892079861366	1.1172250016784668
chr17	59785000	59790000	6.981936865690713	7.8218823376464846
chr17	59840000	59845000	7.977332195075204	5.160565302734375
chr17	59845000	59850000	11.924970267550744	10.10594587463379
chr17	59855000	59860000	3.8628075220411078	4.5067053594970705
chr17	59855000	59860000	3.8628075220411078	4.5067053594970705
chr17	60075000	60080000	3.3085094152147527	2.616015729904175
chr17	60100000	60105000	4.028437906796464	4.33676345199585
chr17	60320000	60325000	3.6715791887800266	4.377375144500733
chr17	60390000	60395000	10.72980027038004	7.798900081787108
chr17	60505000	60510000	1.292799695993584	0.8570879371643066
chr17	60515000	60520000	1.9227112523729557	1.4973716789245606
chr17	60525000	60530000	5.236612044346889	4.95235604019165
chr17	60575000	60580000	3.351470004985489	3.69320887298584
chr17	64305000	64310000	1.0057186927866715	1.3301223864746095
chr17	64320000	64325000	2.39761671553282	2.2908373245239257
chr17	64320000	64325000	2.39761671553282	2.2908373245239257
chr17	64320000	64325000	2.39761671553282	2.2908373245239257
chr17	64325000	64330000	5.516586616302205	7.132678874206543
chr17	64325000	64330000	5.516586616302205	7.132678874206543
chr17	64330000	64335000	10.614664193354812	15.110923986816406
chr17	64330000	64335000	10.614664193354812	15.110923986816406
chr17	64330000	64335000	10.614664193354812	15.110923986816406
chr17	64350000	64355000	3.680821682596653	3.482656907958985
chr17	64355000	64360000	7.047740122172989	11.519955158691406
chr17	64355000	64360000	7.047740122172989	11.519955158691406
chr17	64375000	64380000	2.626039540527914	3.7785996850585937
chr17	64415000	64420000	1.138082789725901	1.3014658016967773
chr17	65055000	65060000	3.2269384346935235	3.3936194482421875
chr17	65060000	65065000	2.4946930678323054	2.425204626312256
chr17	65090000	65095000	1.3261537695768837	1.3620784628295899
chr17	65090000	65095000	1.3261537695768837	1.3620784628295899
chr17	65555000	65560000	1.0014191081965083	0.9327524298095703
chr17	65660000	65665000	1.2553849857651185	1.8102191273498534
chr17	67375000	67380000	4.059414687739577	3.0847947845458985
chr17	67510000	67515000	7.020885242098514	8.698450424194336
chr17	67520000	67525000	4.655958219267943	4.867138753051758
chr17	67525000	67530000	4.077610747834678	7.30004436767578
chr17	67525000	67530000	4.077610747834678	7.30004436767578
chr17	67585000	67590000	6.138212111086266	7.471607187805175
chr17	67585000	67590000	6.138212111086266	7.471607187805175
chr17	67585000	67590000	6.138212111086266	7.471607187805175
chr17	67590000	67595000	4.08101600370318	7.795076851043702
chr17	67590000	67595000	4.08101600370318	7.795076851043702
chr17	68500000	68505000	1.0458883176999672	0.7851573561096191
chr17	68510000	68515000	8.311413116740288	6.064662239379883
chr17	73255000	73260000	0.8246474592262338	0.6606612576293944
chr17	73365000	73370000	1.0627719115070093	0.5989483557128906
chr17	75290000	75295000	2.098731828350887	2.0124932653808596
chr17	75305000	75310000	9.35222323859384	11.217877360839843
chr17	75305000	75310000	9.35222323859384	11.217877360839843
chr17	75390000	75395000	5.158093831171054	4.564192081298828
chr17	75430000	75435000	1.0407174512061004	0.7092322323608398
chr17	75455000	75460000	5.493777153172004	4.3216247875976554
chr17	75455000	75460000	5.493777153172004	4.3216247875976554
chr17	75510000	75515000	1.6933915790165694	2.2381557571411133
chr17	75975000	75980000	7.155650864303447	7.916475603027344
chr17	75980000	75985000	9.701630065176419	10.987350125732421
chr17	75980000	75985000	9.701630065176419	10.987350125732421
chr17	75980000	75985000	9.701630065176419	10.987350125732421
chr17	75980000	75985000	9.701630065176419	10.987350125732421
chr17	75990000	75995000	0.7317278386766666	0.8057959155273439
chr17	75990000	75995000	0.7317278386766666	0.8057959155273439
chr17	75995000	76000000	2.177653226306951	4.842477656250001
chr17	76000000	76005000	2.3154730368355727	6.035107438964843
chr17	76005000	76010000	0.8874832156029817	1.029952978363037
chr17	76245000	76250000	7.301550503454475	8.529550780029297
chr17	76255000	76260000	2.0970473421756353	2.631820224914551
chr17	77100000	77105000	0.995593118599865	0.8114113598632812
chr17	77115000	77120000	1.493405070766556	1.4293487872314454
chr17	77285000	77290000	1.5925156626478532	1.2972397772216797
chr17	77320000	77325000	13.191195184269128	13.97381421875
chr17	78140000	78145000	4.87063500859626	4.494837065429687
chr17	78155000	78160000	3.2280397638338747	5.071324069824219
chr17	78885000	78890000	0.8155168578816351	0.907396000289917
chr17	78915000	78920000	2.645205168993228	2.5151390187072753
chr17	81295000	81300000	2.6340714730236017	2.1980370242309566
chr17	81340000	81345000	7.377448501843604	4.791475327148437
chr17	81345000	81350000	4.30593300210828	2.356428485107422
chr17	81400000	81405000	3.4758872998959554	2.707947982177734
chr17	82095000	82100000	7.068099748557973	5.216256184082032
chr17	82110000	82115000	1.9073967383268835	1.9370023975372315
chr17	82115000	82120000	0.5758623120459441	0.6131028742218018
chr17	82130000	82135000	8.079035800598714	4.979188801956177
chr17	82130000	82135000	8.079035800598714	4.979188801956177
chr17	82130000	82135000	8.079035800598714	4.979188801956177
chr17	82130000	82135000	8.079035800598714	4.979188801956177
chr17	82140000	82145000	0.8928998335508542	0.6053453216552734
chrX	133695000	133700000	3.2804467560384873	3.712951105041504
chrX	133705000	133710000	1.2266412251410084	1.189097680053711
chrX	133710000	133715000	6.361024697704851	6.534945677490234
chrX	133745000	133750000	10.918787505247883	8.18822134765625
chrX	133745000	133750000	10.918787505247883	8.18822134765625
chrX	133745000	133750000	10.918787505247883	8.18822134765625
chrX	136025000	136030000	0.7576162221177716	0.8332943591308595
chrX	136025000	136030000	0.7576162221177716	0.8332943591308595
chrX	136030000	136035000	2.466282990015333	3.0114172106933594
chrX	136030000	136035000	2.466282990015333	3.0114172106933594
chrX	136030000	136035000	2.466282990015333	3.0114172106933594
chrX	136030000	136035000	2.466282990015333	3.0114172106933594
chrX	136030000	136035000	2.466282990015333	3.0114172106933594
chrX	136050000	136055000	0.6889171322831483	0.4645236273193359
chrX	136055000	136060000	1.9443211094936477	1.8153715997314455
chrX	136055000	136060000	1.9443211094936477	1.8153715997314455
chrX	136060000	136065000	2.85965586325387	4.0407349414062494
chrX	136060000	136065000	2.85965586325387	4.0407349414062494
chrX	136060000	136065000	2.85965586325387	4.0407349414062494
chrX	136060000	136065000	2.85965586325387	4.0407349414062494
chrX	136065000	136070000	3.473206509085682	4.81439983581543
chrX	136145000	136150000	0.847840797723788	1.6891670684814453
chrX	136145000	136150000	0.847840797723788	1.6891670684814453
chrX	136145000	136150000	0.847840797723788	1.6891670684814453
chrX	136145000	136150000	0.847840797723788	1.6891670684814453
chrX	136160000	136165000	4.206588544328636	10.296294128417971
chrX	136165000	136170000	1.80127063033915	3.9728845825195314
chrX	136165000	136170000	1.80127063033915	3.9728845825195314
chrX	136165000	136170000	1.80127063033915	3.9728845825195314
chrX	136165000	136170000	1.80127063033915	3.9728845825195314
chrX	136165000	136170000	1.80127063033915	3.9728845825195314
chrX	136170000	136175000	1.9696125025098568	4.95866646484375
chrX	136170000	136175000	1.9696125025098568	4.95866646484375
chrX	136170000	136175000	1.9696125025098568	4.95866646484375
chrX	136170000	136175000	1.9696125025098568	4.95866646484375
chrX	136200000	136205000	4.080664854930271	7.088275175170899
chrX	136200000	136205000	4.080664854930271	7.088275175170899
chrX	136200000	136205000	4.080664854930271	7.088275175170899
chrX	136200000	136205000	4.080664854930271	7.088275175170899
chrX	136205000	136210000	1.1593150998694872	4.655544953613282
chrX	136205000	136210000	1.1593150998694872	4.655544953613282
chrX	136205000	136210000	1.1593150998694872	4.655544953613282
chrX	136525000	136530000	2.8356265581647926	3.6731210876464844
chrX	136540000	136545000	0.4299787042065202	0.34897146911621096
chrX	136725000	136730000	1.7415544063960282	3.6981298254394535
chrX	136765000	136770000	1.9565964464989778	2.6902330895996096
chrX	153705000	153710000	0.5289154084963219	0.4325094744491577
chrX	153715000	153720000	0.36302958291312243	0.5470773106384278
chrX	154490000	154495000	1.256197175583884	0.9295398342895507
chrX	154525000	154530000	1.726121855263398	0.9326368463134764
chr21	15060000	15065000	2.309577697639822	2.3757642028808594
chr21	15065000	15070000	3.5433499891619817	3.970569181518555
chr21	15120000	15125000	2.512791081879518	3.1501251867675784
chr21	15195000	15200000	3.4433819003381463	5.679652116699219
chr21	15195000	15200000	3.4433819003381463	5.679652116699219
chr21	15205000	15210000	4.427855662693487	9.996993417968751
chr21	15205000	15210000	4.427855662693487	9.996993417968751
chr21	15410000	15415000	2.7677106759615033	4.96190892211914
chr21	15730000	15735000	3.451476984954549	3.5536322119140618
chr21	15730000	15735000	3.451476984954549	3.5536322119140618
chr21	15765000	15770000	9.802127082953051	18.4919296875
chr21	15775000	15780000	5.767962637585791	8.962696174316406
chr21	26965000	26970000	6.6641067634368625	3.8862787788391113
chr21	27045000	27050000	2.6926266001478534	2.3025017807006836
chr21	29000000	29005000	2.8892077872303044	2.232453240699768
chr21	29015000	29020000	1.953840723226672	1.8220004681396487
chr21	30265000	30270000	2.6061623453015477	2.764016427001953
chr21	30290000	30295000	1.5040358122495847	1.1666933640289305
chr21	33215000	33220000	4.828079548145901	7.715794414520265
chr21	33400000	33405000	4.071815935708875	4.933600550079346
chr21	33415000	33420000	5.136955620140005	6.741011540222168
chr21	33415000	33420000	5.136955620140005	6.741011540222168
chr21	33780000	33785000	2.8761259542019566	6.7030915574646
chr21	33795000	33800000	3.429988865818487	10.59388700592041
chr21	33840000	33845000	9.614364709244487	9.284837619018555
chr21	33840000	33845000	9.614364709244487	9.284837619018555
chr21	33840000	33845000	9.614364709244487	9.284837619018555
chr21	33870000	33875000	4.451418641391647	4.751327498779297
chr21	33920000	33925000	1.0700628342673042	0.7723924508666993
chr21	34250000	34255000	9.41563273994232	5.545313775939942
chr21	34260000	34265000	9.25034150185273	8.655640320739746
chr21	34350000	34355000	1.6788141782956703	1.4862565423583984
chr21	34520000	34525000	0.9534058986770773	0.8492724467468261
chr21	34520000	34525000	0.9534058986770773	0.8492724467468261
chr21	34580000	34585000	0.8513314412054614	0.615389511756897
chr21	34590000	34595000	0.8724962895188375	1.094444272003174
chr21	34690000	34695000	5.827545039553064	3.3836618302917487
chr21	34795000	34800000	8.020599561003213	10.03103478088379
chr21	34835000	34840000	19.642427679614485	19.271677648315432
chr21	34835000	34840000	19.642427679614485	19.271677648315432
chr21	41945000	41950000	4.7868528496002485	5.383129583740234
chr21	42010000	42015000	3.20737593355268	3.457155447845459
chr21	42160000	42165000	7.087689384902528	8.600989028320313
chr21	42220000	42225000	0.6821821502970757	0.8746870777893068
chr21	42880000	42885000	1.5555624834862825	2.2750906424713135
chr21	42890000	42895000	7.785364877290815	6.734702357177735
chr21	42895000	42900000	0.9622660046728971	0.980137084197998
chr21	42905000	42910000	0.7270814990462544	0.6546402264404296
chr21	43685000	43690000	4.512444787626177	3.8746995361328125
chr21	43690000	43695000	0.9079723569495656	0.8486938018798829
chr21	43725000	43730000	25.220764052118316	23.427087158203125
chr21	43725000	43730000	25.220764052118316	23.427087158203125
chr21	45530000	45535000	1.6794640244528514	3.2888348266601564
chr21	45540000	45545000	3.9318398836795407	4.081951985168457
chr21	45985000	45990000	0.8990401946165851	0.806432421875
chr21	46060000	46065000	13.771405870555272	12.842146276855468
chr6	70565000	70570000	11.402452065669266	12.912194584655762
chr6	70565000	70570000	11.402452065669266	12.912194584655762
chr6	70670000	70675000	1.3014253114932053	1.7635290106201174
chr6	70685000	70690000	1.633263304409134	1.327516999206543
chr6	73520000	73525000	7.558337560921072	5.981384233398437
chr6	73585000	73590000	3.4442701420008577	3.739696194458008
chr6	75210000	75215000	4.828075408365125	6.802289649658202
chr6	75210000	75215000	4.828075408365125	6.802289649658202
chr6	75220000	75225000	3.830471843683831	4.145980716552734
chr6	75225000	75230000	1.7290101522570458	1.7179973046875
chr6	83425000	83430000	3.3841417259145006	2.6466115618896486
chr6	83430000	83435000	6.914318176725871	9.405716112365724
chr6	83430000	83435000	6.914318176725871	9.405716112365724
chr6	83430000	83435000	6.914318176725871	9.405716112365724
chr6	83460000	83465000	2.1841649847298026	4.351729582977295
chr6	83470000	83475000	2.701299790455471	6.562965400390626
chr6	83470000	83475000	2.701299790455471	6.562965400390626
chr6	83475000	83480000	3.2572927652234234	2.4397350399780273
chr6	87660000	87665000	13.388216741201811	14.271726994628908
chr6	87700000	87705000	10.083083305344628	9.860428622436524
chr6	87700000	87705000	10.083083305344628	9.860428622436524
chr6	87785000	87790000	4.267625165422386	7.593961592102051
chr6	87790000	87795000	6.915413772269276	6.293653299560546
chr6	87790000	87795000	6.915413772269276	6.293653299560546
chr6	99520000	99525000	2.5423173465336593	2.8669762092590334
chr6	99565000	99570000	2.8650619371075496	2.526226000366211
chr6	100530000	100535000	1.0304698180581922	0.6571294506835936
chr6	100540000	100545000	0.7181295067903039	0.49150113540649415
chr6	104525000	104530000	5.974422679409134	3.31812822265625
chr6	104525000	104530000	5.974422679409134	3.31812822265625
chr6	104525000	104530000	5.974422679409134	3.31812822265625
chr6	104530000	104535000	6.262279515802971	4.565581282958985
chr6	104535000	104540000	1.1758132818204219	1.480409423828125
chr6	104555000	104560000	13.29760858291198	10.702810646972656
chr6	104555000	104560000	13.29760858291198	10.702810646972656
chr6	104555000	104560000	13.29760858291198	10.702810646972656
chr6	104555000	104560000	13.29760858291198	10.702810646972656
chr6	104560000	104565000	2.0988010912173265	1.9574379663085937
chr6	104580000	104585000	13.548448212810765	10.7519044140625
chr6	104580000	104585000	13.548448212810765	10.7519044140625
chr6	104580000	104585000	13.548448212810765	10.7519044140625
chr6	104580000	104585000	13.548448212810765	10.7519044140625
chr6	104590000	104595000	6.302008143430335	5.987520555419922
chr6	104590000	104595000	6.302008143430335	5.987520555419922
chr6	104595000	104600000	3.131022982445833	2.4979159863281253
chr6	104600000	104605000	13.700519995573524	13.586751083984375
chr6	104600000	104605000	13.700519995573524	13.586751083984375
chr6	104600000	104605000	13.700519995573524	13.586751083984375
chr6	104600000	104605000	13.700519995573524	13.586751083984375
chr6	104600000	104605000	13.700519995573524	13.586751083984375
chr6	104600000	104605000	13.700519995573524	13.586751083984375
chr6	104605000	104610000	9.980380204216788	11.323874174804688
chr6	104605000	104610000	9.980380204216788	11.323874174804688
chr6	104710000	104715000	2.122474179248275	2.437361333618164
chr6	104780000	104785000	4.455924993326063	9.526910830078124
chr6	104780000	104785000	4.455924993326063	9.526910830078124
chr6	106450000	106455000	9.72304915166837	6.065616669311524
chr6	106500000	106505000	8.936075894421728	8.025284441833495
chr6	107490000	107495000	4.621672067118137	3.680241446838379
chr6	107640000	107645000	11.01035980030666	8.709074303588867
chr6	109180000	109185000	1.796338689900336	1.2001839443969726
chr6	109250000	109255000	9.621637647853388	12.861421576538085
chr6	109255000	109260000	2.979827699237003	3.4451138693237304
chr6	109360000	109365000	2.2880296311423045	2.954046174163818
chr6	109380000	109385000	6.883200648912092	9.269669876098632
chr6	109380000	109385000	6.883200648912092	9.269669876098632
chr6	111475000	111480000	2.194082874790085	1.9099378266906741
chr6	111585000	111590000	3.364469563421802	6.607368008728027
chr6	111605000	111610000	7.829047930508909	10.484210085754395
chr6	111640000	111645000	1.2301467217846451	1.710153049697876
chr6	111995000	112000000	5.746313924229701	4.923932106628418
chr6	112040000	112045000	3.151133561806367	2.8016461431884765
chr6	112125000	112130000	1.2132004065968165	1.0542674058532715
chr6	112135000	112140000	1.1861681855103678	1.635530592803955
chr6	112210000	112215000	3.7504250285211014	6.673365391845703
chr6	112215000	112220000	7.1525789728752915	8.575633084716797
chr6	112215000	112220000	7.1525789728752915	8.575633084716797
chr6	112220000	112225000	26.619271906943638	30.898725897216796
chr6	112220000	112225000	26.619271906943638	30.898725897216796
chr6	112220000	112225000	26.619271906943638	30.898725897216796
chr6	112220000	112225000	26.619271906943638	30.898725897216796
chr6	112250000	112255000	10.269180829256717	9.567262264404297
chr6	112295000	112300000	6.026231235853534	5.621412569274902
chr6	112305000	112310000	9.90639549640406	7.512709854125976
chr6	112310000	112315000	9.775799940562026	11.282886793823243
chr6	112310000	112315000	9.775799940562026	11.282886793823243
chr6	112310000	112315000	9.775799940562026	11.282886793823243
chr6	112310000	112315000	9.775799940562026	11.282886793823243
chr6	112320000	112325000	4.527955813284901	9.27198421447754
chr6	112320000	112325000	4.527955813284901	9.27198421447754
chr6	113630000	113635000	8.047602678131387	11.187886267089844
chr6	113635000	113640000	1.9089647928398346	2.078026640319824
chr6	113855000	113860000	5.934073370190201	3.8168090576171876
chr6	113855000	113860000	5.934073370190201	3.8168090576171876
chr6	116010000	116015000	1.1306708638699257	1.5211945599365233
chr6	116095000	116100000	1.1233591587815328	1.495113719482422
chr6	117450000	117455000	2.4478271950695003	1.822724006652832
chr6	117555000	117560000	1.7621501203590466	1.5043184753417969
chr6	119365000	119370000	0.7784344204555047	0.7761552094268799
chr6	119435000	119440000	0.7992171960848514	0.876568706665039
chr6	119445000	119450000	5.2569779108065315	6.810683947906495
chr6	119445000	119450000	5.2569779108065315	6.810683947906495
chr6	124870000	124875000	3.8412874150071192	4.6186093359375
chr6	125110000	125115000	2.2153099586558116	1.985573751220703
chr6	125790000	125795000	4.472941528548481	4.227840888671875
chr6	125835000	125840000	2.232196268826779	3.2537514135742187
chr6	126660000	126665000	2.3560293556284684	2.705776733703613
chr6	126750000	126755000	8.415032995263214	7.378573529968261
chr6	127335000	127340000	5.632593808639384	4.135648104858398
chr6	127340000	127345000	16.855465469388875	11.605577028808595
chr6	127340000	127345000	16.855465469388875	11.605577028808595
chr6	127340000	127345000	16.855465469388875	11.605577028808595
chr6	127340000	127345000	16.855465469388875	11.605577028808595
chr6	127340000	127345000	16.855465469388875	11.605577028808595
chr6	127345000	127350000	16.799187438622592	13.23888108001709
chr6	127395000	127400000	15.77079020562573	15.610708199768068
chr6	127400000	127405000	17.629417328736494	16.602253000183108
chr6	127400000	127405000	17.629417328736494	16.602253000183108
chr6	127400000	127405000	17.629417328736494	16.602253000183108
chr6	127405000	127410000	7.984932333516629	8.600557175598144
chr6	127445000	127450000	5.756532981630129	6.052880010070801
chr6	127455000	127460000	15.64651280232367	11.933763166503905
chr6	127455000	127460000	15.64651280232367	11.933763166503905
chr6	127455000	127460000	15.64651280232367	11.933763166503905
chr6	127530000	127535000	7.1951322185765925	8.274595986328126
chr6	127530000	127535000	7.1951322185765925	8.274595986328126
chr1	64865000	64870000	1.4072697907349776	1.4736358897399904
chr1	64920000	64925000	5.291549688663661	11.338868443756104
chr1	65100000	65105000	6.381624016250182	4.911223852539062
chr1	65170000	65175000	4.766707138717509	5.398991938476563
chr1	65180000	65185000	0.9368489419669748	1.1615987982177733
chr1	65190000	65195000	1.2610600751074674	2.257839167175293
chr1	65435000	65440000	1.0978962787949036	0.9115931591796874
chr1	65510000	65515000	4.813588189583181	4.397000317382813
chr1	67535000	67540000	5.8527636666271174	9.525957231140136
chr1	67535000	67540000	5.8527636666271174	9.525957231140136
chr1	67685000	67690000	6.88523609214141	9.748405224609375
chr1	67750000	67755000	2.4061059354692977	5.069007765960693
chr1	70860000	70865000	6.980762509183794	5.1672520727539055
chr1	70870000	70875000	5.0886553605979845	3.0747508425903316
chr1	70945000	70950000	13.203736570953653	15.43789957763672
chr1	70945000	70950000	13.203736570953653	15.43789957763672
chr1	70945000	70950000	13.203736570953653	15.43789957763672
chr1	71035000	71040000	1.7220018463419975	1.6953037371826172
chr1	71040000	71045000	4.77911610084605	5.428921455688476
chr1	71045000	71050000	3.9558355013553226	3.3540790344238283
chr1	75635000	75640000	2.208785667348131	4.862566167297363
chr1	75725000	75730000	3.4539051335700206	4.105977129821777
chr1	77755000	77760000	12.7064478976526	12.26039090942383
chr1	77840000	77845000	1.293479179738838	1.0313426228332518
chr1	77855000	77860000	1.2963645565710333	0.8642665716552734
chr1	77885000	77890000	5.950951310202339	5.1768611596679674
chr1	85110000	85115000	0.6509292955059871	0.5202154394531251
chr1	85255000	85260000	3.961354958108207	4.42837716796875
chr1	85580000	85585000	4.720779248503213	3.447920895996094
chr1	85610000	85615000	2.8758893956835023	1.9878893600463867
chr1	86705000	86710000	8.790373338474737	12.674405314331056
chr1	86785000	86790000	7.214467178373249	12.4578029347229
chr1	87130000	87135000	6.0939681257301395	5.32711878479004
chr1	87135000	87140000	7.1627008645316135	4.362352068023682
chr1	87150000	87155000	3.4322016464661216	3.611784010620117
chr1	87250000	87255000	5.561529905173043	4.160396569519043
chr1	87250000	87255000	5.561529905173043	4.160396569519043
chr1	87250000	87255000	5.561529905173043	4.160396569519043
chr1	88990000	88995000	7.986885611133042	9.504796703186036
chr1	89485000	89490000	2.0414324894129674	1.8846100244140624
chr1	89500000	89505000	0.9133392328280155	0.9930177047729493
chr1	89515000	89520000	4.269339625164282	8.326757220458985
chr1	89515000	89520000	4.269339625164282	8.326757220458985
chr1	89515000	89520000	4.269339625164282	8.326757220458985
chr1	89570000	89575000	1.3729482610114265	1.3341165451049806
chr1	89580000	89585000	0.6681730787330699	1.000312182006836
chr1	91515000	91520000	1.105275468544648	1.2315612884521485
chr1	91515000	91520000	1.105275468544648	1.2315612884521485
chr1	91515000	91520000	1.105275468544648	1.2315612884521485
chr1	91650000	91655000	5.584733217499634	9.456659543762207
chr1	91650000	91655000	5.584733217499634	9.456659543762207
chr1	91685000	91690000	10.49541160375292	11.25402811340332
chr1	91700000	91705000	3.5558924868574766	4.133303036499023
chr1	91880000	91885000	2.943948142249562	2.455655015869141
chr1	92310000	92315000	5.247708943304614	6.341181219482422
chr1	92310000	92315000	5.247708943304614	6.341181219482422
chr1	92595000	92600000	0.9650871320777965	0.9670822898864746
chr1	92730000	92735000	2.6749189569491088	2.8023116539001465
chr1	92860000	92865000	6.17500402489778	5.984712671508789
chr1	92920000	92925000	9.107022772616093	9.513595114135741
chr1	92920000	92925000	9.107022772616093	9.513595114135741
chr1	92920000	92925000	9.107022772616093	9.513595114135741
chr1	92950000	92955000	1.363215529340227	2.2881454940032957
chr1	92960000	92965000	3.8298900697226834	3.6184123921966553
chr1	93670000	93675000	3.3176312399605727	5.837117100219727
chr1	93680000	93685000	4.35160520219179	4.582486162109375
chr1	93680000	93685000	4.35160520219179	4.582486162109375
chr1	93755000	93760000	10.87477573744159	12.454731474609376
chr1	93765000	93770000	8.27113837012175	12.635587109375
chr1	93765000	93770000	8.27113837012175	12.635587109375
chr1	94540000	94545000	3.637059947019203	4.4166260437011715
chr1	94610000	94615000	8.130788688702449	12.31770777770996
chr1	94925000	94930000	7.288452899768866	5.510723790283203
chr1	94925000	94930000	7.288452899768866	5.510723790283203
chr1	94970000	94975000	1.8208687176570715	1.447729782104492
chr1	95010000	95015000	8.460606043963566	10.94908288330078
chr1	95010000	95015000	8.460606043963566	10.94908288330078
chr1	95020000	95025000	1.7232893632550106	1.374583130722046
chr1	95070000	95075000	4.682786045081594	3.9098690467834474
chr1	95085000	95090000	6.070971889488719	7.676978125
chr1	95095000	95100000	7.7970416951117105	14.462508839111328
chr1	95230000	95235000	2.578064907437619	2.501853286132812
chr1	97270000	97275000	9.297863144690968	6.170110760498047
chr1	97335000	97340000	18.027100308256056	18.253871752929687
chr1	97335000	97340000	18.027100308256056	18.253871752929687
chr1	97435000	97440000	7.679175411616531	6.154479272460938
chr1	99525000	99530000	1.3857097401841778	2.1535180712890627
chr1	99530000	99535000	1.4549699821115654	2.0927314636230467
chr1	99530000	99535000	1.4549699821115654	2.0927314636230467
chr1	99595000	99600000	3.4135520434798483	4.862045087890625
chr1	99595000	99600000	3.4135520434798483	4.862045087890625
chr1	99645000	99650000	6.741353261444948	10.231224227294922
chr1	99645000	99650000	6.741353261444948	10.231224227294922
chr1	99645000	99650000	6.741353261444948	10.231224227294922
chr1	99660000	99665000	17.366425123211158	31.814343962402344
chr1	99670000	99675000	10.37609422869816	18.39270022705078
chr1	109045000	109050000	0.6144209290691625	0.9235477168273927
chr1	109055000	109060000	0.7779375742119049	1.2272197583770752
chr1	109340000	109345000	1.1605723547249196	1.3591545851135254
chr1	109390000	109395000	19.97453120162821	21.241471151123044
chr1	109545000	109550000	3.34960936928865	3.1836744642639156
chr1	109575000	109580000	1.0154840039975175	1.0467993908691406
chr1	109585000	109590000	1.3623450453143253	1.8514958740234375
chr1	109610000	109615000	1.2401091417544357	1.2650520373535155
chr1	109805000	109810000	2.134959014036945	2.7298308752441405
chr1	109980000	109985000	8.4537593216085	10.397953793945312
chr1	111140000	111145000	5.79289464442173	3.2525947412109377
chr1	111190000	111195000	16.53456199620327	16.760030895996096
chr1	111190000	111195000	16.53456199620327	16.760030895996096
chr1	111190000	111195000	16.53456199620327	16.760030895996096
chr1	111285000	111290000	20.608554657381717	20.560575299072266
chr1	111285000	111290000	20.608554657381717	20.560575299072266
chr1	111315000	111320000	7.259953987478097	6.378811965942383
chr1	111315000	111320000	7.259953987478097	6.378811965942383
chr1	112390000	112395000	2.438605890120747	1.8811946743011474
chr1	112405000	112410000	0.9908549459011756	0.8479700061798096
chr1	112465000	112470000	1.794247624848268	1.1492967937469483
chr1	112615000	112620000	2.8193585988552776	2.614684854507446
chr1	115605000	115610000	1.5548469500532773	2.2745112893676755
chr1	115605000	115610000	1.5548469500532773	2.2745112893676755
chr1	115670000	115675000	0.7558961673629617	0.5097951190185547
chr1	115675000	115680000	2.2093914491742574	2.669160400085449
chr1	115725000	115730000	10.008573807475724	8.393620648193359
chr1	115725000	115730000	10.008573807475724	8.393620648193359
chr1	115725000	115730000	10.008573807475724	8.393620648193359
chr1	115750000	115755000	2.650766534024533	1.7878152886962888
chr1	115755000	115760000	12.632758031998394	10.688857861328126
chr1	115755000	115760000	12.632758031998394	10.688857861328126
chr1	115755000	115760000	12.632758031998394	10.688857861328126
chr1	115760000	115765000	2.422702441178081	2.588863533935547
chr1	115760000	115765000	2.422702441178081	2.588863533935547
chr1	115770000	115775000	1.317993916477667	1.3049970921325684
chr1	118075000	118080000	1.0000535164235909	0.5930434921264648
chr1	118135000	118140000	2.0475607816607035	2.4814748083496094
chr1	118135000	118140000	2.0475607816607035	2.4814748083496094
chr1	118145000	118150000	1.6628324258109122	2.0568964123535154
chr1	118900000	118905000	1.8553439804504963	1.4640838208007811
chr1	118960000	118965000	10.174399341961156	13.209063681640627
chr1	118985000	118990000	4.985786213242005	4.267091306152344
chr1	118985000	118990000	4.985786213242005	4.267091306152344
chr19	785000	790000	1.0937682503103097	0.9112170074462891
chr19	795000	800000	3.5020950657354333	3.20315419921875
chr19	925000	930000	5.590263603652526	4.161263961791992
chr19	1020000	1025000	3.417266795277818	2.921221450805664
chr19	1095000	1100000	11.139001958144712	10.682200451660156
chr19	1100000	1105000	13.595107467508761	14.079292797851563
chr19	1100000	1105000	13.595107467508761	14.079292797851563
chr19	1200000	1205000	3.6016498842043294	3.2917295166015625
chr19	1200000	1205000	3.6016498842043294	3.2917295166015625
chr19	1200000	1205000	3.6016498842043294	3.2917295166015625
chr19	2025000	2030000	6.705269784745546	6.42286743560791
chr19	2060000	2065000	12.750278000305746	12.084689014282226
chr19	2100000	2105000	0.569688096630239	0.5727813482666015
chr19	2130000	2135000	2.437256741675261	2.5372247305297853
chr19	2475000	2480000	7.265540805481527	4.955655971679688
chr19	2575000	2580000	5.554485410487095	3.52868037902832
chr19	2970000	2975000	3.579922198999708	6.000429930419922
chr19	2970000	2975000	3.579922198999708	6.000429930419922
chr19	3025000	3030000	1.1311157045453506	0.740551569366455
chr19	3030000	3035000	1.020043278945495	0.6553348860168456
chr19	6780000	6785000	2.4918647800338602	2.7337682568359374
chr19	6790000	6795000	0.7243185044903621	0.6665660217285156
chr19	7655000	7660000	0.9909587592864706	2.4393303723144535
chr19	7655000	7660000	0.9909587592864706	2.4393303723144535
chr19	7665000	7670000	0.6911604808771722	0.6122635581970215
chr19	7670000	7675000	0.9985544426178263	2.0303819020080565
chr19	8155000	8160000	1.390864078015479	0.7870099671936035
chr19	8250000	8255000	0.8283896000086705	0.9880976331520079
chr19	8360000	8365000	5.749360279461157	8.699725915527344
chr19	8390000	8395000	3.6445600825514752	4.288222031097412
chr19	9625000	9630000	1.0006092422057535	0.5360779301452637
chr19	9790000	9795000	1.9124682463173555	1.5182411994934082
chr19	9945000	9950000	13.708017663003798	14.3968933984375
chr19	9945000	9950000	13.708017663003798	14.3968933984375
chr19	9960000	9965000	0.7736104374680564	0.9568647189331055
chr19	9980000	9985000	1.2588904385860835	0.8441493590545655
chr19	10005000	10010000	4.113807722829659	3.5855304144287112
chr19	10010000	10015000	10.714307944837907	13.634507243652342
chr19	10010000	10015000	10.714307944837907	13.634507243652342
chr19	10015000	10020000	1.94706198684835	1.7109347293090822
chr19	10020000	10025000	2.5937164762978244	2.6188524703979494
chr19	10025000	10030000	2.1908623587635074	3.058193586807251
chr19	10580000	10585000	0.8546916722948305	0.6738026949310303
chr19	10635000	10640000	0.5339679011549905	0.5711024247741698
chr19	11920000	11925000	1.6324351081634236	2.043581036376953
chr19	11965000	11970000	1.5690180259633286	0.9285842895507812
chr19	12580000	12585000	1.3224934813312281	1.124258740234375
chr19	12590000	12595000	0.8995017852783204	0.5366566665649414
chr19	12770000	12775000	5.596121029805691	7.5427263061523435
chr19	12795000	12800000	1.7459708734530155	2.0939472045898437
chr19	13150000	13155000	10.37976779077833	8.37636985961914
chr19	13205000	13210000	2.883600712685273	2.594971901550293
chr19	15195000	15200000	1.0934545162593092	0.9107533903503418
chr19	15250000	15255000	3.733085058479666	2.746503488922119
chr19	16290000	16295000	2.428629271305833	2.5144732177734377
chr19	16310000	16315000	1.518858143344772	1.5044925354003906
chr19	17395000	17400000	0.6158108132906049	0.8275053332519532
chr19	17415000	17420000	3.65350711361894	6.248380168457031
chr19	17415000	17420000	3.65350711361894	6.248380168457031
chr19	17465000	17470000	12.329311993522287	11.63347818786621
chr19	17510000	17515000	3.77309652972355	4.148412872924805
chr19	17555000	17560000	3.69287532559689	3.49516189453125
chr19	19595000	19600000	6.138589744995688	7.009946933593749
chr19	19605000	19610000	0.6289617515064846	0.9327526049804689
chr19	28040000	28045000	7.075716692830024	8.554561535949707
chr19	28125000	28130000	7.0537894963059475	8.701606447143554
chr19	33230000	33235000	3.080851184224637	1.9034543236541748
chr19	33280000	33285000	17.332027646301842	17.34363746948242
chr19	33280000	33285000	17.332027646301842	17.34363746948242
chr19	33290000	33295000	21.36054169990326	26.83289632080078
chr19	33290000	33295000	21.36054169990326	26.83289632080078
chr19	33290000	33295000	21.36054169990326	26.83289632080078
chr19	33300000	33305000	7.228749264269679	5.956983498535156
chr19	33300000	33305000	7.228749264269679	5.956983498535156
chr19	33330000	33335000	4.376306692989742	5.026457555313111
chr19	33345000	33350000	1.3873052912917092	1.5664078134155275
chr19	33390000	33395000	12.497725577267085	10.580513627929689
chr19	33390000	33395000	12.497725577267085	10.580513627929689
chr19	33505000	33510000	9.231559965900171	8.861472819747924
chr19	33505000	33510000	9.231559965900171	8.861472819747924
chr19	33515000	33520000	4.365904415351654	5.738412017822266
chr19	33520000	33525000	2.5882733953172914	2.172188274688721
chr19	33795000	33800000	1.5670081217828198	1.470712490386963
chr19	33995000	34000000	0.7855656813291746	0.935039427947998
chr19	35070000	35075000	0.8123874601560218	0.6257521955108643
chr19	35115000	35120000	1.169788817788953	1.0410683532714844
chr19	35120000	35125000	13.517037642320295	13.955000213623046
chr19	35120000	35125000	13.517037642320295	13.955000213623046
chr19	35120000	35125000	13.517037642320295	13.955000213623046
chr19	35120000	35125000	13.517037642320295	13.955000213623046
chr19	35120000	35125000	13.517037642320295	13.955000213623046
chr19	35130000	35135000	0.8434493927287163	1.460841782836914
chr19	35135000	35140000	3.418488338862624	2.898701279296875
chr19	35135000	35140000	3.418488338862624	2.898701279296875
chr19	35265000	35270000	2.261698973012193	1.9201559265136718
chr19	35350000	35355000	0.9927912305029754	4.005825301208495
chr19	35350000	35355000	0.9927912305029754	4.005825301208495
chr19	35350000	35355000	0.9927912305029754	4.005825301208495
chr19	35350000	35355000	0.9927912305029754	4.005825301208495
chr19	35355000	35360000	1.3066690887165961	3.0679768632507325
chr19	35435000	35440000	1.448829773861894	1.6889357507324216
chr19	35440000	35445000	1.4293930215710793	2.4099200555419924
chr19	35455000	35460000	8.832537611802717	9.637018626403808
chr19	35455000	35460000	8.832537611802717	9.637018626403808
chr19	35455000	35460000	8.832537611802717	9.637018626403808
chr19	35455000	35460000	8.832537611802717	9.637018626403808
chr19	35460000	35465000	1.5387588775919976	6.879341329956055
chr19	35465000	35470000	1.2245379955826519	1.623865489807129
chr19	35695000	35700000	0.5430864992516062	0.5247310441589356
chr19	35700000	35705000	1.2366737393673335	1.2099385562133789
chr19	35710000	35715000	0.6614742894823306	0.712242643737793
chr19	35710000	35715000	0.6614742894823306	0.712242643737793
chr19	35900000	35905000	2.1382876718111126	2.8175952264404294
chr19	35930000	35935000	1.7661928665303739	1.2522575561523437
chr19	38245000	38250000	1.424454415180527	1.2872531158447267
chr19	38315000	38320000	2.4095842055846597	2.7459827886962893
chr19	38830000	38835000	16.657653353396977	18.63295068908691
chr19	38930000	38935000	1.9922155093184142	1.6901806900024414
chr19	38965000	38970000	0.8386154931184286	1.6673711840820313
chr19	38970000	38975000	4.998954467431185	4.190326016845703
chr19	38975000	38980000	2.59369519282546	3.192994973449707
chr19	39030000	39035000	7.859390444746641	9.223790134887695
chr19	39030000	39035000	7.859390444746641	9.223790134887695
chr19	39030000	39035000	7.859390444746641	9.223790134887695
chr19	40225000	40230000	1.776721257175909	1.6829729832458495
chr19	40245000	40250000	16.4216708860023	15.575828494262696
chr19	40245000	40250000	16.4216708860023	15.575828494262696
chr19	40245000	40250000	16.4216708860023	15.575828494262696
chr19	40280000	40285000	5.600337301036799	4.243326540527344
chr19	40285000	40290000	3.551024478234978	3.0581657315063473
chr19	40685000	40690000	2.1448489767484573	1.3539444458007812
chr19	40695000	40700000	0.7092637525326738	0.7235892272949219
chr19	40715000	40720000	5.935377984904353	4.868007984619141
chr19	40715000	40720000	5.935377984904353	4.868007984619141
chr19	40715000	40720000	5.935377984904353	4.868007984619141
chr19	40820000	40825000	10.137300435346086	9.549171752319335
chr19	40830000	40835000	21.459019508090865	21.404493459472658
chr19	40830000	40835000	21.459019508090865	21.404493459472658
chr19	40830000	40835000	21.459019508090865	21.404493459472658
chr19	40830000	40835000	21.459019508090865	21.404493459472658
chr19	40830000	40835000	21.459019508090865	21.404493459472658
chr19	40830000	40835000	21.459019508090865	21.404493459472658
chr19	40860000	40865000	16.11794275792202	17.144463077392576
chr19	40865000	40870000	4.4802294259044615	3.825491228942871
chr19	40890000	40895000	0.8947913348331629	1.3066181610107421
chr19	40900000	40905000	0.7182770315437674	0.8622112020874023
chr19	44000000	44005000	2.265595659487716	1.3716019523620606
chr19	44050000	44055000	2.1154068433815074	1.9428489868164063
chr19	44900000	44905000	2.2245494360807903	2.4812432971191405
chr19	44905000	44910000	7.846736712361273	6.976661015625
chr19	44905000	44910000	7.846736712361273	6.976661015625
chr19	44905000	44910000	7.846736712361273	6.976661015625
chr19	44910000	44915000	13.976746354775116	15.626396064453127
chr19	44925000	44930000	6.547493674476125	8.485090952148436
chr19	44930000	44935000	1.213964191529461	1.1081648107910156
chr19	44950000	44955000	6.498644112788405	4.5071097265625
chr19	44950000	44955000	6.498644112788405	4.5071097265625
chr19	44970000	44975000	0.91027860706365	1.6727258605957032
chr19	44980000	44985000	0.6295588167564892	0.8906070501708984
chr19	44985000	44990000	2.362961338335554	5.284133419189453
chr19	47205000	47210000	0.8446144640771028	0.7373676471710205
chr19	47245000	47250000	1.1047895348664758	0.8971495568084716
chr19	49590000	49595000	3.7940268659645153	2.2999556427001955
chr19	49640000	49645000	6.306948937703071	5.207428719329834
chr19	49715000	49720000	4.561340931288105	4.479756119537353
chr19	49720000	49725000	1.4475337568336557	0.814508575744629
chr19	49765000	49770000	7.6192014143614015	7.150220133209229
chr19	49765000	49770000	7.6192014143614015	7.150220133209229
chr19	55515000	55520000	2.3941137852891585	1.6089005223083495
chr19	55555000	55560000	0.5870854657609886	0.4025504150390625
chr19	55570000	55575000	0.7889913307261245	0.882444305114746
chr19	55595000	55600000	3.112532600017797	2.148654675140381
chr19	55655000	55660000	1.7972466452054887	1.1517575519561767
chr19	55665000	55670000	0.4748247005141784	0.4494718225479126
chr8	73310000	73315000	16.738620456816772	19.68293325805664
chr8	73310000	73315000	16.738620456816772	19.68293325805664
chr8	73465000	73470000	5.032571513466523	5.7822354232788085
chr8	73500000	73505000	3.417422835077303	4.11220207824707
chr8	76680000	76685000	4.523301899733499	3.193805174560547
chr8	77400000	77405000	1.2620923058910902	1.6937696591186526
chr8	81280000	81285000	9.467728420706774	6.492917047119141
chr8	81300000	81305000	9.617160293835793	8.49148728439331
chr8	81300000	81305000	9.617160293835793	8.49148728439331
chr8	81335000	81340000	12.589147949675088	11.479139619140625
chr8	81335000	81340000	12.589147949675088	11.479139619140625
chr8	81335000	81340000	12.589147949675088	11.479139619140625
chr8	81340000	81345000	15.609297387581229	8.361578777770998
chr8	81340000	81345000	15.609297387581229	8.361578777770998
chr8	81350000	81355000	25.910308476471233	22.908746799316404
chr8	81350000	81355000	25.910308476471233	22.908746799316404
chr8	81350000	81355000	25.910308476471233	22.908746799316404
chr8	81350000	81355000	25.910308476471233	22.908746799316404
chr8	81350000	81355000	25.910308476471233	22.908746799316404
chr8	81350000	81355000	25.910308476471233	22.908746799316404
chr8	81395000	81400000	2.446171027923299	1.7757442584228516
chr8	81440000	81445000	1.3454277778411579	1.70138240234375
chr8	81480000	81485000	18.128550715309217	25.07142412109375
chr8	81480000	81485000	18.128550715309217	25.07142412109375
chr8	81485000	81490000	17.30983945905739	29.9271516394043
chr8	81485000	81490000	17.30983945905739	29.9271516394043
chr8	81485000	81490000	17.30983945905739	29.9271516394043
chr8	81485000	81490000	17.30983945905739	29.9271516394043
chr8	81490000	81495000	17.944950416179907	27.348622659912113
chr8	81490000	81495000	17.944950416179907	27.348622659912113
chr8	81490000	81495000	17.944950416179907	27.348622659912113
chr8	81490000	81495000	17.944950416179907	27.348622659912113
chr8	81490000	81495000	17.944950416179907	27.348622659912113
chr8	81495000	81500000	15.699272563613466	22.85445049926758
chr8	81495000	81500000	15.699272563613466	22.85445049926758
chr8	81495000	81500000	15.699272563613466	22.85445049926758
chr8	81500000	81505000	1.3074485755991714	1.6852017135620116
chr8	81550000	81555000	3.4270658457533223	4.139816306152344
chr8	81550000	81555000	3.4270658457533223	4.139816306152344
chr8	81550000	81555000	3.4270658457533223	4.139816306152344
chr8	81550000	81555000	3.4270658457533223	4.139816306152344
chr8	81550000	81555000	3.4270658457533223	4.139816306152344
chr8	81555000	81560000	15.044206945116274	21.22989321411133
chr8	81555000	81560000	15.044206945116274	21.22989321411133
chr8	81555000	81560000	15.044206945116274	21.22989321411133
chr8	81555000	81560000	15.044206945116274	21.22989321411133
chr8	81555000	81560000	15.044206945116274	21.22989321411133
chr8	81590000	81595000	1.378237452826099	1.620913098602295
chr8	85310000	85315000	1.645275999151212	1.1837425747680663
chr8	85340000	85345000	1.5091135082209222	1.8055588417053223
chr8	89835000	89840000	2.068816116475613	2.824454934234619
chr8	89850000	89855000	1.277607090516848	1.8976357998657225
chr8	89855000	89860000	7.343103282322394	11.524353524169921
chr8	89980000	89985000	4.99195449503961	5.996262995605468
chr8	89980000	89985000	4.99195449503961	5.996262995605468
chr8	89980000	89985000	4.99195449503961	5.996262995605468
chr8	92075000	92080000	3.0382478042174723	2.416462736968994
chr8	92095000	92100000	2.154162101275007	1.95871168548584
chr8	93990000	93995000	2.3014069909782053	1.170977551574707
chr8	94090000	94095000	2.3558487757032163	2.1488861962890624
chr8	94510000	94515000	1.1294717893226123	0.9611196809387207
chr8	94520000	94525000	3.977221978246386	2.7353304959106444
chr8	97560000	97565000	2.364434641444126	3.275750047302246
chr8	97560000	97565000	2.364434641444126	3.275750047302246
chr8	97575000	97580000	0.8780999919570495	0.9236346353149414
chr8	97580000	97585000	0.984315759648118	2.063321925201416
chr8	97710000	97715000	0.9115528411865235	0.9226214045715333
chr8	97720000	97725000	1.150503618072795	0.6995642232513428
chr8	98160000	98165000	1.7653299690603097	1.174740252075195
chr8	98325000	98330000	2.4452778409298337	1.3082968244934081
chr8	98390000	98395000	1.221407784834532	0.7542140231323242
chr8	98465000	98470000	1.117867967380987	0.8048115061950685
chr8	100565000	100570000	8.621679575868411	8.59305978302002
chr8	100670000	100675000	2.9221618614125475	4.291289370727539
chr8	100705000	100710000	0.7372661498453015	0.7182636001586914
chr8	100715000	100720000	2.2666429150162455	2.6935907632446288
chr8	100950000	100955000	6.44636015625	5.232553096923828
chr8	100950000	100955000	6.44636015625	5.232553096923828
chr8	100950000	100955000	6.44636015625	5.232553096923828
chr8	101045000	101050000	8.830453339535723	9.387331934509277
chr8	101050000	101055000	3.1446763114002265	2.2930956854248046
chr8	101090000	101095000	1.3399764091135185	0.9665615127563476
chr8	101205000	101210000	5.023391617077979	3.646200851135254
chr8	101295000	101300000	7.648685660959405	6.600710894775391
chr8	101770000	101775000	3.217531545136354	4.187489724121094
chr8	101780000	101785000	1.2339977534499125	1.4462530935668945
chr8	102240000	102245000	2.0687718790499967	0.7189581303405761
chr8	102255000	102260000	0.7068497611642998	0.8709817765808106
chr8	102260000	102265000	0.7842736788455571	0.7255576080322266
chr8	102270000	102275000	4.023611803685839	6.665056610717773
chr8	102650000	102655000	5.973896041841596	6.380461985473633
chr8	102805000	102810000	7.31132590845411	6.68812694656372
chr8	102860000	102865000	4.809073286680418	4.35821226409912
chr8	102905000	102910000	1.3958873232832578	0.9712507424926758
chr8	102920000	102925000	1.6880003258821006	1.7309361514282227
chr8	102920000	102925000	1.6880003258821006	1.7309361514282227
chr8	103275000	103280000	1.7236890704859085	1.2275667517852782
chr8	103375000	103380000	2.3526386945777964	4.7757865985107415
chr8	103385000	103390000	1.5173209552515332	2.216735614929199
chr8	103395000	103400000	0.5548449942615545	0.6022769421386719
chr8	116850000	116855000	0.8833145038355177	0.597790414428711
chr8	116860000	116865000	1.3090211127450533	0.8754394750976562
chr8	120040000	120045000	2.139061454872773	1.5326567919921876
chr8	120075000	120080000	0.9618453903911269	1.0331947789001463
chr8	121500000	121505000	5.940930167567172	5.820328933105469
chr8	121635000	121640000	5.436247815968166	4.085021815185547
chr8	122080000	122085000	9.632105410338784	7.631359791870117
chr8	122185000	122190000	10.089168244606087	10.825715252685546
chr8	122525000	122530000	4.705745723061249	5.180798469543457
chr8	122535000	122540000	7.55243307825962	7.868311150512694
chr8	122660000	122665000	3.8066754235098297	3.103523270263672
chr8	122670000	122675000	1.6107992140440184	1.3981450689697266
chr8	123155000	123160000	3.821850246764566	3.4082647976684566
chr8	123160000	123165000	8.847391660658221	8.524919445800782
chr8	123160000	123165000	8.847391660658221	8.524919445800782
chr8	123160000	123165000	8.847391660658221	8.524919445800782
chr8	123160000	123165000	8.847391660658221	8.524919445800782
chr8	123165000	123170000	9.311071132310529	7.097394163360597
chr8	123205000	123210000	2.616810614812263	1.727520668334961
chr8	123215000	123220000	4.308135981422495	3.3876844087219236
chr8	123220000	123225000	1.541367423198379	0.9683848068237305
chr8	123270000	123275000	4.255328428521557	4.210009257202149
chr8	123535000	123540000	2.6124772010304107	1.2848216859436035
chr8	123685000	123690000	1.2621404563832506	0.9767793063354493
chr8	127390000	127395000	4.104416621527271	6.787758311157227
chr8	127390000	127395000	4.104416621527271	6.787758311157227
chr8	127535000	127540000	0.5982237931010879	1.3748725973510743
chr8	127735000	127740000	5.871291328444436	5.4996092346191405
chr8	127735000	127740000	5.871291328444436	5.4996092346191405
chr8	127735000	127740000	5.871291328444436	5.4996092346191405
chr8	127735000	127740000	5.871291328444436	5.4996092346191405
chr8	128295000	128300000	13.665616523756936	13.237313283691407
chr8	128970000	128975000	3.893004443473459	4.086584389038086
chr8	128970000	128975000	3.893004443473459	4.086584389038086
chr8	129065000	129070000	2.6077617782164952	2.4739492419433593
chr8	129065000	129070000	2.6077617782164952	2.4739492419433593
chr8	129070000	129075000	2.9168122198087034	4.031355141601563
chr8	129070000	129075000	2.9168122198087034	4.031355141601563
chr5	129770000	129775000	0.7456063655675014	2.2512969385528567
chr5	129850000	129855000	0.4748368797801366	0.45502928009033206
chr5	131810000	131815000	1.0986831570349007	0.8880890880584716
chr5	132005000	132010000	1.1580702085976289	0.643785598526001
chr5	132655000	132660000	3.6885703123288733	4.930097221679687
chr5	132865000	132870000	4.600885146039445	3.227440641708374
chr5	134525000	134530000	7.189851884674358	4.959159024047851
chr5	134550000	134555000	4.887261118523428	4.163291251449586
chr5	135190000	135195000	2.2073000517943195	1.0914342817687988
chr5	135220000	135225000	1.387462440191251	1.1035046372222899
chr5	135240000	135245000	13.652709776348935	15.589748958129883
chr5	135240000	135245000	13.652709776348935	15.589748958129883
chr5	135565000	135570000	0.7984313738528813	1.0547015484619142
chr5	135725000	135730000	4.240295467426621	6.458905266113281
chr5	136145000	136150000	1.0802368434442537	0.5631421047210693
chr5	136155000	136160000	1.017096540119492	1.2135568523406983
chr5	137380000	137385000	2.1094114307439216	1.8688924774169922
chr5	137445000	137450000	11.574262083477839	9.922658712005616
chr5	137445000	137450000	11.574262083477839	9.922658712005616
chr5	137445000	137450000	11.574262083477839	9.922658712005616
chr5	137465000	137470000	3.3601775753413405	3.2559814659118653
chr5	137490000	137495000	2.2993679753668954	2.247071195983887
chr5	137620000	137625000	3.2048208412812134	6.87769471069336
chr5	137750000	137755000	4.152789654712143	4.536577778015136
chr5	139635000	139640000	6.981164495564399	5.420412767333984
chr5	139645000	139650000	2.02048996057243	1.4489740223693848
chr5	140175000	140180000	8.109477101434726	8.154354909973145
chr5	140175000	140180000	8.109477101434726	8.154354909973145
chr5	140175000	140180000	8.109477101434726	8.154354909973145
chr5	140175000	140180000	8.109477101434726	8.154354909973145
chr5	140190000	140195000	1.7341786865234374	1.383730258178711
chr5	140200000	140205000	0.793880517806294	0.8107165676879883
chr5	140220000	140225000	2.035122641647196	2.4268836047363282
chr5	140240000	140245000	2.8140999816324106	2.024187629470825
chr5	140570000	140575000	1.8606865260043992	1.263662074584961
chr5	140580000	140585000	0.9192485095870828	1.068971965332031
chr5	142320000	142325000	10.025591260450131	9.114547661132814
chr5	142385000	142390000	12.615637448376807	10.578631969299318
chr5	142390000	142395000	7.3106529049311835	7.0909389266967775
chr5	142390000	142395000	7.3106529049311835	7.0909389266967775
chr5	142435000	142440000	10.16481381305445	4.816253532638551
chr5	142440000	142445000	3.9706685135030306	2.930107491149902
chr5	142520000	142525000	1.0074324407274478	1.107875421142578
chr5	142530000	142535000	1.3650530627384363	1.197115653076172
chr5	142620000	142625000	1.744606537891994	1.4906560803222655
chr5	142635000	142640000	0.9444711750066169	1.3164014886474609
chr5	142655000	142660000	3.8501490103177938	4.025306186523438
chr5	142655000	142660000	3.8501490103177938	4.025306186523438
chr5	142665000	142670000	3.8624683475102217	3.7162213470458982
chr5	142670000	142675000	10.05912857027143	13.201073872680663
chr5	142670000	142675000	10.05912857027143	13.201073872680663
chr5	142695000	142700000	5.869172667487314	9.388174706115722
chr5	142695000	142700000	5.869172667487314	9.388174706115722
chr5	142695000	142700000	5.869172667487314	9.388174706115722
chr5	143300000	143305000	1.9853137407819803	1.4897010403442381
chr5	143390000	143395000	11.82911103207597	8.886077929382324
chr5	143395000	143400000	8.113060498503213	5.995162729492188
chr5	143400000	143405000	9.484617384181513	8.98362771484375
chr5	143400000	143405000	9.484617384181513	8.98362771484375
chr5	143400000	143405000	9.484617384181513	8.98362771484375
chr5	143400000	143405000	9.484617384181513	8.98362771484375
chr5	143400000	143405000	9.484617384181513	8.98362771484375
chr5	143405000	143410000	3.500508256174247	3.51388845916748
chr5	143405000	143410000	3.500508256174247	3.51388845916748
chr5	143480000	143485000	8.800985008967034	11.321010877075194
chr5	143480000	143485000	8.800985008967034	11.321010877075194
chr5	143480000	143485000	8.800985008967034	11.321010877075194
chr5	143490000	143495000	8.705939537433375	8.498288672485351
chr5	143495000	143500000	5.078440749123832	5.4718781054687495
chr5	143505000	143510000	6.250006577593367	5.100589463195801
chr5	143515000	143520000	6.627045078284718	7.355823139648438
chr5	143680000	143685000	6.4286853627427725	6.929999537963867
chr5	143680000	143685000	6.4286853627427725	6.929999537963867
chr5	143680000	143685000	6.4286853627427725	6.929999537963867
chr5	143680000	143685000	6.4286853627427725	6.929999537963867
chr5	143680000	143685000	6.4286853627427725	6.929999537963867
chr5	144490000	144495000	0.6996179363500292	0.6525563516235352
chr5	144500000	144505000	3.399739827264804	4.629377661437988
chr5	146140000	146145000	0.7964613951781087	0.6148109016418457
chr5	146150000	146155000	0.8684167270981263	1.827354746246338
chr5	149380000	149385000	2.32860963921948	2.738515186767578
chr5	149380000	149385000	2.32860963921948	2.738515186767578
chr5	149385000	149390000	5.675198411945093	5.583666774902343
chr5	149405000	149410000	10.50478807407272	9.077439028320311
chr5	149405000	149410000	10.50478807407272	9.077439028320311
chr5	149410000	149415000	19.76241248265917	22.978432470703126
chr5	149525000	149530000	2.3544372649861276	1.9921730090332033
chr5	149540000	149545000	1.492948280063522	2.233582359619141
chr5	149640000	149645000	20.3820928231783	14.560143728027345
chr5	149730000	149735000	17.29586238135222	12.670669450683594
chr5	149730000	149735000	17.29586238135222	12.670669450683594
chr5	149730000	149735000	17.29586238135222	12.670669450683594
chr5	149765000	149770000	1.3003300985461084	1.1682564495849608
chr5	149800000	149805000	5.538703469306732	4.8536513989257815
chr5	150560000	150565000	3.0263206612560234	4.327645452575684
chr5	150565000	150570000	9.33542991521247	12.833577351074219
chr5	150565000	150570000	9.33542991521247	12.833577351074219
chr5	150565000	150570000	9.33542991521247	12.833577351074219
chr5	150565000	150570000	9.33542991521247	12.833577351074219
chr5	150565000	150570000	9.33542991521247	12.833577351074219
chr5	150625000	150630000	2.618689737081082	2.2914738531494137
chr5	150625000	150630000	2.618689737081082	2.2914738531494137
chr5	150635000	150640000	2.1130589072539427	1.4734625817871094
chr5	150640000	150645000	4.321901800708236	5.383506760253907
chr5	150650000	150655000	2.746930432585244	2.7730476448059083
chr5	150780000	150785000	32.48048768481674	30.69887084350586
chr5	151080000	151085000	3.8353169983480586	4.1361684584045415
chr5	151090000	151095000	5.271395596113829	5.388224435882568
chr5	151180000	151185000	2.3834422786534395	6.085907937774658
chr5	151195000	151200000	14.608970019074913	14.065689070892335
chr5	151205000	151210000	7.025514616607951	7.949561433715822
chr5	151235000	151240000	4.041980106417932	2.782483254699707
chr5	151675000	151680000	5.9544727575569505	2.959980477294922
chr5	151685000	151690000	21.180409928993868	12.017330446777343
chr5	151720000	151725000	2.3695418879143544	1.4105625364685057
chr5	151735000	151740000	2.5618741765387707	1.374612061920166
chr5	151735000	151740000	2.5618741765387707	1.374612061920166
chr5	151740000	151745000	6.5258003048335285	5.655714138183594
chr5	151825000	151830000	0.785576650858371	0.9344025790405273
chr5	152140000	152145000	1.6373670613796911	2.5715836114501953
chr5	154625000	154630000	8.63745075198735	8.525642469482422
chr5	154635000	154640000	2.649797226950387	3.354368354034424
chr5	154645000	154650000	5.9035288207009575	7.934742045745851
chr5	154645000	154650000	5.9035288207009575	7.934742045745851
chr5	154680000	154685000	4.188186713658983	3.7700612675476077
chr5	154755000	154760000	4.8576858687071045	3.9248342938232423
chr5	154805000	154810000	1.3210490843585718	1.204265146331787
chr5	154900000	154905000	3.1066342718676982	1.7866867822265624
chr5	157060000	157065000	6.0240595931293806	8.120805822753907
chr5	157110000	157115000	7.160525584112149	5.638433089904786
chr5	157250000	157255000	0.8921865032445605	0.9072222811889648
chr5	157305000	157310000	1.2539585254134418	1.0460469403076171
chr5	158175000	158180000	3.017909819472839	1.3543207263183592
chr5	158545000	158550000	12.773923442291546	7.9488382336425785
chr5	158550000	158555000	26.775860727527657	19.952248044433592
chr5	158550000	158555000	26.775860727527657	19.952248044433592
chr5	158550000	158555000	26.775860727527657	19.952248044433592
chr5	158695000	158700000	11.13018998726818	9.28932455078125
chr5	158695000	158700000	11.13018998726818	9.28932455078125
chr5	158725000	158730000	20.203804005617517	14.74418523803711
chr5	158795000	158800000	17.876337627090027	15.878921137695315
chr5	158865000	158870000	16.23230276358061	17.599697890625002
chr5	159785000	159790000	1.0303200155382959	1.1783297790527343
chr5	159910000	159915000	7.895506020119926	17.39800088378906
chr5	160460000	160465000	0.9430544992036908	1.4143836544799804
chr5	160470000	160475000	2.3990107575318524	3.98628745513916
chr5	164045000	164050000	1.31751103723829	1.8435651286315915
chr5	164350000	164355000	4.774909013238354	7.332261361999511
chr5	168490000	168495000	0.9280979410617151	0.6537138842773438
chr5	168500000	168505000	0.6327813581805363	0.6317151559448243
chr5	168555000	168560000	1.3620274509037766	1.3329007781982423
chr5	168565000	168570000	1.086109770388024	1.1667511694335937
chr5	169415000	169420000	2.55021756309438	2.0155611102294917
chr5	169430000	169435000	3.210603573808046	2.2754961279296873
chr5	173005000	173010000	1.1145462178167895	0.9256897094726563
chr5	173055000	173060000	5.201666328330353	3.155683233642578
chr5	173670000	173675000	2.1288718300507443	2.8561512353515623
chr5	173680000	173685000	2.1683489738393056	4.373380305175782
chr5	173680000	173685000	2.1683489738393056	4.373380305175782
chr5	173680000	173685000	2.1683489738393056	4.373380305175782
chr5	173705000	173710000	7.079707971875912	5.150866604003907
chr5	173805000	173810000	16.283648446398583	12.929098525390625
chr5	175205000	175210000	0.8673302533586448	0.5948958377075195
chr5	175215000	175220000	2.257879277366567	3.170504013671875
chr5	175215000	175220000	2.257879277366567	3.170504013671875
chr5	175215000	175220000	2.257879277366567	3.170504013671875
chr5	175215000	175220000	2.257879277366567	3.170504013671875
chr5	175220000	175225000	1.0005948988299502	0.6008008544921875
chr5	175245000	175250000	0.7315563049886828	0.4983325708007813
chr5	175250000	175255000	0.8842090288679177	0.5344570104980468
chr5	175250000	175255000	0.8842090288679177	0.5344570104980468
chr5	175275000	175280000	0.6237619489723277	0.6077479589843751
chr5	175285000	175290000	1.0872991845032878	1.0881341021728517
chr5	175285000	175290000	1.0872991845032878	1.0881341021728517
chr5	178590000	178595000	1.2648553499881352	1.1893288739013672
chr5	178590000	178595000	1.2648553499881352	1.1893288739013672
chr5	178600000	178605000	1.1291034945764273	1.3731937866210937
chr5	178605000	178610000	3.6657763262882415	5.038615056762695
chr5	178625000	178630000	3.511096577097099	2.8295211456298826
chr5	178730000	178735000	3.147895423390041	4.28770006225586
chr5	178735000	178740000	17.463156377318196	19.276478101806642
chr5	178740000	178745000	12.69845874342874	15.559236768188478
chr5	178740000	178745000	12.69845874342874	15.559236768188478
chr5	178750000	178755000	5.31045077115353	8.856466561279298
chr5	178825000	178830000	2.7018953723087487	2.844630107116699
chr5	178825000	178830000	2.7018953723087487	2.844630107116699
chr5	179705000	179710000	1.2867637559552059	1.485677520751953
chr5	179705000	179710000	1.2867637559552059	1.485677520751953
chr5	179710000	179715000	0.5225576171875	0.5898013558959961
chr5	179710000	179715000	0.5225576171875	0.5898013558959961
chr5	179715000	179720000	0.6471773246693834	0.9043855337524414
chr5	179715000	179720000	0.6471773246693834	0.9043855337524414
chr5	179720000	179725000	1.0041448136659425	0.8747448297119141
chr5	179725000	179730000	3.372488980159581	3.6034195379638674
chr5	179725000	179730000	3.372488980159581	3.6034195379638674
chr5	179725000	179730000	3.372488980159581	3.6034195379638674
chr5	179735000	179740000	2.2217635991461924	1.6852304748535156
chr5	179735000	179740000	2.2217635991461924	1.6852304748535156
chr5	179745000	179750000	0.8795106632125711	0.9572406594848634
chr5	179760000	179765000	3.993803577373184	3.396802940979004
chr5	181185000	181190000	2.9100412093403185	2.2000629193115238
chr5	181215000	181220000	2.2644541624835717	2.1101283008575438
chr18	74230000	74235000	16.174180408741602	15.338448032226564
chr18	74235000	74240000	10.233920085472036	9.471451162109375
chr18	74250000	74255000	21.391033087215245	23.46680270263672
chr18	74250000	74255000	21.391033087215245	23.46680270263672
chr18	74285000	74290000	9.462337131735543	5.648969829101563
chr18	74285000	74290000	9.462337131735543	5.648969829101563
chr18	74290000	74295000	7.2572602677675055	5.074104006958008
chr18	74290000	74295000	7.2572602677675055	5.074104006958008
chr9	650000	655000	4.685018229318779	5.032537524414063
chr9	650000	655000	4.685018229318779	5.032537524414063
chr9	665000	670000	0.9571724741142487	1.2921448699951172
chr9	675000	680000	1.207920589040596	1.0571041931152343
chr9	680000	685000	12.537509134966415	19.783951953125
chr9	685000	690000	20.43739897597839	25.849859765625
chr9	1230000	1235000	4.871278406218057	7.786683658828735
chr9	1295000	1300000	2.5947752792786214	7.990231620635986
chr9	2015000	2020000	6.6177170858507965	5.653833325805664
chr9	2070000	2075000	1.2749783185441916	1.7919250903320314
chr9	2555000	2560000	3.4267308992474996	3.2670664947509764
chr9	2620000	2625000	2.5720269475348645	4.227377656250001
chr9	4310000	4315000	0.8453239515072831	0.5524032843017578
chr9	4315000	4320000	1.1894912258255146	0.9629430006408691
chr9	4335000	4340000	1.4268381548444802	0.9803396688842773
chr9	4365000	4370000	1.488192968778521	1.098294684753418
chr9	4795000	4800000	1.5099360028703634	1.3027102523040772
chr9	4820000	4825000	6.4379172953668045	8.846828551025391
chr9	12775000	12780000	4.607030124101015	4.393412017822266
chr9	12810000	12815000	3.6913286476206557	4.84496852783203
chr9	13860000	13865000	14.308512485739449	18.455715390625002
chr9	13860000	13865000	14.308512485739449	18.455715390625002
chr9	13975000	13980000	7.684350613774094	9.129484256591796
chr9	14090000	14095000	3.415392864248686	9.291872135620117
chr9	19115000	19120000	6.773805147488318	6.557436956176757
chr9	19120000	19125000	8.449973844553154	8.175484942626953
chr9	19125000	19130000	17.821741178993864	20.03815900390625
chr9	19125000	19130000	17.821741178993864	20.03815900390625
chr9	19125000	19130000	17.821741178993864	20.03815900390625
chr9	19155000	19160000	6.687894832889164	6.290324846191406
chr9	19160000	19165000	21.575122210408146	29.906401773376466
chr9	19160000	19165000	21.575122210408146	29.906401773376466
chr9	19170000	19175000	7.809186287054614	9.42594957977295
chr9	19170000	19175000	7.809186287054614	9.42594957977295
chr9	19185000	19190000	7.649330027699695	9.195191223449706
chr9	19230000	19235000	4.086780070823599	4.468785949707031
chr9	19380000	19385000	3.2460628107659173	2.1702489018249516
chr9	19430000	19435000	6.507319810072284	8.979805339965822
chr9	22340000	22345000	3.2497610214661217	2.6521396395874026
chr9	22415000	22420000	3.6377965924129305	5.265840320663452
chr9	22600000	22605000	7.526746275372371	6.218073180541992
chr9	22650000	22655000	17.483747692414756	16.351347521362307
chr9	32375000	32380000	0.7803005660582925	0.6864807055664063
chr9	32395000	32400000	3.0176198719630736	3.4478059936523437
chr9	32430000	32435000	1.4004382162218896	1.9546595446777344
chr9	32580000	32585000	1.2454006919504328	1.664562868347168
chr9	33080000	33085000	0.8907600052735516	1.2801615060424805
chr9	33160000	33165000	3.6655447136709625	3.7354123437499998
chr9	33380000	33385000	3.8827011196243424	4.046118405761719
chr9	33390000	33395000	12.170083037474447	14.408117298583983
chr9	33390000	33395000	12.170083037474447	14.408117298583983
chr9	33400000	33405000	19.90456612594462	18.26805880737305
chr9	34380000	34385000	6.527836686806367	7.045898933105469
chr9	34570000	34575000	1.079737283810054	1.2394058366394043
chr9	34580000	34585000	0.8801960490574348	1.0230639239501953
chr9	34590000	34595000	5.2918809565749125	8.161648514404298
chr9	35045000	35050000	0.8787069416937427	0.7668926036071777
chr9	35050000	35055000	1.735950802697868	0.9508725839233397
chr9	35055000	35060000	0.9791907413660923	0.8653087127685547
chr9	35055000	35060000	0.9791907413660923	0.8653087127685547
chr9	35060000	35065000	0.6756066795277819	0.8416884005737305
chr9	35065000	35070000	1.8513117708865727	1.6863305294799804
chr9	35700000	35705000	1.4819970514885734	1.3940351045608521
chr9	35710000	35715000	0.7461718909147744	0.8867574565887452
chr9	36255000	36260000	3.4924788408796363	3.769047413635254
chr9	36285000	36290000	2.46489050144659	2.5659102867126466
chr9	36795000	36800000	6.273396830735251	4.829915270996094
chr9	36800000	36805000	4.689218992315275	2.7000743896484374
chr9	36805000	36810000	1.013587708574812	1.3278065283203124
chr9	36815000	36820000	15.317312308794536	18.103010654296874
chr9	36815000	36820000	15.317312308794536	18.103010654296874
chr9	36815000	36820000	15.317312308794536	18.103010654296874
chr9	36815000	36820000	15.317312308794536	18.103010654296874
chr9	36835000	36840000	5.430282795387339	5.839317861328126
chr9	37505000	37510000	13.760317082656432	17.99510255493164
chr9	37600000	37605000	5.352238154530748	7.284065709228515
chr9	37900000	37905000	12.791905438631717	13.262791977539061
chr9	37900000	37905000	12.791905438631717	13.262791977539061
chr11	65025000	65030000	3.168232174996349	3.830412411804199
chr11	65100000	65105000	9.636140967025042	8.425896018066407
chr11	65380000	65385000	11.4778211036183	11.793635671386719
chr11	65420000	65425000	59.49311296728972	42.68159422363281
chr11	65420000	65425000	59.49311296728972	42.68159422363281
chr11	65455000	65460000	18.62793367224007	11.257993639526367
chr11	65475000	65480000	18.38711307635441	12.938417927551269
chr11	65490000	65495000	27.41417007520444	22.487128422851562
chr11	65495000	65500000	36.187546864047896	24.0111008203125
chr11	65495000	65500000	36.187546864047896	24.0111008203125
chr11	65505000	65510000	22.568203757940275	14.710430927734373
chr11	65505000	65510000	22.568203757940275	14.710430927734373
chr11	65710000	65715000	4.630116543094243	3.8771311322021487
chr11	65780000	65785000	1.521164443228178	1.714639694213867
chr11	65785000	65790000	0.9471594482136665	1.1940763195800783
chr11	65810000	65815000	3.792650896931586	9.657285598144531
chr11	65890000	65895000	2.9280511821711173	2.6438032788085937
chr11	65965000	65970000	0.7262375366781358	1.1572573522949219
chr11	66220000	66225000	0.698739032010943	0.8990595275878907
chr11	66225000	66230000	0.988778315207223	0.7756343609619142
chr11	66230000	66235000	1.367627136601243	0.9292792666625975
chr11	66235000	66240000	0.6787251312826281	0.41195788238525394
chr11	66250000	66255000	5.465154612033166	5.399223657226562
chr11	66250000	66255000	5.465154612033166	5.399223657226562
chr11	66250000	66255000	5.465154612033166	5.399223657226562
chr11	66250000	66255000	5.465154612033166	5.399223657226562
chr11	66310000	66315000	4.665050907997773	3.7092458630371095
chr11	66315000	66320000	8.977744907956703	7.086190749511718
chr11	66325000	66330000	4.430651627984448	4.86013526977539
chr11	66325000	66330000	4.430651627984448	4.86013526977539
chr11	67095000	67100000	2.688942600713712	2.438288052368164
chr11	67115000	67120000	2.161260726272726	1.8062247280883788
chr11	68055000	68060000	1.0480518640821226	1.0032648007202147
chr11	68065000	68070000	0.8734099879755038	0.6808650129699707
chr11	68065000	68070000	0.8734099879755038	0.6808650129699707
chr11	68075000	68080000	1.0601755379650082	0.8977859455871583
chr11	68075000	68080000	1.0601755379650082	0.8977859455871583
chr11	68085000	68090000	0.931358752384364	0.8408784210205078
chr11	68300000	68305000	1.6763579794625256	2.439271938018799
chr11	68310000	68315000	2.140888557277216	2.214767821350098
chr11	68350000	68355000	3.6545635948395057	2.69196953125
chr11	68370000	68375000	9.646816214873413	18.373419481811524
chr11	68370000	68375000	9.646816214873413	18.373419481811524
chr11	68370000	68375000	9.646816214873413	18.373419481811524
chr11	72045000	72050000	5.475283372198088	6.077224708862305
chr11	72065000	72070000	5.111577805107331	5.432163994750977
chr11	72710000	72715000	0.5165018098920305	0.6392410937499999
chr11	72720000	72725000	4.793393415276358	4.390315072937011
chr11	73970000	73975000	3.930167594096817	4.018908385009766
chr11	73980000	73985000	6.539073646046291	6.383614965820312
chr11	74015000	74020000	13.960481110702943	14.586021146545407
chr11	74015000	74020000	13.960481110702943	14.586021146545407
chr11	74490000	74495000	2.052784559645608	1.7041035604858399
chr11	74590000	74595000	5.876086459493192	7.696255892028808
chr11	75145000	75150000	3.8435667059497303	2.9604141592407225
chr11	75200000	75205000	1.6763517641441845	1.785499560546875
chr11	75720000	75725000	4.419889088511244	3.889144628448486
chr11	75730000	75735000	7.604877099723459	5.473845383605957
chr11	75740000	75745000	7.28239126872125	11.5515916506958
chr11	75765000	75770000	6.385244159848222	4.98512302520752
chr11	75770000	75775000	7.838750107296382	8.101990815429687
chr11	75770000	75775000	7.838750107296382	8.101990815429687
chr11	75810000	75815000	9.404539726813486	10.72124896850586
chr11	75855000	75860000	2.823071983665395	2.3332720803833005
chr11	75990000	75995000	1.0739745592063834	1.0600275581359864
chr11	76065000	76070000	2.4686212806772962	4.046928081359863
chr11	76080000	76085000	2.0934805557964	5.151071226196289
chr11	76085000	76090000	1.9892502353561259	4.173856436920166
chr11	76085000	76090000	1.9892502353561259	4.173856436920166
chr11	76125000	76130000	3.1044131009966414	4.628481531372071
chr11	76130000	76135000	10.836169311523438	20.75023042907715
chr11	76130000	76135000	10.836169311523438	20.75023042907715
chr11	76130000	76135000	10.836169311523438	20.75023042907715
chr11	76130000	76135000	10.836169311523438	20.75023042907715
chr11	76740000	76745000	1.675224292163314	1.7931991706848145
chr11	76740000	76745000	1.675224292163314	1.7931991706848145
chr11	76770000	76775000	7.708634450523875	19.289992207336425
chr11	76785000	76790000	1.4860161794502045	2.903362254638672
chr11	78060000	78065000	29.803243938467435	19.723286759033204
chr11	78075000	78080000	3.161636393609448	3.5233257070922854
chr11	78115000	78120000	1.5661970834036854	1.8472125181579588
chr11	78120000	78125000	11.765056340525975	11.546093123321533
chr11	78275000	78280000	10.652733708575953	13.992395026092527
chr11	78290000	78295000	4.850206772392487	3.63366730255127
chr11	78415000	78420000	9.618351726667457	8.129606024475098
chr11	78545000	78550000	8.273180425027153	4.236610737609864
chr11	79165000	79170000	1.3794172514157874	2.9223796296691895
chr11	79170000	79175000	7.720190606404243	9.950680089111328
chr11	79170000	79175000	7.720190606404243	9.950680089111328
chr11	79170000	79175000	7.720190606404243	9.950680089111328
chr11	79310000	79315000	5.344456053489614	6.50223684463501
chr11	79310000	79315000	5.344456053489614	6.50223684463501
chr11	79425000	79430000	4.942781093704366	9.30799317718506
chr11	79435000	79440000	7.438003622465045	9.10103152709961
chr11	79435000	79440000	7.438003622465045	9.10103152709961
chr11	79435000	79440000	7.438003622465045	9.10103152709961
chr11	83100000	83105000	1.4787576548353534	2.4214701095581055
chr11	83105000	83110000	1.103525207177278	1.0964706665039063
chr11	83110000	83115000	6.272808601051402	11.073842810058593
chr11	83115000	83120000	7.752297539655739	12.718402810668945
chr11	83155000	83160000	5.915797780830169	6.0032379409790035
chr11	83155000	83160000	5.915797780830169	6.0032379409790035
chr11	83155000	83160000	5.915797780830169	6.0032379409790035
chr11	83155000	83160000	5.915797780830169	6.0032379409790035
chr11	86040000	86045000	3.145870588242005	1.874594621582031
chr11	86065000	86070000	8.256346056786654	7.522059960327149
chr11	86065000	86070000	8.256346056786654	7.522059960327149
chr11	86065000	86070000	8.256346056786654	7.522059960327149
chr11	86070000	86075000	4.858085960887303	4.313752005157471
chr11	86070000	86075000	4.858085960887303	4.313752005157471
chr11	86165000	86170000	3.338759294570495	3.061898233947754
chr11	86170000	86175000	12.141347552319107	9.972623602294922
chr11	86170000	86175000	12.141347552319107	9.972623602294922
chr11	86190000	86195000	2.6642896503198923	2.3406240800476072
chr11	86200000	86205000	2.7747094574830244	2.889843961791992
chr11	86210000	86215000	1.5156821294196297	2.785145778656006
chr11	86940000	86945000	6.598899515825788	6.576801531982422
chr11	86955000	86960000	10.982582513427735	11.325958248901367
chr11	86955000	86960000	10.982582513427735	11.325958248901367
chr11	86955000	86960000	10.982582513427735	11.325958248901367
chr11	86955000	86960000	10.982582513427735	11.325958248901367
chr11	86975000	86980000	17.981635176129206	18.782716659545898
chr11	86975000	86980000	17.981635176129206	18.782716659545898
chr11	86980000	86985000	12.024055626642816	14.16728935546875
chr11	86985000	86990000	4.5069007451422864	4.841492956542969
chr11	86985000	86990000	4.5069007451422864	4.841492956542969
chr11	87010000	87015000	13.73983599294502	15.166213400268555
chr11	87010000	87015000	13.73983599294502	15.166213400268555
chr11	87035000	87040000	19.819282908216813	25.00666857910156
chr11	87035000	87040000	19.819282908216813	25.00666857910156
chr11	87035000	87040000	19.819282908216813	25.00666857910156
chr11	87035000	87040000	19.819282908216813	25.00666857910156
chr11	87035000	87040000	19.819282908216813	25.00666857910156
chr11	87035000	87040000	19.819282908216813	25.00666857910156
chr11	87350000	87355000	0.9883345800381956	1.0579724685668945
chr11	87420000	87425000	0.6578031930156957	0.5650235748291016
chr11	95920000	95925000	4.19951480749968	4.6294370898437505
chr11	96390000	96395000	2.463747217909198	1.9083746200561524
chr11	100830000	100835000	7.092534196172696	5.640256315765381
chr11	100840000	100845000	0.9046510162781333	0.6880148992919922
chr11	101860000	101865000	1.6230168876291435	1.0448889654541016
chr11	101910000	101915000	4.2539268414363685	3.5842568054199218
chr11	102115000	102120000	2.4959028891875366	2.6431091351318363
chr11	102235000	102240000	2.6635789612386827	2.8060170513916014
chr11	107605000	107610000	1.6623055499780959	1.546869091796875
chr11	107650000	107655000	4.622091312700789	6.255501335144043
chr11	107665000	107670000	1.6441359749196847	2.1961263809204103
chr11	107665000	107670000	1.6441359749196847	2.1961263809204103
chr11	110710000	110715000	12.730421986346379	6.940015773925782
chr11	110715000	110720000	6.125293913368867	3.801120079345703
chr11	110840000	110845000	11.135514167913989	8.098489263916015
chr11	110855000	110860000	19.48251209203417	8.50526475830078
chr11	110945000	110950000	29.526031294721086	21.213824997558593
chr11	110945000	110950000	29.526031294721086	21.213824997558593
chr11	110945000	110950000	29.526031294721086	21.213824997558593
chr11	110945000	110950000	29.526031294721086	21.213824997558593
chr11	110945000	110950000	29.526031294721086	21.213824997558593
chr11	110945000	110950000	29.526031294721086	21.213824997558593
chr11	110945000	110950000	29.526031294721086	21.213824997558593
chr11	110990000	110995000	16.407017588734853	9.262752151184081
chr11	111015000	111020000	3.995442074727567	4.2411848040771485
chr11	111020000	111025000	3.1340449228447174	2.2383872622680663
chr11	111230000	111235000	13.012311104405484	11.415806323394774
chr11	111230000	111235000	13.012311104405484	11.415806323394774
chr11	111335000	111340000	2.9891622028101272	3.6688365808105465
chr11	111345000	111350000	1.3632031649865837	1.3943246378326415
chr11	111600000	111605000	6.010001250935491	4.8293079696655274
chr11	111735000	111740000	8.11733049932462	5.8935049963378905
chr11	111765000	111770000	4.060319498507776	2.556126684875488
chr11	111830000	111835000	13.38460655049832	13.335125187377928
chr11	111835000	111840000	26.75011889785339	29.75154303710938
chr11	111840000	111845000	15.461225616968457	17.347549360351564
chr11	111845000	111850000	32.36722292959624	34.8067685913086
chr11	111845000	111850000	32.36722292959624	34.8067685913086
chr11	111845000	111850000	32.36722292959624	34.8067685913086
chr11	111845000	111850000	32.36722292959624	34.8067685913086
chr11	111845000	111850000	32.36722292959624	34.8067685913086
chr11	111875000	111880000	2.8973208114481417	2.668118705749512
chr11	111930000	111935000	12.1089911970192	13.008151702880859
chr11	111930000	111935000	12.1089911970192	13.008151702880859
chr11	111930000	111935000	12.1089911970192	13.008151702880859
chr11	111930000	111935000	12.1089911970192	13.008151702880859
chr11	111935000	111940000	12.559212707177277	15.490407826538087
chr11	111935000	111940000	12.559212707177277	15.490407826538087
chr11	111985000	111990000	3.6647434014721454	5.045157906799317
chr11	112015000	112020000	17.098172332364378	17.727322049255374
chr11	112015000	112020000	17.098172332364378	17.727322049255374
chr11	112015000	112020000	17.098172332364378	17.727322049255374
chr11	112015000	112020000	17.098172332364378	17.727322049255374
chr11	112015000	112020000	17.098172332364378	17.727322049255374
chr11	112020000	112025000	10.232426176438375	6.1216561083984375
chr11	112025000	112030000	10.406684255439544	7.398460614624023
chr11	112025000	112030000	10.406684255439544	7.398460614624023
chr11	112025000	112030000	10.406684255439544	7.398460614624023
chr11	114070000	114075000	2.0476478737233954	3.6928039545059206
chr11	114070000	114075000	2.0476478737233954	3.6928039545059206
chr11	114160000	114165000	2.8803558572359176	3.1925312995910646
chr11	114195000	114200000	2.5929557948887907	4.06933282043457
chr11	114255000	114260000	2.9818532694593767	5.7864040470504765
chr11	114255000	114260000	2.9818532694593767	5.7864040470504765
chr11	118790000	118795000	4.426554112058264	4.253689171447754
chr11	118915000	118920000	10.438860959860543	8.979081497192382
chr11	119340000	119345000	1.119112949093257	1.0424868027114869
chr11	119420000	119425000	0.9283514587972767	0.9122587045288086
chr11	119430000	119435000	1.6339198390497225	1.660395241241455
chr11	119445000	119450000	1.7357087727484302	1.1041993078613284
chr11	119470000	119475000	2.4015967784845937	1.5599524400329587
chr11	119470000	119475000	2.4015967784845937	1.5599524400329587
chr11	122090000	122095000	2.264256584495473	1.9434282092285158
chr11	122140000	122145000	1.2744826824437792	1.2631991015625001
chr11	122200000	122205000	4.228810794438157	2.0482120861816404
chr11	122200000	122205000	4.228810794438157	2.0482120861816404
chr11	122630000	122635000	1.6276874835718458	1.6577900683593751
chr11	122850000	122855000	0.8959334606135002	0.9585721649169922
chr11	123190000	123195000	4.249842627409463	3.5029764685058593
chr11	123235000	123240000	7.280536324017961	11.430481748046875
chr11	123640000	123645000	1.2674829310907383	1.1510047136688233
chr11	123705000	123710000	1.3308033452114212	1.5424984356689453
chr11	126110000	126115000	7.41948095315238	5.3996289002990725
chr11	126120000	126125000	3.2034514741416285	2.6135839505004888
chr11	126135000	126140000	5.479408825113172	4.513421050109863
chr11	126135000	126140000	5.479408825113172	4.513421050109863
chr11	126310000	126315000	1.6439281181549354	2.0498051666259767
chr11	126315000	126320000	6.191668014611931	7.001786709594726
chr11	126315000	126320000	6.191668014611931	7.001786709594726
chr11	126315000	126320000	6.191668014611931	7.001786709594726
chr11	126320000	126325000	1.2176387681622372	0.8298786651611328
chr11	126330000	126335000	1.5248443619487444	1.5497925729370117
chr11	126345000	126350000	3.3587540274076373	3.4306700250244138
chr11	126350000	126355000	3.4236389365508177	3.1373026013183596
chr11	126355000	126360000	4.639681746038989	5.010509084472656
chr11	126355000	126360000	4.639681746038989	5.010509084472656
chr11	126355000	126360000	4.639681746038989	5.010509084472656
chr11	126355000	126360000	4.639681746038989	5.010509084472656
chr11	126360000	126365000	1.8366428428008175	2.4553947988891602
chr11	126375000	126380000	0.8995598222108645	0.7691793156433105
chr8	11315000	11320000	0.6820310004403658	0.600714006652832
chr8	11340000	11345000	1.3661402213408569	2.4099493850708007
chr8	13130000	13135000	3.700845927529023	5.5326646183776855
chr8	13130000	13135000	3.700845927529023	5.5326646183776855
chr8	13130000	13135000	3.700845927529023	5.5326646183776855
chr8	13200000	13205000	1.9311371973340756	2.033247606964111
chr8	13240000	13245000	1.5080198680842034	1.2468446017456054
chr8	13245000	13250000	10.272482550961502	15.039921402282715
chr8	13245000	13250000	10.272482550961502	15.039921402282715
chr8	13245000	13250000	10.272482550961502	15.039921402282715
chr8	13245000	13250000	10.272482550961502	15.039921402282715
chr8	13245000	13250000	10.272482550961502	15.039921402282715
chr8	13250000	13255000	1.8196862243652343	2.302097198181152
chr8	13255000	13260000	1.7996807270370911	1.6629135368347168
chr8	13265000	13270000	3.0751945530971634	3.5080998504638674
chr8	13265000	13270000	3.0751945530971634	3.5080998504638674
chr8	13270000	13275000	2.6381500701619083	1.9678874365234376
chr8	13275000	13280000	2.717853386420847	3.72128632522583
chr8	13275000	13280000	2.717853386420847	3.72128632522583
chr8	13355000	13360000	8.753977421099227	17.731257380981443
chr8	13355000	13360000	8.753977421099227	17.731257380981443
chr8	13355000	13360000	8.753977421099227	17.731257380981443
chr8	13355000	13360000	8.753977421099227	17.731257380981443
chr8	13360000	13365000	4.554773837594006	7.596073726806639
chr8	13360000	13365000	4.554773837594006	7.596073726806639
chr8	13365000	13370000	18.440919610880915	25.574235819396975
chr8	13365000	13370000	18.440919610880915	25.574235819396975
chr8	13365000	13370000	18.440919610880915	25.574235819396975
chr8	13365000	13370000	18.440919610880915	25.574235819396975
chr8	13365000	13370000	18.440919610880915	25.574235819396975
chr8	13365000	13370000	18.440919610880915	25.574235819396975
chr8	13365000	13370000	18.440919610880915	25.574235819396975
chr8	13370000	13375000	3.0758976362281873	6.430827373199463
chr8	13655000	13660000	3.435622990745473	3.857216304931641
chr8	16210000	16215000	6.434141911244615	10.475670732421875
chr8	16445000	16450000	12.926886057459752	21.958229135131837
chr8	17035000	17040000	1.1441940812440676	1.2624755554199218
chr8	17050000	17055000	2.583426105649003	2.4560605255126955
chr8	18080000	18085000	5.555636538496641	7.479192266845703
chr8	18080000	18085000	5.555636538496641	7.479192266845703
chr8	18080000	18085000	5.555636538496641	7.479192266845703
chr8	18085000	18090000	6.157619787027234	6.80388155670166
chr8	18105000	18110000	10.404617274660486	14.852730242919922
chr8	18105000	18110000	10.404617274660486	14.852730242919922
chr8	18110000	18115000	3.9563534225321257	6.248843981933594
chr8	18115000	18120000	1.1587882365289135	1.6991246429443359
chr8	18905000	18910000	2.7140240702121052	7.3596735546875
chr8	19225000	19230000	1.5793445534394166	2.2225825537109376
chr8	19295000	19300000	1.360090929576838	1.2688724328613281
chr8	19310000	19315000	4.250698708621586	7.1513774884033205
chr8	19870000	19875000	2.1144080542448527	3.1892608666992186
chr8	19870000	19875000	2.1144080542448527	3.1892608666992186
chr8	19880000	19885000	6.559875662317007	8.259313225097657
chr8	19880000	19885000	6.559875662317007	8.259313225097657
chr8	19880000	19885000	6.559875662317007	8.259313225097657
chr8	19880000	19885000	6.559875662317007	8.259313225097657
chr8	19885000	19890000	12.674712892963731	16.852428134765624
chr8	19885000	19890000	12.674712892963731	16.852428134765624
chr8	19885000	19890000	12.674712892963731	16.852428134765624
chr8	19885000	19890000	12.674712892963731	16.852428134765624
chr8	19890000	19895000	3.0145824366489307	4.40475720703125
chr8	19920000	19925000	4.751410229206977	6.600939179687499
chr8	19925000	19930000	7.592215202830662	10.677798908691406
chr8	19925000	19930000	7.592215202830662	10.677798908691406
chr8	19935000	19940000	11.907472128723715	19.783144262695313
chr8	19935000	19940000	11.907472128723715	19.783144262695313
chr8	19935000	19940000	11.907472128723715	19.783144262695313
chr8	19935000	19940000	11.907472128723715	19.783144262695313
chr8	19940000	19945000	5.306966731390552	10.30787451171875
chr8	19940000	19945000	5.306966731390552	10.30787451171875
chr8	19970000	19975000	1.6304745378155574	3.227469326171875
chr8	20110000	20115000	7.682205262599482	6.42286751953125
chr8	20220000	20225000	5.22316463315019	7.426131959228516
chr8	20375000	20380000	1.4950477612932154	1.6053397607421875
chr8	22635000	22640000	1.7245813873576226	1.2139911918640136
chr8	22655000	22660000	6.856913428875219	8.691591163635254
chr8	23385000	23390000	4.996802328006352	8.665973204040528
chr8	23405000	23410000	6.396884995162821	6.836302275085449
chr8	26380000	26385000	9.63408456226955	8.966286396484374
chr8	26380000	26385000	9.63408456226955	8.966286396484374
chr8	26445000	26450000	10.109383347213603	4.794370568847656
chr8	26455000	26460000	6.478037652445286	5.349899852294922
chr8	26580000	26585000	2.1585278191397124	1.6278016259765626
chr8	26590000	26595000	1.6824177057569272	1.2809720346069335
chr8	27165000	27170000	10.619562598340757	15.33473950683594
chr8	27175000	27180000	1.3493574078996604	2.7672298583984376
chr8	27905000	27910000	0.7388932572409371	0.8425571130371095
chr8	27915000	27920000	2.2922552107481198	3.546105810546875
chr8	28655000	28660000	11.033126640818944	15.30752923614502
chr8	28655000	28660000	11.033126640818944	15.30752923614502
chr8	28655000	28660000	11.033126640818944	15.30752923614502
chr8	28655000	28660000	11.033126640818944	15.30752923614502
chr8	28665000	28670000	1.3177406336704147	2.1860531195068362
chr8	28675000	28680000	7.778559919182607	6.962072235412597
chr8	28690000	28695000	2.842530935811551	5.043940707702636
chr8	28700000	28705000	4.090261554354373	2.9221188806152343
chr8	30055000	30060000	7.460168381165121	9.581619825744628
chr8	30095000	30100000	1.6626776467581779	2.4679860430908205
chr8	30155000	30160000	3.519282875246422	3.9968521907043453
chr8	30155000	30160000	3.519282875246422	3.9968521907043453
chr8	30235000	30240000	0.8456360027562793	0.8728343981933594
chr8	30245000	30250000	0.5104219319281177	0.7591061480712891
chr8	30280000	30285000	11.968216661799065	9.546507516479492
chr8	30280000	30285000	11.968216661799065	9.546507516479492
chr8	30380000	30385000	2.3060831068377627	2.8285366940307615
chr8	30545000	30550000	5.091932741653585	6.065355795593262
chr8	38175000	38180000	4.9997616858936915	4.114372204589844
chr8	38230000	38235000	5.538511271995473	5.2716309936523436
chr8	38300000	38305000	1.2954180899076373	1.7512273376464844
chr8	38375000	38380000	1.955324532054295	1.4351378234863281
chr8	38450000	38455000	5.57908645661256	5.832022720336914
chr8	38700000	38705000	9.174886164527964	8.111224597167968
chr8	42465000	42470000	7.037117647716488	8.806737889404298
chr8	42540000	42545000	6.549339532755913	7.044509487304688
chr8	42895000	42900000	4.092649747645297	3.3072442083740237
chr8	42940000	42945000	0.9839771304121642	0.8718791563415527
chr8	42950000	42955000	0.9225641235351563	0.883052440185547
chr8	42965000	42970000	1.263870085015698	1.5772625427246094
chr8	48010000	48015000	1.1356724753121348	1.0185773933410645
chr8	48015000	48020000	1.1579615024459697	1.0635013291931152
chr8	48020000	48025000	0.8623552120600905	0.8160426707458496
chr8	48025000	48030000	0.8006809791636244	0.7216212364959717
chr8	48600000	48605000	1.0884114714150117	0.7039350718688965
chr8	48610000	48615000	1.0651748843184141	0.9087564385986329
chr8	56970000	56975000	1.9776090758706923	1.852740534210205
chr8	56985000	56990000	1.2712434136791764	1.2976446719360353
chr8	56990000	56995000	3.044678868145809	3.1477234884643557
chr8	56990000	56995000	3.044678868145809	3.1477234884643557
chr8	56990000	56995000	3.044678868145809	3.1477234884643557
chr8	57055000	57060000	3.071004833984375	5.185921673583985
chr8	57060000	57065000	12.772799302259783	20.80617667297363
chr8	57060000	57065000	12.772799302259783	20.80617667297363
chr8	57060000	57065000	12.772799302259783	20.80617667297363
chr8	57060000	57065000	12.772799302259783	20.80617667297363
chr8	57060000	57065000	12.772799302259783	20.80617667297363
chr8	57065000	57070000	3.2652076898592655	1.867734927368164
chr8	57080000	57085000	0.8678039122964734	0.8889284259033204
chr8	57100000	57105000	1.1628062226197429	0.9510465194702148
chr8	57110000	57115000	1.50001685049467	2.6583060031127927
chr8	57115000	57120000	1.0776343282253944	1.2973266287994385
chr8	58605000	58610000	9.78643255061925	8.955982155761719
chr8	58655000	58660000	3.56396858914099	3.618007385864258
chr8	61265000	61270000	9.474960079414155	10.68717882019043
chr8	61265000	61270000	9.474960079414155	10.68717882019043
chr8	61265000	61270000	9.474960079414155	10.68717882019043
chr8	61265000	61270000	9.474960079414155	10.68717882019043
chr8	61360000	61365000	2.2847370391560493	1.68320431854248
chr8	61410000	61415000	7.169231551867333	7.0676660913085945
chr8	61415000	61420000	8.80997502407181	9.666662310180664
chr8	61525000	61530000	6.154746234530155	11.59220305541992
chr8	61655000	61660000	3.84977008558612	3.145146501464844
chr8	61705000	61710000	4.918626329083309	2.327656691894531
chr8	61710000	61715000	18.180747198087033	10.487974837646485
chr8	61780000	61785000	8.47114181604118	8.64840400390625
chr14	20610000	20615000	3.9528365955958855	3.745949415283203
chr14	20660000	20665000	0.8146829700363016	0.9505831953430175
chr14	20680000	20685000	7.476105419579623	6.742373051300048
chr14	20685000	20690000	9.68988393412082	7.654457621154786
chr14	21065000	21070000	3.4443119508547198	3.4976505859375
chr14	21090000	21095000	1.6133542331588604	0.8572617001342775
chr14	22655000	22660000	1.590129854861821	1.4132552197265627
chr14	22835000	22840000	6.263591792311624	4.261533186035156
chr14	23120000	23125000	4.101004542042384	3.29404521484375
chr14	23120000	23125000	4.101004542042384	3.29404521484375
chr14	23125000	23130000	1.9105076676128068	1.4310853881835937
chr14	23155000	23160000	9.858163848933996	7.60988232421875
chr14	23160000	23165000	13.808972301219335	13.45001083984375
chr14	23160000	23165000	13.808972301219335	13.45001083984375
chr14	23160000	23165000	13.808972301219335	13.45001083984375
chr14	23160000	23165000	13.808972301219335	13.45001083984375
chr14	23160000	23165000	13.808972301219335	13.45001083984375
chr14	23175000	23180000	4.661268944856163	6.769291259765625
chr14	23180000	23185000	3.4529941626432903	3.3658302001953126
chr14	23180000	23185000	3.4529941626432903	3.3658302001953126
chr14	23180000	23185000	3.4529941626432903	3.3658302001953126
chr14	23185000	23190000	0.9884227399309103	1.0061594116210937
chr14	24240000	24245000	2.9689410428769123	2.1188410430908204
chr14	24275000	24280000	0.7995617723411489	1.2325166183471679
chr14	24330000	24335000	1.0195319906359521	0.8851654876708984
chr14	24435000	24440000	3.115614862288716	2.941483740234375
chr14	31205000	31210000	4.609284813312281	3.67543685546875
chr14	31320000	31325000	0.7576175552795981	0.9459519097900391
chr14	39100000	39105000	5.547376296683338	4.631809462890625
chr14	39170000	39175000	4.966521257347035	3.004701669921875
chr14	39375000	39380000	5.617160899623978	4.794485510864258
chr14	39420000	39425000	8.522614196092837	11.50137390563965
chr14	49895000	49900000	1.83620882351599	2.202204639892578
chr14	49900000	49905000	0.7619884341373622	0.8255368664550781
chr14	49965000	49970000	2.0171517783476927	2.6464669189453125
chr14	49980000	49985000	2.2482383085732147	2.623773118286133
chr14	50340000	50345000	2.549472559392341	2.2848748101806637
chr14	50390000	50395000	0.7128741043233425	0.7649820361328126
chr14	51650000	51655000	3.5296122384044613	2.291184973144531
chr14	51775000	51780000	1.0039691165531908	0.7514935987854003
chr14	60660000	60665000	4.733497760180891	5.716876338806152
chr14	60720000	60725000	4.208339678555783	3.1556250103759766
chr14	61185000	61190000	3.9335151158983463	3.5091418699645995
chr14	61250000	61255000	2.623706955013097	1.7496059859466553
chr14	61925000	61930000	2.008660731406524	5.879378360900879
chr14	61950000	61955000	2.2082852249858536	4.446381922607421
chr14	62035000	62040000	2.0195325422340464	2.6570028656005857
chr14	62125000	62130000	0.783739482886769	0.7635926326751709
chr14	64390000	64395000	7.14207888525847	6.33206455078125
chr14	64400000	64405000	6.604785036803627	8.593320304870605
chr3	64685000	64690000	5.66854709723642	4.1958842553710936
chr3	64715000	64720000	2.7807989417530665	2.402857275390625
chr3	64830000	64835000	2.425598191077687	5.176686878662109
chr3	64890000	64895000	0.8908568833966121	0.8279683764648438
chr3	64895000	64900000	1.1501819118036287	1.3176174584960938
chr3	64900000	64905000	8.805864388096888	11.600250170898438
chr3	64900000	64905000	8.805864388096888	11.600250170898438
chr3	64900000	64905000	8.805864388096888	11.600250170898438
chr3	69160000	69165000	0.7344488139785339	0.7450673950195312
chr3	69305000	69310000	0.8223459570341022	1.1640591987609863
chr3	71690000	71695000	6.054568545560747	4.969898056640624
chr3	71705000	71710000	1.3711277478369597	2.220151413574219
chr3	72860000	72865000	0.5828005081604574	1.0861658197021484
chr3	72875000	72880000	0.8251868417187271	1.0330208685302733
chr3	73555000	73560000	8.609544326012157	6.810395422363281
chr3	73620000	73625000	4.188055254670616	3.205238494491577
chr3	81435000	81440000	0.8215256136314892	1.026189976119995
chr3	81445000	81450000	1.8880025432265808	1.727289012451172
chr3	81665000	81670000	1.5310765251373575	1.23937622756958
chr3	81755000	81760000	7.671206892751534	8.562490883178711
chr3	81755000	81760000	7.671206892751534	8.562490883178711
chr3	81760000	81765000	13.907434984324803	15.351581794433592
chr3	81865000	81870000	1.9224573762127173	2.031742484588623
chr3	81865000	81870000	1.9224573762127173	2.031742484588623
chr3	86780000	86785000	2.016572870500511	2.482286003417969
chr3	86780000	86785000	2.016572870500511	2.482286003417969
chr3	86815000	86820000	0.8623829590841988	0.815347982788086
chr3	86955000	86960000	1.343864902161215	1.1919923303222657
chr3	86985000	86990000	3.718214060446481	2.0997361364746094
chr3	86995000	87000000	0.8632169915029936	1.0170432104492186
chr3	88010000	88015000	8.298056677189052	8.176528939514158
chr3	88055000	88060000	4.1094534188243825	2.8250630670166013
chr3	94115000	94120000	0.6116589110329888	0.8570879211425781
chr3	94225000	94230000	4.097348446341542	3.9050928436279295
chr3	98815000	98820000	1.1142295990275444	1.1368789990234374
chr3	98990000	98995000	0.7508961320823598	1.4039919580078124
chr3	99885000	99890000	0.6953816407105633	0.7857363372802735
chr3	99895000	99900000	1.5006479609694436	1.7256103485107421
chr3	100420000	100425000	1.3080902654059579	1.5348566452026366
chr3	100430000	100435000	1.8330605484721814	3.952420698547363
chr3	111735000	111740000	6.21348490629107	5.926560924987793
chr3	111780000	111785000	4.703217633455936	5.961758639831543
chr3	111780000	111785000	4.703217633455936	5.961758639831543
chr3	111860000	111865000	4.4119258369231895	3.9064829150390623
chr3	112015000	112020000	11.042489565840391	12.40697594177246
chr3	112030000	112035000	2.4414515553126823	3.3253071875
chr3	112375000	112380000	5.218995265497225	5.165861508789063
chr3	112390000	112395000	11.53751121335609	14.205261640014651
chr3	112810000	112815000	17.01358860844407	8.250946652832031
chr3	112975000	112980000	1.5664629223404645	1.3344641847229002
chr3	114495000	114500000	15.070696034597235	15.036827209472657
chr3	114620000	114625000	5.8701591376188755	3.383198327636719
chr3	115515000	115520000	6.461214125246422	7.608723950195312
chr3	115660000	115665000	2.708875003336969	1.896014937133789
chr3	117035000	117040000	4.5184794592741495	6.021271336364746
chr3	117065000	117070000	0.923501922664464	1.2796981268310545
chr3	117130000	117135000	8.82878663740782	8.746761626586915
chr3	117130000	117135000	8.82878663740782	8.746761626586915
chr3	117130000	117135000	8.82878663740782	8.746761626586915
chr3	117130000	117135000	8.82878663740782	8.746761626586915
chr3	117200000	117205000	7.119673184574876	6.6560539984130855
chr3	117300000	117305000	3.0031683044433595	3.67960486907959
chr3	117305000	117310000	9.586566852205936	13.39617147216797
chr3	117305000	117310000	9.586566852205936	13.39617147216797
chr3	117350000	117355000	0.927551286187573	1.49245078125
chr3	117455000	117460000	4.548884291090921	8.34076521911621
chr3	120415000	120420000	2.0563117951009873	1.7629501930236817
chr3	120555000	120560000	4.342613852128359	8.72406625
chr3	122565000	122570000	2.9464920801465757	6.059364395751953
chr3	122575000	122580000	0.8776878178676712	1.8233608305358888
chr3	122940000	122945000	4.120238280536972	8.058688081054688
chr3	123025000	123030000	1.2873679502683266	1.196710849914551
chr3	123390000	123395000	11.779896471597548	9.294069698486327
chr3	123390000	123395000	11.779896471597548	9.294069698486327
chr3	123400000	123405000	10.117359440712617	8.922289654541018
chr3	123405000	123410000	6.243632980318159	4.58850624633789
chr3	123530000	123535000	5.303857826646466	7.005404539794921
chr3	123545000	123550000	1.5551853539012301	1.804458783569336
chr3	123630000	123635000	13.48084703631535	13.72834920776367
chr3	123630000	123635000	13.48084703631535	13.72834920776367
chr3	123640000	123645000	13.752871352037092	16.42154297607422
chr3	123640000	123645000	13.752871352037092	16.42154297607422
chr3	123640000	123645000	13.752871352037092	16.42154297607422
chr3	123645000	123650000	3.3641596460645444	7.338426075439452
chr3	123650000	123655000	18.482374286287964	15.713784461669924
chr3	123650000	123655000	18.482374286287964	15.713784461669924
chr3	123650000	123655000	18.482374286287964	15.713784461669924
chr3	123655000	123660000	11.382187742315274	6.098501409301758
chr3	123665000	123670000	1.475107484792549	1.3735120661926268
chr3	123675000	123680000	1.9034078629253068	1.3138834004974365
chr3	123700000	123705000	2.8850496230080864	2.4522398962402345
chr3	123710000	123715000	2.1132572630695092	2.084945192108154
chr3	123715000	123720000	11.221670010632666	10.779893576049805
chr3	123715000	123720000	11.221670010632666	10.779893576049805
chr3	123715000	123720000	11.221670010632666	10.779893576049805
chr3	123715000	123720000	11.221670010632666	10.779893576049805
chr3	123715000	123720000	11.221670010632666	10.779893576049805
chr3	123720000	123725000	3.235758754152672	2.4698967448425293
chr3	123720000	123725000	3.235758754152672	2.4698967448425293
chr3	123720000	123725000	3.235758754152672	2.4698967448425293
chr3	125585000	125590000	2.838464679240289	3.2830458862304686
chr3	125590000	125595000	5.337319447968384	4.819495227050782
chr3	125590000	125595000	5.337319447968384	4.819495227050782
chr3	125590000	125595000	5.337319447968384	4.819495227050782
chr3	125595000	125600000	3.4312638268016205	3.52098137512207
chr3	125630000	125635000	10.350186452591085	12.135867974853516
chr3	125640000	125645000	10.830746660749488	16.17556025390625
chr3	125645000	125650000	12.251923745527892	12.430534521484375
chr3	125645000	125650000	12.251923745527892	12.430534521484375
chr3	125645000	125650000	12.251923745527892	12.430534521484375
chr3	126265000	126270000	9.727941174430491	5.53156513671875
chr3	126275000	126280000	13.649826315621349	6.3148408203125
chr3	126290000	126295000	12.765078159681659	11.9315080078125
chr3	126295000	126300000	11.576991141346014	10.370165299987793
chr3	126340000	126345000	21.090818976343456	14.396542578125
chr3	126345000	126350000	5.674748309725468	3.643133068847656
chr3	126355000	126360000	17.90766808146539	13.311647619628907
chr3	126355000	126360000	17.90766808146539	13.311647619628907
chr3	126355000	126360000	17.90766808146539	13.311647619628907
chr3	126355000	126360000	17.90766808146539	13.311647619628907
chr3	126370000	126375000	23.046275092180203	11.890981356811523
chr3	126370000	126375000	23.046275092180203	11.890981356811523
chr3	126370000	126375000	23.046275092180203	11.890981356811523
chr3	126375000	126380000	9.640251328512887	7.751716021728516
chr3	126375000	126380000	9.640251328512887	7.751716021728516
chr3	126385000	126390000	11.423946369606087	8.86960849609375
chr3	126385000	126390000	11.423946369606087	8.86960849609375
chr3	126385000	126390000	11.423946369606087	8.86960849609375
chr3	127700000	127705000	8.697542278311186	5.001854880371094
chr3	127700000	127705000	8.697542278311186	5.001854880371094
chr3	127750000	127755000	1.7928282899660484	0.8552933753967286
chr3	127815000	127820000	4.917500002738026	4.54821360168457
chr3	128630000	128635000	2.5745381471723037	4.227145922851562
chr3	128640000	128645000	0.7095960721737871	0.852688140411377
chr3	129135000	129140000	0.9023338100540305	0.8232215777587891
chr3	129145000	129150000	0.7257652623256791	0.6938330387115479
chr2	65105000	65110000	0.9908478184780228	1.3304693129730225
chr2	65110000	65115000	2.125272425856546	2.0347816354370116
chr2	65120000	65125000	2.0945054364641136	1.2575256637573242
chr2	65120000	65125000	2.0945054364641136	1.2575256637573242
chr2	65320000	65325000	0.9311897067346304	0.5810596061706543
chr2	65335000	65340000	0.943919979145371	0.774215803527832
chr2	69380000	69385000	6.495400482462945	10.609460079956055
chr2	69380000	69385000	6.495400482462945	10.609460079956055
chr2	69380000	69385000	6.495400482462945	10.609460079956055
chr2	69385000	69390000	5.834187782244816	5.755896088867187
chr2	69385000	69390000	5.834187782244816	5.755896088867187
chr2	69390000	69395000	3.2851526083117335	5.398789591369629
chr2	69390000	69395000	3.2851526083117335	5.398789591369629
chr2	69405000	69410000	1.2371547152225102	0.6157657833099365
chr2	69420000	69425000	1.2683785290299174	1.7351910601806642
chr2	69425000	69430000	2.4343848909467183	4.503434770812988
chr2	69430000	69435000	3.458827292412018	4.199155568237305
chr2	69430000	69435000	3.458827292412018	4.199155568237305
chr2	69435000	69440000	5.325800902407638	6.103998336791992
chr2	69435000	69440000	5.325800902407638	6.103998336791992
chr2	69480000	69485000	7.598410715605834	11.778527356262206
chr2	69480000	69485000	7.598410715605834	11.778527356262206
chr2	69480000	69485000	7.598410715605834	11.778527356262206
chr2	69485000	69490000	3.8697490139684945	6.023732233581543
chr2	69485000	69490000	3.8697490139684945	6.023732233581543
chr2	69490000	69495000	12.406826356235397	19.55545621734619
chr2	69490000	69495000	12.406826356235397	19.55545621734619
chr2	69490000	69495000	12.406826356235397	19.55545621734619
chr2	69490000	69495000	12.406826356235397	19.55545621734619
chr2	69490000	69495000	12.406826356235397	19.55545621734619
chr2	69490000	69495000	12.406826356235397	19.55545621734619
chr2	69505000	69510000	1.012406429797021	1.8308866052246093
chr2	69845000	69850000	3.13197536005038	6.619844136199951
chr2	69855000	69860000	1.3363553119409866	2.1374529975891114
chr2	70520000	70525000	1.080148121942538	3.1972786724853517
chr2	70520000	70525000	1.080148121942538	3.1972786724853517
chr2	70530000	70535000	0.7837732987163223	1.8135769355773925
chr2	70535000	70540000	2.9436172443710755	4.354797182312012
chr2	70965000	70970000	0.6026235068633178	0.8832838226318359
chr2	70975000	70980000	2.7653735104854977	3.371619939727783
chr2	71065000	71070000	4.35212144684123	4.849483316955566
chr2	71130000	71135000	2.5690665351083344	2.227532130279541
chr2	74705000	74710000	29.640435781432537	18.8649224609375
chr2	74710000	74715000	22.01471622097693	12.86877632446289
chr2	74760000	74765000	18.374947199227876	14.658503820800782
chr2	74820000	74825000	2.5642750529066425	4.671002087402344
chr2	74845000	74850000	10.345960574141172	7.6515631652832035
chr2	74875000	74880000	9.449784684739159	8.00690423828125
chr2	85355000	85360000	10.684883943760953	13.748846779785158
chr2	85355000	85360000	10.684883943760953	13.748846779785158
chr2	85360000	85365000	1.044589064496477	1.1444048974609375
chr2	85370000	85375000	9.467807168379453	7.385145043945313
chr2	85370000	85375000	9.467807168379453	7.385145043945313
chr2	85380000	85385000	8.964246628976984	8.923794217529299
chr2	85450000	85455000	0.9492119679103387	1.1457945678710937
chr2	85535000	85540000	5.4733638648487695	4.9250893188476565
chr2	88060000	88065000	1.7750311070522413	2.094960264358521
chr2	88155000	88160000	0.5152084373402819	0.7488593580627441
chr2	89775000	89780000	1.601830362081082	1.8422621432495119
chr2	89785000	89790000	2.4559766616393475	2.156845830383301
chr2	96185000	96190000	1.205312048682097	1.9597540838623049
chr2	96255000	96260000	5.153327347971124	4.82713609008789
chr2	98605000	98610000	2.5061038384838636	2.099736622619629
chr2	98620000	98625000	2.4104250094690056	2.9526573129272458
chr2	98655000	98660000	1.0682072424202322	1.6712202514648438
chr2	98665000	98670000	2.0585470250780338	4.121203050537109
chr2	100180000	100185000	1.4457994464339496	1.1639726867675781
chr2	100195000	100200000	7.0375069673627335	3.746527010498047
chr2	100830000	100835000	1.170018639623339	1.0280424908447268
chr2	100840000	100845000	0.8214757905478789	0.5770653326416015
chr2	102055000	102060000	1.934822849851234	1.7950805984497071
chr2	102145000	102150000	1.199829461726964	1.2121385879516602
chr2	102760000	102765000	4.510419484931732	5.866063527832032
chr2	102770000	102775000	1.3222684713488426	0.7486565234375
chr2	108350000	108355000	4.891179391108718	3.8079509191894534
chr2	108535000	108540000	8.381073104202414	10.428864490966795
chr2	108535000	108540000	8.381073104202414	10.428864490966795
chr2	108560000	108565000	4.583296520939052	4.853419079284668
chr2	108565000	108570000	13.693082577372042	14.53409298461914
chr2	108575000	108580000	6.0537194974810165	3.3489844628906247
chr2	109615000	109620000	1.2160890063704732	1.8238239465332033
chr2	109635000	109640000	7.970861828898491	13.336106770019533
chr2	118790000	118795000	1.1260268485096014	1.1275585845947265
chr2	118800000	118805000	2.6275804280789097	3.707334219665528
chr2	119315000	119320000	9.898230185364339	9.238725831909179
chr2	119365000	119370000	13.621567335353387	12.6027638470459
chr2	120340000	120345000	0.9165228514484155	1.359068569946289
chr2	120345000	120350000	0.9484598921731254	0.9696295825195311
chr2	120550000	120555000	4.513862626975942	6.216889048156738
chr2	120550000	120555000	4.513862626975942	6.216889048156738
chr2	120640000	120645000	1.0528844199492553	1.4475266552734376
chr2	120645000	120650000	1.5499543083404823	2.5302195114135744
chr2	120655000	120660000	4.438951392913532	5.714965939941407
chr2	120655000	120660000	4.438951392913532	5.714965939941407
chr2	120655000	120660000	4.438951392913532	5.714965939941407
chr2	120675000	120680000	3.053202692848277	3.9513496784210207
chr2	120675000	120680000	3.053202692848277	3.9513496784210207
chr2	120675000	120680000	3.053202692848277	3.9513496784210207
chr2	127080000	127085000	13.539044811099043	11.074708324584961
chr2	127100000	127105000	3.271505561158367	2.53901921875
chr14	64985000	64990000	3.847122021527157	2.506137336730957
chr14	65015000	65020000	0.6604188602625766	0.9434915260314941
chr14	67880000	67885000	1.3719121506735543	1.3430322018432617
chr14	67940000	67945000	13.757048062732732	12.07600482055664
chr14	68665000	68670000	4.948200248704001	4.488064500732421
chr14	68815000	68820000	4.783080477905274	4.45825
chr14	69615000	69620000	1.684120653156031	0.9656348327636719
chr14	69680000	69685000	1.5392663654077834	1.5665524169921874
chr14	70905000	70910000	5.268325996070933	3.415473663330078
chr14	70970000	70975000	1.507368547329056	1.9648481979370118
chr14	71665000	71670000	1.987275847361912	4.785483802032471
chr14	71710000	71715000	3.8976856345203434	3.1658149450302124
chr14	73170000	73175000	1.3857932564993884	1.0898999977111816
chr14	73175000	73180000	5.011973471668279	4.716302097473144
chr14	73280000	73285000	11.096587659946334	13.365429943695068
chr14	73280000	73285000	11.096587659946334	13.365429943695068
chr14	73535000	73540000	4.959940827870591	5.167251267852783
chr14	73565000	73570000	12.251440911408897	14.964518008117675
chr14	73910000	73915000	0.9984383489590939	0.7153111386108397
chr14	73920000	73925000	0.8339838838666399	1.0021360090637206
chr14	74910000	74915000	0.9607577345803519	0.8497645721435547
chr14	75085000	75090000	0.8620771467547551	0.8647007242584228
chr14	75125000	75130000	3.138026265595338	2.447232021484375
chr14	75135000	75140000	1.506679579918407	0.9401339006042481
chr14	75150000	75155000	2.1194387240115726	2.287334677734375
chr14	75160000	75165000	0.7853590077052606	0.8642953070068359
chr14	75165000	75170000	1.2683786571467033	1.3872615058898925
chr14	75295000	75300000	7.171736235032125	8.664382568359375
chr14	75300000	75305000	9.715419747069172	11.963637412261964
chr14	75300000	75305000	9.715419747069172	11.963637412261964
chr14	75580000	75585000	1.5341442743319216	1.8531166244506836
chr14	75580000	75585000	1.5341442743319216	1.8531166244506836
chr14	75590000	75595000	2.7537599671550996	4.017114102172852
chr14	75595000	75600000	3.7789634567118133	6.070826452636719
chr14	75595000	75600000	3.7789634567118133	6.070826452636719
chr14	75595000	75600000	3.7789634567118133	6.070826452636719
chr14	75615000	75620000	3.557757117440768	4.401805307006836
chr14	75645000	75650000	2.4764410503066587	2.527845892333984
chr14	76910000	76915000	1.6796783256316852	1.4542715509033204
chr14	76915000	76920000	10.73957477308612	9.383629689025879
chr14	76915000	76920000	10.73957477308612	9.383629689025879
chr14	76915000	76920000	10.73957477308612	9.383629689025879
chr14	76945000	76950000	6.104027245751497	5.66338373840332
chr14	76945000	76950000	6.104027245751497	5.66338373840332
chr14	76945000	76950000	6.104027245751497	5.66338373840332
chr14	76955000	76960000	8.658540361636152	4.120016950988769
chr14	76955000	76960000	8.658540361636152	4.120016950988769
chr14	77010000	77015000	24.563341744966596	18.500582719726562
chr14	77010000	77015000	24.563341744966596	18.500582719726562
chr14	77020000	77025000	9.952129638386666	4.825226638946533
chr14	77020000	77025000	9.952129638386666	4.825226638946533
chr14	77020000	77025000	9.952129638386666	4.825226638946533
chr14	77020000	77025000	9.952129638386666	4.825226638946533
chr14	77025000	77030000	9.907800835097838	7.152768836669922
chr14	77025000	77030000	9.907800835097838	7.152768836669922
chr14	77025000	77030000	9.907800835097838	7.152768836669922
chr14	80950000	80955000	0.7279216522216796	1.2785694178771974
chr14	80955000	80960000	1.7599005485178154	4.0694774308776855
chr14	80955000	80960000	1.7599005485178154	4.0694774308776855
chr14	80955000	80960000	1.7599005485178154	4.0694774308776855
chr14	80955000	80960000	1.7599005485178154	4.0694774308776855
chr14	80955000	80960000	1.7599005485178154	4.0694774308776855
chr14	80965000	80970000	2.5812937354542385	4.286744510498047
chr14	80970000	80975000	7.110113194488811	11.888723997802733
chr14	80970000	80975000	7.110113194488811	11.888723997802733
chr14	80975000	80980000	7.235040235972182	11.01658362701416
chr14	80975000	80980000	7.235040235972182	11.01658362701416
chr14	80975000	80980000	7.235040235972182	11.01658362701416
chr14	80980000	80985000	1.572895919885368	1.6027059703826905
chr14	80980000	80985000	1.572895919885368	1.6027059703826905
chr14	80985000	80990000	1.0639343084032291	0.9808029493713378
chr14	80985000	80990000	1.0639343084032291	0.9808029493713378
chr14	80985000	80990000	1.0639343084032291	0.9808029493713378
chr14	80990000	80995000	1.0254862269606546	0.7899334141540527
chr14	80990000	80995000	1.0254862269606546	0.7899334141540527
chr14	81170000	81175000	2.2309305853442614	2.3962576824951176
chr14	88015000	88020000	1.4292093135085062	1.9745451708984376
chr14	88030000	88035000	2.14807864773474	3.3125986689758298
chr14	88040000	88045000	4.803149114248686	8.820081277770997
chr14	88040000	88045000	4.803149114248686	8.820081277770997
chr14	89040000	89045000	6.828259783422167	9.140542125244142
chr14	89335000	89340000	6.245946952349225	5.343068587036132
chr14	90800000	90805000	3.586633694885825	5.129216315917969
chr14	90805000	90810000	2.072233775258287	5.655511590576172
chr14	90815000	90820000	0.8050515391126972	1.4886304623413087
chr14	90815000	90820000	0.8050515391126972	1.4886304623413087
chr14	92150000	92155000	1.437757718059504	4.716910042724609
chr14	92155000	92160000	1.7751857781240874	2.2555810510253904
chr14	92395000	92400000	14.199318356636976	16.147302550048828
chr14	92455000	92460000	1.1808018587771978	1.154710147705078
chr14	94055000	94060000	2.130456638371833	1.8451564460754395
chr14	94080000	94085000	4.7653840452675515	3.6134638580322265
chr14	95225000	95230000	1.6997322930737078	1.1214220739746092
chr14	95230000	95235000	14.25820597254673	9.387334247436522
chr14	95235000	95240000	16.525719912177824	11.954143368225099
chr14	95300000	95305000	4.815008186240508	4.240576355590821
chr14	95310000	95315000	16.76129898852767	15.658060825195316
chr14	95315000	95320000	9.363294474892305	6.523831012573242
chr14	95480000	95485000	6.878034944366741	5.517091587219239
chr14	95525000	95530000	7.1934715164041965	9.189229279174803
chr14	100125000	100130000	7.556107787230305	12.524000751190187
chr14	100190000	100195000	3.6829935142730994	3.702732821502685
chr14	102140000	102145000	1.5996980013268016	1.4608999389648438
chr14	102185000	102190000	9.949397709470375	11.770858905029296
chr14	103030000	103035000	1.3896188782308703	0.7803810760498047
chr14	103045000	103050000	0.997247721705927	0.6588084732055665
chrX	17375000	17380000	2.2004865487784984	3.2094072830200195
chrX	17440000	17445000	3.438592933184187	6.285721425323486
chrX	23780000	23785000	4.6095644256306585	4.035233777160645
chrX	23870000	23875000	6.879894085550753	6.296663372192382
chrX	23895000	23900000	9.479957016590154	8.55881577507019
chrX	23895000	23900000	9.479957016590154	8.55881577507019
chrX	24060000	24065000	0.5508658843994141	0.3798859981536865
chrX	24075000	24080000	1.0365808655926	0.7105351266479493
chrX	30530000	30535000	3.1205201010160355	6.177057885742188
chrX	30535000	30540000	0.8575611834089334	1.5156073638916017
chrX	30560000	30565000	1.7627846503712306	2.6960231689453127
chrX	30560000	30565000	1.7627846503712306	2.6960231689453127
chrX	34650000	34655000	1.647012466915523	1.5051870220947265
chrX	34655000	34660000	1.8810606084805783	2.0813269897460938
chrX	34870000	34875000	2.8849426724728024	5.90820795349121
chrX	34875000	34880000	1.0055650365526432	1.3843090966796876
chrX	38800000	38805000	6.118149496773693	4.8858392182922366
chrX	38860000	38865000	2.4948683613857376	3.066009200744629
chrX	47860000	47865000	4.675206590313778	3.440801217193603
chrX	47960000	47965000	0.7534607836714414	1.274662088394165
chrX	51000000	51005000	5.374183588872891	10.041106464538574
chrX	51045000	51050000	0.3907275122384044	0.905659291229248
chrX	54985000	54990000	1.5345223645646997	1.4587289321899415
chrX	54995000	55000000	19.528236233663115	14.017496685791016
chr3	194000000	194005000	4.441929346159462	4.094920366210937
chr3	194135000	194140000	3.3464110990435163	3.274303244018555
chr3	194135000	194140000	3.3464110990435163	3.274303244018555
chr3	194275000	194280000	9.703382821398584	9.934470336608888
chr3	194275000	194280000	9.703382821398584	9.934470336608888
chr3	194285000	194290000	1.5774234438887267	1.3461292553710937
chr3	194310000	194315000	2.056287494523948	2.020048119354248
chr3	194310000	194315000	2.056287494523948	2.020048119354248
chr3	194405000	194410000	0.7443108217043297	0.8521672872924806
chr3	194415000	194420000	0.9534785849883177	0.7458201308059692
chr3	194470000	194475000	2.311194281747408	3.599829278259277
chr3	194595000	194600000	1.5629186872535776	1.5288358834838867
chr3	195860000	195865000	1.1935176864338812	1.0216453860473633
chr3	195870000	195875000	0.3868535815372645	0.5895993006896972
chr3	195890000	195895000	2.1438660954840825	1.9343103067016603
chr3	195890000	195895000	2.1438660954840825	1.9343103067016603
chr4	75995000	76000000	0.9168325282301858	0.7121845658874512
chr4	76065000	76070000	0.8072853457014137	0.6613558067321778
chr4	76190000	76195000	6.7435294843727185	6.503511129760742
chr4	76210000	76215000	5.705316729565202	5.393897740783691
chr4	76250000	76255000	6.637720748986931	11.17260483215332
chr4	76305000	76310000	11.375796373142707	12.211703204345703
chr4	76305000	76310000	11.375796373142707	12.211703204345703
chr4	76305000	76310000	11.375796373142707	12.211703204345703
chr4	77045000	77050000	1.4459529148565273	1.6124605181884766
chr4	77200000	77205000	1.0430115003924505	0.6980010714721679
chr4	81465000	81470000	0.9852102735287676	0.8497937078857422
chr4	81470000	81475000	1.3519622469607915	1.3465054122924804
chr4	81660000	81665000	1.461216543949876	2.2012782202148435
chr4	81845000	81850000	0.7916154111487844	1.4639101879882812
chr4	82855000	82860000	0.7599517609783422	0.850285506439209
chr4	82880000	82885000	1.5880328216552737	1.399823829650879
chr4	83535000	83540000	1.8847182825106328	3.2652431205749513
chr4	83545000	83550000	4.925354656554605	9.588623977661133
chr4	83545000	83550000	4.925354656554605	9.588623977661133
chr4	83545000	83550000	4.925354656554605	9.588623977661133
chr4	83570000	83575000	3.936106607768692	7.595988107299805
chr4	83575000	83580000	4.484288735904872	9.577334368896484
chr4	83575000	83580000	4.484288735904872	9.577334368896484
chr4	83580000	83585000	2.4176435289044247	4.212788784790039
chr4	84865000	84870000	0.8727938119478315	0.9620457397460938
chr4	84875000	84880000	1.070787974477037	0.6217577603149415
chr4	88815000	88820000	1.5973978345068816	1.5420063232421874
chr4	88820000	88825000	5.663680651170962	5.027905872802735
chr4	88820000	88825000	5.663680651170962	5.027905872802735
chr4	88950000	88955000	3.788655276061441	5.083771127319336
chr4	88955000	88960000	4.633022209723642	6.271248515014648
chr4	89020000	89025000	3.003932373560255	5.77413158416748
chr4	94445000	94450000	0.9269362624123832	0.6762049201202393
chr4	94450000	94455000	5.753005168479849	6.239320948638916
chr4	94455000	94460000	4.940765769373813	5.971542298278808
chr4	94560000	94565000	2.7073454236182095	2.4563214134216307
chr4	94580000	94585000	1.8606889207501278	1.1454761781311034
chr4	94595000	94600000	2.049983321402006	2.1099254043579103
chr4	99085000	99090000	7.458551201536946	6.977008152618407
chr4	99085000	99090000	7.458551201536946	6.977008152618407
chr4	99200000	99205000	5.620466914039683	9.563933437805174
chr4	99200000	99205000	5.620466914039683	9.563933437805174
chr4	99200000	99205000	5.620466914039683	9.563933437805174
chr4	99320000	99325000	6.827143048152745	9.018071597290039
chr4	99320000	99325000	6.827143048152745	9.018071597290039
chr4	99385000	99390000	4.052723313376168	3.010346103515625
chr4	99390000	99395000	1.7569344099098279	1.7569585751342773
chr4	99400000	99405000	4.938540308758031	6.558305928344726
chr4	101670000	101675000	12.083277371957369	6.466170200195312
chr4	101760000	101765000	12.055738682827103	18.04511401855469
chr4	102800000	102805000	0.7379748011223624	0.8650191534423828
chr4	102810000	102815000	1.1734767004280449	1.2129489379882812
chr4	102825000	102830000	7.86968407974956	6.46489677734375
chr4	103095000	103100000	2.047294460688796	2.222929716796875
chr4	106530000	106535000	16.10602133230049	10.505716947937012
chr4	106585000	106590000	14.32669869806878	11.961065419921875
chr4	107390000	107395000	4.771679078631535	2.3451969367980956
chr4	107450000	107455000	1.0856758173006718	0.8101956802368164
chr4	107975000	107980000	7.083441692202559	7.712640257263184
chr4	107985000	107990000	5.2134630483752105	5.072772486877441
chr4	109520000	109525000	1.0408781277665469	1.3327271264648437
chr4	109530000	109535000	0.6104320801066461	0.7664873069763184
chr4	112105000	112110000	0.6677014965021721	0.7766760946655273
chr4	112110000	112115000	1.3298425104159062	4.42334067993164
chr4	112125000	112130000	0.9979599658431293	1.2839531922912597
chr4	112130000	112135000	1.0179666728652523	0.7988198400115967
chr4	112140000	112145000	1.1275253517222181	3.044502088165283
chr4	112140000	112145000	1.1275253517222181	3.044502088165283
chr4	112140000	112145000	1.1275253517222181	3.044502088165283
chr4	112140000	112145000	1.1275253517222181	3.044502088165283
chr4	123290000	123295000	2.1621766975759344	2.2253616027832033
chr4	123295000	123300000	14.958311271539136	22.02089906616211
chr4	123395000	123400000	6.879714947338639	6.130426628265382
chr4	123395000	123400000	6.879714947338639	6.130426628265382
chr4	123395000	123400000	6.879714947338639	6.130426628265382
chr4	123395000	123400000	6.879714947338639	6.130426628265382
chr4	123400000	123405000	5.518149789172021	5.370626199951172
chr4	123470000	123475000	15.414852105769931	16.76683219909668
chr4	123475000	123480000	5.293505671135733	5.8134393072509765
chr4	123495000	123500000	2.8909284421546437	8.691851312561035
chr4	123495000	123500000	2.8909284421546437	8.691851312561035
chr4	123695000	123700000	4.092481100891684	2.5764176306152344
chr4	128305000	128310000	7.645260563816533	5.411583895874023
chr4	128375000	128380000	4.153717574588383	3.4837858795166015
chr16	585000	590000	4.746925789221647	3.303424199523926
chr16	585000	590000	4.746925789221647	3.303424199523926
chr16	590000	595000	2.9919413138701536	2.46535219543457
chr16	600000	605000	1.1590733891282128	0.6409198491668702
chr16	635000	640000	2.9033589107192563	1.749143115234375
chr16	645000	650000	5.164117993049977	5.580076763916016
chr16	1695000	1700000	2.774165292957342	3.578351576843261
chr16	1705000	1710000	2.636549412180107	2.2887241793823243
chr16	2755000	2760000	1.1528243935843494	1.1783297399902344
chr16	2765000	2770000	2.434871228369597	1.2867037078857422
chr16	11800000	11805000	1.3795127893750911	0.8627321502685547
chr16	11810000	11815000	1.0308831620546146	0.8628769966125488
chr16	13925000	13930000	3.655577020434799	4.722410175476074
chr16	13925000	13930000	3.655577020434799	4.722410175476074
chr16	13945000	13950000	1.7888760721652306	1.3927608334350585
chr16	13955000	13960000	12.824082004097912	13.124019990844724
chr16	13955000	13960000	12.824082004097912	13.124019990844724
chr16	13955000	13960000	12.824082004097912	13.124019990844724
chr16	13960000	13965000	3.453738477475175	2.84885655456543
chr16	14010000	14015000	7.772757670521959	6.916424103088379
chr16	14010000	14015000	7.772757670521959	6.916424103088379
chr16	14010000	14015000	7.772757670521959	6.916424103088379
chr16	14300000	14305000	4.599670015994633	3.95713902709961
chr16	14300000	14305000	4.599670015994633	3.95713902709961
chr16	14505000	14510000	3.20006884765625	2.3704096752929686
chr16	14515000	14520000	1.3369728807110652	1.173177404937744
chr16	19715000	19720000	1.6843283724775937	1.7248579779052735
chr16	19780000	19785000	3.9039229262877853	5.549540146942139
chr16	20905000	20910000	7.4851393555828345	11.7284809375
chr16	21080000	21085000	1.516168954011436	1.476038454055786
chr16	21965000	21970000	0.7119991374078198	0.9601064393615723
chr16	21975000	21980000	0.6438557635441005	0.64833019821167
chr16	27200000	27205000	2.0452348116010146	1.4693523427581787
chr16	27210000	27215000	0.5583357234206155	0.43407249801635744
chr16	29010000	29015000	2.0094521298702634	3.5470315063476563
chr16	29020000	29025000	0.831209795800325	1.6432586784362793
chr16	29755000	29760000	3.693462226140388	4.063137643432618
chr16	29765000	29770000	1.897215645848925	1.8114351982116699
chr16	30670000	30675000	0.8632109994478314	0.7948541107177735
chr16	30680000	30685000	0.8522984805383416	0.6046217294311523
chr16	30925000	30930000	0.8343730597094955	0.6626292407226562
chr16	30935000	30940000	0.8115327465592144	1.005001773071289
chr16	46860000	46865000	0.6944869537638726	0.5314464904785157
chr16	46890000	46895000	7.191034325715537	9.1353314453125
chr16	48365000	48370000	11.07211294994889	16.015283262939455
chr16	48385000	48390000	2.315782123551413	3.2608145446777344
chr16	48385000	48390000	2.315782123551413	3.2608145446777344
chr16	48410000	48415000	4.340364375647429	4.096831275787354
chr16	48495000	48500000	2.6535210699063594	2.3593231994628905
chr16	48535000	48540000	10.08675169749037	13.32860975540161
chr16	48535000	48540000	10.08675169749037	13.32860975540161
chr16	48535000	48540000	10.08675169749037	13.32860975540161
chr16	50695000	50700000	2.7770787187522816	1.9279136694335939
chr16	50705000	50710000	3.8425809684111694	2.3110408111572265
chr16	53055000	53060000	4.06880204792914	2.101472456512451
chr16	53110000	53115000	1.1297833828649788	1.1752035787963866
chr16	53815000	53820000	3.072624466313157	2.057591356048584
chr16	53880000	53885000	3.1655084725923626	4.686864629516601
chr16	56610000	56615000	2.734463854524131	1.851496240234375
chr16	56620000	56625000	1.3922490809360397	2.379354150390625
chr16	58015000	58020000	1.1279003692341742	1.488398442993164
chr16	58020000	58025000	1.8678713734849588	1.5990876654052735
chr16	58025000	58030000	2.398359798082013	1.9041199755859373
chr16	58030000	58035000	1.3227809786787657	1.5175179926300049
chr16	58120000	58125000	5.360417239864741	9.386406142578126
chr16	58120000	58125000	5.360417239864741	9.386406142578126
chr16	58120000	58125000	5.360417239864741	9.386406142578126
chr16	58120000	58125000	5.360417239864741	9.386406142578126
chr16	58405000	58410000	1.642491890310127	4.002466732482911
chr16	58415000	58420000	0.7488555406231746	1.5616897091674806
chr16	58420000	58425000	1.2811427104914301	1.8970565780639648
chr16	58430000	58435000	1.2649048295350833	1.8825841549682616
chr16	58610000	58615000	1.03836989053031	1.1096123129272462
chr16	58620000	58625000	0.8985237986627026	0.653250620880127
chr6	660000	665000	2.005521367666655	2.6354668603515625
chr6	660000	665000	2.005521367666655	2.6354668603515625
chr6	670000	675000	1.147358325309397	1.4904823834228518
chr6	675000	680000	4.6144329499717065	5.6070550219726565
chr6	3000000	3005000	7.196220516482915	8.691561065979004
chr6	3000000	3005000	7.196220516482915	8.691561065979004
chr6	3010000	3015000	5.529917733964297	6.358663910522461
chr6	3020000	3025000	9.190415791791398	7.8090585101318375
chr6	3020000	3025000	9.190415791791398	7.8090585101318375
chr6	3025000	3030000	11.104541351147233	11.333166950836182
chr6	3035000	3040000	2.2428718186423042	3.30212130645752
chr6	3040000	3045000	6.233752529308283	7.124662192535401
chr6	3045000	3050000	1.0253401376884674	1.0882212580871582
chr6	3050000	3055000	5.231230520202066	4.522365143737793
chr6	3050000	3055000	5.231230520202066	4.522365143737793
chr6	3065000	3070000	4.309117967380987	4.548589736328125
chr6	3155000	3160000	3.0747207086010517	2.65882619934082
chr6	3160000	3165000	2.9295253485278545	3.2671546090698245
chr6	3160000	3165000	2.9295253485278545	3.2671546090698245
chr6	3165000	3170000	1.6058556524544119	2.324617014999389
chr6	3205000	3210000	4.036706024740344	4.910210736846924
chr6	3205000	3210000	4.036706024740344	4.910210736846924
chr6	3205000	3210000	4.036706024740344	4.910210736846924
chr6	3245000	3250000	1.622826178121121	1.3037815727996827
chr6	3275000	3280000	1.4427983180536288	1.399736832885742
chr6	3335000	3340000	5.970159535174504	8.345974895629883
chr6	3340000	3345000	13.095798536753431	13.337296824340822
chr6	3340000	3345000	13.095798536753431	13.337296824340822
chr6	3340000	3345000	13.095798536753431	13.337296824340822
chr6	3340000	3345000	13.095798536753431	13.337296824340822
chr6	3340000	3345000	13.095798536753431	13.337296824340822
chr6	3400000	3405000	3.1730066131306587	4.702669859008789
chr6	3400000	3405000	3.1730066131306587	4.702669859008789
chr6	3405000	3410000	8.314352757248924	8.338102998657225
chr6	3405000	3410000	8.314352757248924	8.338102998657225
chr6	3450000	3455000	13.56512178875219	15.801693813476563
chr6	3450000	3455000	13.56512178875219	15.801693813476563
chr6	3455000	3460000	2.495942554737697	3.0740556500244143
chr6	3470000	3475000	4.285412564685857	3.742997169265747
chr6	3615000	3620000	1.607221001398675	1.6829731370544432
chr6	3630000	3635000	7.832136365544684	5.793756744537354
chr6	3735000	3740000	1.1167343143070967	1.0188376197814941
chr6	5115000	5120000	0.8297797674731673	1.1976658605957033
chr6	5130000	5135000	3.195839710934363	4.175389940185546
chr6	5495000	5500000	1.537687824284919	1.8223182482910156
chr6	5995000	6000000	2.7482841397009166	2.282327255859375
chr6	6555000	6560000	8.171344581447137	7.671824959106445
chr6	6555000	6560000	8.171344581447137	7.671824959106445
chr6	6555000	6560000	8.171344581447137	7.671824959106445
chr6	6555000	6560000	8.171344581447137	7.671824959106445
chr6	6560000	6565000	4.092335982221086	2.7028535125732422
chr6	6630000	6635000	5.310444053920852	4.9164065515136715
chr6	6640000	6645000	15.825414400189839	12.09163642578125
chr6	6640000	6645000	15.825414400189839	12.09163642578125
chr6	6640000	6645000	15.825414400189839	12.09163642578125
chr6	6675000	6680000	2.6546562244450937	2.2177198974609373
chr6	6675000	6680000	2.6546562244450937	2.2177198974609373
chr6	6680000	6685000	8.686022760294977	9.190211785888671
chr6	6680000	6685000	8.686022760294977	9.190211785888671
chr6	6720000	6725000	11.83302744733864	12.270175030517578
chr6	6720000	6725000	11.83302744733864	12.270175030517578
chr6	6720000	6725000	11.83302744733864	12.270175030517578
chr6	11230000	11235000	5.881134247795889	3.982668176879883
chr6	11240000	11245000	5.501366250524788	6.504205688781738
chr6	11250000	11255000	1.6985168568263544	1.1451575128173828
chr6	11405000	11410000	0.9182007908901322	1.3265328559875489
chr6	11410000	11415000	2.767899884318414	4.3498752453613285
chr6	11410000	11415000	2.767899884318414	4.3498752453613285
chr6	11435000	11440000	1.8701819894951082	2.6808542114257814
chr6	11470000	11475000	3.477647003459039	4.6900490966796875
chr6	12160000	12165000	7.592691573954076	11.684308410644531
chr6	12185000	12190000	10.98268647711923	16.824524609375
chr6	12185000	12190000	10.98268647711923	16.824524609375
chr6	12230000	12235000	3.1695160446594812	3.3305169982910154
chr6	13710000	13715000	4.406509091386171	3.4045599487304687
chr6	13720000	13725000	0.47435345493209696	0.7168741041564941
chr6	14070000	14075000	6.886500604647343	9.987675949707032
chr6	14115000	14120000	1.8719083931896174	1.8512644653320312
chr6	17865000	17870000	4.648292564548956	4.108640728149414
chr6	17900000	17905000	9.089733407221999	7.247651130065918
chr6	21305000	21310000	14.992366815128504	14.17163155517578
chr6	21305000	21310000	14.992366815128504	14.17163155517578
chr6	21350000	21355000	2.8588851871668735	4.400357498168946
chr6	21475000	21480000	8.133493368729921	7.775335324401855
chr6	21500000	21505000	1.772002257045853	1.7739792382812503
chr6	21585000	21590000	12.80262363361109	7.464573038024902
chr6	21585000	21590000	12.80262363361109	7.464573038024902
chr6	21585000	21590000	12.80262363361109	7.464573038024902
chr6	24580000	24585000	1.2567589681750144	1.0645722468566894
chr6	24580000	24585000	1.2567589681750144	1.0645722468566894
chr6	24695000	24700000	1.6975820339309833	1.445442705078125
chr6	24700000	24705000	1.6450918638995875	1.570315246887207
chr6	25290000	25295000	3.2839013226803218	5.9987517663574215
chr6	25365000	25370000	2.477999360728041	3.2865185205078125
chr6	25655000	25660000	1.1079441404966552	2.7663019964599607
chr6	25705000	25710000	2.259638332930235	3.197597403564453
chr6	26120000	26125000	9.146761116669557	6.289484375
chr6	26155000	26160000	7.391438147942374	7.406449841308594
chr6	26205000	26210000	3.2262827239705025	1.9808266210937497
chr6	26215000	26220000	6.053552542370948	4.637367647705078
chr6	28135000	28140000	6.646011622320158	8.694775079345703
chr6	28135000	28140000	6.646011622320158	8.694775079345703
chr6	28205000	28210000	2.43463831208131	2.0256348220825195
chr6	28210000	28215000	1.6953277300683138	1.4513481811523437
chr6	32490000	32495000	0.21112251541280302	0.12215159473419189
chr6	32500000	32505000	0.24665321877024998	0.17784345703125
chr6	32930000	32935000	1.3371943815712617	0.8354072575378417
chr6	32950000	32955000	3.220343961398401	2.5076134525299074
chr6	32965000	32970000	10.508812306855104	8.331155408935546
chr6	32965000	32970000	10.508812306855104	8.331155408935546
chr6	33200000	33205000	3.644842239180235	3.638994330444336
chr6	33210000	33215000	1.0815384783022872	0.7298707844543456
chr6	34790000	34795000	6.424721977618922	9.354539610137941
chr6	34850000	34855000	2.6894438922775126	2.5570817369079593
chr6	35025000	35030000	3.7675522569317685	5.241411047058106
chr6	35045000	35050000	13.11568708473277	11.741246277770996
chr6	35145000	35150000	4.454226004570221	3.1280106895446775
chr6	35155000	35160000	6.41240875073014	4.970332736816406
chr6	35160000	35165000	15.360389375091268	11.85508998046875
chr6	35165000	35170000	11.579458022757557	11.13118021118164
chr6	35200000	35205000	3.354767674155547	3.237224045410156
chr6	35205000	35210000	7.230637708574813	6.171848279800415
chr6	35205000	35210000	7.230637708574813	6.171848279800415
chr6	35205000	35210000	7.230637708574813	6.171848279800415
chr6	35585000	35590000	2.4630449372763947	3.9653583076477052
chr6	35725000	35730000	2.3772990339903073	2.3238937529754637
chr6	36555000	36560000	3.32118932284061	4.166156551513672
chr6	36575000	36580000	2.444162122694354	2.488248293914795
chr6	37050000	37055000	1.8754642784047348	1.7040165049743654
chr6	37080000	37085000	11.424918947765313	9.821377321166993
chr6	37100000	37105000	5.90094273019951	5.162967036132812
chr6	37100000	37105000	5.90094273019951	5.162967036132812
chr6	37100000	37105000	5.90094273019951	5.162967036132812
chr6	37100000	37105000	5.90094273019951	5.162967036132812
chr6	37110000	37115000	3.07734686955247	3.6037367900085453
chr6	37140000	37145000	4.611620685441917	7.441068671264648
chr6	37165000	37170000	4.12349693483727	3.4468798498535156
chr6	37170000	37175000	4.931249717469973	3.7915967016601564
chr6	37170000	37175000	4.931249717469973	3.7915967016601564
chr6	37170000	37175000	4.931249717469973	3.7915967016601564
chr6	37840000	37845000	2.3997492578239084	3.311991442871094
chr6	37850000	37855000	1.1992515779013946	1.3650888000488282
chr6	39365000	39370000	7.094422114748375	8.198641424560547
chr6	39645000	39650000	6.289267933155666	5.960137553710938
chr6	39645000	39650000	6.289267933155666	5.960137553710938
chr6	39655000	39660000	3.652170831812208	4.170353596191406
chr6	41365000	41370000	1.666376245830215	1.6330122123718263
chr6	41680000	41685000	1.7838390558260624	1.171701531906128
chr6	41730000	41735000	1.9911130483466888	1.2499132128906252
chr6	41765000	41770000	2.1054707051785195	2.7353310929870607
chr6	43725000	43730000	2.0251547116858934	2.7985774485778805
chr6	43740000	43745000	6.742515836797697	6.553470422363281
chr6	44200000	44205000	7.590297346681969	12.217636893615722
chr6	44205000	44210000	2.397661722971123	2.8277262756347654
chr6	44215000	44220000	11.072862806758701	9.496836606140137
chr6	44215000	44220000	11.072862806758701	9.496836606140137
chr6	52995000	53000000	2.602855127152773	2.9586769180297856
chr6	53025000	53030000	0.9397137264073452	1.0994232418823242
chr6	53035000	53040000	0.9669560476998302	0.818589787902832
chr6	53065000	53070000	5.590432239796291	5.828491684570312
chr6	53070000	53075000	1.6972558743913597	1.724134080505371
chr6	53080000	53085000	1.2309804669531705	2.9286896368408204
chr6	53170000	53175000	1.6911614224728022	1.4305064837646486
chr6	53250000	53255000	8.327999846784646	6.128198353881835
chr6	53290000	53295000	4.934533213050344	4.784528239746093
chr6	53300000	53305000	9.536131706451702	11.499576370239257
chr6	53320000	53325000	9.277245692857404	15.99093925415039
chr6	53320000	53325000	9.277245692857404	15.99093925415039
chr6	53320000	53325000	9.277245692857404	15.99093925415039
chr6	53320000	53325000	9.277245692857404	15.99093925415039
chr6	53345000	53350000	8.7068286897178	5.585519956665039
chr6	53345000	53350000	8.7068286897178	5.585519956665039
chr6	53415000	53420000	14.435152829749562	11.576050113525392
chr6	53435000	53440000	13.229067453887083	11.324626593017578
chr6	53435000	53440000	13.229067453887083	11.324626593017578
chr6	53435000	53440000	13.229067453887083	11.324626593017578
chr6	53440000	53445000	7.3511013784818555	7.551237746276857
chr6	53440000	53445000	7.3511013784818555	7.551237746276857
chr6	53445000	53450000	1.8519095623265915	1.5436851010131836
chr6	53460000	53465000	13.649928890278185	18.911001767578124
chr6	53460000	53465000	13.649928890278185	18.911001767578124
chr6	53460000	53465000	13.649928890278185	18.911001767578124
chr6	53460000	53465000	13.649928890278185	18.911001767578124
chr6	53460000	53465000	13.649928890278185	18.911001767578124
chr6	53465000	53470000	15.84268608717874	9.587697597045898
chr6	53465000	53470000	15.84268608717874	9.587697597045898
chr6	53480000	53485000	11.851773918708016	9.733875364990235
chr6	53480000	53485000	11.851773918708016	9.733875364990235
chr6	53670000	53675000	6.862316209639789	10.594959447631837
chr6	53715000	53720000	3.538466067533404	6.926699709777832
chr6	53985000	53990000	2.2289505747857494	1.8338387689208984
chr6	54010000	54015000	6.383287882639092	9.104184819335938
chr6	54010000	54015000	6.383287882639092	9.104184819335938
chr6	54010000	54015000	6.383287882639092	9.104184819335938
chr6	54010000	54015000	6.383287882639092	9.104184819335938
chr6	54050000	54055000	1.3580902641510295	1.5065185345458985
chr6	54070000	54075000	5.21926303750867	5.6626320014953615
chr6	54190000	54195000	5.269141547258323	3.7714206872558593
chr6	56040000	56045000	2.327925222692757	2.3081466815185547
chr6	56075000	56080000	1.4202022834563923	1.3515997750854492
chr18	285000	290000	1.121935432876159	0.5998457522583007
chr18	290000	295000	1.3878310136456355	1.498760754852295
chr18	615000	620000	1.790894565874617	1.639409207763672
chr18	615000	620000	1.790894565874617	1.639409207763672
chr18	3155000	3160000	9.317676653767522	8.696974129638672
chr18	3155000	3160000	9.317676653767522	8.696974129638672
chr18	3155000	3160000	9.317676653767522	8.696974129638672
chr18	3210000	3215000	3.689762207715756	4.3576337536621095
chr18	3225000	3230000	12.673242255950642	15.433615590820313
chr18	3230000	3235000	4.104809509619598	5.413233859863281
chr18	5600000	5605000	0.6698530935982678	1.1722226755523684
chr18	5625000	5630000	1.5686507538697432	2.6513005317687988
chr18	10045000	10050000	3.3933995183356456	3.0967779037475585
chr18	10050000	10055000	8.884517559129945	7.416667124938964
chr18	10115000	10120000	10.28569181969188	8.44786609802246
chr18	10140000	10145000	15.005926632547826	16.7191623046875
chr18	10140000	10145000	15.005926632547826	16.7191623046875
chr18	10140000	10145000	15.005926632547826	16.7191623046875
chr18	10140000	10145000	15.005926632547826	16.7191623046875
chr18	10140000	10145000	15.005926632547826	16.7191623046875
chr18	10140000	10145000	15.005926632547826	16.7191623046875
chr18	10140000	10145000	15.005926632547826	16.7191623046875
chr18	10140000	10145000	15.005926632547826	16.7191623046875
chr18	10205000	10210000	2.2512070218950786	2.5824096405029295
chr18	10210000	10215000	1.9161575363016574	0.7085954833984375
chr18	10270000	10275000	6.9305944939444	4.314822769165039
chr18	10295000	10300000	1.4420486380603827	1.4394800365447997
chr18	10515000	10520000	5.4898540766921	3.089831581115723
chr18	11945000	11950000	7.402666616963893	8.768326551055909
chr18	11945000	11950000	7.402666616963893	8.768326551055909
chr18	11970000	11975000	1.2587545622353242	1.0846607479858397
chr18	12030000	12035000	1.8741227706766574	2.1763567853927612
chr18	12965000	12970000	0.8027950935435072	0.7193920744323731
chr18	12975000	12980000	0.84574963473271	0.7675004145812988
chr18	23030000	23035000	6.817596179569993	12.133549831542968
chr18	23030000	23035000	6.817596179569993	12.133549831542968
chr18	23135000	23140000	3.691157239396995	3.6798949621582033
chr18	23140000	23145000	4.544621099625347	8.071974672851564
chr18	23140000	23145000	4.544621099625347	8.071974672851564
chr18	23195000	23200000	2.534922521459276	4.283358466186524
chr18	24020000	24025000	9.490200637617734	5.821139967041016
chr18	24025000	24030000	9.190252962201555	9.382763228759766
chr18	24065000	24070000	5.232963909969151	3.3609683062744136
chr18	24110000	24115000	2.12214516356281	1.5213385137939455
chr18	31705000	31710000	0.8717299177223277	1.4039052072143554
chr18	31705000	31710000	0.8717299177223277	1.4039052072143554
chr18	31715000	31720000	3.750469059396904	6.137112695922852
chr18	31720000	31725000	4.831254368063669	7.725374965057372
chr18	32155000	32160000	2.581793482129819	2.569008059539795
chr18	32275000	32280000	4.716749424558265	9.365219624633788
chr18	32275000	32280000	4.716749424558265	9.365219624633788
chr18	32275000	32280000	4.716749424558265	9.365219624633788
chr18	32435000	32440000	1.3353252563476563	3.090294582672119
chr18	32470000	32475000	1.3265257085782345	1.2803927940368653
chr18	44685000	44690000	0.4063261754686588	0.6186314138793945
chr18	44695000	44700000	0.5866346356828636	0.5111844561767578
chr18	46415000	46420000	1.5070949928354993	2.6858330975341795
chr18	46420000	46425000	1.616141369286653	3.316391054077148
chr18	46425000	46430000	2.854691013115143	7.053194678344726
chr18	46430000	46435000	1.6488837208400262	3.1076331958007812
chr18	48780000	48785000	2.5787069331944545	2.9397755483245853
chr18	48950000	48955000	4.161641504362588	2.600877037963867
chr18	49810000	49815000	10.72057406359521	13.456378454589844
chr18	49810000	49815000	10.72057406359521	13.456378454589844
chr18	49840000	49845000	6.587361201034974	9.135765299987794
chr18	49845000	49850000	1.644979340055947	1.1048651313781739
chr18	58405000	58410000	1.5881354882926584	2.0982024713897705
chr18	58480000	58485000	1.265883760028019	3.4315957096862797
chr18	61760000	61765000	3.2553937285521317	3.3837773803710935
chr18	61790000	61795000	3.828408254006644	7.804397814941407
chr18	63235000	63240000	9.501773993804076	13.174155435943604
chr18	63240000	63245000	5.115214915965428	5.8055369140625
chr18	63245000	63250000	2.5323800192859687	3.2856495666503904
chr18	63260000	63265000	1.9367505357831436	2.027516582489014
chr18	63315000	63320000	3.9669656693788333	6.770015234375
chr18	63315000	63320000	3.9669656693788333	6.770015234375
chr18	63315000	63320000	3.9669656693788333	6.770015234375
chr18	63315000	63320000	3.9669656693788333	6.770015234375
chr11	670000	675000	0.668813703761591	0.5828254608154297
chr11	695000	700000	3.229246750876168	2.8708555892944334
chr11	745000	750000	8.748725708064855	7.857369085693359
chr11	750000	755000	5.979734818103826	5.008366723632813
chr11	760000	765000	18.116314463335556	17.859478622436523
chr11	760000	765000	18.116314463335556	17.859478622436523
chr11	1905000	1910000	1.0042437300637503	0.7370780403137207
chr11	1930000	1935000	1.1954162982976324	0.6466224386596681
chr11	3855000	3860000	1.8787667929961303	2.2075886456298828
chr11	3900000	3905000	3.2344413823207963	7.80842224746704
chr11	6320000	6325000	3.4793612382264896	3.683078277282714
chr11	6330000	6335000	1.2275357619241019	1.2839825799560547
chr11	6605000	6610000	1.9144165651695753	1.7687105792236328
chr11	6675000	6680000	0.7511812955196773	0.5603632118225098
chr11	8030000	8035000	0.6351759479986173	1.240766544189453
chr11	8070000	8075000	0.867868070912584	0.6867993656921387
chr11	8715000	8720000	6.627753539012303	4.596610729980469
chr11	8770000	8775000	1.1962421387859594	0.5812334075927734
chr11	9880000	9885000	2.2853852374780956	1.6817572143554687
chr11	10315000	10320000	25.532084357202834	22.044051258850097
chr11	10325000	10330000	13.408094949255258	10.307496130371094
chr11	10350000	10355000	14.24884243392231	14.334887448120117
chr11	10855000	10860000	3.7244081903475466	3.554268566131592
chr11	10855000	10860000	3.7244081903475466	3.554268566131592
chr11	10900000	10905000	4.440145018390406	6.566815547943115
chr11	10900000	10905000	4.440145018390406	6.566815547943115
chr11	10925000	10930000	2.2914436079649168	4.147660200500488
chr11	10925000	10930000	2.2914436079649168	4.147660200500488
chr11	12330000	12335000	0.896682962406907	0.8190820071411132
chr11	12410000	12415000	5.705677334623248	4.33268265838623
chr11	12410000	12415000	5.705677334623248	4.33268265838623
chr11	12410000	12415000	5.705677334623248	4.33268265838623
chr11	12410000	12415000	5.705677334623248	4.33268265838623
chr11	12410000	12415000	5.705677334623248	4.33268265838623
chr11	12410000	12415000	5.705677334623248	4.33268265838623
chr11	12410000	12415000	5.705677334623248	4.33268265838623
chr11	12465000	12470000	1.6174376900646172	2.1752265200805665
chr11	12525000	12530000	4.250132009345794	2.483067089233398
chr11	12815000	12820000	4.311801925744743	3.4651442419433596
chr11	12885000	12890000	4.654786451336157	4.2241065657043455
chr11	12890000	12895000	4.82741134546583	6.097457414855956
chr11	12900000	12905000	1.3562800158349153	1.4110258647155762
chr11	13235000	13240000	1.7475015994063048	1.63182520942688
chr11	13330000	13335000	4.058244829238464	5.0355761474609375
chr11	14520000	14525000	2.1288117173809873	1.8373416145324708
chr11	14530000	14535000	6.726505013439143	8.334832247924805
chr11	14530000	14535000	6.726505013439143	8.334832247924805
chr11	14530000	14535000	6.726505013439143	8.334832247924805
chr11	14535000	14540000	15.381721318268106	15.396041943359375
chr11	14535000	14540000	15.381721318268106	15.396041943359375
chr11	14535000	14540000	15.381721318268106	15.396041943359375
chr11	14535000	14540000	15.381721318268106	15.396041943359375
chr11	14535000	14540000	15.381721318268106	15.396041943359375
chr11	14535000	14540000	15.381721318268106	15.396041943359375
chr11	14540000	14545000	30.31855035046729	35.78019005126953
chr11	14540000	14545000	30.31855035046729	35.78019005126953
chr11	14540000	14545000	30.31855035046729	35.78019005126953
chr11	14540000	14545000	30.31855035046729	35.78019005126953
chr11	14540000	14545000	30.31855035046729	35.78019005126953
chr11	14540000	14545000	30.31855035046729	35.78019005126953
chr11	14545000	14550000	8.609616066278477	11.081221716308594
chr11	14545000	14550000	8.609616066278477	11.081221716308594
chr11	14545000	14550000	8.609616066278477	11.081221716308594
chr11	14550000	14555000	3.518224449656834	3.396802960205078
chr11	14555000	14560000	13.602065833318123	14.804678817749023
chr11	14555000	14560000	13.602065833318123	14.804678817749023
chr11	14555000	14560000	13.602065833318123	14.804678817749023
chr11	14580000	14585000	6.79051859484521	14.282205297851563
chr11	14580000	14585000	6.79051859484521	14.282205297851563
chr11	14580000	14585000	6.79051859484521	14.282205297851563
chr11	14580000	14585000	6.79051859484521	14.282205297851563
chr11	14580000	14585000	6.79051859484521	14.282205297851563
chr11	14585000	14590000	8.734398867826371	13.634974180984496
chr11	14585000	14590000	8.734398867826371	13.634974180984496
chr11	14585000	14590000	8.734398867826371	13.634974180984496
chr11	14585000	14590000	8.734398867826371	13.634974180984496
chr11	14585000	14590000	8.734398867826371	13.634974180984496
chr11	14610000	14615000	4.3220235093731745	5.822325698852539
chr11	14615000	14620000	10.664783392961448	15.925176638793946
chr11	14615000	14620000	10.664783392961448	15.925176638793946
chr11	14615000	14620000	10.664783392961448	15.925176638793946
chr11	14615000	14620000	10.664783392961448	15.925176638793946
chr11	14620000	14625000	8.324997842435748	9.912528459167481
chr11	14620000	14625000	8.324997842435748	9.912528459167481
chr11	14620000	14625000	8.324997842435748	9.912528459167481
chr11	14620000	14625000	8.324997842435748	9.912528459167481
chr11	14620000	14625000	8.324997842435748	9.912528459167481
chr11	14620000	14625000	8.324997842435748	9.912528459167481
chr11	14640000	14645000	6.011844315858645	6.479833480834961
chr11	14640000	14645000	6.011844315858645	6.479833480834961
chr11	14640000	14645000	6.011844315858645	6.479833480834961
chr11	14645000	14650000	7.386441782272195	7.23749326171875
chr11	14645000	14650000	7.386441782272195	7.23749326171875
chr11	14645000	14650000	7.386441782272195	7.23749326171875
chr11	14645000	14650000	7.386441782272195	7.23749326171875
chr11	14645000	14650000	7.386441782272195	7.23749326171875
chr11	16785000	16790000	8.90420787826966	14.779320590820312
chr11	16785000	16790000	8.90420787826966	14.779320590820312
chr11	16785000	16790000	8.90420787826966	14.779320590820312
chr11	16785000	16790000	8.90420787826966	14.779320590820312
chr11	16785000	16790000	8.90420787826966	14.779320590820312
chr11	16785000	16790000	8.90420787826966	14.779320590820312
chr11	16785000	16790000	8.90420787826966	14.779320590820312
chr11	16790000	16795000	2.3028536706657055	2.497106231689453
chr11	16790000	16795000	2.3028536706657055	2.497106231689453
chr11	16800000	16805000	2.2840070209824037	5.616087135009766
chr11	16800000	16805000	2.2840070209824037	5.616087135009766
chr11	16805000	16810000	5.5810694251515045	13.0667676953125
chr11	16805000	16810000	5.5810694251515045	13.0667676953125
chr11	16810000	16815000	3.077771222209039	6.258571103515625
chr11	16815000	16820000	4.4906401280483355	5.329522309570312
chr11	16815000	16820000	4.4906401280483355	5.329522309570312
chr11	16815000	16820000	4.4906401280483355	5.329522309570312
chr11	16815000	16820000	4.4906401280483355	5.329522309570312
chr11	16880000	16885000	0.8549697011787201	1.0951972109985353
chr11	16930000	16935000	1.9634209817761574	2.52084103515625
chr11	16935000	16940000	1.2038809276830371	2.664181123046875
chr11	16940000	16945000	1.5591186220258195	5.863284262695313
chr11	17060000	17065000	0.7172957282235689	1.1807610949707033
chr11	17075000	17080000	3.2612569572092216	2.590890946044922
chr11	19350000	19355000	1.2682166297698687	1.0008043449401856
chr11	19395000	19400000	3.928161949942045	3.427340658569336
chr11	26830000	26835000	8.718622413478387	8.062913664245606
chr11	27055000	27060000	4.940024715701665	3.9404358056640625
chr11	32050000	32055000	0.7239072453579056	0.7635349726867675
chr11	32070000	32075000	0.5984703879169215	0.7938123387145997
chr11	32090000	32095000	4.0442703672605145	4.676848986816406
chr11	32170000	32175000	1.5470294187171438	1.9083464590454102
chr11	34055000	34060000	1.9866167126807097	2.9229585986328126
chr11	34065000	34070000	1.5779023680499782	1.450305594482422
chr11	34360000	34365000	2.262344636435821	2.102051662597656
chr11	34365000	34370000	1.7445638638790522	1.4521579699707032
chr11	34435000	34440000	9.242195117529752	9.274620546264648
chr11	34440000	34445000	5.009534611211759	5.864733079833985
chr11	36300000	36305000	3.1102773577253395	4.584337319335938
chr11	36475000	36480000	0.8768899905623675	0.9444468310546874
chr11	43645000	43650000	5.231104609608873	2.5943350527954103
chr11	43680000	43685000	4.34307142870181	3.887059859924317
chr11	44730000	44735000	0.7402351302957981	0.78559150390625
chr11	44750000	44755000	1.6054661346150336	1.2157276794433594
chr11	45775000	45780000	3.320731368476654	5.7799204833984374
chr11	45775000	45780000	3.320731368476654	5.7799204833984374
chr11	45845000	45850000	4.168854079658294	5.086376403808594
chr11	45855000	45860000	5.199538803300234	5.670505560302734
chr11	46325000	46330000	1.0328050693405009	0.6662764509582519
chr11	46335000	46340000	10.70645100348642	9.79738169769287
chr11	46335000	46340000	10.70645100348642	9.79738169769287
chr11	46345000	46350000	1.324412929584824	1.255846944961548
chr11	47215000	47220000	5.495450778968312	5.3638233168029785
chr11	47245000	47250000	3.6429019556348567	2.8449495991516107
chr11	47255000	47260000	13.285849588383469	13.71275281982422
chr11	47255000	47260000	13.285849588383469	13.71275281982422
chr11	47280000	47285000	1.0963212338456483	0.9654321485900881
chr11	47285000	47290000	0.7458529923768801	0.8571746127319336
chr11	47290000	47295000	1.1465026472715574	0.44738747161865233
chr11	47300000	47305000	1.328329030716085	1.4225463362121584
chr11	47300000	47305000	1.328329030716085	1.4225463362121584
chr11	47310000	47315000	0.6431159469461887	1.4819440259552001
chr11	47465000	47470000	8.808726493136682	12.36754832397461
chr11	47545000	47550000	5.889209571225175	6.1582431213378905
chr11	47640000	47645000	6.754412240800234	5.754738189697266
chr11	47710000	47715000	2.6731792081173333	2.4522971038818357
chr11	47750000	47755000	1.0338975859740072	1.809987648010254
chr11	47760000	47765000	1.2036514708902233	1.028737190246582
chr11	47930000	47935000	1.343259225093093	1.019185294342041
chr11	48110000	48115000	0.7758608627747152	0.8304580169677734
chr11	57755000	57760000	0.7750416290568414	0.8603588494873046
chr11	57800000	57805000	0.8909570837288259	1.1388474305725096
chr11	59170000	59175000	5.541619416138836	6.505883325195312
chr11	59170000	59175000	5.541619416138836	6.505883325195312
chr11	59170000	59175000	5.541619416138836	6.505883325195312
chr11	59175000	59180000	4.638561469789309	8.299374584960937
chr11	59185000	59190000	8.539846827540888	12.416640673828125
chr11	59185000	59190000	8.539846827540888	12.416640673828125
chr11	59185000	59190000	8.539846827540888	12.416640673828125
chr11	59190000	59195000	6.2298809910854445	6.431203240966797
chr11	59195000	59200000	4.051685116947922	4.908648468017578
chr11	59205000	59210000	1.1726909441225997	1.5601841278076172
chr11	59220000	59225000	2.8570597428651614	7.202901428222656
chr11	59220000	59225000	2.8570597428651614	7.202901428222656
chr11	59635000	59640000	0.7186229365696417	0.5609713272094726
chr11	59650000	59655000	0.7517141661171601	0.6767548919677734
chr11	61315000	61320000	0.8179898404985945	0.44831408508300785
chr11	61325000	61330000	1.9172839798116237	1.7182286712646484
chr11	61325000	61330000	1.9172839798116237	1.7182286712646484
chr11	61390000	61395000	2.6963545795191113	2.1782375781249996
chr11	61965000	61970000	11.669526521429615	10.477495478515625
chr11	61965000	61970000	11.669526521429615	10.477495478515625
chr11	61970000	61975000	10.581670934088876	14.651959230957031
chr11	62000000	62005000	5.315397676785193	7.211122465820313
chr11	62000000	62005000	5.315397676785193	7.211122465820313
chr11	62020000	62025000	3.979328304055473	3.9082772003173827
chr11	62025000	62030000	6.631653428293387	7.875836761474609
chr11	62025000	62030000	6.631653428293387	7.875836761474609
chr11	62620000	62625000	2.9857619723025883	3.9159769387817387
chr11	62630000	62635000	0.5573325666195879	0.5572661563110352
chr11	62630000	62635000	0.5573325666195879	0.5572661563110352
chr11	62640000	62645000	0.8358331821334696	1.3601100399780273
chr11	62680000	62685000	2.1940849339565385	5.708945866699218
chr11	62725000	62730000	5.9795803337881495	5.313312802734375
chr11	62730000	62735000	1.4221529958279333	0.9026488255310058
chr11	62745000	62750000	1.0077651744236455	0.8472462268066407
chr11	63400000	63405000	14.628898638744891	15.104794840698244
chr11	63405000	63410000	10.394673227698782	9.4186544921875
chr11	63405000	63410000	10.394673227698782	9.4186544921875
chr11	63485000	63490000	20.704313351525997	13.965131563720703
chr11	63505000	63510000	43.064843673335275	30.710577641601564
chr11	63505000	63510000	43.064843673335275	30.710577641601564
chr11	63505000	63510000	43.064843673335275	30.710577641601564
chr11	63610000	63615000	15.144238777745326	11.055603642578125
chr11	63685000	63690000	8.839536691597912	8.086505288085938
chr11	63740000	63745000	1.318485457718038	0.868492661743164
chr11	63835000	63840000	6.219770810820678	10.057663702392578
chr11	63835000	63840000	6.219770810820678	10.057663702392578
chr11	63840000	63845000	1.9890218954781502	2.487727885742187
chr11	63850000	63855000	4.192606557172258	4.149629060058594
chr11	63850000	63855000	4.192606557172258	4.149629060058594
chr11	63870000	63875000	5.221367459020882	6.999557498474121
chr11	63875000	63880000	4.652416127884054	5.990212779846191
chr11	63970000	63975000	1.454413655503888	1.3258095350646972
chr11	64250000	64255000	1.8256043279630005	1.4556608618164062
chr11	64270000	64275000	5.321834118994597	4.190094816436767
chr9	69055000	69060000	0.6861467322804103	0.5512167581939698
chr9	69190000	69195000	2.3990904137156837	2.0808632180786133
chr9	76095000	76100000	5.750224678966486	11.085621430358888
chr9	76295000	76300000	1.0525906409718164	0.9163111826515198
chr9	81520000	81525000	1.7376770267094408	3.03963835357666
chr9	81555000	81560000	10.250880091130622	12.457628031005859
chr9	81685000	81690000	11.390890947174357	14.547929276428222
chr9	81820000	81825000	1.5214523467161944	1.746364491882324
chr9	83705000	83710000	10.880179899696993	11.392303071289064
chr9	83705000	83710000	10.880179899696993	11.392303071289064
chr9	83715000	83720000	1.055688690242589	1.387087790527344
chr9	83815000	83820000	2.065831653288369	1.3883615802001952
chr9	86200000	86205000	0.8258708791287145	0.8689558666610717
chr9	86235000	86240000	0.9308609573221652	1.0910868426513671
chr9	86720000	86725000	11.58781967294283	12.747376766967774
chr9	86720000	86725000	11.58781967294283	12.747376766967774
chr9	86800000	86805000	2.067362292808461	1.7210655514526367
chr9	86820000	86825000	15.543893791983061	17.509324428710936
chr9	86820000	86825000	15.543893791983061	17.509324428710936
chr9	86825000	86830000	11.709003078339478	10.476974779663086
chr9	86945000	86950000	4.988240183493356	3.48861963104248
chr9	86945000	86950000	4.988240183493356	3.48861963104248
chr9	88605000	88610000	6.160048171626296	7.083644743652345
chr9	88605000	88610000	6.160048171626296	7.083644743652345
chr9	88605000	88610000	6.160048171626296	7.083644743652345
chr9	88650000	88655000	3.777117256235853	5.837869893798828
chr9	88650000	88655000	3.777117256235853	5.837869893798828
chr9	88715000	88720000	0.5929500272946937	0.8677979774475097
chr9	88730000	88735000	4.986835682007977	9.083922825927734
chr9	88730000	88735000	4.986835682007977	9.083922825927734
chr9	92135000	92140000	0.7438417021849445	0.73641240234375
chr9	92140000	92145000	0.9216915149724373	0.7281918156433105
chr9	92240000	92245000	0.5699637690463912	1.1080779278564452
chr9	92240000	92245000	0.5699637690463912	1.1080779278564452
chr9	92260000	92265000	0.3327266891336887	0.5256863441467285
chr9	92280000	92285000	0.43506726136965174	0.672499966583252
chr9	97465000	97470000	1.762671068309178	1.7565827549743651
chr9	97610000	97615000	0.5651988564179322	0.6003667446899414
chr9	97920000	97925000	3.709121761714187	3.74629585357666
chr9	97980000	97985000	3.987090443891008	4.461404347534179
chr9	98860000	98865000	28.765267398270936	22.740143102111816
chr9	98860000	98865000	28.765267398270936	22.740143102111816
chr9	98860000	98865000	28.765267398270936	22.740143102111816
chr9	98860000	98865000	28.765267398270936	22.740143102111816
chr9	98860000	98865000	28.765267398270936	22.740143102111816
chr9	98865000	98870000	15.434670361328125	11.642249805908202
chr9	98865000	98870000	15.434670361328125	11.642249805908202
chr9	98870000	98875000	7.133615323132666	6.393227155761719
chr9	98870000	98875000	7.133615323132666	6.393227155761719
chr9	98870000	98875000	7.133615323132666	6.393227155761719
chr9	98905000	98910000	12.121616569390698	9.462942764892578
chr9	98905000	98910000	12.121616569390698	9.462942764892578
chr9	98910000	98915000	22.775910771164938	21.19509322143555
chr9	98910000	98915000	22.775910771164938	21.19509322143555
chr9	98910000	98915000	22.775910771164938	21.19509322143555
chr9	98915000	98920000	10.66061889762522	6.43667398071289
chr9	98915000	98920000	10.66061889762522	6.43667398071289
chr9	98915000	98920000	10.66061889762522	6.43667398071289
chr9	98920000	98925000	8.256971578950973	5.955912512207031
chr9	98925000	98930000	2.9249346577011535	2.7400202575683594
chr9	101395000	101400000	3.3164877017012264	4.633112141113282
chr9	101405000	101410000	2.318354276567976	1.8083663702392576
chr9	104925000	104930000	8.70939427838192	7.703782285156249
chr9	104925000	104930000	8.70939427838192	7.703782285156249
chr9	104925000	104930000	8.70939427838192	7.703782285156249
chr9	104955000	104960000	6.158343073707652	7.739444030761719
chr9	104960000	104965000	9.767520970824053	10.189657572021483
chr9	104965000	104970000	10.645389123592198	7.613700924072266
chr9	104990000	104995000	14.542440754257628	19.540932186279296
chr9	104990000	104995000	14.542440754257628	19.540932186279296
chr9	104990000	104995000	14.542440754257628	19.540932186279296
chr9	105090000	105095000	8.814842863963474	6.6391506774902345
chr9	105120000	105125000	9.922800611036068	7.935233798828125
chr9	105155000	105160000	3.3178285829347987	2.8794240405273435
chr9	105240000	105245000	2.351115215836284	1.8438543090820312
chr9	105410000	105415000	1.2585274356449874	1.0307056671142578
chr9	107490000	107495000	1.9629617958710572	2.2099621777343748
chr9	107740000	107745000	1.6590997413136137	1.6238653588867187
chr9	109250000	109255000	6.6345505139502405	8.52306797607422
chr9	109315000	109320000	2.4231634385153513	2.4898115155029297
chr9	111435000	111440000	4.098803660854447	3.409626310119629
chr9	111480000	111485000	4.949314501839041	3.9602639147949215
chr9	111595000	111600000	4.008032012768326	3.84798278717041
chr9	111605000	111610000	0.5544099353825934	0.8877127940368653
chr9	112095000	112100000	1.108367293912228	0.7085954891967774
chr9	112355000	112360000	2.581431057881863	2.1799743569946286
chr9	112380000	112385000	9.579860332852657	12.985775469970703
chr9	112390000	112395000	1.4460253073433849	1.6287280075073243
chr9	112490000	112495000	4.320620471647743	4.004783531188965
chr9	112620000	112625000	4.400240157938449	5.979126536254883
chr9	113455000	113460000	2.3770483515374012	1.6493379544067381
chr9	113535000	113540000	5.374156818824839	6.526723665161133
chr9	113535000	113540000	5.374156818824839	6.526723665161133
chr9	113555000	113560000	3.8092192636079885	5.184503499755859
chr9	114105000	114110000	1.7968851850848333	3.2050945642089848
chr9	114105000	114110000	1.7968851850848333	3.2050945642089848
chr9	114105000	114110000	1.7968851850848333	3.2050945642089848
chr9	114155000	114160000	1.9068345437878762	1.1876214670562746
chr9	114155000	114160000	1.9068345437878762	1.1876214670562746
chr9	114160000	114165000	2.157893264000438	2.324560164718628
chr9	114160000	114165000	2.157893264000438	2.324560164718628
chr9	114235000	114240000	1.3955573527968932	0.9639562521362305
chr9	114240000	114245000	0.7713109933728369	1.1904292126464844
chr9	114245000	114250000	1.6580063675354573	1.6450250979614258
chr9	114250000	114255000	7.46056561413346	9.376742691192627
chr9	114250000	114255000	7.46056561413346	9.376742691192627
chr9	114250000	114255000	7.46056561413346	9.376742691192627
chr9	114250000	114255000	7.46056561413346	9.376742691192627
chr9	114250000	114255000	7.46056561413346	9.376742691192627
chr9	114260000	114265000	0.5773636552400678	0.4341303594970703
chr9	114270000	114275000	0.6963943933789976	0.5373224771118165
chr9	114270000	114275000	0.6963943933789976	0.5373224771118165
chr9	114370000	114375000	5.726914642647717	10.431068944091797
chr9	114380000	114385000	5.1194598631956865	4.614528999633789
chr9	124135000	124140000	5.993783910220137	4.873681280670167
chr9	124255000	124260000	3.912065206281716	2.422888165893555
chr9	125240000	125245000	7.803912276137877	12.115892343139649
chr9	125265000	125270000	0.9395651518349336	1.2184774436950683
chr9	125275000	125280000	2.306513752646758	2.2998965087890624
chr9	125300000	125305000	1.0885406536637066	1.1287454826354981
chr9	127120000	127125000	9.439798711074403	8.486507815704346
chr9	127120000	127125000	9.439798711074403	8.486507815704346
chr9	127155000	127160000	1.4195135063955715	1.8453016847229002
chr9	127185000	127190000	4.809735081752884	6.083680111236572
chr9	127610000	127615000	4.870350031544338	3.0779057090759276
chr9	127660000	127665000	1.0175460984274607	0.6266785571289062
chr9	127735000	127740000	3.843859614120911	3.5609842230224604
chr9	127740000	127745000	7.274546559214371	8.763839452056885
chr9	127740000	127745000	7.274546559214371	8.763839452056885
chr9	127780000	127785000	4.508417904862734	5.734938263244628
chr9	127780000	127785000	4.508417904862734	5.734938263244628
chr9	127785000	127790000	2.5390094290760077	1.7706211791992188
chr9	128260000	128265000	1.068965457067757	0.8695639178085328
chr9	128270000	128275000	1.4448068807726708	1.1717301337432862
chr9	128655000	128660000	2.689482820143655	2.1538656059265135
chr9	128685000	128690000	3.5105753194363314	2.1703650390625
chr10	131980000	131985000	3.7262129080799147	2.487785347290039
chr10	131995000	132000000	7.691656786225221	9.90914121826172
chr10	131995000	132000000	7.691656786225221	9.90914121826172
chr10	131995000	132000000	7.691656786225221	9.90914121826172
chr10	132010000	132015000	6.228716293990946	6.348360690917968
chr10	132020000	132025000	1.2100151857037411	0.8305448593139648
chr1	7975000	7980000	1.629848587406907	1.8036772729492185
chr1	8345000	8350000	1.1468363685108791	0.9997914443969727
chr1	8370000	8375000	8.424105027927864	8.452933013916015
chr1	8420000	8425000	8.80019834577614	6.962940966796875
chr1	9410000	9415000	8.65797052692164	6.931679028320312
chr1	9455000	9460000	5.200998825272889	3.5428347625732424
chr1	9545000	9550000	1.4005532623576227	2.1095781097412107
chr1	9545000	9550000	1.4005532623576227	2.1095781097412107
chr1	9555000	9560000	2.5906723425749303	4.2599704010009765
chr1	9570000	9575000	5.07965205001118	6.398638674163818
chr1	10475000	10480000	5.8908180121020735	6.638746456298828
chr1	10485000	10490000	2.2611796335380765	1.5907513415527343
chr1	12315000	12320000	7.495708463921948	4.5961484765625
chr1	12330000	12335000	4.403044662903402	3.191691735839844
chr1	12340000	12345000	11.191352915084696	8.014544560546875
chr1	12345000	12350000	9.067326842006791	10.408487236328124
chr1	12345000	12350000	9.067326842006791	10.408487236328124
chr1	12400000	12405000	8.90344410103771	6.250232882080078
chr1	12405000	12410000	12.151186994606089	8.80789588256836
chr1	12505000	12510000	0.6584064442857404	0.527394140625
chr1	12525000	12530000	17.701793408887628	15.722033203125
chr1	12525000	12530000	17.701793408887628	15.722033203125
chr1	12525000	12530000	17.701793408887628	15.722033203125
chr1	12525000	12530000	17.701793408887628	15.722033203125
chr1	12525000	12530000	17.701793408887628	15.722033203125
chr1	12525000	12530000	17.701793408887628	15.722033203125
chr1	12540000	12545000	1.6853171616028404	1.7095453454589842
chr1	12615000	12620000	12.368098792987004	7.699034995117187
chr1	12615000	12620000	12.368098792987004	7.699034995117187
chr1	12615000	12620000	12.368098792987004	7.699034995117187
chr1	12615000	12620000	12.368098792987004	7.699034995117187
chr1	12615000	12620000	12.368098792987004	7.699034995117187
chr1	17420000	17425000	1.2372114332537785	2.712578333129883
chr1	17425000	17430000	0.8052269250317154	0.8292418804931639
chr1	17435000	17440000	3.094483952944747	3.6373438439941403
chr1	17435000	17440000	3.094483952944747	3.6373438439941403
chr1	18910000	18915000	2.0654702216460326	1.8022015049743652
chr1	18960000	18965000	6.416294738541362	6.484724552917481
chr1	18960000	18965000	6.416294738541362	6.484724552917481
chr1	18965000	18970000	2.231716142943195	2.297436991577148
chr1	19010000	19015000	4.840351740870966	7.0872916281127925
chr1	19010000	19015000	4.840351740870966	7.0872916281127925
chr1	19160000	19165000	0.7156772319187629	0.9561986869049073
chr1	19170000	19175000	0.6240183065253998	0.933649878921509
chr1	20250000	20255000	7.62320195107148	7.040110737304686
chr1	20265000	20270000	3.330180171959422	5.760353104248047
chr1	21895000	21900000	3.595197717456283	3.1368976710510252
chr1	21905000	21910000	3.2832753760221967	2.4301826066589354
chr1	21940000	21945000	0.6916283276139018	0.9720323383331299
chr1	21960000	21965000	0.9800029661945093	1.1345054437255857
chr1	22420000	22425000	0.6746541301121222	0.8804471285247802
chr1	22430000	22435000	0.8675405538541135	0.6896937507629396
chr1	22450000	22455000	8.740924305026331	11.331979521484374
chr1	22450000	22455000	8.740924305026331	11.331979521484374
chr1	22455000	22460000	3.0782687389052916	2.9822399684906005
chr1	22485000	22490000	1.5404477806020007	1.8602087620544432
chr1	22640000	22645000	1.0032939237220266	0.7981252989196777
chr1	22645000	22650000	4.9328132892359084	10.905750164031982
chr1	23095000	23100000	2.424212322655794	1.3326696014404298
chr1	23100000	23105000	3.189948449450341	5.750395669555664
chr1	23115000	23120000	1.5774910686742478	1.3396161926269532
chr1	23120000	23125000	4.1220466625748395	5.214895764160156
chr1	23125000	23130000	4.637957078595028	5.300575256347656
chr1	23165000	23170000	6.36794504440165	8.918817742919922
chr1	23165000	23170000	6.36794504440165	8.918817742919922
chr1	23165000	23170000	6.36794504440165	8.918817742919922
chr1	23165000	23170000	6.36794504440165	8.918817742919922
chr1	23165000	23170000	6.36794504440165	8.918817742919922
chr1	23700000	23705000	4.380280325374426	5.534459466552734
chr1	23700000	23705000	4.380280325374426	5.534459466552734
chr1	23740000	23745000	2.4527118151513214	1.6562848388671876
chr1	23750000	23755000	1.3837492290746387	1.1404683288574218
chr1	26285000	26290000	0.9121244949198215	0.8556985806274415
chr1	26300000	26305000	3.1381304069447737	7.628638295898438
chr1	26305000	26310000	1.7902515801830825	3.4335065332031247
chr1	26315000	26320000	3.4679902898770627	5.4157225390625
chr1	26315000	26320000	3.4679902898770627	5.4157225390625
chr1	26315000	26320000	3.4679902898770627	5.4157225390625
chr1	26445000	26450000	0.9521019433422622	1.0719242324829101
chr1	26455000	26460000	1.1075615458550856	0.7523038009643556
chr1	26580000	26585000	1.7191324759224862	4.869108493957519
chr1	26785000	26790000	7.743977450076665	6.666069903564453
chr1	27625000	27630000	16.38086200264904	16.101513837890625
chr1	27645000	27650000	1.3671766837146795	0.7472094024658203
chr1	28885000	28890000	4.687899380493164	5.691694089355468
chr1	28885000	28890000	4.687899380493164	5.691694089355468
chr1	28885000	28890000	4.687899380493164	5.691694089355468
chr1	28970000	28975000	6.506282322536005	11.893762728271483
chr1	29030000	29035000	2.022470318489431	1.8642321508789064
chr1	29050000	29055000	13.125684203645227	12.614284792480468
chr1	29050000	29055000	13.125684203645227	12.614284792480468
chr1	29120000	29125000	3.3201088819842473	1.5167653430175783
chr1	29150000	29155000	0.9015840525261708	1.1307426507568359
chr1	29160000	29165000	1.1959013439428026	0.8764816400146485
chr1	30805000	30810000	1.9468678430575077	2.0852052423095704
chr1	30820000	30825000	11.519967107298664	10.883204725341797
chr1	30820000	30825000	11.519967107298664	10.883204725341797
chr1	30820000	30825000	11.519967107298664	10.883204725341797
chr1	30830000	30835000	1.3358319472268363	1.3924715200805664
chr1	30840000	30845000	2.1983367160690164	1.785383924713135
chr1	31390000	31395000	0.7447372855783623	1.0889448684692382
chr1	31415000	31420000	0.7384122606651806	1.765700033569336
chr1	31715000	31720000	5.581756121426877	4.535825027465821
chr1	31750000	31755000	5.044914062385916	7.561542404174805
chr1	31880000	31885000	2.9016395824967143	2.4656130851745606
chr1	31935000	31940000	6.174868705278913	3.5788734069824217
chr1	31935000	31940000	6.174868705278913	3.5788734069824217
chr1	31960000	31965000	3.3501827709732765	1.8288030944824218
chr1	33340000	33345000	2.295510396226544	1.331743232421875
chr1	33375000	33380000	2.3325544815206083	3.8820526657104493
chr1	33380000	33385000	2.650745845473815	7.658395346679687
chr1	33420000	33425000	2.517350641496605	3.1601415216064455
chr1	33425000	33430000	1.2028634171815675	1.6135024868774415
chr1	33460000	33465000	0.6005265957413434	0.5620133963012695
chr1	36220000	36225000	4.315187432747244	2.7840182293701177
chr1	36415000	36420000	7.527374758483315	6.9801325964355465
chr1	39605000	39610000	0.5189662372767369	0.7528827758789063
chr1	39650000	39655000	1.2940483954884183	1.2686989303588867
chr1	40735000	40740000	1.7526796718704365	1.369720041656494
chr1	40745000	40750000	2.983828271769586	5.40449195022583
chr1	40905000	40910000	1.1017797808495637	1.242965867919922
chr1	40925000	40930000	4.6230668671509925	7.100750943603517
chr1	40925000	40930000	4.6230668671509925	7.100750943603517
chr1	40935000	40940000	3.587388428989304	3.431567262115478
chr1	41230000	41235000	1.8059775099139348	1.9453680598449707
chr1	41240000	41245000	3.15256476448986	2.9986227738952635
chr1	41915000	41920000	5.156406013445988	7.2545419078826905
chr1	41915000	41920000	5.156406013445988	7.2545419078826905
chr1	42005000	42010000	1.431085552236967	1.2641251141357424
chr1	42030000	42035000	2.765716124233353	6.553327229003906
chr1	43230000	43235000	3.992093666490216	3.748264303588867
chr1	43230000	43235000	3.992093666490216	3.748264303588867
chr1	43235000	43240000	2.2800060734543846	4.000788196716309
chr1	43285000	43290000	1.428148486613336	2.7877236264038086
chr1	43295000	43300000	3.004321587621386	3.8551334683227534
chr1	43295000	43300000	3.004321587621386	3.8551334683227534
chr1	43295000	43300000	3.004321587621386	3.8551334683227534
chr1	43315000	43320000	3.4609539338013833	4.755755443115234
chr1	43315000	43320000	3.4609539338013833	4.755755443115234
chr1	43340000	43345000	1.8415741265698011	4.517819839477539
chr1	43345000	43350000	2.082862956337617	4.185289956054687
chr1	43345000	43350000	2.082862956337617	4.185289956054687
chr1	43370000	43375000	1.6688008177570093	1.4943029354858397
chr1	43380000	43385000	1.417066589697722	1.0194743859863282
chr1	43390000	43395000	2.7087365132839882	2.7439563494873047
chr1	43435000	43440000	13.782364194723824	9.517188222961426
chr1	45300000	45305000	2.7509856304133047	1.8930627220153808
chr1	45310000	45315000	0.8345908096170871	0.6999115531921387
chr1	48470000	48475000	3.02790641758999	2.5704260850524903
chr1	48490000	48495000	3.58236437360817	5.791874997406006
chr1	48490000	48495000	3.58236437360817	5.791874997406006
chr1	48525000	48530000	3.780957475722839	5.64694367401123
chr1	50970000	50975000	13.523025651650116	6.85613042602539
chr1	50980000	50985000	8.724088226489485	3.5632426300048827
chr1	50985000	50990000	9.552558298955898	7.30276584777832
chr1	51020000	51025000	14.190129591212765	9.269640411376953
chr1	51020000	51025000	14.190129591212765	9.269640411376953
chr1	51040000	51045000	2.812189372923664	1.357273178100586
chr1	52675000	52680000	1.874077874727338	1.481509719696045
chr1	52690000	52695000	1.1385312399320513	1.251678850402832
chr1	52695000	52700000	4.6802237609292865	3.8393857064819334
chr1	52700000	52705000	7.651405717511043	9.104647942504881
chr1	52725000	52730000	5.563250009012668	5.307639406433106
chr1	52730000	52735000	1.3662472303729192	1.4964449465942384
chr1	52740000	52745000	2.5771345855998105	5.389961606445312
chr1	52745000	52750000	12.01731996305947	17.258656928710938
chr1	52745000	52750000	12.01731996305947	17.258656928710938
chr1	52745000	52750000	12.01731996305947	17.258656928710938
chr1	52745000	52750000	12.01731996305947	17.258656928710938
chr1	52745000	52750000	12.01731996305947	17.258656928710938
chr1	53720000	53725000	6.865746284099829	6.57541246520996
chr1	53735000	53740000	1.2163092498494086	1.4188702416992187
chr1	55175000	55180000	0.9012688813111492	1.2930711752319335
chr1	55185000	55190000	1.7352548039801767	1.7255523406982423
chr1	55215000	55220000	2.629138206695842	2.65871072555542
chr1	55230000	55235000	2.5840987164078473	2.101125939941406
chr1	58510000	58515000	0.9416306185998649	0.5511296020507812
chr1	58545000	58550000	2.9278309434552057	2.7174417938232422
chr1	58785000	58790000	3.7215425128544606	3.6877091735839844
chr1	58995000	59000000	2.44518340750721	3.0710454791259765
chr1	60280000	60285000	2.3210647834563924	3.188798045654297
chr1	60430000	60435000	3.683051599748558	6.403820614624023
chr1	61080000	61085000	5.8687318642304325	3.6464907177734376
chr1	61105000	61110000	1.8529809830995363	1.5384168688964843
chr1	61120000	61125000	11.563048142591814	10.299304631347656
chr1	61215000	61220000	9.683463900785357	9.160226032714844
chr1	63575000	63580000	1.412349151240554	1.7580589596557616
chr1	63585000	63590000	2.3184972544447287	2.376227400817871
