group	gene_name	dar_type	mean_expr
day15_white	PDXK	beige	15.6188685791136
day15_white	CD96	beige	0.378736930086602
day15_white	PCBD1	beige	23.2360727009778
day15_white	ZFAND6	white	12.8031975017979
day15_white	DIO3OS	beige	0.0495733437457646
day15_white	SV2A	beige	3.73444660312778
day15_white	FOXN2	white	5.49004066958829
day15_white	SMILR	white	3.1719557310907
day15_white	EAPP	white	12.1961127375411
day15_white	ARHGEF6	beige	4.32148600901302
day15_white	FAM227B	white	0.146320954607555
day15_white	AKAP13	white	2.89401200164396
day15_white	AC112206.2	white	0.0480885143040336
day15_white	EGFLAM	beige	1.93506496792797
day15_white	MTUS1	beige	0.356635158449217
day15_white	MTMR2	white	7.2947002257781
day15_white	EXOC6	beige	0.789534407589701
day15_white	FGF13	beige	0.294186567101103
day15_white	LINC02384	beige	0.0494538439372076
day15_white	LINC01579	white	0.0464293833462291
day15_white	GPRC5B	beige	2.34705949143978
day15_white	EPB41L4A	beige	0.287949980409509
day15_white	SH3BP4	white	8.50047195098801
day15_white	SNX10	beige	2.86711412548235
day15_white	AK5	white	0.767454607539843
day15_white	MIR100HG	white	4.15088053932426
day15_white	PXYLP1	white	0.154884724741269
day15_white	TRABD2A	white	0.563391021234092
day15_white	MED8	beige	16.1774030390479
day15_white	EMG1	beige	3.52233089820168
day15_white	AC008014.1	white	1.02313229424423
day15_white	FAM47E	beige	0.301225728936588
day15_white	PARP15	beige	0.0498134543589693
day15_white	MMP2	white	115.986047763583
day15_white	AC007637.1	beige	1.09270656056679
day15_white	PDE3B	beige	10.8303027185054
day15_white	CCK	beige	0.0060112228678552
day15_white	RBMS1	white	13.0234965855329
day15_white	ZFYVE28	beige	0.1514549090949
day15_white	EHD2	white	75.3645589860134
day15_white	SIX3	beige	0.0202042461315917
day15_white	ACADVL	beige	60.2672277297442
day15_white	CHPT1	beige	10.0720432058538
day15_white	NPY1R	beige	0.556624269535739
day15_white	YPEL4	white	0.075963093255001
day15_white	DUS4L	white	0.633589610869338
day15_white	SYT5	white	0.064780075062212
day15_white	STON1-GTF2A1L	beige	0.554166347104947
day15_white	COL1A2	white	781.17859759722
day15_white	SLC7A7	white	0.416548117964667
day15_white	TRO	white	0.456918094974566
day15_white	UTRN	beige	7.16423431449806
day15_white	ANK1	beige	0.0516295190288132
day15_white	VDR	white	3.97833853693281
day15_white	FSTL1	white	245.332918279719
day15_white	TANC2	white	1.36639279511216
day15_white	LRCH2	white	1.02840393576723
day15_white	MAPK10	beige	0.440728473092253
day15_white	FBXO27	beige	3.12065185500668
day15_white	SCARB1	white	7.26458278326551
day15_white	TMEM104	beige	7.97762360054762
day15_white	NFASC	white	3.32445788325214
day15_white	HSD11B1-AS1	beige	16.0359452096284
day15_white	MIA3	white	8.70198626959849
day15_white	SDHB	beige	23.8961100260792
day15_white	RBKS	white	0.730640914663779
day15_white	CNTFR	beige	4.78111060839756
day15_white	BAALC	white	0.835749746879124
day15_white	CORO7	white	0.102955757889205
day15_white	SMG6	white	3.41770018652214
day15_white	MYEOV	white	0.378261814859624
day15_white	ACKR4	beige	8.18448931087283
day15_white	BCL3	beige	2.75248983781582
day15_white	SSBP3	white	6.63851709588224
day15_white	UBE2Q2L	white	0.21397535372791
day15_white	GIPR	beige	1.36543272889692
day15_white	PSMA1	beige	5.55483271987977
day15_white	GPD1	beige	590.448157497729
day15_white	ZBTB46	beige	0.0527212462808761
day15_white	LRRK2	white	0.422355699980416
day15_white	MIR4435-2HG	white	1.05490811888447
day15_white	FGF13-AS1	beige	0.113052558114417
day15_white	AC002401.2	beige	0.532544874126364
day15_white	HP	beige	71.6356442161267
day15_white	PTK2	white	4.20083701086371
day15_white	CPEB1-AS1	beige	0.217895413238046
day15_white	AXL	white	16.0854866002341
day15_white	SASH1	white	8.08380143465411
day15_white	HEPH	white	4.07917653938117
day15_white	TPRG1	white	1.98168974560415
day15_white	THBS3	white	8.20151893244777
day15_white	LAIR1	beige	5.04526762044693
day15_white	ATR	beige	1.44960183401642
day15_white	TUBGCP2	beige	3.99194766745125
day15_white	ENPP4	beige	1.07246179115366
day15_white	POR	beige	23.9612758374899
day15_white	GDF15	white	4.48222199088155
day15_white	PDK2	beige	4.37306838260489
day15_white	ELMOD3	beige	5.5274947744501
day15_white	PLA2G2A	beige	103.061299715236
day15_white	C17orf58	beige	1.48657745100316
day15_white	STAR	beige	0.977833235167153
day15_white	MIR155HG	white	0.0800207010653976
day15_white	SLC43A3	white	1.32907871846889
day15_white	AL049749.1	beige	0.422126189588734
day15_white	KRT18	white	3.51940067463611
day15_white	GPR1	white	10.1394292336659
day15_white	ASS1	beige	99.7923488007923
day15_white	TNK2	beige	0.737929157593056
day15_white	STMN2	white	70.6655763528564
day15_white	ILVBL	beige	5.57649265210223
day15_white	ITIH5	beige	7.80711334720353
day15_white	FAM228A	beige	0.0487114456980953
day15_white	TRIM6	white	0.489783552644271
day15_white	LINC00513	white	0.422221754762581
day15_white	SEPTIN11	white	70.2831028289993
day15_white	PTK2B	beige	5.17778046381507
day15_white	SLC8A2	beige	0.0173364254169683
day15_white	SLC2A3	white	6.58508132827719
day15_white	MROH6	beige	0.230058371075625
day15_white	ABHD5	beige	7.17845122855348
day15_white	DIXDC1	beige	11.9795689658404
day15_white	PHYHD1	beige	3.81940124269272
day15_white	IL1RAPL1	white	0.106781107980176
day15_white	C6	beige	5.4835609469474
day15_white	PLIN4	beige	160.157498971274
day15_white	RAI14	white	9.25634000106175
day15_white	C19orf12	beige	18.1539600131669
day15_white	GSDMD	beige	0.970173533448101
day15_white	ECHDC2	beige	2.73518038457111
day15_white	SHROOM3	beige	0.529937635743915
day15_white	HOTAIR	beige	0.435068715941019
day15_white	SORT1	beige	51.1968973212788
day15_white	HSPB2-C11orf52	white	0.0534764647224192
day15_white	WNK1	white	14.5483250873949
day15_white	LRRC9	beige	0.0222699403807361
day15_white	CRYAB	white	148.934296315211
day15_white	ITFG2	beige	2.56115898034721
day15_white	PIP4K2A	white	15.1128519332477
day15_white	METRNL	white	3.55238102454765
day15_white	SQOR	white	2.63518097696348
day15_white	AC104389.5	white	0.0171129938284018
day15_white	ZBTB38	white	4.91815932011193
day15_white	GCOM1	white	0.807503415076476
day15_white	GPT	beige	3.35304689248283
day15_white	VPS9D1	beige	2.72334099825358
day15_white	FAM47E-STBD1	beige	0.0448105759563367
day15_white	CFLAR	white	7.14919277531283
day15_white	CTSA	beige	21.1546279803565
day15_white	WNK4	white	0.349028754542061
day15_white	ARHGAP22	white	0.700789691432612
day15_white	MYZAP	white	3.19432327263872
day15_white	ZSWIM4	white	1.15161638534638
day15_white	LPAR3	beige	0.0575419344863592
day15_white	COL11A1	white	37.4923716709364
day15_white	PDZD2	beige	0.751594032324425
day15_white	CARD16	white	1.39518392285088
day15_white	AL109615.3	white	0.00844813362041847
day15_white	AC016831.1	white	0.260754976929235
day15_white	PSMA4	beige	15.5223616943397
day15_white	MRPL33	white	36.0784304283336
day15_white	FHL2	white	7.62075908724833
day15_white	ZNF808	beige	1.15753574761815
day15_white	IFI44L	white	0.600675715940185
day15_white	LLPH-DT	white	0.0585549732766549
day15_white	EIF3H	white	21.267102027408
day15_white	LPL	beige	551.954823843857
day15_white	AL365295.1	white	0.15581615951888
day15_white	AC025031.4	white	0.0535463127763587
day15_white	ZNF584	beige	2.03652572235144
day15_white	RUFY3	white	2.5825466238039
day15_white	CHI3L2	beige	242.353017078409
day15_white	AQP7	beige	44.4621335197239
day15_white	STON1	beige	11.9618201207447
day15_white	ANGPTL4	beige	10.4843690299385
day15_white	POLD4	white	2.77957619266592
day15_white	AP000662.1	white	0.285762425285786
day15_white	AC091212.1	white	0.352821845543873
day15_white	SEPTIN9-DT	beige	0.190552152723485
day15_white	CD34	beige	0.117837814429802
day15_white	NAPRT	beige	2.35627065995007
day15_white	AC005082.1	beige	0.0525905352431986
day15_white	BBC3	white	2.4856978716669
day15_white	VIT	white	4.61225753763038
day15_white	ACAD11	beige	1.00288520428064
day15_white	XKR5	beige	0.0049310339922995
day15_white	PDK4	beige	14.8360921856047
day15_white	MBP	beige	0.692001610258733
day15_white	AC017002.3	white	0.255885721056147
day15_white	PCK1	beige	27.1787783117584
day15_white	PLEC	white	4.77655628835009
day15_white	MEST	white	59.0847270192735
day15_white	G0S2	beige	234.177819939726
day15_white	NEURL2	beige	0.396606171425532
day15_white	ADRB1	beige	0.123479165482727
day15_white	NAV1	beige	5.62571105532701
day15_white	STC2	white	24.2054795076221
day15_white	DVL2	beige	5.72102728930087
day15_white	ILRUN	beige	37.6110460966097
day15_white	PLCL1	white	0.881613903108186
day15_white	NWD2	beige	0.00476967414476357
day15_white	TH2LCRR	beige	0.163631842344661
day15_white	HAVCR2	beige	3.72118952323665
day15_white	LINC00887	white	0.0129808422262383
day15_white	NRCAM	beige	23.0350624680572
day15_white	EMB	beige	0.0393808700178503
day15_white	MXRA8	white	46.9229937729176
day15_white	KRT8	white	0.278395637851323
day15_white	DLGAP1	beige	0.00868248187745695
day15_white	NAPA	white	9.55134924863635
day15_white	LRBA	beige	1.88219086647455
day15_white	C1RL	white	14.8828626281773
day15_white	NFIA	beige	1.41250102819956
day15_white	LMO7-AS1	white	0.404295028409924
day15_white	AL137782.1	white	0.117524371541485
day15_white	AMPD3	white	0.827706188325608
day15_white	CAPN10-DT	beige	0.29657652975685
day15_white	ACACB	beige	52.888275274613
day15_white	AOPEP	white	0.841629041404554
day15_white	SRCIN1	beige	0.378735516192107
day15_white	AL133299.1	beige	0.204968764320389
day15_white	KIAA1217	white	1.14143873994766
day15_white	AC007906.2	white	1.47469822882918
day15_white	AC116003.1	white	0.0436553607918442
day15_white	PNMA8C	beige	0.00879614593580344
day15_white	MESTIT1	white	0.140067129020572
day15_white	CLEC11A	white	25.784754630712
day15_white	GLDC	white	0.0273575992125907
day15_white	FHL1	beige	69.3622608318296
day15_white	MLST8	beige	3.16965240116941
day15_white	CD36	beige	297.1318698696
day15_white	SULT1A1	white	0.971350988930459
day15_white	STXBP6	white	0.653543113243657
day15_white	EMP1	white	58.5458483360133
day15_white	VPS9D1-AS1	beige	0.206903098094309
day15_white	OPRK1	beige	0.0945478573891718
day15_white	ZNF175	white	1.0358402962771
day15_white	ARHGEF7-AS2	beige	0.131424751074705
day15_white	STX16-NPEPL1	beige	0.134338075800447
day15_white	TAFA2	white	0.199181075631624
day15_white	SPATA13	white	0.433693309695754
day15_white	SLC25A18	beige	1.60936976089545
day15_white	ESR1	beige	0.147606613562227
day15_white	ADAMTSL2	beige	0.0545987253494745
day15_white	LMO7	white	12.0227415559418
day15_white	EPS8	white	19.2316625541562
day15_white	CLP1	white	6.2966742848682
day15_white	AC007920.2	white	1.03296156424127
day15_white	SSC4D	beige	0.290723683765232
day15_white	AC009226.1	white	0.154987883207751
day15_white	SSR3	white	114.208668112269
day15_white	CCT6A	white	33.2535332590187
day15_white	AC108448.3	white	0.0434314196910903
day15_white	MYOSLID	white	1.24864547696978
day15_white	AC087645.2	white	0.230951756640812
day15_white	ITGB1-DT	white	0.151893586528125
day15_white	AC010519.1	white	0.596502765887925
day15_white	LINC02085	white	0.0322991026617516
day15_white	AC010327.4	white	0.237687069300979
day15_white	HRH1	white	1.28236313372493
day15_white	AOC3	beige	342.4702489651
day15_white	IGF1R	white	2.29451777496663
day15_white	ADA2	white	0.104669297409528
day15_white	XPNPEP1	beige	11.7367090132836
day15_white	AC007666.2	beige	0.0334604058147526
day15_white	AOC2	beige	21.4014362645841
day15_white	IFIT2	white	2.14479591022816
day15_white	PLIN5	beige	1.19603056065742
day15_white	KIF5C	white	0.00658516655647878
day15_white	NPFFR1	beige	0.00337158713757305
day15_white	NOTO	beige	0.0367349784335124
day15_white	AC084125.2	beige	0.198888006013204
day15_white	PPP1R1A	beige	6.20580624493466
day15_white	APOL6	beige	23.8661669248091
day15_white	HSPB2	white	0.835086867976502
day15_white	CNST	white	5.67116039085284
day15_white	FAP	white	9.58277049738197
day15_white	AL139220.2	white	0.0854364274156692
day15_white	TENM2	white	0.0696923101629064
day15_white	PM20D1	beige	0.949322952802525
day15_white	AL035252.2	beige	0.00864312187396742
day15_white	ZSCAN16-AS1	beige	2.84361833641171
day15_white	EMX2OS	white	8.09732912249455
day15_white	AP000695.1	white	0.541295515025791
day15_white	RAD9A	white	0.85719811789328
day15_white	AL356218.2	beige	2.6838545369376
day15_white	FABP4	beige	2135.28174185155
day15_white	FP236383.3	beige	0.0130052582983752
day15_white	PDGFRB	white	40.5341570901549
day15_white	U1	white	1.05673823765968
day15_white	CECR2	beige	0.0194810223878277
day15_white	EFCAB13	beige	0.123512951906921
day15_white	AP4E1	white	3.12438343830781
day15_white	AC006059.1	white	0.159904551536134
day15_white	AC073593.2	white	0.0313378614280118
day15_white	FHOD1	white	4.06476250580319
day15_white	SLC9A5	white	0.420439032948797
day15_white	CRYM	beige	0.018177980632858
day15_white	AFP	white	0.135355425324079
day15_white	ITGB1	white	243.20687523617
day15_white	AC126182.3	white	0.198252527126441
day15_white	NPEPL1	beige	0.292561575595906
day15_white	IPO9-AS1	beige	0.0726872650712338
day15_white	AL353138.1	white	1.19488032783033
day15_white	AC002074.1	white	1.63581753446863
day15_white	LINC01943	white	0.650487019716094
day15_white	NAPA-AS1	white	0.538690687625838
day15_white	ADAMTS18	beige	0.301750949909552
day15_white	ARID5B	white	17.0112470358716
day15_white	AC016831.7	white	0.133003292925502
day15_white	LY6E-DT	white	0.167231830547346
day15_white	TXNL4B	beige	4.45180591227088
day15_white	ABL2	white	3.28423432584273
day15_white	FAM87A	white	0.0167262292438918
day15_white	AC008063.1	beige	0.117194277947609
day15_white	ITIH1	beige	9.65264521868952
day15_white	TRAF3IP2	beige	2.78648214025137
day15_white	PKP2	beige	0.838034454753548
day15_white	AC002451.1	beige	0.0728028185117093
day15_white	TNFSF13B	beige	0.49647597615628
day15_white	AC119673.2	beige	0.384761324883384
day15_white	AP3B2	beige	3.46140121032679
day15_white	PAMR1	white	5.28108262640241
day15_white	AC011498.4	beige	0.5918662693082
day15_white	AC012313.1	beige	1.56653889875017
day15_white	AC034139.1	beige	0.114028156430981
day15_white	TNKS1BP1	beige	28.2874957980865
day15_white	AL353751.1	white	0.0399038866386265
day15_white	SLC12A6	white	2.15493926296575
day15_white	ARHGEF7	beige	3.9941364216932
day15_white	TENM4	beige	1.40488226665445
day15_white	PSEN2	white	3.00622829259819
day15_white	TNK2-AS1	beige	0.180729775242005
day15_white	LIPA	white	33.5868272525084
day15_white	C2orf49	beige	5.09797717958646
day15_white	ADIPOQ	beige	745.96111395893
day15_white	AL390755.3	beige	0.240471766457204
day15_white	ZBTB20	white	0.123616973531597
day15_white	AC051635.1	white	1.58304516096908
day15_white	FGF7	white	27.997421233858
day15_white	LBH	white	27.4499246078001
day15_white	ETNK2	white	0.329143953305412
day15_white	ARF1	white	68.1850626011105
day15_white	DEFB124	white	0.132685211774375
day15_white	VILL	beige	0.800141896377925
day15_white	AC067930.5	beige	0.0701771571940222
day15_white	AC073548.2	beige	0
day15_white	AC084024.3	beige	0
day15_white	SLC22A31	beige	0
day15_white	AC018358.1	beige	0
day15_white	NPHP3-ACAD11	beige	0
day15_white	AL139289.1	beige	0
day15_white	AL031123.1	beige	0
day15_white	FOXN4	beige	0
day15_white	FAM181B	beige	0
day15_white	IKZF1	beige	0
day15_white	AC008073.3	beige	0
day15_white	AL158077.2	beige	0
day15_white	UGT3A2	beige	0
day15_white	LBX1	beige	0
day15_white	LBX1-AS1	beige	0
day15_white	MIR1247	beige	0
day15_white	TMEM179	beige	0
day15_white	WT1-AS	beige	0
day15_white	AL049692.3	beige	0
day15_white	AC067930.1	beige	0
day15_white	AC018616.1	beige	0
day15_white	AP005717.1	beige	0
day15_white	DACT2	beige	0
day15_white	CXCR4	beige	0
day15_white	AC003956.1	beige	0
day15_white	AC010605.1	beige	0
day15_white	AL160171.1	beige	0
day15_white	AL139005.1	beige	0
day15_white	LINC00461	beige	0
day15_white	MNX1	beige	0
day15_white	MNX1-AS1	beige	0
day15_white	FP236383.9	beige	0
day15_white	GLP1R	beige	0
day15_white	ADAMTS19-AS1	beige	0
day15_white	ADAMTS19	beige	0
day15_white	IL13	beige	0
day15_white	AC011377.1	beige	0
day15_white	NFIA-AS1	beige	0
day15_white	AL121845.1	beige	0
day15_white	LINC01659	beige	0
day15_white	CACNG2	beige	0
day15_white	AC025284.1	beige	0
day15_white	CBFA2T3	beige	0
day15_white	AC092384.1	beige	0
day15_white	AL391807.1	beige	0
day15_white	LINC01586	beige	0
day15_white	MIR9-3HG	beige	0
day15_white	AC016044.1	beige	0
day15_white	LINC02363	beige	0
day15_white	AC020916.2	white	0
day15_white	AC010326.2	white	0
day15_white	AC008464.1	white	0
day15_white	AL133383.1	white	0
day15_white	LACTB2-AS1	white	0
day15_white	AL049870.2	white	0
day15_white	AC017002.6	white	0
day15_white	AC017002.5	white	0
day15_white	AC005871.2	white	0
day15_white	AC078927.1	white	0
day15_white	CORO7-PAM16	white	0
day15_white	MIR155	white	0
day15_white	AC104170.1	white	0
day15_white	AC090527.2	white	0
day15_white	AL109615.2	white	0
day15_white	AC090617.1	white	0
day15_white	AC069209.2	white	0
day15_white	AC069209.1	white	0
day15_white	AC244230.2	white	0
day15_white	GPR1-AS	white	0
day15_white	AL592146.1	white	0
day15_white	LINC02207	white	0
day15_white	AC117383.1	white	0
day15_white	AC061708.1	white	0
day15_white	AP003419.1	white	0
day15_white	AL365295.2	white	0
day15_white	ELAVL2	white	0
day15_white	AL161628.1	white	0
day15_white	AC021755.2	white	0
day15_white	AC005828.1	white	0
day15_white	AC005828.3	white	0
day15_white	LINC02201	white	0
day15_white	AL513164.1	white	0
day15_white	AL359736.1	white	0
day15_white	AL450992.1	white	0
day15_white	AC105402.3	white	0
day15_white	AC092100.1	white	0
day15_white	AC136698.1	white	0
day3_white	PDXK	beige	6.87292832379246
day3_white	CD96	beige	0.0498026465634772
day3_white	PCBD1	beige	10.3177957696833
day3_white	ZFAND6	white	9.87926060461273
day3_white	DIO3OS	beige	0.179004422805501
day3_white	SV2A	beige	1.5785797886689
day3_white	FOXN2	white	9.59850899739188
day3_white	SMILR	white	0.934098896244979
day3_white	EAPP	white	11.2777197443597
day3_white	ARHGEF6	beige	4.5927831227494
day3_white	FAM227B	white	0.098354671514138
day3_white	AKAP13	white	3.81953275390884
day3_white	AC112206.2	white	0.0275561318914518
day3_white	EGFLAM	beige	7.18218759939237
day3_white	MTUS1	beige	0.026985047209611
day3_white	MTMR2	white	6.548577088994
day3_white	EXOC6	beige	0.737430036106682
day3_white	FGF13	beige	0.00762547653833016
day3_white	LINC02384	beige	0.101054471375145
day3_white	LINC01579	white	0.00840907501575887
day3_white	GPRC5B	beige	4.01379861939489
day3_white	EPB41L4A	beige	0.0672498643675026
day3_white	SH3BP4	white	4.15688744918894
day3_white	SNX10	beige	0.445600764594185
day3_white	AK5	white	0.384034845072543
day3_white	MIR100HG	white	2.75091615575274
day3_white	PXYLP1	white	0.206644421855838
day3_white	TRABD2A	white	1.74750223569908
day3_white	MED8	beige	13.7863339112093
day3_white	EMG1	beige	3.21778692174966
day3_white	AC008014.1	white	0.267864131883901
day3_white	FAM47E	beige	0.0233086822288406
day3_white	PARP15	beige	0.0222680014066097
day3_white	MMP2	white	443.436900829277
day3_white	AC007637.1	beige	1.06080191891922
day3_white	PDE3B	beige	7.25806559948962
day3_white	CCK	beige	0.00677816927384421
day3_white	RBMS1	white	10.8384853021824
day3_white	ZFYVE28	beige	0.213044833003739
day3_white	EHD2	white	96.7085838758788
day3_white	SIX3	beige	0.0130330674320199
day3_white	ACADVL	beige	95.6417165140959
day3_white	CHPT1	beige	3.88004742514719
day3_white	NPY1R	beige	0.156966884086783
day3_white	YPEL4	white	0.233605783848959
day3_white	DUS4L	white	0.352619052884018
day3_white	SYT5	white	0.110351194641695
day3_white	STON1-GTF2A1L	beige	0.150322014461181
day3_white	COL1A2	white	468.105919734529
day3_white	SLC7A7	white	0.239856141526948
day3_white	TRO	white	2.46476709680561
day3_white	UTRN	beige	8.30191920683463
day3_white	ANK1	beige	0.012206198413682
day3_white	VDR	white	0.932937285200705
day3_white	FSTL1	white	440.889528187821
day3_white	TANC2	white	1.3190890745786
day3_white	LRCH2	white	1.30727840331936
day3_white	MAPK10	beige	0.205469544538873
day3_white	FBXO27	beige	1.68347136884007
day3_white	SCARB1	white	3.28690699093979
day3_white	TMEM104	beige	6.52027125318849
day3_white	NFASC	white	1.7512236217445
day3_white	HSD11B1-AS1	beige	2.00661438169334
day3_white	MIA3	white	18.9458720014252
day3_white	SDHB	beige	16.0543075635952
day3_white	RBKS	white	0.257652818079895
day3_white	CNTFR	beige	2.43377616573329
day3_white	BAALC	white	0.0885878471219072
day3_white	CORO7	white	0.095887820638566
day3_white	SMG6	white	3.89727001420445
day3_white	MYEOV	white	0.0331457046933597
day3_white	ACKR4	beige	1.137696067891
day3_white	BCL3	beige	1.41092887982189
day3_white	SSBP3	white	7.53742601392514
day3_white	UBE2Q2L	white	0.095420606871069
day3_white	GIPR	beige	4.26747764235526
day3_white	PSMA1	beige	6.33777322625344
day3_white	GPD1	beige	102.262431808966
day3_white	ZBTB46	beige	0.0248068515826569
day3_white	LRRK2	white	0.601481256850718
day3_white	MIR4435-2HG	white	0.0743468254741541
day3_white	FGF13-AS1	beige	0.0143203832584787
day3_white	AC002401.2	beige	0.257952172395058
day3_white	HP	beige	5.22864705705587
day3_white	PTK2	white	4.32019962117062
day3_white	CPEB1-AS1	beige	0.0355540466164553
day3_white	AXL	white	9.9806165234542
day3_white	SASH1	white	9.45359621670912
day3_white	HEPH	white	3.9591146244088
day3_white	TPRG1	white	0.632887550542132
day3_white	THBS3	white	4.18896797621928
day3_white	LAIR1	beige	0.0723548331963328
day3_white	ATR	beige	1.61913465612136
day3_white	TUBGCP2	beige	4.82834468452929
day3_white	ENPP4	beige	0.237356065808939
day3_white	POR	beige	33.4239140026
day3_white	GDF15	white	1.15190148955048
day3_white	PDK2	beige	2.49394318887293
day3_white	ELMOD3	beige	3.5269780384909
day3_white	PLA2G2A	beige	22.9634559065102
day3_white	C17orf58	beige	1.38278460227027
day3_white	STAR	beige	2.19760820818137
day3_white	MIR155HG	white	0.118218056386949
day3_white	SLC43A3	white	0.989947924141031
day3_white	AL049749.1	beige	0.125506609705721
day3_white	KRT18	white	0.37822876143942
day3_white	GPR1	white	1.94115228656717
day3_white	ASS1	beige	65.6896299953998
day3_white	TNK2	beige	0.706749849704098
day3_white	STMN2	white	2.15259118857862
day3_white	ILVBL	beige	4.42813680552683
day3_white	ITIH5	beige	2.03155581077174
day3_white	FAM228A	beige	0.0680329186006484
day3_white	TRIM6	white	0.458960336877666
day3_white	LINC00513	white	0.074713190584875
day3_white	SEPTIN11	white	85.0907344722416
day3_white	PTK2B	beige	5.17413760580204
day3_white	SLC8A2	beige	0.0102926465614074
day3_white	SLC2A3	white	3.11481839607704
day3_white	MROH6	beige	0.270844733421441
day3_white	ABHD5	beige	22.6389610558515
day3_white	DIXDC1	beige	10.7981417112305
day3_white	PHYHD1	beige	2.27615918196219
day3_white	IL1RAPL1	white	0.0610044192934687
day3_white	C6	beige	0.211606452134366
day3_white	PLIN4	beige	81.9242867919594
day3_white	RAI14	white	3.22530729758951
day3_white	C19orf12	beige	22.7636490835756
day3_white	GSDMD	beige	1.13854123052679
day3_white	ECHDC2	beige	5.75010142758821
day3_white	SHROOM3	beige	0.045325243088451
day3_white	HOTAIR	beige	0.482486018658879
day3_white	SORT1	beige	79.2772297330782
day3_white	HSPB2-C11orf52	white	0.0810906380196528
day3_white	WNK1	white	21.0242185660733
day3_white	LRRC9	beige	0.0119848419016726
day3_white	CRYAB	white	67.6478599923616
day3_white	ITFG2	beige	2.44863486364994
day3_white	PIP4K2A	white	9.04160309166577
day3_white	METRNL	white	2.30180133221413
day3_white	SQOR	white	0.690906374697508
day3_white	AC104389.5	white	0.0352766937282369
day3_white	ZBTB38	white	5.04857010237629
day3_white	GCOM1	white	0.0891865463566143
day3_white	GPT	beige	1.1281592330131
day3_white	VPS9D1	beige	2.50001466005768
day3_white	FAM47E-STBD1	beige	0.00820701490960675
day3_white	CFLAR	white	13.3541253903529
day3_white	CTSA	beige	23.7511416365571
day3_white	WNK4	white	1.97505453545421
day3_white	ARHGAP22	white	0.365901056911844
day3_white	MYZAP	white	0.129344423523623
day3_white	ZSWIM4	white	0.230652174702255
day3_white	LPAR3	beige	0.329588285100406
day3_white	COL11A1	white	4.12241528858208
day3_white	PDZD2	beige	0.0764905221910807
day3_white	CARD16	white	0.0368288069741614
day3_white	AL109615.3	white	0.00641582229907061
day3_white	AC016831.1	white	0.245806931796931
day3_white	PSMA4	beige	18.1530009475214
day3_white	MRPL33	white	28.8587325317397
day3_white	FHL2	white	4.44156181437392
day3_white	ZNF808	beige	1.49350059722294
day3_white	IFI44L	white	0.732039374014857
day3_white	LLPH-DT	white	0.159442006741496
day3_white	EIF3H	white	23.6857801667176
day3_white	LPL	beige	41.2138720685473
day3_white	AL365295.1	white	0.0977143375987711
day3_white	AC025031.4	white	0.0415925021790161
day3_white	ZNF584	beige	2.08190720566996
day3_white	RUFY3	white	2.88314260497901
day3_white	CHI3L2	beige	7.26883211013155
day3_white	AQP7	beige	11.0626197168741
day3_white	STON1	beige	4.28858540301895
day3_white	ANGPTL4	beige	23.3881141625515
day3_white	POLD4	white	0.855990685798806
day3_white	AP000662.1	white	0.753286774853881
day3_white	AC091212.1	white	0.12853077642615
day3_white	SEPTIN9-DT	beige	0.397083092955504
day3_white	CD34	beige	1.45657911909279
day3_white	NAPRT	beige	1.42736329333355
day3_white	AC005082.1	beige	0.039717782384879
day3_white	BBC3	white	0.745078333158789
day3_white	VIT	white	39.7484327117579
day3_white	ACAD11	beige	0.756723275261603
day3_white	XKR5	beige	0.00467433433466435
day3_white	PDK4	beige	65.233543156368
day3_white	MBP	beige	0.151960601028059
day3_white	AC017002.3	white	0.0685583382273756
day3_white	PCK1	beige	2.56219786505746
day3_white	PLEC	white	2.2842832209628
day3_white	MEST	white	87.5358905921114
day3_white	G0S2	beige	182.449315318526
day3_white	NEURL2	beige	0.399807531758933
day3_white	ADRB1	beige	0.0530254132972487
day3_white	NAV1	beige	13.9200127713903
day3_white	STC2	white	14.0642588585477
day3_white	DVL2	beige	4.76956369267922
day3_white	ILRUN	beige	28.634735358772
day3_white	PLCL1	white	0.40757448100388
day3_white	NWD2	beige	0.00172757464092414
day3_white	TH2LCRR	beige	0.0453076268409251
day3_white	HAVCR2	beige	0.11471248916891
day3_white	LINC00887	white	0.112677470476781
day3_white	NRCAM	beige	55.6259357210763
day3_white	EMB	beige	0.00512073960549605
day3_white	MXRA8	white	27.3892200571294
day3_white	KRT8	white	0.187252765845232
day3_white	DLGAP1	beige	0.00222378932396138
day3_white	NAPA	white	6.29104912964016
day3_white	LRBA	beige	5.59833462877353
day3_white	C1RL	white	15.5877898174331
day3_white	NFIA	beige	2.0142783433615
day3_white	LMO7-AS1	white	0.0646026320878979
day3_white	AL137782.1	white	0.061837808175232
day3_white	AMPD3	white	0.454820801659834
day3_white	CAPN10-DT	beige	0.475796490903065
day3_white	ACACB	beige	48.7429650036436
day3_white	AOPEP	white	0.315864534908052
day3_white	SRCIN1	beige	0.214123184409343
day3_white	AL133299.1	beige	0.0315447335875553
day3_white	KIAA1217	white	1.22710304488807
day3_white	AC007906.2	white	0.906606259036732
day3_white	AC116003.1	white	0.0378497278278457
day3_white	PNMA8C	beige	0.00792110676651949
day3_white	MESTIT1	white	0.13428862369081
day3_white	CLEC11A	white	20.7869114286398
day3_white	GLDC	white	0.00477461141326877
day3_white	FHL1	beige	109.084652681002
day3_white	MLST8	beige	2.81365772997408
day3_white	CD36	beige	47.226907395797
day3_white	SULT1A1	white	0.103756229737679
day3_white	STXBP6	white	0.450845234487429
day3_white	EMP1	white	37.5001979960982
day3_white	VPS9D1-AS1	beige	0.464232602432755
day3_white	OPRK1	beige	0.00254326654937637
day3_white	ZNF175	white	1.54791372581014
day3_white	ARHGEF7-AS2	beige	0.0974077274501805
day3_white	STX16-NPEPL1	beige	0.110671103394923
day3_white	TAFA2	white	0.136785330533881
day3_white	SPATA13	white	0.163842956667937
day3_white	SLC25A18	beige	4.95428985798711
day3_white	ESR1	beige	0.010044287090921
day3_white	ADAMTSL2	beige	0.0233293521617564
day3_white	LMO7	white	1.77039526653466
day3_white	EPS8	white	17.2720759255203
day3_white	CLP1	white	6.20877436897784
day3_white	AC007920.2	white	1.1140000926105
day3_white	SSC4D	beige	0.0817382163804528
day3_white	AC009226.1	white	0.0863270759797077
day3_white	SSR3	white	105.086187268354
day3_white	CCT6A	white	46.35169180148
day3_white	AC108448.3	white	0.00923673619284977
day3_white	MYOSLID	white	1.73723329548072
day3_white	AC087645.2	white	0.146840162161633
day3_white	ITGB1-DT	white	0.143145397612438
day3_white	AC010519.1	white	0.387496029194586
day3_white	LINC02085	white	0.0145815781614977
day3_white	AC010327.4	white	0.0597016943597509
day3_white	HRH1	white	0.245425637747163
day3_white	AOC3	beige	262.728512232331
day3_white	IGF1R	white	4.15557923808509
day3_white	ADA2	white	0.0169843788404178
day3_white	XPNPEP1	beige	15.3034172953958
day3_white	AC007666.2	beige	0.0893032742579625
day3_white	AOC2	beige	16.5751576380177
day3_white	IFIT2	white	1.132803004261
day3_white	PLIN5	beige	0.739344670698009
day3_white	KIF5C	white	0.00912126346728495
day3_white	NPFFR1	beige	0.00370026595180937
day3_white	NOTO	beige	0.0142843336144455
day3_white	AC084125.2	beige	0.174529108777693
day3_white	PPP1R1A	beige	1.27509101357734
day3_white	APOL6	beige	40.4900841869319
day3_white	HSPB2	white	0.372267953284812
day3_white	CNST	white	6.35121253596644
day3_white	FAP	white	4.9381531554759
day3_white	AL139220.2	white	0.042567253501461
day3_white	TENM2	white	0.0154754353439967
day3_white	PM20D1	beige	0.954772457558191
day3_white	AL035252.2	beige	0.00687532992153607
day3_white	ZSCAN16-AS1	beige	1.49300137904504
day3_white	EMX2OS	white	11.24643852683
day3_white	AP000695.1	white	0.0533324807667335
day3_white	RAD9A	white	0.795507641442695
day3_white	AL356218.2	beige	0.528095378484535
day3_white	FABP4	beige	1225.5765584915
day3_white	FP236383.3	beige	0.0115716759980506
day3_white	PDGFRB	white	101.447590299571
day3_white	U1	white	0.665566738537279
day3_white	CECR2	beige	0.0109183217883573
day3_white	EFCAB13	beige	0.141227404087948
day3_white	AP4E1	white	3.34312977701773
day3_white	AC006059.1	white	0.214078787700547
day3_white	AC073593.2	white	0.0869670764416551
day3_white	FHOD1	white	5.08615791957417
day3_white	SLC9A5	white	1.18721780270343
day3_white	CRYM	beige	0.00441622836961516
day3_white	AFP	white	0.0264935496334978
day3_white	ITGB1	white	308.293606663708
day3_white	AC126182.3	white	0.16219902862407
day3_white	NPEPL1	beige	0.411258505602419
day3_white	IPO9-AS1	beige	0.20291160101272
day3_white	AL353138.1	white	1.24302915535946
day3_white	AC002074.1	white	0.972215670364161
day3_white	LINC01943	white	0.137325443721921
day3_white	NAPA-AS1	white	0.464113297399847
day3_white	ADAMTS18	beige	0.161563464055066
day3_white	ARID5B	white	23.0486405473936
day3_white	AC016831.7	white	0.117983313332276
day3_white	LY6E-DT	white	0.23070680631398
day3_white	TXNL4B	beige	3.82310889985258
day3_white	ABL2	white	1.94046024094158
day3_white	FAM87A	white	0.00956670560399443
day3_white	AC008063.1	beige	0.0198765465563704
day3_white	ITIH1	beige	0.867803493438992
day3_white	TRAF3IP2	beige	2.89696054152899
day3_white	PKP2	beige	0.0353672764213442
day3_white	AC002451.1	beige	0.0676474799474222
day3_white	TNFSF13B	beige	0.184770888225078
day3_white	AC119673.2	beige	1.29528415857971
day3_white	AP3B2	beige	0.294732791606166
day3_white	PAMR1	white	1.49348245029935
day3_white	AC011498.4	beige	0.752450113814161
day3_white	AC012313.1	beige	2.96450895711026
day3_white	AC034139.1	beige	0.0320163860996018
day3_white	TNKS1BP1	beige	34.4676803137739
day3_white	AL353751.1	white	0.00996185724922536
day3_white	SLC12A6	white	2.37622655074996
day3_white	ARHGEF7	beige	5.59500073210171
day3_white	TENM4	beige	1.95442197577017
day3_white	PSEN2	white	1.47345038097784
day3_white	TNK2-AS1	beige	0.223576018284846
day3_white	LIPA	white	36.3476131421855
day3_white	C2orf49	beige	7.54300115214851
day3_white	ADIPOQ	beige	177.158960328722
day3_white	AL390755.3	beige	0.286785522889422
day3_white	ZBTB20	white	0.243211069365665
day3_white	AC051635.1	white	0.185258712713566
day3_white	FGF7	white	29.1418223282516
day3_white	LBH	white	1.07723312923138
day3_white	ETNK2	white	0.110749554703201
day3_white	ARF1	white	75.0430113132045
day3_white	DEFB124	white	0.060764460815008
day3_white	VILL	beige	0.46034338833157
day3_white	AC067930.5	beige	0.0524219476848949
day3_white	AC073548.2	beige	0
day3_white	AC084024.3	beige	0
day3_white	SLC22A31	beige	0
day3_white	AC018358.1	beige	0
day3_white	NPHP3-ACAD11	beige	0
day3_white	AL139289.1	beige	0
day3_white	AL031123.1	beige	0
day3_white	FOXN4	beige	0
day3_white	FAM181B	beige	0
day3_white	IKZF1	beige	0
day3_white	AC008073.3	beige	0
day3_white	AL158077.2	beige	0
day3_white	UGT3A2	beige	0
day3_white	LBX1	beige	0
day3_white	LBX1-AS1	beige	0
day3_white	MIR1247	beige	0
day3_white	TMEM179	beige	0
day3_white	WT1-AS	beige	0
day3_white	AL049692.3	beige	0
day3_white	AC067930.1	beige	0
day3_white	AC018616.1	beige	0
day3_white	AP005717.1	beige	0
day3_white	DACT2	beige	0
day3_white	CXCR4	beige	0
day3_white	AC003956.1	beige	0
day3_white	AC010605.1	beige	0
day3_white	AL160171.1	beige	0
day3_white	AL139005.1	beige	0
day3_white	LINC00461	beige	0
day3_white	MNX1	beige	0
day3_white	MNX1-AS1	beige	0
day3_white	FP236383.9	beige	0
day3_white	GLP1R	beige	0
day3_white	ADAMTS19-AS1	beige	0
day3_white	ADAMTS19	beige	0
day3_white	IL13	beige	0
day3_white	AC011377.1	beige	0
day3_white	NFIA-AS1	beige	0
day3_white	AL121845.1	beige	0
day3_white	LINC01659	beige	0
day3_white	CACNG2	beige	0
day3_white	AC025284.1	beige	0
day3_white	CBFA2T3	beige	0
day3_white	AC092384.1	beige	0
day3_white	AL391807.1	beige	0
day3_white	LINC01586	beige	0
day3_white	MIR9-3HG	beige	0
day3_white	AC016044.1	beige	0
day3_white	LINC02363	beige	0
day3_white	AC020916.2	white	0
day3_white	AC010326.2	white	0
day3_white	AC008464.1	white	0
day3_white	AL133383.1	white	0
day3_white	LACTB2-AS1	white	0
day3_white	AL049870.2	white	0
day3_white	AC017002.6	white	0
day3_white	AC017002.5	white	0
day3_white	AC005871.2	white	0
day3_white	AC078927.1	white	0
day3_white	CORO7-PAM16	white	0
day3_white	MIR155	white	0
day3_white	AC104170.1	white	0
day3_white	AC090527.2	white	0
day3_white	AL109615.2	white	0
day3_white	AC090617.1	white	0
day3_white	AC069209.2	white	0
day3_white	AC069209.1	white	0
day3_white	AC244230.2	white	0
day3_white	GPR1-AS	white	0
day3_white	AL592146.1	white	0
day3_white	LINC02207	white	0
day3_white	AC117383.1	white	0
day3_white	AC061708.1	white	0
day3_white	AP003419.1	white	0
day3_white	AL365295.2	white	0
day3_white	ELAVL2	white	0
day3_white	AL161628.1	white	0
day3_white	AC021755.2	white	0
day3_white	AC005828.1	white	0
day3_white	AC005828.3	white	0
day3_white	LINC02201	white	0
day3_white	AL513164.1	white	0
day3_white	AL359736.1	white	0
day3_white	AL450992.1	white	0
day3_white	AC105402.3	white	0
day3_white	AC092100.1	white	0
day3_white	AC136698.1	white	0
day1_white	PDXK	beige	4.91657900452974
day1_white	CD96	beige	0.00808582229030514
day1_white	PCBD1	beige	2.74001045704005
day1_white	ZFAND6	white	7.60198889474107
day1_white	DIO3OS	beige	0.0186918297973345
day1_white	SV2A	beige	2.28490474712304
day1_white	FOXN2	white	6.44943963257948
day1_white	SMILR	white	4.34010741883786
day1_white	EAPP	white	10.8794111414682
day1_white	ARHGEF6	beige	5.93030595221948
day1_white	FAM227B	white	0.297524556456694
day1_white	AKAP13	white	5.81015609786084
day1_white	AC112206.2	white	0.0815497246267387
day1_white	EGFLAM	beige	1.60680241647121
day1_white	MTUS1	beige	0.0255492377205139
day1_white	MTMR2	white	7.31285961075498
day1_white	EXOC6	beige	0.228327120821165
day1_white	FGF13	beige	0.00592287078233553
day1_white	LINC02384	beige	0.0978590965861013
day1_white	LINC01579	white	0.0255305917531738
day1_white	GPRC5B	beige	1.82886823099862
day1_white	EPB41L4A	beige	0.0714082823955533
day1_white	SH3BP4	white	7.37566171490704
day1_white	SNX10	beige	0.27544224847961
day1_white	AK5	white	1.15893090028451
day1_white	MIR100HG	white	5.22726310228389
day1_white	PXYLP1	white	0.493697409037488
day1_white	TRABD2A	white	2.07798594919021
day1_white	MED8	beige	9.30581345735673
day1_white	EMG1	beige	3.97868876056787
day1_white	AC008014.1	white	0.443419032370112
day1_white	FAM47E	beige	0.0106874840773178
day1_white	PARP15	beige	0.0330132989380074
day1_white	MMP2	white	452.868853551505
day1_white	AC007637.1	beige	0.726062249747444
day1_white	PDE3B	beige	1.33281487081175
day1_white	CCK	beige	0.0388230792364985
day1_white	RBMS1	white	19.4399051906643
day1_white	ZFYVE28	beige	0.205354554260433
day1_white	EHD2	white	76.9035053497829
day1_white	SIX3	beige	0.0136144249681437
day1_white	ACADVL	beige	57.9974982964501
day1_white	CHPT1	beige	3.11573405828499
day1_white	NPY1R	beige	0.0134252524002992
day1_white	YPEL4	white	0.3547167021349
day1_white	DUS4L	white	0.300020824948611
day1_white	SYT5	white	0.0820814174620682
day1_white	STON1-GTF2A1L	beige	0.0581746748664463
day1_white	COL1A2	white	1292.70965035818
day1_white	SLC7A7	white	0.450640180321446
day1_white	TRO	white	3.86019836004227
day1_white	UTRN	beige	4.75560386418446
day1_white	ANK1	beige	0.0256837292938039
day1_white	VDR	white	3.14304070263096
day1_white	FSTL1	white	626.262317650702
day1_white	TANC2	white	2.71998436874778
day1_white	LRCH2	white	2.64197162844766
day1_white	MAPK10	beige	0.0846385843142075
day1_white	FBXO27	beige	0.677627077645219
day1_white	SCARB1	white	2.23742117853165
day1_white	TMEM104	beige	2.61988338815466
day1_white	NFASC	white	1.48311838166608
day1_white	HSD11B1-AS1	beige	0.341780719890407
day1_white	MIA3	white	18.728779785195
day1_white	SDHB	beige	8.94618189276529
day1_white	RBKS	white	0.344247835052227
day1_white	CNTFR	beige	0.0344771262068891
day1_white	BAALC	white	0.522242232462346
day1_white	CORO7	white	0.0705554678687252
day1_white	SMG6	white	5.07116514331507
day1_white	MYEOV	white	0.0226735563078161
day1_white	ACKR4	beige	0.320907848384564
day1_white	BCL3	beige	4.64583426724483
day1_white	SSBP3	white	8.53702787809036
day1_white	UBE2Q2L	white	0.119967323836883
day1_white	GIPR	beige	0.197268410637835
day1_white	PSMA1	beige	5.55155226240635
day1_white	GPD1	beige	3.94805054730028
day1_white	ZBTB46	beige	0.0117866048668105
day1_white	LRRK2	white	1.70707080066817
day1_white	MIR4435-2HG	white	0.203856069219544
day1_white	FGF13-AS1	beige	0.0160235189977059
day1_white	AC002401.2	beige	0.0679412230737782
day1_white	HP	beige	0.380311784406471
day1_white	PTK2	white	3.51963965696143
day1_white	CPEB1-AS1	beige	0.0244664774688745
day1_white	AXL	white	11.7101940710351
day1_white	SASH1	white	9.05432610626879
day1_white	HEPH	white	10.8045865891501
day1_white	TPRG1	white	0.303931585881739
day1_white	THBS3	white	11.0228068274191
day1_white	LAIR1	beige	0.00235883557506218
day1_white	ATR	beige	1.88453577516183
day1_white	TUBGCP2	beige	4.00882525484001
day1_white	ENPP4	beige	0.438946756753667
day1_white	POR	beige	23.0773040847613
day1_white	GDF15	white	0.37815109330006
day1_white	PDK2	beige	1.5108843679922
day1_white	ELMOD3	beige	2.79466420560438
day1_white	PLA2G2A	beige	23.6780007340278
day1_white	C17orf58	beige	1.25749156457612
day1_white	STAR	beige	0.774884321072989
day1_white	MIR155HG	white	0.849985034066536
day1_white	SLC43A3	white	3.30541860818288
day1_white	AL049749.1	beige	0.0163241232216637
day1_white	KRT18	white	0.438542565374982
day1_white	GPR1	white	8.50458589755956
day1_white	ASS1	beige	44.5897600339036
day1_white	TNK2	beige	0.593656561790039
day1_white	STMN2	white	14.3492332435066
day1_white	ILVBL	beige	2.65022527178114
day1_white	ITIH5	beige	0.0900814479401271
day1_white	FAM228A	beige	0.0176593821825268
day1_white	TRIM6	white	0.654471401081122
day1_white	LINC00513	white	0.116925048333866
day1_white	SEPTIN11	white	91.5971151877893
day1_white	PTK2B	beige	5.60513541056268
day1_white	SLC8A2	beige	0.0247810462735576
day1_white	SLC2A3	white	5.96659535482272
day1_white	MROH6	beige	0.243691283498372
day1_white	ABHD5	beige	8.86536325365524
day1_white	DIXDC1	beige	6.64713064285557
day1_white	PHYHD1	beige	1.00139606440675
day1_white	IL1RAPL1	white	0.059910012803558
day1_white	C6	beige	0.0563695291812614
day1_white	PLIN4	beige	11.807474199428
day1_white	RAI14	white	8.79692288282347
day1_white	C19orf12	beige	4.57526494579375
day1_white	GSDMD	beige	1.0342604741043
day1_white	ECHDC2	beige	1.99116963378665
day1_white	SHROOM3	beige	0.270009710879445
day1_white	HOTAIR	beige	0.672936828920344
day1_white	SORT1	beige	16.5766116603076
day1_white	HSPB2-C11orf52	white	0.0177400869957382
day1_white	WNK1	white	21.3987155005838
day1_white	LRRC9	beige	0.00322550326176672
day1_white	CRYAB	white	34.2891585304533
day1_white	ITFG2	beige	2.33427255497526
day1_white	PIP4K2A	white	13.8298707415874
day1_white	METRNL	white	3.43674198980943
day1_white	SQOR	white	1.92738873027996
day1_white	AC104389.5	white	0.0361959058068157
day1_white	ZBTB38	white	6.12100271297212
day1_white	GCOM1	white	0.0142696849808925
day1_white	GPT	beige	0.0160331272974273
day1_white	VPS9D1	beige	2.06146139599861
day1_white	FAM47E-STBD1	beige	0.00316468187105081
day1_white	CFLAR	white	9.56942045095851
day1_white	CTSA	beige	30.0042469691067
day1_white	WNK4	white	2.43702797125772
day1_white	ARHGAP22	white	0.35763884326908
day1_white	MYZAP	white	0.0244807272889021
day1_white	ZSWIM4	white	0.134065414083123
day1_white	LPAR3	beige	0.141212819521567
day1_white	COL11A1	white	12.1575859579782
day1_white	PDZD2	beige	0.138533546803701
day1_white	CARD16	white	0.120272816095504
day1_white	AL109615.3	white	0.0375645480462788
day1_white	AC016831.1	white	0.142049060541963
day1_white	PSMA4	beige	14.799121826077
day1_white	MRPL33	white	27.9269264753888
day1_white	FHL2	white	9.85365134006363
day1_white	ZNF808	beige	1.64656028390434
day1_white	IFI44L	white	6.62296143151035
day1_white	LLPH-DT	white	0.260447877898458
day1_white	EIF3H	white	21.6042687434622
day1_white	LPL	beige	1.45548891937909
day1_white	AL365295.1	white	0.0471589235236641
day1_white	AC025031.4	white	0.111732871512745
day1_white	ZNF584	beige	2.20124656227817
day1_white	RUFY3	white	4.13617282002179
day1_white	CHI3L2	beige	2.08592071257826
day1_white	AQP7	beige	1.84991992128692
day1_white	STON1	beige	3.61608653278182
day1_white	ANGPTL4	beige	19.4894687052796
day1_white	POLD4	white	1.3215855596251
day1_white	AP000662.1	white	0.585156951798855
day1_white	AC091212.1	white	0.144882246391071
day1_white	SEPTIN9-DT	beige	0.0771874320206415
day1_white	CD34	beige	3.1166502491418
day1_white	NAPRT	beige	0.838686131964144
day1_white	AC005082.1	beige	0.0379596708217256
day1_white	BBC3	white	0.840503538871161
day1_white	VIT	white	20.4219649436797
day1_white	ACAD11	beige	0.706536584505236
day1_white	XKR5	beige	0.0339777019759361
day1_white	PDK4	beige	76.4743504833448
day1_white	MBP	beige	0.0846832935981129
day1_white	AC017002.3	white	0.0547021367361242
day1_white	PCK1	beige	0.0187090492577766
day1_white	PLEC	white	5.53916142089524
day1_white	MEST	white	18.0685961857186
day1_white	G0S2	beige	34.5581465541475
day1_white	NEURL2	beige	0.347975364137007
day1_white	ADRB1	beige	0.0128141586286577
day1_white	NAV1	beige	16.8365021158866
day1_white	STC2	white	51.3596586806677
day1_white	DVL2	beige	3.92466051387106
day1_white	ILRUN	beige	17.2299459873499
day1_white	PLCL1	white	0.586935006344135
day1_white	NWD2	beige	0.00136445277699442
day1_white	TH2LCRR	beige	0.0117257726356053
day1_white	HAVCR2	beige	0.0749160431903202
day1_white	LINC00887	white	0.465296383199208
day1_white	NRCAM	beige	27.1569806961577
day1_white	EMB	beige	0.010785822977463
day1_white	MXRA8	white	26.0102866643053
day1_white	KRT8	white	0.405764564815748
day1_white	DLGAP1	beige	0.0179246806211212
day1_white	NAPA	white	4.24411543600432
day1_white	LRBA	beige	3.01924932344447
day1_white	C1RL	white	20.1758552206169
day1_white	NFIA	beige	1.55180183822807
day1_white	LMO7-AS1	white	0.120693008200386
day1_white	AL137782.1	white	0.0871937638604623
day1_white	AMPD3	white	1.17723314362561
day1_white	CAPN10-DT	beige	0.39079105806346
day1_white	ACACB	beige	9.42633064946609
day1_white	AOPEP	white	0.368075100471997
day1_white	SRCIN1	beige	0.0150968473293753
day1_white	AL133299.1	beige	0.0416395663542942
day1_white	KIAA1217	white	1.85184194663279
day1_white	AC007906.2	white	1.54161894005836
day1_white	AC116003.1	white	0.0456889140156243
day1_white	PNMA8C	beige	0.00449598958842933
day1_white	MESTIT1	white	0.0457917801173971
day1_white	CLEC11A	white	38.4668873879912
day1_white	GLDC	white	0.0102019683070039
day1_white	FHL1	beige	40.0827782997088
day1_white	MLST8	beige	1.93929618581147
day1_white	CD36	beige	14.3432259210167
day1_white	SULT1A1	white	0.0258803171128223
day1_white	STXBP6	white	1.69930943803264
day1_white	EMP1	white	99.4363073466188
day1_white	VPS9D1-AS1	beige	1.23102006429765
day1_white	OPRK1	beige	0.00187775341034611
day1_white	ZNF175	white	1.70460257600932
day1_white	ARHGEF7-AS2	beige	0.0165120259701174
day1_white	STX16-NPEPL1	beige	0.224229326681746
day1_white	TAFA2	white	0.130993052917374
day1_white	SPATA13	white	0.358067227820629
day1_white	SLC25A18	beige	0.388642140221052
day1_white	ESR1	beige	0.0130045460726858
day1_white	ADAMTSL2	beige	0.0616168691502002
day1_white	LMO7	white	5.64893336825843
day1_white	EPS8	white	18.0962540209051
day1_white	CLP1	white	6.022041951519
day1_white	AC007920.2	white	2.9934014590484
day1_white	SSC4D	beige	0.0966924563126418
day1_white	AC009226.1	white	0.277715805761178
day1_white	SSR3	white	87.8452686057665
day1_white	CCT6A	white	40.6476977758483
day1_white	AC108448.3	white	0.0683333855446097
day1_white	MYOSLID	white	1.54976848903686
day1_white	AC087645.2	white	0.0778673896281299
day1_white	ITGB1-DT	white	0.121367317185586
day1_white	AC010519.1	white	0.500738733383216
day1_white	LINC02085	white	0.0216156095620805
day1_white	AC010327.4	white	0.163848267230089
day1_white	HRH1	white	1.54569796107036
day1_white	AOC3	beige	23.9693887295321
day1_white	IGF1R	white	6.49049509869332
day1_white	ADA2	white	0.0795169131727475
day1_white	XPNPEP1	beige	10.0828585334836
day1_white	AC007666.2	beige	0.0509181052114968
day1_white	AOC2	beige	3.43046620892522
day1_white	IFIT2	white	1.54027669625073
day1_white	PLIN5	beige	0.0293211775694781
day1_white	KIF5C	white	0.0278146243898775
day1_white	NPFFR1	beige	0.00141885993134853
day1_white	NOTO	beige	0.00461664108194508
day1_white	AC084125.2	beige	0.191177485053381
day1_white	PPP1R1A	beige	0.0538654650424661
day1_white	APOL6	beige	16.4720042747525
day1_white	HSPB2	white	0.216934518030226
day1_white	CNST	white	5.14858329447917
day1_white	FAP	white	29.5928579325325
day1_white	AL139220.2	white	0.106081718011397
day1_white	TENM2	white	0.125548030387539
day1_white	PM20D1	beige	0.0479221961472891
day1_white	AL035252.2	beige	0.00864976520456206
day1_white	ZSCAN16-AS1	beige	0.879143205194951
day1_white	EMX2OS	white	13.9103399108413
day1_white	AP000695.1	white	0.132237019475458
day1_white	RAD9A	white	0.849120305390709
day1_white	AL356218.2	beige	0.123548895086484
day1_white	FABP4	beige	133.493349688887
day1_white	FP236383.3	beige	0.00718279903136899
day1_white	PDGFRB	white	66.0582395786242
day1_white	U1	white	0.779906176116727
day1_white	CECR2	beige	0.0161420666416556
day1_white	EFCAB13	beige	0.224810775813634
day1_white	AP4E1	white	3.21659031436391
day1_white	AC006059.1	white	0.291436592747175
day1_white	AC073593.2	white	0.171042838192672
day1_white	FHOD1	white	2.75107964422432
day1_white	SLC9A5	white	1.18883260793445
day1_white	CRYM	beige	0.0149925253476937
day1_white	AFP	white	0.0495559032865637
day1_white	ITGB1	white	473.041214734391
day1_white	AC126182.3	white	0.198527081147226
day1_white	NPEPL1	beige	0.439871725578023
day1_white	IPO9-AS1	beige	0.182034636779344
day1_white	AL353138.1	white	1.08501903198509
day1_white	AC002074.1	white	0.878788201566798
day1_white	LINC01943	white	0.142187810045726
day1_white	NAPA-AS1	white	0.415698277831038
day1_white	ADAMTS18	beige	0.0381146210417315
day1_white	ARID5B	white	28.9209331145443
day1_white	AC016831.7	white	0.0942162450869151
day1_white	LY6E-DT	white	0.199677390109851
day1_white	TXNL4B	beige	3.92440302097388
day1_white	ABL2	white	2.13664464199092
day1_white	FAM87A	white	0.00787689413272246
day1_white	AC008063.1	beige	0.0865420701704065
day1_white	ITIH1	beige	0.00251106987811006
day1_white	TRAF3IP2	beige	4.72791646906063
day1_white	PKP2	beige	0.00548109985180085
day1_white	AC002451.1	beige	0.0369345012361635
day1_white	TNFSF13B	beige	0.302523556700683
day1_white	AC119673.2	beige	0.952523120515596
day1_white	AP3B2	beige	0.274399183401494
day1_white	PAMR1	white	8.34541754718626
day1_white	AC011498.4	beige	0.0291934647946227
day1_white	AC012313.1	beige	3.10156510952457
day1_white	AC034139.1	beige	0.00667225202282175
day1_white	TNKS1BP1	beige	29.4604326505115
day1_white	AL353751.1	white	0.0365786928520976
day1_white	SLC12A6	white	3.27718353693184
day1_white	ARHGEF7	beige	3.80507345546116
day1_white	TENM4	beige	1.06101987463905
day1_white	PSEN2	white	0.286071894274181
day1_white	TNK2-AS1	beige	0.00727647714690371
day1_white	LIPA	white	33.5174399479179
day1_white	C2orf49	beige	8.69690421225503
day1_white	ADIPOQ	beige	0.510200452353158
day1_white	AL390755.3	beige	0.0380844261549135
day1_white	ZBTB20	white	0.234770753054407
day1_white	AC051635.1	white	0.252674406047033
day1_white	FGF7	white	85.8399489290107
day1_white	LBH	white	7.01907669601237
day1_white	ETNK2	white	0.155540796969465
day1_white	ARF1	white	55.3382930347024
day1_white	DEFB124	white	0.103868685429768
day1_white	VILL	beige	0.692902159897278
day1_white	AC067930.5	beige	0.0201565629611531
day1_white	AC073548.2	beige	0
day1_white	AC084024.3	beige	0
day1_white	SLC22A31	beige	0
day1_white	AC018358.1	beige	0
day1_white	NPHP3-ACAD11	beige	0
day1_white	AL139289.1	beige	0
day1_white	AL031123.1	beige	0
day1_white	FOXN4	beige	0
day1_white	FAM181B	beige	0
day1_white	IKZF1	beige	0
day1_white	AC008073.3	beige	0
day1_white	AL158077.2	beige	0
day1_white	UGT3A2	beige	0
day1_white	LBX1	beige	0
day1_white	LBX1-AS1	beige	0
day1_white	MIR1247	beige	0
day1_white	TMEM179	beige	0
day1_white	WT1-AS	beige	0
day1_white	AL049692.3	beige	0
day1_white	AC067930.1	beige	0
day1_white	AC018616.1	beige	0
day1_white	AP005717.1	beige	0
day1_white	DACT2	beige	0
day1_white	CXCR4	beige	0
day1_white	AC003956.1	beige	0
day1_white	AC010605.1	beige	0
day1_white	AL160171.1	beige	0
day1_white	AL139005.1	beige	0
day1_white	LINC00461	beige	0
day1_white	MNX1	beige	0
day1_white	MNX1-AS1	beige	0
day1_white	FP236383.9	beige	0
day1_white	GLP1R	beige	0
day1_white	ADAMTS19-AS1	beige	0
day1_white	ADAMTS19	beige	0
day1_white	IL13	beige	0
day1_white	AC011377.1	beige	0
day1_white	NFIA-AS1	beige	0
day1_white	AL121845.1	beige	0
day1_white	LINC01659	beige	0
day1_white	CACNG2	beige	0
day1_white	AC025284.1	beige	0
day1_white	CBFA2T3	beige	0
day1_white	AC092384.1	beige	0
day1_white	AL391807.1	beige	0
day1_white	LINC01586	beige	0
day1_white	MIR9-3HG	beige	0
day1_white	AC016044.1	beige	0
day1_white	LINC02363	beige	0
day1_white	AC020916.2	white	0
day1_white	AC010326.2	white	0
day1_white	AC008464.1	white	0
day1_white	AL133383.1	white	0
day1_white	LACTB2-AS1	white	0
day1_white	AL049870.2	white	0
day1_white	AC017002.6	white	0
day1_white	AC017002.5	white	0
day1_white	AC005871.2	white	0
day1_white	AC078927.1	white	0
day1_white	CORO7-PAM16	white	0
day1_white	MIR155	white	0
day1_white	AC104170.1	white	0
day1_white	AC090527.2	white	0
day1_white	AL109615.2	white	0
day1_white	AC090617.1	white	0
day1_white	AC069209.2	white	0
day1_white	AC069209.1	white	0
day1_white	AC244230.2	white	0
day1_white	GPR1-AS	white	0
day1_white	AL592146.1	white	0
day1_white	LINC02207	white	0
day1_white	AC117383.1	white	0
day1_white	AC061708.1	white	0
day1_white	AP003419.1	white	0
day1_white	AL365295.2	white	0
day1_white	ELAVL2	white	0
day1_white	AL161628.1	white	0
day1_white	AC021755.2	white	0
day1_white	AC005828.1	white	0
day1_white	AC005828.3	white	0
day1_white	LINC02201	white	0
day1_white	AL513164.1	white	0
day1_white	AL359736.1	white	0
day1_white	AL450992.1	white	0
day1_white	AC105402.3	white	0
day1_white	AC092100.1	white	0
day1_white	AC136698.1	white	0
day0_ASC	PDXK	beige	4.25382931069836
day0_ASC	CD96	beige	0.0190033280724619
day0_ASC	PCBD1	beige	4.45329454755996
day0_ASC	ZFAND6	white	7.60936006097459
day0_ASC	DIO3OS	beige	0.0112422832793689
day0_ASC	SV2A	beige	2.3339745980967
day0_ASC	FOXN2	white	4.23000928832765
day0_ASC	SMILR	white	9.27685118450688
day0_ASC	EAPP	white	12.4166398191349
day0_ASC	ARHGEF6	beige	5.61447539295547
day0_ASC	FAM227B	white	0.286680483780097
day0_ASC	AKAP13	white	4.52296119754623
day0_ASC	AC112206.2	white	0.00706750670975025
day0_ASC	EGFLAM	beige	1.11236859104713
day0_ASC	MTUS1	beige	0.232859797018105
day0_ASC	MTMR2	white	7.91151703357971
day0_ASC	EXOC6	beige	0.47890392575153
day0_ASC	FGF13	beige	0.0736111331094581
day0_ASC	LINC02384	beige	0.0806859438858837
day0_ASC	LINC01579	white	0.0259772795645195
day0_ASC	GPRC5B	beige	4.92389643941597
day0_ASC	EPB41L4A	beige	0.436515927102782
day0_ASC	SH3BP4	white	9.88700393906087
day0_ASC	SNX10	beige	0.478963178261529
day0_ASC	AK5	white	2.53753532146656
day0_ASC	MIR100HG	white	13.8882647070242
day0_ASC	PXYLP1	white	0.525224484420056
day0_ASC	TRABD2A	white	1.69758337184789
day0_ASC	MED8	beige	11.0819005371448
day0_ASC	EMG1	beige	2.96324050141193
day0_ASC	AC008014.1	white	0.625164912531236
day0_ASC	FAM47E	beige	0.0206339660166669
day0_ASC	PARP15	beige	0.111442536062912
day0_ASC	MMP2	white	516.583171426335
day0_ASC	AC007637.1	beige	0.53617487051883
day0_ASC	PDE3B	beige	0.166954176098956
day0_ASC	CCK	beige	0.00993612102255815
day0_ASC	RBMS1	white	21.3196274747978
day0_ASC	ZFYVE28	beige	0.148330282447303
day0_ASC	EHD2	white	56.456737851808
day0_ASC	SIX3	beige	0.00857561290527589
day0_ASC	ACADVL	beige	32.8365795130225
day0_ASC	CHPT1	beige	3.67043425717983
day0_ASC	NPY1R	beige	0.0133848250362106
day0_ASC	YPEL4	white	0.784310826537332
day0_ASC	DUS4L	white	0.55830774709681
day0_ASC	SYT5	white	0.062841572601434
day0_ASC	STON1-GTF2A1L	beige	0.0145573025158246
day0_ASC	COL1A2	white	998.46123790862
day0_ASC	SLC7A7	white	0.983258586359462
day0_ASC	TRO	white	3.55912229137085
day0_ASC	UTRN	beige	9.90538616902577
day0_ASC	ANK1	beige	0.468238788120503
day0_ASC	VDR	white	8.19520908158212
day0_ASC	FSTL1	white	400.933026751168
day0_ASC	TANC2	white	2.73671465130994
day0_ASC	LRCH2	white	4.26875443895592
day0_ASC	MAPK10	beige	0.12238947690678
day0_ASC	FBXO27	beige	0.694200828226664
day0_ASC	SCARB1	white	1.23589884834419
day0_ASC	TMEM104	beige	1.9094010870514
day0_ASC	NFASC	white	2.10646555021497
day0_ASC	HSD11B1-AS1	beige	0.765228597888525
day0_ASC	MIA3	white	16.4910261632746
day0_ASC	SDHB	beige	9.05863720603988
day0_ASC	RBKS	white	0.819376854129292
day0_ASC	CNTFR	beige	0.0170545445062345
day0_ASC	BAALC	white	5.69913143693951
day0_ASC	CORO7	white	0.0481362414370298
day0_ASC	SMG6	white	6.18861943318945
day0_ASC	MYEOV	white	0.205529896390079
day0_ASC	ACKR4	beige	19.0211470928497
day0_ASC	BCL3	beige	4.90941648469911
day0_ASC	SSBP3	white	8.3022058418798
day0_ASC	UBE2Q2L	white	0.0615874391736672
day0_ASC	GIPR	beige	0.0166248026590671
day0_ASC	PSMA1	beige	4.32234212989496
day0_ASC	GPD1	beige	0.062752514807484
day0_ASC	ZBTB46	beige	0.0323100064153677
day0_ASC	LRRK2	white	1.90722333118799
day0_ASC	MIR4435-2HG	white	1.69613570629677
day0_ASC	FGF13-AS1	beige	0.0119175964993973
day0_ASC	AC002401.2	beige	0.0315380057289097
day0_ASC	HP	beige	0.0956700478572631
day0_ASC	PTK2	white	4.70052028967693
day0_ASC	CPEB1-AS1	beige	0.108367491923837
day0_ASC	AXL	white	34.1286516323355
day0_ASC	SASH1	white	15.3396306941057
day0_ASC	HEPH	white	14.344651258064
day0_ASC	TPRG1	white	0.140467138863753
day0_ASC	THBS3	white	13.7299142847776
day0_ASC	LAIR1	beige	0.00189669025061106
day0_ASC	ATR	beige	1.41013904651738
day0_ASC	TUBGCP2	beige	4.00520944728425
day0_ASC	ENPP4	beige	0.282080387014764
day0_ASC	POR	beige	5.4414339437752
day0_ASC	GDF15	white	1.02422147554237
day0_ASC	PDK2	beige	2.29568867558683
day0_ASC	ELMOD3	beige	2.43819859039772
day0_ASC	PLA2G2A	beige	51.2466215812086
day0_ASC	C17orf58	beige	7.84716452521997
day0_ASC	STAR	beige	0.446877066493817
day0_ASC	MIR155HG	white	0.523986467226292
day0_ASC	SLC43A3	white	6.93953713560639
day0_ASC	AL049749.1	beige	0.0233086874923913
day0_ASC	KRT18	white	5.99893604643675
day0_ASC	GPR1	white	16.5782559353723
day0_ASC	ASS1	beige	18.5427551517723
day0_ASC	TNK2	beige	0.401641016066358
day0_ASC	STMN2	white	22.2488246804885
day0_ASC	ILVBL	beige	1.56892798700563
day0_ASC	ITIH5	beige	0.0799414118285033
day0_ASC	FAM228A	beige	0.0314918135247179
day0_ASC	TRIM6	white	1.25712850065637
day0_ASC	LINC00513	white	0.179156854981783
day0_ASC	SEPTIN11	white	71.6286845066265
day0_ASC	PTK2B	beige	1.17437064793991
day0_ASC	SLC8A2	beige	0.00637871145858536
day0_ASC	SLC2A3	white	11.0032451327138
day0_ASC	MROH6	beige	0.0896642321028883
day0_ASC	ABHD5	beige	3.9494711895432
day0_ASC	DIXDC1	beige	5.50164124401017
day0_ASC	PHYHD1	beige	2.36795180149391
day0_ASC	IL1RAPL1	white	0.269411728587426
day0_ASC	C6	beige	0.00835224373624386
day0_ASC	PLIN4	beige	0.169760483287464
day0_ASC	RAI14	white	17.3958875963226
day0_ASC	C19orf12	beige	2.44781518733699
day0_ASC	GSDMD	beige	0.993681190339309
day0_ASC	ECHDC2	beige	2.73322987203795
day0_ASC	SHROOM3	beige	0.910784310227649
day0_ASC	HOTAIR	beige	0.571226232053712
day0_ASC	SORT1	beige	1.37287658052965
day0_ASC	HSPB2-C11orf52	white	0.0431369226739953
day0_ASC	WNK1	white	21.2360782241186
day0_ASC	LRRC9	beige	0.00583909276005871
day0_ASC	CRYAB	white	11.9438951864857
day0_ASC	ITFG2	beige	2.12418386442081
day0_ASC	PIP4K2A	white	20.8204596817961
day0_ASC	METRNL	white	5.79230724856628
day0_ASC	SQOR	white	3.41220169746673
day0_ASC	AC104389.5	white	0.0460051323021089
day0_ASC	ZBTB38	white	11.8695628912101
day0_ASC	GCOM1	white	0.0123217363999863
day0_ASC	GPT	beige	0.00741683491562704
day0_ASC	VPS9D1	beige	1.47832585105355
day0_ASC	FAM47E-STBD1	beige	0.0061878848376922
day0_ASC	CFLAR	white	6.08542466484152
day0_ASC	CTSA	beige	34.8195631040982
day0_ASC	WNK4	white	1.0459764064708
day0_ASC	ARHGAP22	white	1.61939433001832
day0_ASC	MYZAP	white	0.0303235814028962
day0_ASC	ZSWIM4	white	0.788178385059587
day0_ASC	LPAR3	beige	0.152316490188302
day0_ASC	COL11A1	white	5.01608137984111
day0_ASC	PDZD2	beige	0.0394683407856455
day0_ASC	CARD16	white	0.408335076343128
day0_ASC	AL109615.3	white	0.114326181374126
day0_ASC	AC016831.1	white	0.449847845053126
day0_ASC	PSMA4	beige	14.4684098440499
day0_ASC	MRPL33	white	31.1281140141515
day0_ASC	FHL2	white	13.2025716508622
day0_ASC	ZNF808	beige	1.62581300255726
day0_ASC	IFI44L	white	1.43828827961596
day0_ASC	LLPH-DT	white	0.160325408701725
day0_ASC	EIF3H	white	23.2027107725384
day0_ASC	LPL	beige	0.00994009955861046
day0_ASC	AL365295.1	white	0.125711978374847
day0_ASC	AC025031.4	white	0.0605008398082005
day0_ASC	ZNF584	beige	1.92129955517953
day0_ASC	RUFY3	white	7.04309130730376
day0_ASC	CHI3L2	beige	2.60521869916624
day0_ASC	AQP7	beige	0.148141705586385
day0_ASC	STON1	beige	1.89656039694618
day0_ASC	ANGPTL4	beige	1.39288083713666
day0_ASC	POLD4	white	1.06526596330389
day0_ASC	AP000662.1	white	1.43686822095829
day0_ASC	AC091212.1	white	0.551506586837514
day0_ASC	SEPTIN9-DT	beige	0.0233063746182473
day0_ASC	CD34	beige	1.17890433101659
day0_ASC	NAPRT	beige	0.227367649259449
day0_ASC	AC005082.1	beige	0.070802998100768
day0_ASC	BBC3	white	1.03265100876489
day0_ASC	VIT	white	17.7811934741614
day0_ASC	ACAD11	beige	0.465635037830608
day0_ASC	XKR5	beige	0.00802309105472152
day0_ASC	PDK4	beige	0.620665356638331
day0_ASC	MBP	beige	1.20505824095201
day0_ASC	AC017002.3	white	0.478651541620864
day0_ASC	PCK1	beige	0.00236219541357961
day0_ASC	PLEC	white	4.11523062561771
day0_ASC	MEST	white	18.3735566768863
day0_ASC	G0S2	beige	3.55225578435311
day0_ASC	NEURL2	beige	0.314796624548493
day0_ASC	ADRB1	beige	0.00440451670681952
day0_ASC	NAV1	beige	13.1834968658707
day0_ASC	STC2	white	32.0736719248793
day0_ASC	DVL2	beige	3.11700321674708
day0_ASC	ILRUN	beige	16.2586683174346
day0_ASC	PLCL1	white	2.61921180369234
day0_ASC	NWD2	beige	0.00178431708774463
day0_ASC	TH2LCRR	beige	0.0130242728864292
day0_ASC	HAVCR2	beige	0.0769253531218852
day0_ASC	LINC00887	white	0.159470607673692
day0_ASC	NRCAM	beige	0.256732262459151
day0_ASC	EMB	beige	0.0750639127446143
day0_ASC	MXRA8	white	34.2351800031732
day0_ASC	KRT8	white	0.959517302264225
day0_ASC	DLGAP1	beige	0.0517028892176059
day0_ASC	NAPA	white	3.03586243438953
day0_ASC	LRBA	beige	2.52156964725479
day0_ASC	C1RL	white	21.6373168574474
day0_ASC	NFIA	beige	0.590414264062867
day0_ASC	LMO7-AS1	white	0.319110499298938
day0_ASC	AL137782.1	white	0.332453106882073
day0_ASC	AMPD3	white	2.48117954711685
day0_ASC	CAPN10-DT	beige	0.356591327288716
day0_ASC	ACACB	beige	0.513071060522485
day0_ASC	AOPEP	white	0.747822078827261
day0_ASC	SRCIN1	beige	0.00104355782867546
day0_ASC	AL133299.1	beige	0.0742043768577511
day0_ASC	KIAA1217	white	4.30221946077353
day0_ASC	AC007906.2	white	2.15056359640495
day0_ASC	AC116003.1	white	0.130212578631597
day0_ASC	PNMA8C	beige	0.0111850171412616
day0_ASC	MESTIT1	white	0.0507747140534451
day0_ASC	CLEC11A	white	24.1914076801688
day0_ASC	GLDC	white	0.0483071799365816
day0_ASC	FHL1	beige	27.5991218916407
day0_ASC	MLST8	beige	1.0229229703281
day0_ASC	CD36	beige	13.9401029212477
day0_ASC	SULT1A1	white	0.0150078653770521
day0_ASC	STXBP6	white	1.25425998848486
day0_ASC	EMP1	white	62.6225719101912
day0_ASC	VPS9D1-AS1	beige	0.199577153878052
day0_ASC	OPRK1	beige	0.00259107101155191
day0_ASC	ZNF175	white	1.99879133021073
day0_ASC	ARHGEF7-AS2	beige	0.0137902634709884
day0_ASC	STX16-NPEPL1	beige	0.0947107083685958
day0_ASC	TAFA2	white	0.169229470526781
day0_ASC	SPATA13	white	0.779568580809022
day0_ASC	SLC25A18	beige	0.00321749408446725
day0_ASC	ESR1	beige	0.104954746209834
day0_ASC	ADAMTSL2	beige	0.0995839016932585
day0_ASC	LMO7	white	19.3924217180944
day0_ASC	EPS8	white	20.0673025115485
day0_ASC	CLP1	white	4.66222410535722
day0_ASC	AC007920.2	white	4.25451160687237
day0_ASC	SSC4D	beige	0.0609698190573161
day0_ASC	AC009226.1	white	0.215451702138879
day0_ASC	SSR3	white	76.0901691838676
day0_ASC	CCT6A	white	35.7123553853174
day0_ASC	AC108448.3	white	0.183774410430545
day0_ASC	MYOSLID	white	0.627887170387147
day0_ASC	AC087645.2	white	0.121918273765391
day0_ASC	ITGB1-DT	white	0.206005389380655
day0_ASC	AC010519.1	white	0.358668373410926
day0_ASC	LINC02085	white	0.108409197509876
day0_ASC	AC010327.4	white	0.505161849038497
day0_ASC	HRH1	white	9.24200794190561
day0_ASC	AOC3	beige	1.38965081381079
day0_ASC	IGF1R	white	5.59425955610742
day0_ASC	ADA2	white	0.220034945737397
day0_ASC	XPNPEP1	beige	9.33161891099572
day0_ASC	AC007666.2	beige	0.00883797699740515
day0_ASC	AOC2	beige	0.300295163253892
day0_ASC	IFIT2	white	3.52242825389033
day0_ASC	PLIN5	beige	0.00571506218549192
day0_ASC	KIF5C	white	0.035232228537055
day0_ASC	NPFFR1	beige	0.00173333722153529
day0_ASC	NOTO	beige	0.00610189008768109
day0_ASC	AC084125.2	beige	0.0734628484637432
day0_ASC	PPP1R1A	beige	0.00888709433952312
day0_ASC	APOL6	beige	13.8086556337682
day0_ASC	HSPB2	white	0.31545869360294
day0_ASC	CNST	white	9.11470610535886
day0_ASC	FAP	white	49.5521712654905
day0_ASC	AL139220.2	white	0.333806861681142
day0_ASC	TENM2	white	0.116366129853476
day0_ASC	PM20D1	beige	0.0173071217262901
day0_ASC	AL035252.2	beige	0.0175699343095712
day0_ASC	ZSCAN16-AS1	beige	0.743446769564841
day0_ASC	EMX2OS	white	18.39800367476
day0_ASC	AP000695.1	white	1.08399891743284
day0_ASC	RAD9A	white	0.452027157258191
day0_ASC	AL356218.2	beige	0.0190392582481072
day0_ASC	FABP4	beige	0.571626203125304
day0_ASC	FP236383.3	beige	0.00559060790498106
day0_ASC	PDGFRB	white	57.0533805658424
day0_ASC	U1	white	0.316015817041394
day0_ASC	CECR2	beige	0.00994565683742327
day0_ASC	EFCAB13	beige	0.613946979997801
day0_ASC	AP4E1	white	5.05507366047205
day0_ASC	AC006059.1	white	0.215408935456985
day0_ASC	AC073593.2	white	0.0960903570761188
day0_ASC	FHOD1	white	3.51452087186296
day0_ASC	SLC9A5	white	1.22145286929645
day0_ASC	CRYM	beige	0.147661603856812
day0_ASC	AFP	white	0.117172807224922
day0_ASC	ITGB1	white	472.504288653054
day0_ASC	AC126182.3	white	0.159769001559934
day0_ASC	NPEPL1	beige	0.354409793702668
day0_ASC	IPO9-AS1	beige	0.109005172508264
day0_ASC	AL353138.1	white	2.36080459869642
day0_ASC	AC002074.1	white	2.63129317552847
day0_ASC	LINC01943	white	0.62956177610563
day0_ASC	NAPA-AS1	white	0.540518541781312
day0_ASC	ADAMTS18	beige	0.00907655221947858
day0_ASC	ARID5B	white	34.3318913002127
day0_ASC	AC016831.7	white	0.244313243560848
day0_ASC	LY6E-DT	white	0.417952700980067
day0_ASC	TXNL4B	beige	2.34915615736304
day0_ASC	ABL2	white	4.28543571063885
day0_ASC	FAM87A	white	0.0223152728218145
day0_ASC	AC008063.1	beige	4.11955918576022
day0_ASC	ITIH1	beige	0.00324828409712811
day0_ASC	TRAF3IP2	beige	5.88509043939408
day0_ASC	PKP2	beige	0.0228175299204897
day0_ASC	AC002451.1	beige	0.01651782493024
day0_ASC	TNFSF13B	beige	1.48461988179338
day0_ASC	AC119673.2	beige	0.670867386994658
day0_ASC	AP3B2	beige	0.0817433192243789
day0_ASC	PAMR1	white	37.1633222059435
day0_ASC	AC011498.4	beige	0.00683489873436076
day0_ASC	AC012313.1	beige	1.65707939912974
day0_ASC	AC034139.1	beige	0.0135901840419913
day0_ASC	TNKS1BP1	beige	22.4625852274016
day0_ASC	AL353751.1	white	0.0666366062309845
day0_ASC	SLC12A6	white	7.43526129344222
day0_ASC	ARHGEF7	beige	3.60306054668901
day0_ASC	TENM4	beige	2.78806336003696
day0_ASC	PSEN2	white	0.918905519009627
day0_ASC	TNK2-AS1	beige	0.00981863169902706
day0_ASC	LIPA	white	20.4714305130738
day0_ASC	C2orf49	beige	7.9584056840751
day0_ASC	ADIPOQ	beige	0.0712211471813242
day0_ASC	AL390755.3	beige	0.0153726522132836
day0_ASC	ZBTB20	white	0.274650864902945
day0_ASC	AC051635.1	white	0.522675304651384
day0_ASC	FGF7	white	110.980274652668
day0_ASC	LBH	white	3.22105858023208
day0_ASC	ETNK2	white	0.252413891424146
day0_ASC	ARF1	white	48.5658769898664
day0_ASC	DEFB124	white	0.157498384312402
day0_ASC	VILL	beige	0.497840202470185
day0_ASC	AC067930.5	beige	0.0252994737562268
day0_ASC	AC073548.2	beige	0
day0_ASC	AC084024.3	beige	0
day0_ASC	SLC22A31	beige	0
day0_ASC	AC018358.1	beige	0
day0_ASC	NPHP3-ACAD11	beige	0
day0_ASC	AL139289.1	beige	0
day0_ASC	AL031123.1	beige	0
day0_ASC	FOXN4	beige	0
day0_ASC	FAM181B	beige	0
day0_ASC	IKZF1	beige	0
day0_ASC	AC008073.3	beige	0
day0_ASC	AL158077.2	beige	0
day0_ASC	UGT3A2	beige	0
day0_ASC	LBX1	beige	0
day0_ASC	LBX1-AS1	beige	0
day0_ASC	MIR1247	beige	0
day0_ASC	TMEM179	beige	0
day0_ASC	WT1-AS	beige	0
day0_ASC	AL049692.3	beige	0
day0_ASC	AC067930.1	beige	0
day0_ASC	AC018616.1	beige	0
day0_ASC	AP005717.1	beige	0
day0_ASC	DACT2	beige	0
day0_ASC	CXCR4	beige	0
day0_ASC	AC003956.1	beige	0
day0_ASC	AC010605.1	beige	0
day0_ASC	AL160171.1	beige	0
day0_ASC	AL139005.1	beige	0
day0_ASC	LINC00461	beige	0
day0_ASC	MNX1	beige	0
day0_ASC	MNX1-AS1	beige	0
day0_ASC	FP236383.9	beige	0
day0_ASC	GLP1R	beige	0
day0_ASC	ADAMTS19-AS1	beige	0
day0_ASC	ADAMTS19	beige	0
day0_ASC	IL13	beige	0
day0_ASC	AC011377.1	beige	0
day0_ASC	NFIA-AS1	beige	0
day0_ASC	AL121845.1	beige	0
day0_ASC	LINC01659	beige	0
day0_ASC	CACNG2	beige	0
day0_ASC	AC025284.1	beige	0
day0_ASC	CBFA2T3	beige	0
day0_ASC	AC092384.1	beige	0
day0_ASC	AL391807.1	beige	0
day0_ASC	LINC01586	beige	0
day0_ASC	MIR9-3HG	beige	0
day0_ASC	AC016044.1	beige	0
day0_ASC	LINC02363	beige	0
day0_ASC	AC020916.2	white	0
day0_ASC	AC010326.2	white	0
day0_ASC	AC008464.1	white	0
day0_ASC	AL133383.1	white	0
day0_ASC	LACTB2-AS1	white	0
day0_ASC	AL049870.2	white	0
day0_ASC	AC017002.6	white	0
day0_ASC	AC017002.5	white	0
day0_ASC	AC005871.2	white	0
day0_ASC	AC078927.1	white	0
day0_ASC	CORO7-PAM16	white	0
day0_ASC	MIR155	white	0
day0_ASC	AC104170.1	white	0
day0_ASC	AC090527.2	white	0
day0_ASC	AL109615.2	white	0
day0_ASC	AC090617.1	white	0
day0_ASC	AC069209.2	white	0
day0_ASC	AC069209.1	white	0
day0_ASC	AC244230.2	white	0
day0_ASC	GPR1-AS	white	0
day0_ASC	AL592146.1	white	0
day0_ASC	LINC02207	white	0
day0_ASC	AC117383.1	white	0
day0_ASC	AC061708.1	white	0
day0_ASC	AP003419.1	white	0
day0_ASC	AL365295.2	white	0
day0_ASC	ELAVL2	white	0
day0_ASC	AL161628.1	white	0
day0_ASC	AC021755.2	white	0
day0_ASC	AC005828.1	white	0
day0_ASC	AC005828.3	white	0
day0_ASC	LINC02201	white	0
day0_ASC	AL513164.1	white	0
day0_ASC	AL359736.1	white	0
day0_ASC	AL450992.1	white	0
day0_ASC	AC105402.3	white	0
day0_ASC	AC092100.1	white	0
day0_ASC	AC136698.1	white	0
day1_beige	PDXK	beige	4.95604978059997
day1_beige	CD96	beige	0.00731441873461584
day1_beige	PCBD1	beige	1.64955561758453
day1_beige	ZFAND6	white	9.41387011002603
day1_beige	DIO3OS	beige	0.0144385838135405
day1_beige	SV2A	beige	2.76618320286211
day1_beige	FOXN2	white	7.23398662351191
day1_beige	SMILR	white	5.70448630903182
day1_beige	EAPP	white	11.856066330021
day1_beige	ARHGEF6	beige	2.70576092291852
day1_beige	FAM227B	white	0.447600085938309
day1_beige	AKAP13	white	8.11314361757859
day1_beige	AC112206.2	white	0.228754885698883
day1_beige	EGFLAM	beige	1.20573943814659
day1_beige	MTUS1	beige	0.0456743786404821
day1_beige	MTMR2	white	6.20150777204944
day1_beige	EXOC6	beige	0.115483637555719
day1_beige	FGF13	beige	0.00925078307327234
day1_beige	LINC02384	beige	0.115512727310422
day1_beige	LINC01579	white	0.0168599356336379
day1_beige	GPRC5B	beige	2.58764395878518
day1_beige	EPB41L4A	beige	0.0250580703607281
day1_beige	SH3BP4	white	6.77103946313335
day1_beige	SNX10	beige	0.303615806750911
day1_beige	AK5	white	0.716393887312885
day1_beige	MIR100HG	white	4.72180971488801
day1_beige	PXYLP1	white	1.06719773625298
day1_beige	TRABD2A	white	1.43840261088843
day1_beige	MED8	beige	8.40870961321895
day1_beige	EMG1	beige	4.21739912664309
day1_beige	AC008014.1	white	0.317740117839166
day1_beige	FAM47E	beige	0.0284842311464359
day1_beige	PARP15	beige	0.0193192778455585
day1_beige	MMP2	white	373.03162740488
day1_beige	AC007637.1	beige	0.862262669965438
day1_beige	PDE3B	beige	3.90430721755845
day1_beige	CCK	beige	0.222714001318145
day1_beige	RBMS1	white	18.4150264083556
day1_beige	ZFYVE28	beige	0.220935153104105
day1_beige	EHD2	white	52.1945237861454
day1_beige	SIX3	beige	0.0209169236142246
day1_beige	ACADVL	beige	54.1536209412321
day1_beige	CHPT1	beige	3.03189300876325
day1_beige	NPY1R	beige	0.00539881597885262
day1_beige	YPEL4	white	0.934495068734518
day1_beige	DUS4L	white	0.313886421365101
day1_beige	SYT5	white	0.0499425599322092
day1_beige	STON1-GTF2A1L	beige	0.039308196002929
day1_beige	COL1A2	white	1374.58862335728
day1_beige	SLC7A7	white	0.648761613958062
day1_beige	TRO	white	4.2689633914529
day1_beige	UTRN	beige	2.21402611602947
day1_beige	ANK1	beige	0.00604539775525998
day1_beige	VDR	white	1.79590718723214
day1_beige	FSTL1	white	804.239700018713
day1_beige	TANC2	white	2.56165158540276
day1_beige	LRCH2	white	2.09862605135165
day1_beige	MAPK10	beige	0.0974021538730876
day1_beige	FBXO27	beige	0.40142121187155
day1_beige	SCARB1	white	1.75334383494009
day1_beige	TMEM104	beige	2.02855760711594
day1_beige	NFASC	white	1.38108635639964
day1_beige	HSD11B1-AS1	beige	0.479011862524531
day1_beige	MIA3	white	16.2109931196775
day1_beige	SDHB	beige	9.58595469097483
day1_beige	RBKS	white	0.338213607271719
day1_beige	CNTFR	beige	0.0828993288086602
day1_beige	BAALC	white	0.237766135752503
day1_beige	CORO7	white	0.0581569257016864
day1_beige	SMG6	white	4.06433227813415
day1_beige	MYEOV	white	0.0115122205174111
day1_beige	ACKR4	beige	0.0938503868531292
day1_beige	BCL3	beige	5.83844581101195
day1_beige	SSBP3	white	7.73346806338616
day1_beige	UBE2Q2L	white	0.209944596367596
day1_beige	GIPR	beige	0.278671931991247
day1_beige	PSMA1	beige	6.48859554882969
day1_beige	GPD1	beige	9.03025004253128
day1_beige	ZBTB46	beige	0.00912479470189658
day1_beige	LRRK2	white	1.60944837139507
day1_beige	MIR4435-2HG	white	0.0927279480456362
day1_beige	FGF13-AS1	beige	0.0130276680970571
day1_beige	AC002401.2	beige	0.0329785817143573
day1_beige	HP	beige	0.149612055012412
day1_beige	PTK2	white	3.33545439665934
day1_beige	CPEB1-AS1	beige	0.0104190488412872
day1_beige	AXL	white	6.53198915601758
day1_beige	SASH1	white	6.14452107636188
day1_beige	HEPH	white	11.3251335128153
day1_beige	TPRG1	white	0.691421887763493
day1_beige	THBS3	white	13.2315857558611
day1_beige	LAIR1	beige	0.00250866941496745
day1_beige	ATR	beige	1.78313090172037
day1_beige	TUBGCP2	beige	3.32179367309468
day1_beige	ENPP4	beige	0.90179586445463
day1_beige	POR	beige	20.2073721969408
day1_beige	GDF15	white	0.69548613476706
day1_beige	PDK2	beige	1.36453467127564
day1_beige	ELMOD3	beige	2.89925497043028
day1_beige	PLA2G2A	beige	3.44762918550619
day1_beige	C17orf58	beige	1.25350373149203
day1_beige	STAR	beige	2.03384607263439
day1_beige	MIR155HG	white	0.765873229140121
day1_beige	SLC43A3	white	1.97263527404318
day1_beige	AL049749.1	beige	0.0195605990229815
day1_beige	KRT18	white	0.109906631329682
day1_beige	GPR1	white	10.2612330592792
day1_beige	ASS1	beige	28.9945152566551
day1_beige	TNK2	beige	0.516810644466451
day1_beige	STMN2	white	8.48780980831229
day1_beige	ILVBL	beige	2.21121517953121
day1_beige	ITIH5	beige	0.0417210486089986
day1_beige	FAM228A	beige	0.0238020165963759
day1_beige	TRIM6	white	0.281229497276174
day1_beige	LINC00513	white	0.111542362648236
day1_beige	SEPTIN11	white	86.3338361134401
day1_beige	PTK2B	beige	3.34578416744249
day1_beige	SLC8A2	beige	0.0209470642885533
day1_beige	SLC2A3	white	10.1054405757267
day1_beige	MROH6	beige	0.250546404628441
day1_beige	ABHD5	beige	11.4242891490149
day1_beige	DIXDC1	beige	4.13567056279142
day1_beige	PHYHD1	beige	0.591327062435832
day1_beige	IL1RAPL1	white	0.0369417917491053
day1_beige	C6	beige	0.0725240958966769
day1_beige	PLIN4	beige	20.7458378325222
day1_beige	RAI14	white	5.6047693865259
day1_beige	C19orf12	beige	5.62007555755864
day1_beige	GSDMD	beige	0.8179245741664
day1_beige	ECHDC2	beige	2.08462355929171
day1_beige	SHROOM3	beige	0.0557615683097034
day1_beige	HOTAIR	beige	1.01762863870658
day1_beige	SORT1	beige	10.0332756878267
day1_beige	HSPB2-C11orf52	white	0.0324064424310045
day1_beige	WNK1	white	18.9202457626624
day1_beige	LRRC9	beige	0.00250896441299064
day1_beige	CRYAB	white	19.0670907342653
day1_beige	ITFG2	beige	1.77530349965421
day1_beige	PIP4K2A	white	12.9025591516806
day1_beige	METRNL	white	3.03648358958546
day1_beige	SQOR	white	0.862130556457609
day1_beige	AC104389.5	white	0.0297401677140054
day1_beige	ZBTB38	white	4.8132988998373
day1_beige	GCOM1	white	0.00657120880804016
day1_beige	GPT	beige	0.0247562022833625
day1_beige	VPS9D1	beige	2.23570230718519
day1_beige	FAM47E-STBD1	beige	0.00392586438522998
day1_beige	CFLAR	white	10.2279244504654
day1_beige	CTSA	beige	30.1666293868362
day1_beige	WNK4	white	1.80466354966738
day1_beige	ARHGAP22	white	0.142895626385584
day1_beige	MYZAP	white	0.0202355665752317
day1_beige	ZSWIM4	white	0.0641643035267497
day1_beige	LPAR3	beige	0.112819937350439
day1_beige	COL11A1	white	12.1708911001826
day1_beige	PDZD2	beige	0.193380752194265
day1_beige	CARD16	white	0.159126356912689
day1_beige	AL109615.3	white	0.0190624608339714
day1_beige	AC016831.1	white	0.118557641618051
day1_beige	PSMA4	beige	13.143059565959
day1_beige	MRPL33	white	31.4668838009842
day1_beige	FHL2	white	4.95410360181419
day1_beige	ZNF808	beige	1.95861601656469
day1_beige	IFI44L	white	7.94699735237506
day1_beige	LLPH-DT	white	0.147984665483194
day1_beige	EIF3H	white	22.2726571286486
day1_beige	LPL	beige	1.71186249555539
day1_beige	AL365295.1	white	0.0357245015156389
day1_beige	AC025031.4	white	0.132048690062639
day1_beige	ZNF584	beige	2.09533076739038
day1_beige	RUFY3	white	5.44748252290202
day1_beige	CHI3L2	beige	1.90615980688216
day1_beige	AQP7	beige	5.50244244121848
day1_beige	STON1	beige	5.17399921367807
day1_beige	ANGPTL4	beige	26.6525901249936
day1_beige	POLD4	white	1.57198784069365
day1_beige	AP000662.1	white	0.563043433913261
day1_beige	AC091212.1	white	0.133268215526929
day1_beige	SEPTIN9-DT	beige	0.0101263393081735
day1_beige	CD34	beige	2.1712126751265
day1_beige	NAPRT	beige	0.914380699811791
day1_beige	AC005082.1	beige	0.0366133562202917
day1_beige	BBC3	white	1.26313650122525
day1_beige	VIT	white	18.2962916799461
day1_beige	ACAD11	beige	0.927627011503042
day1_beige	XKR5	beige	0.0294746313947566
day1_beige	PDK4	beige	574.711593124478
day1_beige	MBP	beige	0.0252494915525693
day1_beige	AC017002.3	white	0.0661021254478175
day1_beige	PCK1	beige	0.00898117287361767
day1_beige	PLEC	white	2.79617438074996
day1_beige	MEST	white	10.9883691445418
day1_beige	G0S2	beige	71.5267182096497
day1_beige	NEURL2	beige	0.520157736345073
day1_beige	ADRB1	beige	0.00842542530013045
day1_beige	NAV1	beige	12.2396333161885
day1_beige	STC2	white	54.3966815563805
day1_beige	DVL2	beige	3.97143085161318
day1_beige	ILRUN	beige	17.7234896077227
day1_beige	PLCL1	white	0.367284918775288
day1_beige	NWD2	beige	0.00168996263672824
day1_beige	TH2LCRR	beige	0.0202694333380014
day1_beige	HAVCR2	beige	0.064312094334106
day1_beige	LINC00887	white	0.717574598222782
day1_beige	NRCAM	beige	42.796531353917
day1_beige	EMB	beige	0.00853201415875374
day1_beige	MXRA8	white	20.5490419562196
day1_beige	KRT8	white	0.178518639401716
day1_beige	DLGAP1	beige	0.012894838245736
day1_beige	NAPA	white	3.58363121376445
day1_beige	LRBA	beige	2.24830651141745
day1_beige	C1RL	white	20.1604631334814
day1_beige	NFIA	beige	2.02472246498358
day1_beige	LMO7-AS1	white	0.0487162402466473
day1_beige	AL137782.1	white	0.0266008189577007
day1_beige	AMPD3	white	0.558566779467218
day1_beige	CAPN10-DT	beige	0.503100183611864
day1_beige	ACACB	beige	17.0758076116907
day1_beige	AOPEP	white	0.254392225258879
day1_beige	SRCIN1	beige	0.0150528688260692
day1_beige	AL133299.1	beige	0.0294118404959662
day1_beige	KIAA1217	white	1.32493271310901
day1_beige	AC007906.2	white	1.37540756420678
day1_beige	AC116003.1	white	0.0317257838452196
day1_beige	PNMA8C	beige	0.00317333074755667
day1_beige	MESTIT1	white	0.0309970815098352
day1_beige	CLEC11A	white	46.1375364117191
day1_beige	GLDC	white	0.0055419710040911
day1_beige	FHL1	beige	25.5569097995392
day1_beige	MLST8	beige	1.40839300526895
day1_beige	CD36	beige	15.0588756449172
day1_beige	SULT1A1	white	0.0264497743833443
day1_beige	STXBP6	white	4.33408593628466
day1_beige	EMP1	white	149.643713941275
day1_beige	VPS9D1-AS1	beige	0.957238271936307
day1_beige	OPRK1	beige	0.00208775678778421
day1_beige	ZNF175	white	1.48056339468782
day1_beige	ARHGEF7-AS2	beige	0.0233667182729367
day1_beige	STX16-NPEPL1	beige	0.222368430666619
day1_beige	TAFA2	white	0.122368236988974
day1_beige	SPATA13	white	0.321790979619741
day1_beige	SLC25A18	beige	0.702731634941697
day1_beige	ESR1	beige	0.00369390269120852
day1_beige	ADAMTSL2	beige	0.0256363300049419
day1_beige	LMO7	white	1.38982189054331
day1_beige	EPS8	white	13.9092388198043
day1_beige	CLP1	white	7.55261587222271
day1_beige	AC007920.2	white	3.28578029254516
day1_beige	SSC4D	beige	0.0486280361884732
day1_beige	AC009226.1	white	0.44678370709472
day1_beige	SSR3	white	95.3566032308699
day1_beige	CCT6A	white	37.7105715069706
day1_beige	AC108448.3	white	0.0818293042808121
day1_beige	MYOSLID	white	1.29540547021488
day1_beige	AC087645.2	white	0.0462780050771738
day1_beige	ITGB1-DT	white	0.151077914519562
day1_beige	AC010519.1	white	1.05271732455159
day1_beige	LINC02085	white	0.0153771248855368
day1_beige	AC010327.4	white	0.140117124626514
day1_beige	HRH1	white	0.774313908139075
day1_beige	AOC3	beige	24.2033820642283
day1_beige	IGF1R	white	8.25505930429208
day1_beige	ADA2	white	0.0467381679494227
day1_beige	XPNPEP1	beige	8.71048612081186
day1_beige	AC007666.2	beige	0.218661286258969
day1_beige	AOC2	beige	5.02672338700751
day1_beige	IFIT2	white	0.568793630693742
day1_beige	PLIN5	beige	0.0287730300412709
day1_beige	KIF5C	white	0.017710773016825
day1_beige	NPFFR1	beige	0.00125508709486276
day1_beige	NOTO	beige	0.00484692361114824
day1_beige	AC084125.2	beige	0.32950694955012
day1_beige	PPP1R1A	beige	0.0971665410646333
day1_beige	APOL6	beige	8.60523097792333
day1_beige	HSPB2	white	0.12444728133186
day1_beige	CNST	white	4.14805611432264
day1_beige	FAP	white	26.9908693793437
day1_beige	AL139220.2	white	0.143022354237983
day1_beige	TENM2	white	0.0777429956991211
day1_beige	PM20D1	beige	0.0374638831171132
day1_beige	AL035252.2	beige	0.00859769990983739
day1_beige	ZSCAN16-AS1	beige	1.08216897257558
day1_beige	EMX2OS	white	11.8166892548896
day1_beige	AP000695.1	white	0.0902726031318228
day1_beige	RAD9A	white	0.963608537366371
day1_beige	AL356218.2	beige	0.316008463929278
day1_beige	FABP4	beige	201.774801144782
day1_beige	FP236383.3	beige	0.24304465360684
day1_beige	PDGFRB	white	71.1659967475004
day1_beige	U1	white	1.53196336414553
day1_beige	CECR2	beige	0.0104111879526964
day1_beige	EFCAB13	beige	0.176529315904242
day1_beige	AP4E1	white	2.90500835284418
day1_beige	AC006059.1	white	0.308881796764836
day1_beige	AC073593.2	white	0.097348501077212
day1_beige	FHOD1	white	2.09665451774658
day1_beige	SLC9A5	white	1.17157000210727
day1_beige	CRYM	beige	0.0124493680538576
day1_beige	AFP	white	0.0169130883220977
day1_beige	ITGB1	white	451.980737993415
day1_beige	AC126182.3	white	0.301201114646763
day1_beige	NPEPL1	beige	0.314733628043062
day1_beige	IPO9-AS1	beige	0.0662128314064756
day1_beige	AL353138.1	white	0.877395089926112
day1_beige	AC002074.1	white	0.754216185323899
day1_beige	LINC01943	white	0.19488163195724
day1_beige	NAPA-AS1	white	0.490853145183026
day1_beige	ADAMTS18	beige	0.0187604182854296
day1_beige	ARID5B	white	23.8803515610038
day1_beige	AC016831.7	white	0.090853367635955
day1_beige	LY6E-DT	white	0.105966778073362
day1_beige	TXNL4B	beige	4.65426063878513
day1_beige	ABL2	white	1.33380575629706
day1_beige	FAM87A	white	0.0136808712936314
day1_beige	AC008063.1	beige	0.13335877716782
day1_beige	ITIH1	beige	0.00260294683481861
day1_beige	TRAF3IP2	beige	5.06052484603159
day1_beige	PKP2	beige	0.00322214502048978
day1_beige	AC002451.1	beige	0.0941807043294155
day1_beige	TNFSF13B	beige	0.435357002871646
day1_beige	AC119673.2	beige	1.15647815627632
day1_beige	AP3B2	beige	0.451890239351536
day1_beige	PAMR1	white	3.97197203230265
day1_beige	AC011498.4	beige	0.0401372135024311
day1_beige	AC012313.1	beige	3.95794991620549
day1_beige	AC034139.1	beige	0.01221021850161
day1_beige	TNKS1BP1	beige	22.874109801612
day1_beige	AL353751.1	white	0.0132333698666913
day1_beige	SLC12A6	white	3.13586237712259
day1_beige	ARHGEF7	beige	3.71202455257942
day1_beige	TENM4	beige	0.324268185259159
day1_beige	PSEN2	white	0.120689712673554
day1_beige	TNK2-AS1	beige	0.00406170545438078
day1_beige	LIPA	white	32.9805836625648
day1_beige	C2orf49	beige	9.95085376522155
day1_beige	ADIPOQ	beige	0.25714078894886
day1_beige	AL390755.3	beige	0.116831546732799
day1_beige	ZBTB20	white	0.176360241701671
day1_beige	AC051635.1	white	0.229465552096042
day1_beige	FGF7	white	81.3360230639793
day1_beige	LBH	white	4.23408105817619
day1_beige	ETNK2	white	0.0788670584092013
day1_beige	ARF1	white	44.7161280506171
day1_beige	DEFB124	white	0.160496889828811
day1_beige	VILL	beige	0.713772884884876
day1_beige	AC067930.5	beige	0.0257682990924377
day1_beige	AC073548.2	beige	0
day1_beige	AC084024.3	beige	0
day1_beige	SLC22A31	beige	0
day1_beige	AC018358.1	beige	0
day1_beige	NPHP3-ACAD11	beige	0
day1_beige	AL139289.1	beige	0
day1_beige	AL031123.1	beige	0
day1_beige	FOXN4	beige	0
day1_beige	FAM181B	beige	0
day1_beige	IKZF1	beige	0
day1_beige	AC008073.3	beige	0
day1_beige	AL158077.2	beige	0
day1_beige	UGT3A2	beige	0
day1_beige	LBX1	beige	0
day1_beige	LBX1-AS1	beige	0
day1_beige	MIR1247	beige	0
day1_beige	TMEM179	beige	0
day1_beige	WT1-AS	beige	0
day1_beige	AL049692.3	beige	0
day1_beige	AC067930.1	beige	0
day1_beige	AC018616.1	beige	0
day1_beige	AP005717.1	beige	0
day1_beige	DACT2	beige	0
day1_beige	CXCR4	beige	0
day1_beige	AC003956.1	beige	0
day1_beige	AC010605.1	beige	0
day1_beige	AL160171.1	beige	0
day1_beige	AL139005.1	beige	0
day1_beige	LINC00461	beige	0
day1_beige	MNX1	beige	0
day1_beige	MNX1-AS1	beige	0
day1_beige	FP236383.9	beige	0
day1_beige	GLP1R	beige	0
day1_beige	ADAMTS19-AS1	beige	0
day1_beige	ADAMTS19	beige	0
day1_beige	IL13	beige	0
day1_beige	AC011377.1	beige	0
day1_beige	NFIA-AS1	beige	0
day1_beige	AL121845.1	beige	0
day1_beige	LINC01659	beige	0
day1_beige	CACNG2	beige	0
day1_beige	AC025284.1	beige	0
day1_beige	CBFA2T3	beige	0
day1_beige	AC092384.1	beige	0
day1_beige	AL391807.1	beige	0
day1_beige	LINC01586	beige	0
day1_beige	MIR9-3HG	beige	0
day1_beige	AC016044.1	beige	0
day1_beige	LINC02363	beige	0
day1_beige	AC020916.2	white	0
day1_beige	AC010326.2	white	0
day1_beige	AC008464.1	white	0
day1_beige	AL133383.1	white	0
day1_beige	LACTB2-AS1	white	0
day1_beige	AL049870.2	white	0
day1_beige	AC017002.6	white	0
day1_beige	AC017002.5	white	0
day1_beige	AC005871.2	white	0
day1_beige	AC078927.1	white	0
day1_beige	CORO7-PAM16	white	0
day1_beige	MIR155	white	0
day1_beige	AC104170.1	white	0
day1_beige	AC090527.2	white	0
day1_beige	AL109615.2	white	0
day1_beige	AC090617.1	white	0
day1_beige	AC069209.2	white	0
day1_beige	AC069209.1	white	0
day1_beige	AC244230.2	white	0
day1_beige	GPR1-AS	white	0
day1_beige	AL592146.1	white	0
day1_beige	LINC02207	white	0
day1_beige	AC117383.1	white	0
day1_beige	AC061708.1	white	0
day1_beige	AP003419.1	white	0
day1_beige	AL365295.2	white	0
day1_beige	ELAVL2	white	0
day1_beige	AL161628.1	white	0
day1_beige	AC021755.2	white	0
day1_beige	AC005828.1	white	0
day1_beige	AC005828.3	white	0
day1_beige	LINC02201	white	0
day1_beige	AL513164.1	white	0
day1_beige	AL359736.1	white	0
day1_beige	AL450992.1	white	0
day1_beige	AC105402.3	white	0
day1_beige	AC092100.1	white	0
day1_beige	AC136698.1	white	0
day3_beige	PDXK	beige	7.53193064474873
day3_beige	CD96	beige	0.0213825997284117
day3_beige	PCBD1	beige	5.98076967510075
day3_beige	ZFAND6	white	10.8492163189837
day3_beige	DIO3OS	beige	0.14850768021706
day3_beige	SV2A	beige	1.93471445162321
day3_beige	FOXN2	white	8.72421393135005
day3_beige	SMILR	white	1.59402902941469
day3_beige	EAPP	white	10.3599849116
day3_beige	ARHGEF6	beige	4.47974190647279
day3_beige	FAM227B	white	0.171916219970207
day3_beige	AKAP13	white	3.531405427481
day3_beige	AC112206.2	white	0.0556550553993827
day3_beige	EGFLAM	beige	3.63913504048149
day3_beige	MTUS1	beige	0.015741105385276
day3_beige	MTMR2	white	6.56112983001699
day3_beige	EXOC6	beige	0.448086774114823
day3_beige	FGF13	beige	0.00597705661421373
day3_beige	LINC02384	beige	0.178882634969025
day3_beige	LINC01579	white	0.00350865302373717
day3_beige	GPRC5B	beige	3.11795493955095
day3_beige	EPB41L4A	beige	0.0235326077795528
day3_beige	SH3BP4	white	3.92464597707704
day3_beige	SNX10	beige	0.605814248764154
day3_beige	AK5	white	0.400606265843126
day3_beige	MIR100HG	white	3.5860477866483
day3_beige	PXYLP1	white	0.384218672952417
day3_beige	TRABD2A	white	1.87108064053141
day3_beige	MED8	beige	13.6107262671676
day3_beige	EMG1	beige	3.0843093326578
day3_beige	AC008014.1	white	0.203728510997453
day3_beige	FAM47E	beige	0.0439536237782241
day3_beige	PARP15	beige	0.0264569646640713
day3_beige	MMP2	white	383.826751070083
day3_beige	AC007637.1	beige	1.00624339263157
day3_beige	PDE3B	beige	19.1852227646036
day3_beige	CCK	beige	0.00517173755448084
day3_beige	RBMS1	white	13.5281087254838
day3_beige	ZFYVE28	beige	0.190781281228755
day3_beige	EHD2	white	62.2390024174346
day3_beige	SIX3	beige	0.0263767786915735
day3_beige	ACADVL	beige	78.3513784788527
day3_beige	CHPT1	beige	4.49366368039949
day3_beige	NPY1R	beige	0.0352555987550529
day3_beige	YPEL4	white	0.592658428774202
day3_beige	DUS4L	white	0.380931575600525
day3_beige	SYT5	white	0.0424141369485958
day3_beige	STON1-GTF2A1L	beige	0.0934967599958556
day3_beige	COL1A2	white	911.722458465375
day3_beige	SLC7A7	white	0.41034125186945
day3_beige	TRO	white	3.07040062349887
day3_beige	UTRN	beige	5.06740122360767
day3_beige	ANK1	beige	0.00784765266715141
day3_beige	VDR	white	0.769630310462078
day3_beige	FSTL1	white	704.458918145676
day3_beige	TANC2	white	1.31073560564378
day3_beige	LRCH2	white	1.93394324405886
day3_beige	MAPK10	beige	0.264253622063507
day3_beige	FBXO27	beige	0.897479203847126
day3_beige	SCARB1	white	4.20678336805701
day3_beige	TMEM104	beige	4.10898326594298
day3_beige	NFASC	white	1.27477522107494
day3_beige	HSD11B1-AS1	beige	1.76631252247536
day3_beige	MIA3	white	13.9049217626902
day3_beige	SDHB	beige	12.8440000074521
day3_beige	RBKS	white	0.220901077389617
day3_beige	CNTFR	beige	3.14979515707806
day3_beige	BAALC	white	0.154481798957078
day3_beige	CORO7	white	0.0766509921643467
day3_beige	SMG6	white	2.73481573845001
day3_beige	MYEOV	white	0.00476023234361056
day3_beige	ACKR4	beige	1.07078108151209
day3_beige	BCL3	beige	2.02128756554058
day3_beige	SSBP3	white	6.19662324968631
day3_beige	UBE2Q2L	white	0.299689592530772
day3_beige	GIPR	beige	8.37385130906459
day3_beige	PSMA1	beige	6.29929169256159
day3_beige	GPD1	beige	371.162806458118
day3_beige	ZBTB46	beige	0.01952990408118
day3_beige	LRRK2	white	0.513490110055084
day3_beige	MIR4435-2HG	white	0.0504809677269489
day3_beige	FGF13-AS1	beige	0.00933492233102165
day3_beige	AC002401.2	beige	0.150934712938505
day3_beige	HP	beige	6.1056679542859
day3_beige	PTK2	white	4.03501529162267
day3_beige	CPEB1-AS1	beige	0.0359374474272647
day3_beige	AXL	white	6.67904792981169
day3_beige	SASH1	white	5.9231784618558
day3_beige	HEPH	white	6.37641899748131
day3_beige	TPRG1	white	1.04591350051064
day3_beige	THBS3	white	7.24460434009214
day3_beige	LAIR1	beige	0.0577142169684908
day3_beige	ATR	beige	1.78006145121214
day3_beige	TUBGCP2	beige	3.19972278705594
day3_beige	ENPP4	beige	0.330012415154657
day3_beige	POR	beige	22.5581425005234
day3_beige	GDF15	white	0.358402726150587
day3_beige	PDK2	beige	1.49762833028938
day3_beige	ELMOD3	beige	3.49804757353594
day3_beige	PLA2G2A	beige	21.1039044949117
day3_beige	C17orf58	beige	1.64486526380381
day3_beige	STAR	beige	3.14510008005718
day3_beige	MIR155HG	white	0.141243571073942
day3_beige	SLC43A3	white	0.532875556515511
day3_beige	AL049749.1	beige	0.0604610790739953
day3_beige	KRT18	white	0.100064784837553
day3_beige	GPR1	white	2.13236863788071
day3_beige	ASS1	beige	43.2962956064335
day3_beige	TNK2	beige	0.581169439025776
day3_beige	STMN2	white	4.79050864859539
day3_beige	ILVBL	beige	3.20270111020345
day3_beige	ITIH5	beige	1.69349918356998
day3_beige	FAM228A	beige	0.0238504819479392
day3_beige	TRIM6	white	0.401579192189069
day3_beige	LINC00513	white	0.087137501200447
day3_beige	SEPTIN11	white	68.9669801802733
day3_beige	PTK2B	beige	3.50215019535516
day3_beige	SLC8A2	beige	0.0144510611346552
day3_beige	SLC2A3	white	6.1636620398569
day3_beige	MROH6	beige	0.280472373217627
day3_beige	ABHD5	beige	31.1031753803321
day3_beige	DIXDC1	beige	10.1086031149153
day3_beige	PHYHD1	beige	1.43162480062631
day3_beige	IL1RAPL1	white	0.0139539023910964
day3_beige	C6	beige	0.622643122812049
day3_beige	PLIN4	beige	182.015422570095
day3_beige	RAI14	white	3.53239989785428
day3_beige	C19orf12	beige	28.488745265782
day3_beige	GSDMD	beige	1.17583361932217
day3_beige	ECHDC2	beige	4.83895151851003
day3_beige	SHROOM3	beige	0.0295958482274443
day3_beige	HOTAIR	beige	0.698911761348364
day3_beige	SORT1	beige	43.1282461977117
day3_beige	HSPB2-C11orf52	white	0.0147703070918888
day3_beige	WNK1	white	15.9103890725885
day3_beige	LRRC9	beige	0.00197397107946012
day3_beige	CRYAB	white	52.1000530173093
day3_beige	ITFG2	beige	2.05483344854635
day3_beige	PIP4K2A	white	9.44011986979562
day3_beige	METRNL	white	1.85176692540028
day3_beige	SQOR	white	0.661546658910758
day3_beige	AC104389.5	white	0.0461261919906477
day3_beige	ZBTB38	white	4.45881089985215
day3_beige	GCOM1	white	0.0876624869757791
day3_beige	GPT	beige	1.37367891186789
day3_beige	VPS9D1	beige	2.68503398863527
day3_beige	FAM47E-STBD1	beige	0.00330955922397653
day3_beige	CFLAR	white	12.6587090996832
day3_beige	CTSA	beige	24.5619406081616
day3_beige	WNK4	white	1.79854389985728
day3_beige	ARHGAP22	white	0.139893027700762
day3_beige	MYZAP	white	0.147191318978624
day3_beige	ZSWIM4	white	0.14271531762827
day3_beige	LPAR3	beige	0.166575602967075
day3_beige	COL11A1	white	17.7307606834777
day3_beige	PDZD2	beige	0.0583731200582959
day3_beige	CARD16	white	0.118782424854342
day3_beige	AL109615.3	white	0.00968903370905344
day3_beige	AC016831.1	white	0.154965008185065
day3_beige	PSMA4	beige	15.4839987854102
day3_beige	MRPL33	white	33.9688947747852
day3_beige	FHL2	white	3.74791948542966
day3_beige	ZNF808	beige	1.66316775531814
day3_beige	IFI44L	white	2.16890793958149
day3_beige	LLPH-DT	white	0.179174111116969
day3_beige	EIF3H	white	23.8868683303302
day3_beige	LPL	beige	156.725037273325
day3_beige	AL365295.1	white	0.0566707322824616
day3_beige	AC025031.4	white	0.0605103214808848
day3_beige	ZNF584	beige	2.14146550388557
day3_beige	RUFY3	white	3.84226096230732
day3_beige	CHI3L2	beige	23.3592688330921
day3_beige	AQP7	beige	68.9932352656414
day3_beige	STON1	beige	6.26388688406712
day3_beige	ANGPTL4	beige	35.7477445647519
day3_beige	POLD4	white	1.30914632288265
day3_beige	AP000662.1	white	0.692949194762569
day3_beige	AC091212.1	white	0.101670720635648
day3_beige	SEPTIN9-DT	beige	0.0988687943080177
day3_beige	CD34	beige	1.30591098975059
day3_beige	NAPRT	beige	1.56776948724247
day3_beige	AC005082.1	beige	0.0265236099353152
day3_beige	BBC3	white	1.07930432923578
day3_beige	VIT	white	30.8658601315302
day3_beige	ACAD11	beige	1.01055391553876
day3_beige	XKR5	beige	0.00596325543408673
day3_beige	PDK4	beige	282.802943446935
day3_beige	MBP	beige	0.0644438102921077
day3_beige	AC017002.3	white	0.118816047979343
day3_beige	PCK1	beige	9.68240489229205
day3_beige	PLEC	white	1.35261102112572
day3_beige	MEST	white	85.2547567096636
day3_beige	G0S2	beige	283.423485960556
day3_beige	NEURL2	beige	0.554206245594924
day3_beige	ADRB1	beige	0.0961461464290088
day3_beige	NAV1	beige	13.4545122803018
day3_beige	STC2	white	26.0507481744979
day3_beige	DVL2	beige	4.19158942734987
day3_beige	ILRUN	beige	28.7202609707744
day3_beige	PLCL1	white	0.379280476386488
day3_beige	NWD2	beige	0.00138913575090599
day3_beige	TH2LCRR	beige	0.0352088805722556
day3_beige	HAVCR2	beige	0.142725205086075
day3_beige	LINC00887	white	0.345396148600806
day3_beige	NRCAM	beige	74.8749234099323
day3_beige	EMB	beige	0.00763299922152944
day3_beige	MXRA8	white	18.764824387665
day3_beige	KRT8	white	0.0874769858732189
day3_beige	DLGAP1	beige	0.00227113212222675
day3_beige	NAPA	white	3.96897168125872
day3_beige	LRBA	beige	2.95543120072587
day3_beige	C1RL	white	13.697447376418
day3_beige	NFIA	beige	1.96130542332871
day3_beige	LMO7-AS1	white	0.0236068100334481
day3_beige	AL137782.1	white	0.021179132864323
day3_beige	AMPD3	white	0.367514338076088
day3_beige	CAPN10-DT	beige	0.53636411915919
day3_beige	ACACB	beige	79.306701327273
day3_beige	AOPEP	white	0.190507479279056
day3_beige	SRCIN1	beige	0.333526254635642
day3_beige	AL133299.1	beige	0.0573265593436341
day3_beige	KIAA1217	white	0.76615275026806
day3_beige	AC007906.2	white	0.954222727862131
day3_beige	AC116003.1	white	0.0245737959628502
day3_beige	PNMA8C	beige	0.0081600342398947
day3_beige	MESTIT1	white	0.10089999560746
day3_beige	CLEC11A	white	50.9094133264358
day3_beige	GLDC	white	0.00168579353337473
day3_beige	FHL1	beige	73.2222783727826
day3_beige	MLST8	beige	1.73810726314943
day3_beige	CD36	beige	53.8585428927493
day3_beige	SULT1A1	white	0.0558935015544696
day3_beige	STXBP6	white	1.12843265993845
day3_beige	EMP1	white	55.7841988950133
day3_beige	VPS9D1-AS1	beige	0.597787449113096
day3_beige	OPRK1	beige	0.00186968341698628
day3_beige	ZNF175	white	1.45988990942534
day3_beige	ARHGEF7-AS2	beige	0.136530710059427
day3_beige	STX16-NPEPL1	beige	0.0974881772630158
day3_beige	TAFA2	white	0.159974980164519
day3_beige	SPATA13	white	0.137434725686375
day3_beige	SLC25A18	beige	3.56705321094561
day3_beige	ESR1	beige	0.00668551279279119
day3_beige	ADAMTSL2	beige	0.00894690004481922
day3_beige	LMO7	white	0.742019284044174
day3_beige	EPS8	white	15.0876797288754
day3_beige	CLP1	white	7.13576414452556
day3_beige	AC007920.2	white	1.47813372119488
day3_beige	SSC4D	beige	0.0641904862958864
day3_beige	AC009226.1	white	0.224560652151375
day3_beige	SSR3	white	123.954687256694
day3_beige	CCT6A	white	44.1851119629787
day3_beige	AC108448.3	white	0.0386383246954082
day3_beige	MYOSLID	white	1.68603932368597
day3_beige	AC087645.2	white	0.0611435208357731
day3_beige	ITGB1-DT	white	0.123927646280931
day3_beige	AC010519.1	white	0.925727518843405
day3_beige	LINC02085	white	0.0051359934807458
day3_beige	AC010327.4	white	0.0397088944771535
day3_beige	HRH1	white	0.214633812262484
day3_beige	AOC3	beige	298.846166316928
day3_beige	IGF1R	white	4.10860236873078
day3_beige	ADA2	white	0.010316823242769
day3_beige	XPNPEP1	beige	13.6274322747499
day3_beige	AC007666.2	beige	0.262667749993529
day3_beige	AOC2	beige	22.6383248271933
day3_beige	IFIT2	white	0.716349079726227
day3_beige	PLIN5	beige	2.02055631941157
day3_beige	KIF5C	white	0.00486924205048372
day3_beige	NPFFR1	beige	0.00113233616606261
day3_beige	NOTO	beige	0.00724669950762009
day3_beige	AC084125.2	beige	0.23276644721234
day3_beige	PPP1R1A	beige	3.57810333542475
day3_beige	APOL6	beige	26.9588713527478
day3_beige	HSPB2	white	0.0882384713836956
day3_beige	CNST	white	4.99027703074397
day3_beige	FAP	white	10.4176384247661
day3_beige	AL139220.2	white	0.0925308607385903
day3_beige	TENM2	white	0.0963228572218863
day3_beige	PM20D1	beige	1.48674432806931
day3_beige	AL035252.2	beige	0.0126279417566251
day3_beige	ZSCAN16-AS1	beige	1.56734772085237
day3_beige	EMX2OS	white	9.56384274126048
day3_beige	AP000695.1	white	0.0746239372396388
day3_beige	RAD9A	white	0.932186269353984
day3_beige	AL356218.2	beige	1.97626469576099
day3_beige	FABP4	beige	3005.92944865595
day3_beige	FP236383.3	beige	1.57229281275376
day3_beige	PDGFRB	white	90.4848522040641
day3_beige	U1	white	1.06765981955293
day3_beige	CECR2	beige	0.0054765827918887
day3_beige	EFCAB13	beige	0.167191729101582
day3_beige	AP4E1	white	3.18730404338545
day3_beige	AC006059.1	white	0.254966067944962
day3_beige	AC073593.2	white	0.0376914485520278
day3_beige	FHOD1	white	4.17716745188348
day3_beige	SLC9A5	white	0.967518918263087
day3_beige	CRYM	beige	0.0057299983579124
day3_beige	AFP	white	0.00556992353794391
day3_beige	ITGB1	white	333.965925821186
day3_beige	AC126182.3	white	0.193873161910829
day3_beige	NPEPL1	beige	0.209965094133808
day3_beige	IPO9-AS1	beige	0.0621848180070937
day3_beige	AL353138.1	white	0.64879289508071
day3_beige	AC002074.1	white	0.923878061040154
day3_beige	LINC01943	white	0.344171283509084
day3_beige	NAPA-AS1	white	0.369416072125675
day3_beige	ADAMTS18	beige	0.465779225000187
day3_beige	ARID5B	white	13.3675673345138
day3_beige	AC016831.7	white	0.125729312505965
day3_beige	LY6E-DT	white	0.267163378520767
day3_beige	TXNL4B	beige	4.3026738672479
day3_beige	ABL2	white	1.34778736771162
day3_beige	FAM87A	white	0.00206037817847464
day3_beige	AC008063.1	beige	0.030428145499127
day3_beige	ITIH1	beige	0.682951183439304
day3_beige	TRAF3IP2	beige	2.81518881700776
day3_beige	PKP2	beige	0.0208945526153446
day3_beige	AC002451.1	beige	0.0875508854506847
day3_beige	TNFSF13B	beige	0.301952891285497
day3_beige	AC119673.2	beige	1.20506153086373
day3_beige	AP3B2	beige	0.276762657188147
day3_beige	PAMR1	white	1.3172584532766
day3_beige	AC011498.4	beige	2.4354366692253
day3_beige	AC012313.1	beige	3.27246436556447
day3_beige	AC034139.1	beige	0.0196435768174662
day3_beige	TNKS1BP1	beige	27.2233155073936
day3_beige	AL353751.1	white	0.0110233096317592
day3_beige	SLC12A6	white	2.31576606491689
day3_beige	ARHGEF7	beige	5.29370642186955
day3_beige	TENM4	beige	1.47510735486936
day3_beige	PSEN2	white	0.584457353469289
day3_beige	TNK2-AS1	beige	0.130570747028294
day3_beige	LIPA	white	53.4057719192774
day3_beige	C2orf49	beige	9.2096551684163
day3_beige	ADIPOQ	beige	534.248792148288
day3_beige	AL390755.3	beige	0.266324383357325
day3_beige	ZBTB20	white	0.147993345434878
day3_beige	AC051635.1	white	0.135407939009634
day3_beige	FGF7	white	47.3687308018532
day3_beige	LBH	white	1.61648748854228
day3_beige	ETNK2	white	0.0429204311457142
day3_beige	ARF1	white	45.8931193921491
day3_beige	DEFB124	white	0.0951154446868948
day3_beige	VILL	beige	0.405169750265166
day3_beige	AC067930.5	beige	0.00939426049063265
day3_beige	AC073548.2	beige	0
day3_beige	AC084024.3	beige	0
day3_beige	SLC22A31	beige	0
day3_beige	AC018358.1	beige	0
day3_beige	NPHP3-ACAD11	beige	0
day3_beige	AL139289.1	beige	0
day3_beige	AL031123.1	beige	0
day3_beige	FOXN4	beige	0
day3_beige	FAM181B	beige	0
day3_beige	IKZF1	beige	0
day3_beige	AC008073.3	beige	0
day3_beige	AL158077.2	beige	0
day3_beige	UGT3A2	beige	0
day3_beige	LBX1	beige	0
day3_beige	LBX1-AS1	beige	0
day3_beige	MIR1247	beige	0
day3_beige	TMEM179	beige	0
day3_beige	WT1-AS	beige	0
day3_beige	AL049692.3	beige	0
day3_beige	AC067930.1	beige	0
day3_beige	AC018616.1	beige	0
day3_beige	AP005717.1	beige	0
day3_beige	DACT2	beige	0
day3_beige	CXCR4	beige	0
day3_beige	AC003956.1	beige	0
day3_beige	AC010605.1	beige	0
day3_beige	AL160171.1	beige	0
day3_beige	AL139005.1	beige	0
day3_beige	LINC00461	beige	0
day3_beige	MNX1	beige	0
day3_beige	MNX1-AS1	beige	0
day3_beige	FP236383.9	beige	0
day3_beige	GLP1R	beige	0
day3_beige	ADAMTS19-AS1	beige	0
day3_beige	ADAMTS19	beige	0
day3_beige	IL13	beige	0
day3_beige	AC011377.1	beige	0
day3_beige	NFIA-AS1	beige	0
day3_beige	AL121845.1	beige	0
day3_beige	LINC01659	beige	0
day3_beige	CACNG2	beige	0
day3_beige	AC025284.1	beige	0
day3_beige	CBFA2T3	beige	0
day3_beige	AC092384.1	beige	0
day3_beige	AL391807.1	beige	0
day3_beige	LINC01586	beige	0
day3_beige	MIR9-3HG	beige	0
day3_beige	AC016044.1	beige	0
day3_beige	LINC02363	beige	0
day3_beige	AC020916.2	white	0
day3_beige	AC010326.2	white	0
day3_beige	AC008464.1	white	0
day3_beige	AL133383.1	white	0
day3_beige	LACTB2-AS1	white	0
day3_beige	AL049870.2	white	0
day3_beige	AC017002.6	white	0
day3_beige	AC017002.5	white	0
day3_beige	AC005871.2	white	0
day3_beige	AC078927.1	white	0
day3_beige	CORO7-PAM16	white	0
day3_beige	MIR155	white	0
day3_beige	AC104170.1	white	0
day3_beige	AC090527.2	white	0
day3_beige	AL109615.2	white	0
day3_beige	AC090617.1	white	0
day3_beige	AC069209.2	white	0
day3_beige	AC069209.1	white	0
day3_beige	AC244230.2	white	0
day3_beige	GPR1-AS	white	0
day3_beige	AL592146.1	white	0
day3_beige	LINC02207	white	0
day3_beige	AC117383.1	white	0
day3_beige	AC061708.1	white	0
day3_beige	AP003419.1	white	0
day3_beige	AL365295.2	white	0
day3_beige	ELAVL2	white	0
day3_beige	AL161628.1	white	0
day3_beige	AC021755.2	white	0
day3_beige	AC005828.1	white	0
day3_beige	AC005828.3	white	0
day3_beige	LINC02201	white	0
day3_beige	AL513164.1	white	0
day3_beige	AL359736.1	white	0
day3_beige	AL450992.1	white	0
day3_beige	AC105402.3	white	0
day3_beige	AC092100.1	white	0
day3_beige	AC136698.1	white	0
day15_beige	PDXK	beige	33.6865758022811
day15_beige	CD96	beige	5.64340918156605
day15_beige	PCBD1	beige	62.6711288497872
day15_beige	ZFAND6	white	16.7961113271665
day15_beige	DIO3OS	beige	0.272422946824535
day15_beige	SV2A	beige	69.0472240363908
day15_beige	FOXN2	white	4.86321948517845
day15_beige	SMILR	white	1.01588388080283
day15_beige	EAPP	white	11.8343029432821
day15_beige	ARHGEF6	beige	19.6758642853167
day15_beige	FAM227B	white	0.112155623231129
day15_beige	AKAP13	white	2.38689356554871
day15_beige	AC112206.2	white	0.0114417596291375
day15_beige	EGFLAM	beige	4.87520775916925
day15_beige	MTUS1	beige	0.680057982983415
day15_beige	MTMR2	white	8.97213174886436
day15_beige	EXOC6	beige	1.24915951225748
day15_beige	FGF13	beige	0.467504993991444
day15_beige	LINC02384	beige	0.132064811880684
day15_beige	LINC01579	white	0.0256083760886799
day15_beige	GPRC5B	beige	6.25834025550106
day15_beige	EPB41L4A	beige	0.457813548180127
day15_beige	SH3BP4	white	7.95751280098499
day15_beige	SNX10	beige	7.18239982056751
day15_beige	AK5	white	0.513687860625336
day15_beige	MIR100HG	white	1.6378319233538
day15_beige	PXYLP1	white	0.140990265629459
day15_beige	TRABD2A	white	1.88581112872198
day15_beige	MED8	beige	16.5808264803673
day15_beige	EMG1	beige	2.18419243300234
day15_beige	AC008014.1	white	0.530714900522382
day15_beige	FAM47E	beige	0.967716311374432
day15_beige	PARP15	beige	0.0885221655600054
day15_beige	MMP2	white	52.7988686793871
day15_beige	AC007637.1	beige	1.85014811688948
day15_beige	PDE3B	beige	36.3885088128657
day15_beige	CCK	beige	0.00362025937495261
day15_beige	RBMS1	white	9.05017742537609
day15_beige	ZFYVE28	beige	0.343277578430646
day15_beige	EHD2	white	82.2923262187866
day15_beige	SIX3	beige	0.00562206258764739
day15_beige	ACADVL	beige	166.635355066206
day15_beige	CHPT1	beige	13.9155555104213
day15_beige	NPY1R	beige	1.27859707336037
day15_beige	YPEL4	white	0.0196568609628778
day15_beige	DUS4L	white	0.691411711579075
day15_beige	SYT5	white	0.0296790334475757
day15_beige	STON1-GTF2A1L	beige	2.19883730581639
day15_beige	COL1A2	white	817.807072839974
day15_beige	SLC7A7	white	0.300667338007324
day15_beige	TRO	white	0.28691147849056
day15_beige	UTRN	beige	10.0985162036852
day15_beige	ANK1	beige	0.0399850217276559
day15_beige	VDR	white	2.47072214388793
day15_beige	FSTL1	white	191.630978438532
day15_beige	TANC2	white	1.66899137214807
day15_beige	LRCH2	white	0.580553293565728
day15_beige	MAPK10	beige	0.946228835427287
day15_beige	FBXO27	beige	7.29714285797946
day15_beige	SCARB1	white	16.3768379734915
day15_beige	TMEM104	beige	35.0223590293829
day15_beige	NFASC	white	2.98575223711033
day15_beige	HSD11B1-AS1	beige	17.288394929501
day15_beige	MIA3	white	8.75332320640713
day15_beige	SDHB	beige	55.2253995686435
day15_beige	RBKS	white	0.699714219484942
day15_beige	CNTFR	beige	21.8209040785316
day15_beige	BAALC	white	0.18008002574705
day15_beige	CORO7	white	0.186691160491829
day15_beige	SMG6	white	3.59778653127155
day15_beige	MYEOV	white	0.0753493638569215
day15_beige	ACKR4	beige	5.25649587876285
day15_beige	BCL3	beige	1.51437203005788
day15_beige	SSBP3	white	4.95819391611018
day15_beige	UBE2Q2L	white	0.312218082411014
day15_beige	GIPR	beige	5.74438889583199
day15_beige	PSMA1	beige	6.60253326261703
day15_beige	GPD1	beige	1455.62844386619
day15_beige	ZBTB46	beige	0.161095650261038
day15_beige	LRRK2	white	0.326414461779426
day15_beige	MIR4435-2HG	white	0.616053384372499
day15_beige	FGF13-AS1	beige	0.97548035067013
day15_beige	AC002401.2	beige	4.38177979963904
day15_beige	HP	beige	152.475087801619
day15_beige	PTK2	white	4.61768991464325
day15_beige	CPEB1-AS1	beige	0.198639827519692
day15_beige	AXL	white	9.60043812815819
day15_beige	SASH1	white	4.98013277189938
day15_beige	HEPH	white	3.04208117704811
day15_beige	TPRG1	white	1.39955851451681
day15_beige	THBS3	white	4.11672130800994
day15_beige	LAIR1	beige	16.1656556031114
day15_beige	ATR	beige	2.62062749327884
day15_beige	TUBGCP2	beige	7.45467105423232
day15_beige	ENPP4	beige	1.95839052173408
day15_beige	POR	beige	54.2311577293726
day15_beige	GDF15	white	3.43618962543275
day15_beige	PDK2	beige	10.3911207668724
day15_beige	ELMOD3	beige	11.9762883005672
day15_beige	PLA2G2A	beige	173.576881800168
day15_beige	C17orf58	beige	1.45124999039095
day15_beige	STAR	beige	8.73443341021948
day15_beige	MIR155HG	white	0.00708710258603075
day15_beige	SLC43A3	white	0.621229136029302
day15_beige	AL049749.1	beige	6.48728950110228
day15_beige	KRT18	white	3.06101856954384
day15_beige	GPR1	white	3.39022088296786
day15_beige	ASS1	beige	333.014279173454
day15_beige	TNK2	beige	2.79645965228339
day15_beige	STMN2	white	23.7677239844969
day15_beige	ILVBL	beige	26.9861325463813
day15_beige	ITIH5	beige	67.376286908768
day15_beige	FAM228A	beige	0.0970882631550005
day15_beige	TRIM6	white	0.591612983511863
day15_beige	LINC00513	white	0.152449040773378
day15_beige	SEPTIN11	white	82.0665248587283
day15_beige	PTK2B	beige	17.7556881852506
day15_beige	SLC8A2	beige	0.0121051640264858
day15_beige	SLC2A3	white	3.56542919705662
day15_beige	MROH6	beige	4.41812852033324
day15_beige	ABHD5	beige	19.9454672053882
day15_beige	DIXDC1	beige	34.758533253398
day15_beige	PHYHD1	beige	3.20401023607986
day15_beige	IL1RAPL1	white	0.0481037034256079
day15_beige	C6	beige	6.63856268024237
day15_beige	PLIN4	beige	1068.79114386229
day15_beige	RAI14	white	7.14542458037072
day15_beige	C19orf12	beige	74.8527420735421
day15_beige	GSDMD	beige	5.55471253000884
day15_beige	ECHDC2	beige	4.51963971105363
day15_beige	SHROOM3	beige	0.601530748324041
day15_beige	HOTAIR	beige	0.255210345078203
day15_beige	SORT1	beige	75.4320043736153
day15_beige	HSPB2-C11orf52	white	0.0516103004032188
day15_beige	WNK1	white	11.149321241774
day15_beige	LRRC9	beige	0.286263939798512
day15_beige	CRYAB	white	74.7809038433286
day15_beige	ITFG2	beige	2.73631720881686
day15_beige	PIP4K2A	white	11.8128463350718
day15_beige	METRNL	white	5.69030075387091
day15_beige	SQOR	white	1.73789263794046
day15_beige	AC104389.5	white	0.035246504813517
day15_beige	ZBTB38	white	4.89650797752934
day15_beige	GCOM1	white	2.67642028541319
day15_beige	GPT	beige	8.68316009770144
day15_beige	VPS9D1	beige	4.08685981544132
day15_beige	FAM47E-STBD1	beige	0.216149448283684
day15_beige	CFLAR	white	7.07837230066748
day15_beige	CTSA	beige	20.8689444081209
day15_beige	WNK4	white	0.410973971236951
day15_beige	ARHGAP22	white	0.557383068689264
day15_beige	MYZAP	white	8.77557272859404
day15_beige	ZSWIM4	white	1.353316890204
day15_beige	LPAR3	beige	0.208372239896744
day15_beige	COL11A1	white	15.5954347650831
day15_beige	PDZD2	beige	6.72047442124196
day15_beige	CARD16	white	1.11719767425098
day15_beige	AL109615.3	white	0.00258160908763472
day15_beige	AC016831.1	white	0.0813371078890025
day15_beige	PSMA4	beige	16.7476396902774
day15_beige	MRPL33	white	26.0179161588656
day15_beige	FHL2	white	6.5815368367477
day15_beige	ZNF808	beige	1.48539691997239
day15_beige	IFI44L	white	0.121502811623902
day15_beige	LLPH-DT	white	0.491873214761715
day15_beige	EIF3H	white	28.4613978144648
day15_beige	LPL	beige	2372.54572533895
day15_beige	AL365295.1	white	0.299662880783571
day15_beige	AC025031.4	white	0.0482933275121316
day15_beige	ZNF584	beige	3.66820002908958
day15_beige	RUFY3	white	1.96338257037691
day15_beige	CHI3L2	beige	289.597036735214
day15_beige	AQP7	beige	97.8494849940982
day15_beige	STON1	beige	49.2596053124996
day15_beige	ANGPTL4	beige	101.711078748373
day15_beige	POLD4	white	7.08224384680042
day15_beige	AP000662.1	white	0.252615235891297
day15_beige	AC091212.1	white	0.0875390442756119
day15_beige	SEPTIN9-DT	beige	2.51456203171322
day15_beige	CD34	beige	0.0257269103797376
day15_beige	NAPRT	beige	41.8578607331031
day15_beige	AC005082.1	beige	0.084649308024623
day15_beige	BBC3	white	0.850188557548287
day15_beige	VIT	white	1.01906841611156
day15_beige	ACAD11	beige	3.86636982356793
day15_beige	XKR5	beige	0.00231330186222914
day15_beige	PDK4	beige	158.069126003863
day15_beige	MBP	beige	0.393956297155163
day15_beige	AC017002.3	white	0.136767095305004
day15_beige	PCK1	beige	187.404667480868
day15_beige	PLEC	white	8.69048940099699
day15_beige	MEST	white	104.93542674587
day15_beige	G0S2	beige	1685.96402655428
day15_beige	NEURL2	beige	1.68268948902188
day15_beige	ADRB1	beige	0.444399026953618
day15_beige	NAV1	beige	14.2897738051276
day15_beige	STC2	white	20.6464535662014
day15_beige	DVL2	beige	9.83967283483088
day15_beige	ILRUN	beige	52.5163955781838
day15_beige	PLCL1	white	0.582907276314985
day15_beige	NWD2	beige	0.260649460554466
day15_beige	TH2LCRR	beige	0.536509734831201
day15_beige	HAVCR2	beige	14.3052725216165
day15_beige	LINC00887	white	0.0213848112809781
day15_beige	NRCAM	beige	49.3136625994359
day15_beige	EMB	beige	0.21208964494333
day15_beige	MXRA8	white	34.8369449319614
day15_beige	KRT8	white	0.251060574472607
day15_beige	DLGAP1	beige	0.0103055831881798
day15_beige	NAPA	white	16.9210983454036
day15_beige	LRBA	beige	12.1197657553063
day15_beige	C1RL	white	8.42766654995239
day15_beige	NFIA	beige	1.21936576624577
day15_beige	LMO7-AS1	white	0.0987391686674715
day15_beige	AL137782.1	white	0.05759541834141
day15_beige	AMPD3	white	0.432555122289767
day15_beige	CAPN10-DT	beige	0.209150070484754
day15_beige	ACACB	beige	145.259454017179
day15_beige	AOPEP	white	0.891145988149786
day15_beige	SRCIN1	beige	2.45191178276912
day15_beige	AL133299.1	beige	1.33310865224986
day15_beige	KIAA1217	white	0.73966024537527
day15_beige	AC007906.2	white	0.862667097137293
day15_beige	AC116003.1	white	0.01113017487631
day15_beige	PNMA8C	beige	0.00736000549293829
day15_beige	MESTIT1	white	0.383153468372498
day15_beige	CLEC11A	white	8.24431839635843
day15_beige	GLDC	white	0.0218105917963731
day15_beige	FHL1	beige	267.82259981958
day15_beige	MLST8	beige	10.6274522746708
day15_beige	CD36	beige	473.867963182478
day15_beige	SULT1A1	white	0.847006519486866
day15_beige	STXBP6	white	0.173011476617739
day15_beige	EMP1	white	19.6314551723767
day15_beige	VPS9D1-AS1	beige	0.179942636504621
day15_beige	OPRK1	beige	0.126705949036664
day15_beige	ZNF175	white	0.743638352456965
day15_beige	ARHGEF7-AS2	beige	0.530310028681932
day15_beige	STX16-NPEPL1	beige	0.0855222915096489
day15_beige	TAFA2	white	0.11669717739273
day15_beige	SPATA13	white	0.209276547905015
day15_beige	SLC25A18	beige	7.5848425771632
day15_beige	ESR1	beige	0.541258612038773
day15_beige	ADAMTSL2	beige	0.157502512536083
day15_beige	LMO7	white	8.5690646570761
day15_beige	EPS8	white	20.6065139911224
day15_beige	CLP1	white	5.65024233003084
day15_beige	AC007920.2	white	0.266265064713915
day15_beige	SSC4D	beige	0.725574201465866
day15_beige	AC009226.1	white	0.122910854499578
day15_beige	SSR3	white	95.4501786843821
day15_beige	CCT6A	white	47.6126327985886
day15_beige	AC108448.3	white	0.0261046650005047
day15_beige	MYOSLID	white	1.15782640426901
day15_beige	AC087645.2	white	0.139682626090706
day15_beige	ITGB1-DT	white	0.147157768765925
day15_beige	AC010519.1	white	0.199681518150512
day15_beige	LINC02085	white	0.0128219481357688
day15_beige	AC010327.4	white	0.0707651039261771
day15_beige	HRH1	white	0.520488713286195
day15_beige	AOC3	beige	602.752892799691
day15_beige	IGF1R	white	1.70413933309851
day15_beige	ADA2	white	0.134860940922982
day15_beige	XPNPEP1	beige	21.0290496152211
day15_beige	AC007666.2	beige	0.135416769248844
day15_beige	AOC2	beige	37.8351501484219
day15_beige	IFIT2	white	1.12969344718552
day15_beige	PLIN5	beige	3.80935652499928
day15_beige	KIF5C	white	0.00564302105639383
day15_beige	NPFFR1	beige	0.000807502983082197
day15_beige	NOTO	beige	3.21520830923381
day15_beige	AC084125.2	beige	0.550584715715984
day15_beige	PPP1R1A	beige	45.0524207199358
day15_beige	APOL6	beige	81.1490509702817
day15_beige	HSPB2	white	0.0626052334357479
day15_beige	CNST	white	6.20311577983656
day15_beige	FAP	white	5.76496411960861
day15_beige	AL139220.2	white	0.0330627543274106
day15_beige	TENM2	white	0.0254412485763656
day15_beige	PM20D1	beige	78.7489280633528
day15_beige	AL035252.2	beige	0.00900295602439998
day15_beige	ZSCAN16-AS1	beige	2.4551420275677
day15_beige	EMX2OS	white	6.73912754438296
day15_beige	AP000695.1	white	0.319410979195381
day15_beige	RAD9A	white	0.892230010998922
day15_beige	AL356218.2	beige	4.82949768541953
day15_beige	FABP4	beige	9036.2402429557
day15_beige	FP236383.3	beige	0.0199816921522547
day15_beige	PDGFRB	white	38.4609497290982
day15_beige	U1	white	1.10491968925305
day15_beige	CECR2	beige	0.0497442019033593
day15_beige	EFCAB13	beige	0.139987209777892
day15_beige	AP4E1	white	3.45006436241237
day15_beige	AC006059.1	white	0.129599610957278
day15_beige	AC073593.2	white	0.0356199019804406
day15_beige	FHOD1	white	3.91367777537028
day15_beige	SLC9A5	white	1.17729967260733
day15_beige	CRYM	beige	0.0168353872283938
day15_beige	AFP	white	0.0869629608774004
day15_beige	ITGB1	white	292.608174090924
day15_beige	AC126182.3	white	0.109753475526154
day15_beige	NPEPL1	beige	0.511715147851175
day15_beige	IPO9-AS1	beige	0.0712083791669937
day15_beige	AL353138.1	white	0.447638870774483
day15_beige	AC002074.1	white	0.816762819414992
day15_beige	LINC01943	white	0.308788342758761
day15_beige	NAPA-AS1	white	1.06772721786768
day15_beige	ADAMTS18	beige	1.9274006103771
day15_beige	ARID5B	white	13.3683089405532
day15_beige	AC016831.7	white	0.0597135972903908
day15_beige	LY6E-DT	white	0.156131935863259
day15_beige	TXNL4B	beige	6.0300978201855
day15_beige	ABL2	white	2.06253488848735
day15_beige	FAM87A	white	0.00472078758651024
day15_beige	AC008063.1	beige	0.157333378999099
day15_beige	ITIH1	beige	69.1249957804764
day15_beige	TRAF3IP2	beige	7.9208031626444
day15_beige	PKP2	beige	4.90108193454278
day15_beige	AC002451.1	beige	0.181429238784341
day15_beige	TNFSF13B	beige	0.233113317324817
day15_beige	AC119673.2	beige	0.633029415833355
day15_beige	AP3B2	beige	10.9074533370941
day15_beige	PAMR1	white	1.07871966144225
day15_beige	AC011498.4	beige	1.5723374994848
day15_beige	AC012313.1	beige	1.14301739524486
day15_beige	AC034139.1	beige	1.44949179870316
day15_beige	TNKS1BP1	beige	43.3663502336585
day15_beige	AL353751.1	white	0.0108962430984573
day15_beige	SLC12A6	white	1.21936556558493
day15_beige	ARHGEF7	beige	7.88990443107429
day15_beige	TENM4	beige	5.2987371258154
day15_beige	PSEN2	white	4.40000028740788
day15_beige	TNK2-AS1	beige	2.58299367694157
day15_beige	LIPA	white	64.2324813317822
day15_beige	C2orf49	beige	5.07699370325179
day15_beige	ADIPOQ	beige	3285.41204524266
day15_beige	AL390755.3	beige	0.453072763747942
day15_beige	ZBTB20	white	0.269571218443546
day15_beige	AC051635.1	white	0.571857423515344
day15_beige	FGF7	white	11.8769659707869
day15_beige	LBH	white	18.3448121499304
day15_beige	ETNK2	white	0.27746575383539
day15_beige	ARF1	white	108.867643331366
day15_beige	DEFB124	white	0.10238718169778
day15_beige	VILL	beige	12.3725729627619
day15_beige	AC067930.5	beige	0.0916709952709378
day15_beige	AC073548.2	beige	0
day15_beige	AC084024.3	beige	0
day15_beige	SLC22A31	beige	0
day15_beige	AC018358.1	beige	0
day15_beige	NPHP3-ACAD11	beige	0
day15_beige	AL139289.1	beige	0
day15_beige	AL031123.1	beige	0
day15_beige	FOXN4	beige	0
day15_beige	FAM181B	beige	0
day15_beige	IKZF1	beige	0
day15_beige	AC008073.3	beige	0
day15_beige	AL158077.2	beige	0
day15_beige	UGT3A2	beige	0
day15_beige	LBX1	beige	0
day15_beige	LBX1-AS1	beige	0
day15_beige	MIR1247	beige	0
day15_beige	TMEM179	beige	0
day15_beige	WT1-AS	beige	0
day15_beige	AL049692.3	beige	0
day15_beige	AC067930.1	beige	0
day15_beige	AC018616.1	beige	0
day15_beige	AP005717.1	beige	0
day15_beige	DACT2	beige	0
day15_beige	CXCR4	beige	0
day15_beige	AC003956.1	beige	0
day15_beige	AC010605.1	beige	0
day15_beige	AL160171.1	beige	0
day15_beige	AL139005.1	beige	0
day15_beige	LINC00461	beige	0
day15_beige	MNX1	beige	0
day15_beige	MNX1-AS1	beige	0
day15_beige	FP236383.9	beige	0
day15_beige	GLP1R	beige	0
day15_beige	ADAMTS19-AS1	beige	0
day15_beige	ADAMTS19	beige	0
day15_beige	IL13	beige	0
day15_beige	AC011377.1	beige	0
day15_beige	NFIA-AS1	beige	0
day15_beige	AL121845.1	beige	0
day15_beige	LINC01659	beige	0
day15_beige	CACNG2	beige	0
day15_beige	AC025284.1	beige	0
day15_beige	CBFA2T3	beige	0
day15_beige	AC092384.1	beige	0
day15_beige	AL391807.1	beige	0
day15_beige	LINC01586	beige	0
day15_beige	MIR9-3HG	beige	0
day15_beige	AC016044.1	beige	0
day15_beige	LINC02363	beige	0
day15_beige	AC020916.2	white	0
day15_beige	AC010326.2	white	0
day15_beige	AC008464.1	white	0
day15_beige	AL133383.1	white	0
day15_beige	LACTB2-AS1	white	0
day15_beige	AL049870.2	white	0
day15_beige	AC017002.6	white	0
day15_beige	AC017002.5	white	0
day15_beige	AC005871.2	white	0
day15_beige	AC078927.1	white	0
day15_beige	CORO7-PAM16	white	0
day15_beige	MIR155	white	0
day15_beige	AC104170.1	white	0
day15_beige	AC090527.2	white	0
day15_beige	AL109615.2	white	0
day15_beige	AC090617.1	white	0
day15_beige	AC069209.2	white	0
day15_beige	AC069209.1	white	0
day15_beige	AC244230.2	white	0
day15_beige	GPR1-AS	white	0
day15_beige	AL592146.1	white	0
day15_beige	LINC02207	white	0
day15_beige	AC117383.1	white	0
day15_beige	AC061708.1	white	0
day15_beige	AP003419.1	white	0
day15_beige	AL365295.2	white	0
day15_beige	ELAVL2	white	0
day15_beige	AL161628.1	white	0
day15_beige	AC021755.2	white	0
day15_beige	AC005828.1	white	0
day15_beige	AC005828.3	white	0
day15_beige	LINC02201	white	0
day15_beige	AL513164.1	white	0
day15_beige	AL359736.1	white	0
day15_beige	AL450992.1	white	0
day15_beige	AC105402.3	white	0
day15_beige	AC092100.1	white	0
day15_beige	AC136698.1	white	0
